simulation generate 2026-03-06 10:07:03-->
815392349#0;;0.04037467700258398;8.915766738660906;55.9402874701336;1521.0;0.0;0.6117;0.0
815392349#0;;0.04037467700258398;8.754914539699275;67.26400608155195;3385.7248518934493;0.00020012719533052704;0.6404121627552682;0.0066753406215165345
815392349#0;;0.04037467700258398;8.598886266914684;67.4249193888255;3489.475117470035;0.0008111835512767733;0.6705458519085422;0.013528591618001195
815392349#0;;0.04037467700258398;8.459657040487981;66.65037005925986;3420.0563802926363;0.0016068135369469553;0.6923670354516671;0.019941337711899185
815392349#0;;0.04037467700258398;8.322645015354174;66.91668959453972;3535.8908324702147;0.0028591173420544572;0.7216998735711856;0.026608916673586648
815392349#0;;0.04037467700258398;8.183069057488389;67.57744733894273;3736.5092063654583;0.004759688564489447;0.7594671642468381;0.03382120563788705
815392349#0;;0.04037467700258398;8.047649349836476;67.71352858949354;3840.0983747648115;0.006943751547405947;0.7930308155239263;0.04115685378951479
815392349#0;;0.04037467700258398;7.9439307259117715;65.42895659541655;3416.929472628603;0.007077890512196243;0.7759204295532771;0.04647680201194622
815392349#0;;0.04037467700258398;7.81841875482047;67.69637351966223;3970.9526329635937;0.011590740917503055;0.8497288871039738;0.054425580227091
815392349#0;;0.04037467700258398;7.722480700150887;65.42430456785159;3514.1825365924383;0.011106628179961671;0.8202077796491092;0.05947163679854603
815392349#0;;0.04037467700258398;7.606217262383997;67.64552777556321;4088.582320043852;0.017141343177601374;0.9050087510286251;0.06776921751726052
815392349#0;;0.04037467700258398;7.504549595988064;66.6560432509843;3912.1050389308675;0.018468231129521402;0.9036832831893965;0.0740121025127032
815392349#0;;0.04037467700258398;7.3998969298815345;67.31254463862112;4135.083230996708;0.023202456210863653;0.9526006404887444;0.08163284481505308
815392349#0;;0.04037467700258398;7.322604034274446;64.89843555749844;3562.033255847679;0.019979728878070497;0.8888216363644514;0.08535980666146137
815392349#0;;0.04037467700258398;7.2229146339748755;67.48157259194556;4290.146464208139;0.0304695925159645;1.0107344339427777;0.09473727473479587
815392349#0;;0.04037467700258398;7.136835456275398;66.40104984346686;4051.175374664918;0.030680740501441896;0.9922108215011608;0.10032050982178803
815392349#0;;0.04037467700258398;7.083712898246222;63.1124350169567;3164.1524803611424;0.021173758625257624;0.8628557617357266;0.10093571643473387
815392349#0;;0.04037467700258398;6.98062455649103;68.81240407553796;4831.103621608523;0.04722813934352972;1.1505250720260893;0.11569501332475672
815392349#0;;0.04037467700258398;6.885435965853044;68.34899842950031;4770.139043813669;0.05091868598194976;1.163484685247526;0.12338735003600379
815392349#0;;0.04037467700258398;6.83552401102787;63.44712597868625;3324.9805025370065;0.02981726815020549;0.9206906192282771;0.12056191157549184
815392349#0;;0.04037467700258398;6.780389009460109;64.20437190936578;3573.949380584101;0.03566993374225312;0.9727630153058971;0.12628852069626845
815392349#0;;0.04037467700258398;6.718660397979675;65.16591122462367;3898.311055852351;0.04361359022786375;1.0419473090095932;0.1332021131643425
815392349#0;;0.04037467700258398;6.628814619074098;68.84337989973614;5128.74085430678;0.07130523236601606;1.2935885886001177;0.14828478370268583
815392349#0;;0.04037467700258398;6.537962555053011;69.38131309117891;5384.927278803922;0.08238161151360651;1.3684102140259395;0.15864238481650966
815392349#0;;0.04037467700258398;6.478424408166497;65.74292043536005;4198.184649644008;0.06018351036962295;1.1438316490935727;0.15667397626250015
815392349#0;;0.04037467700258398;6.433647700258954;64.04434595887518;3623.6088747584286;0.04920343270253835;1.0336332749508503;0.15697665509384628
815392349#0;;0.04037467700258398;6.370062276356413;66.66878635983713;4580.105906416705;0.07480973391849591;1.2452506730414468;0.16990819815414865
815392349#0;;0.04037467700258398;6.302014325254941;67.53100184092438;4934.4683008376;0.08781595834787381;1.3368218696682943;0.17953742373760492
815392349#0;;0.04037467700258398;6.254757387576223;64.9620607652486;4010.4107366657618;0.06671805501481891;1.1450339119519457;0.17722942255240326
815392349#0;;0.04037467700258398;6.183286819420908;68.51843976069235;5392.576852128391;0.10857426910649683;1.4689568757132372;0.19608105519864558
815392349#0;;0.04037467700258398;6.128185967220489;66.50172155108234;4655.938628801049;0.09178828367734354;1.3151957441090971;0.1959486682478732
815392349#0;;0.04037467700258398;6.084822697429087;65.0391744172502;4094.785863030215;0.07804374903621097;1.1942593873590919;0.19575136661237044
815392349#0;;0.04037467700258398;6.029945870023398;66.87463234699587;4859.793579027268;0.10464330324179405;1.385168195110964;0.20883887775187346
815392349#0;;0.04037467700258398;5.971857388557288;67.58896973580205;5188.900108959544;0.11942597272150883;1.4781504317385052;0.21877467432027156
815392349#0;;0.04037467700258398;5.918551981030013;67.12199311182685;5028.677901489501;0.11849616644930328;1.4527327239480194;0.22362940939641804
815392349#0;;0.04037467700258398;5.8581248625885545;68.46250683475338;5642.850097422758;0.14448311080893536;1.620799013496219;0.2373989052315939
815392349#0;;0.04037467700258398;5.794068363270436;69.33641250817166;6079.3604039886395;0.16626325409628023;1.750383911427575;0.2504050474965475
815392349#0;;0.04037467700258398;5.74405480597157;67.39560916399614;5255.38158311169;0.1412035841687941;1.5541834860574362;0.2479996949664581
815392349#0;;0.04037467700258398;5.708369708766882;65.32623271339168;4312.132375316978;0.10880987028727863;1.3179619720730988;0.24197220373429307
815392349#0;;0.04037467700258398;5.663915216566889;66.87930868746042;5060.770638625918;0.14097487188914093;1.5238985728706194;0.25637496763217016
815392349#0;;0.04037467700258398;5.627779798323153;65.71517643533419;4514.505974422603;0.1225248878095958;1.3873848416067431;0.2547112893973409
815392349#0;;0.04037467700258398;5.567086889207116;70.00337256797641;6619.638779542503;0.21373004977648627;1.969909530785885;0.2888407444161504
815392349#0;;0.04037467700258398;5.519753653078182;68.01384474853077;5693.366528202687;0.18075685065096112;1.7330201546091453;0.2842159942772627
815392349#0;;0.04037467700258398;5.459313394873404;70.5697023414559;7020.125906398574;0.24540008165561653;2.1204537949864233;0.3106041836028063
815392349#0;;0.04037467700258398;5.413522969419646;68.27504409989142;5898.425347163473;0.20170426012348333;1.821985932463668;0.30279884792195777
815392349#0;;0.04037467700258398;5.37234435298392;67.67735538475318;5608.666173733908;0.19328865818466717;1.7520651275758141;0.30516402522760294
815392349#0;;0.04037467700258398;5.338241914028809;66.61031842490398;5040.918819712017;0.1705744238730618;1.5985711276725252;0.3024431221503995
815392349#0;;0.04037467700258398;5.279767717177884;71.29349458518328;7624.690287717726;0.30123880626023436;2.366945918568214;0.3489932734894704
815392349#0;;0.04037467700258398;5.245688166364495;67.02870985145705;5298.074904560085;0.19254502988717348;1.6968776574609379;0.32053442273759614
815392349#0;;0.04037467700258398;5.194908702540298;70.36751790812342;7224.496791111029;0.29553521347376704;2.2844919231174607;0.3580356993432033
815392349#0;;0.04037467700258398;5.162333368181165;67.1499058472155;5387.34750768935;0.2063771429836682;1.7456084234012137;0.3354171189391816
815392349#0;;0.04037467700258398;5.116525109807073;69.8758270179886;7025.919231545801;0.29801408219341374;2.255855813165687;0.36906615895979417
815392349#0;;0.04037467700258398;5.072026589245893;69.87907148289713;7070.6596893029455;0.30768222712926213;2.2869397810285363;0.3779698706382427
815392349#0;;0.04037467700258398;5.040945389265495;67.45879814834626;5598.8574039771565;0.23222684748055988;1.843697564809568;0.35949888282239123
815392349#0;;0.04037467700258398;5.000229795697253;69.54605913783003;6931.003432837659;0.3119012657870094;2.271508412013777;0.3891530128700893
815392349#0;;0.04037467700258398;4.9616754489187125;69.33335758077195;6826.289386216123;0.3123570240232539;2.253232849101813;0.3947420165652019
815392349#0;;0.04037467700258398;4.925659906131959;69.02459961207428;6649.977032871133;0.3080907486060801;2.2106568467702195;0.3986337935734148
815392349#0;;0.04037467700258398;4.882015694238533;70.85766953243039;7877.924171954078;0.3880656757815493;2.6208590942888077;0.42910393274285685
815392349#0;;0.04037467700258398;4.844669686719215;69.76217950006318;7191.858123687445;0.3541204978915297;2.415471641351654;0.4244434234374598
815392349#0;;0.04037467700258398;4.817868443867244;67.7454361296522;5798.883130260394;0.27372837240928993;1.9721466109422385;0.40428196905545394
815392349#0;;0.04037467700258398;4.779990252616567;70.2649847564978;7586.104643519397;0.3906273956123458;2.5710395865051545;0.44529575174790437
815392349#0;;0.04037467700258398;4.737778501824566;71.48618103718604;8472.384624368391;0.45546146280385336;2.8833867503485764;0.47141302299783794
815392349#0;;0.04037467700258398;4.712183994088146;68.04951594917665;6008.58006939043;0.30256680205969655;2.0735585297477828;0.4294258560271694
815392349#0;;0.04037467700258398;4.672511280805256;71.35130985965947;8458.042504677189;0.4695529005587128;2.910931904581133;0.486104033793499
815392349#0;;0.04037467700258398;4.647124732294087;68.35416690315655;6232.388745220738;0.3275822863243821;2.169660559288764;0.4474974087306082
815392349#0;;0.04037467700258398;4.607797956750608;71.71068243395341;8797.666810438537;0.5077309226198043;3.0589789484899725;0.5082788992602696
815392349#0;;0.04037467700258398;4.577553500442812;69.81591796746028;7387.9565715673525;0.4184979173812037;2.5898896665743565;0.4865078705427873
815392349#0;;0.04037467700258398;4.543709088364681;70.85778138709632;8221.051870228406;0.4835771077738495;2.8925277089069263;0.5119053782616851
815392349#0;;0.04037467700258398;4.5166401268592695;69.46298545791184;7118.86158560777;0.41213924006004854;2.521323353165528;0.49509620124463016
815392349#0;;0.04037467700258398;4.488321330716352;69.92056383322446;7501.466729982934;0.4452171701465447;2.6666022125065787;0.5100469594615704
815392349#0;;0.04037467700258398;4.461045950859064;69.84581830639743;7444.682688642398;0.4470017428901349;2.6580729332694983;0.5154547133337227
815392349#0;;0.04037467700258398;4.425000823136432;72.20840965428695;9415.077568953986;0.5998272730863781;3.3733527658229443;0.568017012307865
815392349#0;;0.04037467700258398;4.392800510155867;71.47623312082739;8849.035873076999;0.5667227672463474;3.189006701997409;0.5639854135141315
815392349#0;;0.04037467700258398;4.362054306882992;71.32526223351476;8746.381830170247;0.5672020193300692;3.1680827990827223;0.569889112187067
:11876407423_0;;0.42997142365400975;0.00700849710709595;69.44031763471268;7066.634240139641;0.4447486487412896;2.571773765327122;0.5372611072723016
815392349#1;;0.005531632251200495;9.187315104376522;64.90630108171892;1844.7759346965338;0.04543829388716472;0.6822675590641067;0.41676130543832
815392349#1;;0.011125728233951178;9.17970185267549;65.65942686960211;2926.2982262590604;0.1283403548212772;1.0737696687356515;0.442415327686898
815392349#1;;0.01670098439227609;9.195605097305295;64.10617886219443;0.0;0.0;0.0;0.0
815392349#1;;0.01907668828691339;9.178983077267015;66.39632053869238;3870.5446541728074;0.20064773042642692;1.4156590478478421;0.46425666862788023
815392349#1;;0.01907668828691339;9.19594969786907;64.05033585212287;0.0;0.0;0.0;0.0
815392349#1;;0.01907668828691339;9.198603866403726;64.88395649462805;1845.5583506615496;0.045316775788640226;0.682602226072976;0.4157085491758742
815392349#1;;0.01907668828691339;9.183912761248028;66.22076598285892;3663.7065319905305;0.18459089713494453;1.340475072811212;0.4589759572883331
815392349#1;;0.01907668828691339;9.171013443388349;66.10027578171953;3487.7498158385415;0.17168289789432942;1.277499236391837;0.45625393487064114
815392349#1;;0.01907668828691339;9.170374760290755;65.16784461335607;2197.5473723644814;0.07276519062303706;0.8100171642692121;0.4265212065137396
815392349#1;;0.01907668828691339;9.173587066267553;64.9004931995104;1790.9525991331207;0.041534560662800465;0.6627054987396601;0.41682504287280236
815392349#1;;0.01907668828691339;9.16541461403786;65.73392111374619;2994.3835755235546;0.13404585262697988;1.0989383897334117;0.4454259333230881
815392349#1;;0.01907668828691339;9.19031226297035;63.686566551375634;0.0;0.0;0.0;0.0
815392349#1;;0.01907668828691339;9.167459200596458;66.97874746175489;4537.563006787916;0.2523927702900449;1.6582105003294312;0.48088264393187885
815392349#1;;0.01907668828691339;9.19931894734582;63.38505359564511;0.0;0.0;0.0;0.0
815392349#1;;0.01907668828691339;9.177908437603957;66.82232386102571;4372.805283954918;0.23915733342996603;1.5975950511422594;0.47595147014909883
815392349#1;;0.01907668828691339;9.164874528622857;66.12509823329289;3507.334450821954;0.17344775911939384;1.284931592113313;0.45734133568470414
815392349#1;;0.01907668828691339;9.201131148146095;63.224436370529574;0.0;0.0;0.0;0.0
815392349#1;;0.01907668828691339;9.195795357535816;65.45192063356572;2678.972294587019;0.10893639584203763;0.9838253556403675;0.4351210887760575
815392349#1;;0.01907668828691339;9.1607634947328;68.18376324195548;5827.796572787187;0.3519371420113603;2.1267967527134237;0.5114687552257843
815392349#1;;0.01907668828691339;9.184979349851996;63.72808629238783;0.0;0.0;0.0;0.0
815392349#1;;0.01907668828691339;9.160834464502663;67.11437283755176;4682.475190438725;0.2639219717865307;1.7113775535332243;0.48495525331237344
815392349#1;;0.01907668828691339;9.185319450106428;63.71548477055321;0.0;0.0;0.0;0.0
815392349#1;;0.01907668828691339;9.172247296440606;66.11179884762295;3504.822818616806;0.17293924329211469;1.2836179163256003;0.4565206726346644
815392349#1;;0.01907668828691339;9.174058975134779;64.99238505582825;1938.4018524092892;0.052826430326572776;0.7161187770600471;0.4201830834013741
815392349#1;;0.01907668828691339;9.180076474645702;64.70690522722576;1495.2078548764694;0.0188010196282005;0.5556859736513575;0.40939211750732324
815392349#1;;0.01907668828691339;9.163915271428019;66.39086403340785;3837.7774852728485;0.19886465337686043;1.4047996591158618;0.4650829430065712
815392330#0;;0.12613521695257315;2.8538516918646506;55.9402874701336;1521.0;0.0;0.6117;0.0
815392349#1;;0.01907668828691339;9.173219694405372;64.52147479754315;1148.6128825741498;0.0;0.4300108905610791;0.4020332152935785
815392330#0;;0.12613521695257315;2.8014501509118963;67.46885442170482;3421.067797311303;0.00021118560544501532;0.6414688626754155;0.00679848298836896
815392349#1;;0.01907668828691339;9.189899246814397;64.07803079166102;0.0;0.0;0.0;0.0
815392330#0;;0.12613521695257315;2.7511705510243707;67.51234018366245;3506.6295641062625;0.0008383432222333877;0.6717709740931894;0.013707107236388873
815392349#1;;0.01907668828691339;9.179184205432682;65.90441979831633;3251.7617348043445;0.15327129012617047;1.1916191732615298;0.44997039171513575
815392330#0;;0.12613521695257315;2.702886078129682;67.55660755254381;3592.1903555656977;0.0018720655234100657;0.7025925840316893;0.02072302554032005
815392349#1;;0.01907668828691339;9.199041548909891;63.89957538938268;0.0;0.0;0.0;0.0
815392330#0;;0.12613521695257315;2.655965709939027;67.72983332968938;3702.9736709367207;0.0033589614638121646;0.7356650157864936;0.027935772600852
815392349#1;;0.01907668828691339;9.168142745091075;67.74777429494033;5380.798801121882;0.3170496323505655;1.9637694751550683;0.5002931120866899
815392330#0;;0.12613521695257315;2.613617387908594;67.06348861160663;3644.719295031691;0.004782426178954644;0.7565241976820688;0.034693384632496514
815392349#1;;0.01907668828691339;9.171458748059079;64.89823954865503;1780.322555229342;0.04075206976680766;0.658839682910045;0.41678189658454007
815392330#0;;0.12613521695257315;2.5801244243232517;65.16328242364244;3311.9753966698604;0.005207100726457234;0.7494148774604265;0.03998428624661096
815392349#1;;0.01907668828691339;9.188026767398929;64.08779062771002;0.0;0.0;0.0;0.0
815392330#0;;0.12613521695257315;2.5473847955780937;65.26586344785163;3376.267528221233;0.006727130020652568;0.7701570513654192;0.04562948481431285
815392349#1;;0.01907668828691339;9.17421350516177;66.16894765015543;3580.861645153285;0.1786818225895011;1.3110532423092296;0.45807231574165996
815392330#0;;0.12613521695257315;2.517565859699664;64.7609020556084;3306.7241334003966;0.0077624849480690825;0.777724117088826;0.05079174593614238
815392349#1;;0.01907668828691339;9.17452501231084;65.09320862215927;2096.224579159342;0.06491103119750292;0.7732844663615307;0.4237804022486527
815392330#0;;0.12613521695257315;2.4815314763314436;66.79916475882739;3809.285933695099;0.012128800482585581;0.8460123857652154;0.05813497272287247
815392349#1;;0.01907668828691339;9.168422922870226;65.56875436063103;2774.255873472215;0.11705329837124595;1.0190483422565544;0.44003590264918735
815392330#0;;0.12613521695257315;2.4441899754059584;67.57306370007491;4053.3872017081235;0.01616766617750352;0.8949689051404977;0.06579944764188957
815392349#1;;0.01907668828691339;9.166352475827747;65.27739029988794;2350.007835363491;0.08455496102785204;0.8653159588974743;0.43043605630639586
815392330#0;;0.12613521695257315;2.41692827647865;64.96359291431739;3481.8285798593724;0.014201259204480031;0.8433161576849402;0.07004981297271784
815392349#1;;0.01907668828691339;9.160620966878795;65.55780812075814;2739.5233340088025;0.1146270205200244;1.0066724285856599;0.44001224600326727
815392330#0;;0.12613521695257315;2.3856943979366614;66.44545279612367;3888.7417710611912;0.01960711976868047;0.9102492964761023;0.07737210366261883
815392349#1;;0.01907668828691339;9.191793776199525;63.42761756081022;0.0;0.0;0.0;0.0
815392330#0;;0.12613521695257315;2.3654082883513454;63.34059533547539;3140.8594118316655;0.01459389289747744;0.8222926033965687;0.07964716191878086
815392349#1;;0.01907668828691339;9.172004182749244;66.69013041853277;4210.246020904032;0.22702969225304914;1.5392065319915713;0.47283280023827134
815392330#0;;0.12613521695257315;2.3438863652752424;63.90254112494397;3305.439372324983;0.017480761774595465;0.8532990771376303;0.08460896806750373
815392349#1;;0.01907668828691339;9.197275179303704;63.655208218359434;0.0;0.0;0.0;0.0
815392330#0;;0.12613521695257315;2.3124070919840847;67.34048662668772;4251.889418517039;0.03000500140020969;1.0048635937152017;0.09451408018329702
815392349#1;;0.01907668828691339;9.175480834705239;66.86288587737528;4416.056539916581;0.24260827028691107;1.6134680367398593;0.47721013658198197
815392330#0;;0.12613521695257315;2.2887408214213294;65.09581735715844;3688.494864726764;0.025920275481658962;0.9345201047594328;0.0980143876254117
815392349#1;;0.01907668828691339;9.161896722390493;66.17743170018815;3568.0330174111796;0.1782387076924462;1.3071076520162015;0.45905413713952864
815392330#0;;0.12613521695257315;2.2577793319535124;67.83084648073279;4498.693628132486;0.03944163162146136;1.0793782187851004;0.10843632858296241
815392349#1;;0.01907668828691339;9.175491657039037;64.27259200588314;0.0;0.0;0.0;0.0
815392330#0;;0.12613521695257315;2.2293688127167064;67.32186728617006;4413.740885231125;0.0419690021260684;1.084992363660257;0.11519114281323986
815392349#1;;0.01907668828691339;9.190254300460284;64.17795851967841;0.0;0.0;0.0;0.0
815392330#0;;0.12613521695257315;2.2023875821625616;67.1554112925371;4419.651685566359;0.045678704545248285;1.1040815075068928;0.12215468066420743
815392349#1;;0.01907668828691339;9.175979066182904;66.20362523335416;3627.6816457288332;0.18219055854801303;1.3279080549821562;0.4589694209023356
815392330#0;;0.12613521695257315;2.1822469187096347;64.97452745470608;3796.8051129806913;0.03815244890247206;1.0068471730706814;0.12435363920167972
815392349#1;;0.01907668828691339;9.17685136887195;65.04988941124421;2036.6156074123003;0.06029893058283457;0.7516885900384425;0.4221811329322828
815392330#0;;0.12613521695257315;2.1531022107973223;68.55552057707179;4957.017223798926;0.06236868905234514;1.236042830191871;0.13826813084559816
815392349#1;;0.01907668828691339;9.189561215667874;64.29140079983934;0.0;0.0;0.0;0.0
815392330#0;;0.12613521695257315;2.128318487300083;67.27357283801706;4607.862762654194;0.060039608374783365;1.1890180531147236;0.14335117415571366
815392349#1;;0.01907668828691339;9.1690957105126;66.75743902278246;4284.702607769229;0.2328986607963829;1.566422578681853;0.4748635294227781
815392330#0;;0.12613521695257315;2.1094500080752767;65.27393521323059;3988.980183378907;0.05062238509416099;1.081590370013483;0.14501719919958794
815392349#1;;0.01907668828691339;9.179851657622113;64.42264652159224;0.0;0.0;0.0;0.0
815392330#0;;0.12613521695257315;2.0884512186426245;66.32473529694829;4372.10360089083;0.06166593464154712;1.1697492262459932;0.15345678897860301
815392349#1;;0.01907668828691339;9.192299572328336;64.30017356562149;0.0;0.0;0.0;0.0
815392330#0;;0.12613521695257315;2.068252297847265;66.25281337452934;4382.373730493032;0.06515194190870378;1.1847609072761296;0.1595312758174599
815392349#1;;0.01907668828691339;9.169591305534082;66.96038974611899;4519.526776451864;0.25088272091145836;1.6514788969965326;0.4802348320987644
815392330#0;;0.12613521695257315;2.052502887159709;64.67319463682487;3852.177222421514;0.055387282493222466;1.0843997399623597;0.1605823547812041
815392349#1;;0.01907668828691339;9.165723752591397;65.40850276995407;2539.9830928623833;0.09915351067048966;0.9341952287139783;0.43488958202296746
815392330#0;;0.12613521695257315;2.026452867734413;69.15488518795881;5496.806517950163;0.09987033788282752;1.450310378463342;0.1807288298017185
815392349#1;;0.01907668828691339;9.20002813739654;63.294464055791195;0.0;0.0;0.0;0.0
815392330#0;;0.12613521695257315;2.0069395274937705;66.72535904347238;4660.072325363541;0.08283719133000653;1.2845900796981653;0.18077911633499724
815392349#1;;0.01907668828691339;9.200170235482938;65.05003534637629;2106.8400810057133;0.06520450845796005;0.7770081137833783;0.4215572505202314
815392330#0;;0.12613521695257315;1.9809311923453583;69.83232737972267;5883.231362264767;0.1216671679807502;1.5778328570742142;0.1995490963236501
815392349#1;;0.01907668828691339;9.16602751019959;68.07934123958819;5724.63269668525;0.34359634520090243;2.0886722931639263;0.508479621992694
815392330#0;;0.12613521695257315;1.9563753473987087;69.58902713350666;5868.021916707409;0.1280951965156163;1.5983186307706383;0.20835232883442073
815392349#1;;0.01907668828691339;9.187975956078718;63.824270723125345;0.0;0.0;0.0;0.0
815392330#0;;0.12613521695257315;1.9408030150662698;65.85828093706535;4432.3908573392355;0.0893913786862626;1.2771973017964589;0.20114848742411037
815392349#1;;0.01907668828691339;9.176884833953606;65.93974326520267;3292.9915040203114;0.15651781286082778;1.2066545711062053;0.4511558423099442
815392330#0;;0.12613521695257315;1.920443430629532;68.26339385793287;5444.044053072948;0.12518297330227363;1.5318812508340287;0.21786663638469309
815392349#1;;0.01907668828691339;9.181969946801065;64.76169395520886;1593.108869390891;0.026270894455984982;0.5911532683820856;0.41147085588141374
815392330#0;;0.12613521695257315;1.9025957906146047;67.37202980408456;5117.71297949864;0.1193883807131205;1.4680933171337633;0.22144090558613133
815392349#1;;0.01907668828691339;9.180030932954978;65.23861811396986;2330.9554664787584;0.08276506057706108;0.8582366663364086;0.42865994235038607
815392330#0;;0.12613521695257315;1.8860215582582702;67.01021587210188;4996.860215330194;0.1195324522684735;1.4514025396933259;0.22652176359726156
815392349#1;;0.01907668828691339;9.192301008895019;64.31012251527888;0.0;0.0;0.0;0.0
815392330#0;;0.12613521695257315;1.8645797928905685;69.62741579501451;6174.690888843576;0.16631037150279293;1.7643204080957178;0.2472704084861408
815392349#1;;0.01907668828691339;9.169119459804959;67.005170007369;4569.82953319841;0.2547693074491679;1.6697517870297376;0.4814480467827608
815392330#0;;0.12613521695257315;1.8514701175854669;65.8325638244438;4527.7964649217065;0.11138870604938138;1.3582555065889703;0.23488472365327165
815392349#1;;0.01907668828691339;9.184432451704343;64.16109844510588;0.0;0.0;0.0;0.0
:705679202_0;;0.4897883940605424;0.03524292574555957;66.07842474519114;4654.235310583154;0.11908871967000312;1.3995310402104908;0.2414757492931339
815392349#1;;0.01907668828691339;9.198783757622422;64.18188259667677;0.0;0.0;0.0;0.0
815392330#1;;0.005234274787357174;6.8287943466610175;66.92062125053836;5063.6768831540885;0.138176515953996;1.5164325612150875;0.25200410470378365
815392349#1;;0.01907668828691339;9.179238323837819;66.65168292976486;4176.114511381272;0.2240258594878491;1.5262706582575498;0.47127428478131117
815392330#1;;0.010648271028795574;6.769879193833734;67.70109589759082;5457.366527844087;0.1579232877392312;1.6328721868664229;0.26319238018893015
815392349#1;;0.01907668828691339;9.185601838360755;64.67356356023106;1458.8328448501684;0.015962317107623414;0.5426202152026585;0.4080386387532857
815392330#1;;0.01621991333710549;6.698390962717994;69.71252451619182;6458.431302275888;0.20446198943919527;1.9188383528768878;0.28370224070322725
815392349#1;;0.01907668828691339;9.190083371723466;64.78300015915833;1655.8043883600885;0.03096138693767287;0.6139383395042343;0.4121519340156153
815392330#1;;0.021880855587978122;6.658561715227116;65.54595336799854;4441.879990173356;0.12515911199796168;1.382719055664781;0.26350272912555456
815392349#1;;0.01907668828691339;9.19609042477413;64.67353181731592;1496.0550989328756;0.01869789410566785;0.5562672623019546;0.40791789345141793
815392330#1;;0.02763550466254584;6.617273063352393;65.88288294770275;4618.7030043874665;0.13529092326609582;1.4381380662700054;0.2704235405421446
815392349#1;;0.01907668828691339;9.20120801496245;64.71875514435048;1588.6240418918294;0.025697790449432094;0.5897953700595319;0.4095659758067454
815392330#1;;0.03355782828484897;6.544656935667039;70.58999666091884;7029.331459952549;0.24569605241617884;2.1227295524829306;0.3106075991112781
815392349#1;;0.01907668828691339;9.183703964557024;66.46192331189324;3957.744200965394;0.2070870738829364;1.4468944474625545;0.4657698478792373
815392330#1;;0.03368364322285099;6.472157591650252;70.92887990372573;7275.534847016151;0.26563153980786136;2.2160692760373166;0.323702749187628
815392349#1;;0.01907668828691339;9.186238283002128;64.91821539576833;1860.1812254400697;0.04663311322220984;0.6878360260291239;0.41721821528982583
815392330#1;;0.03368364322285099;6.4135568059779136;69.14421944658605;6403.044618605762;0.2326431517601772;1.9859699569776823;0.3196268721475306
815392349#1;;0.01907668828691339;9.182040840636786;65.39742032409865;2566.9521774331356;0.10077132258461285;0.943628001838862;0.433901358744748
815392330#1;;0.03368364322285099;6.369580358181368;67.17054300351256;5358.223773214468;0.18803036759810904;1.696307606699421;0.31066484651910764
815392349#1;;0.01907668828691339;9.182687589551243;65.05278860889968;2058.818511335333;0.06188528045196814;0.759711709168051;0.4221318908632063
815392330#1;;0.03368364322285099;6.330614721583316;66.58805439513333;5038.350268018217;0.1761268482690166;1.6116922083887986;0.31110034360026434
815392349#1;;0.01907668828691339;9.18828899558748;64.71557632620859;1538.6685360211409;0.02203534663605087;0.57154783347114;0.40962539105918505
815392330#1;;0.03368364322285099;6.271915927764641;69.81056960400696;6874.284242908347;0.27209348596303284;2.1658467306865403;0.3461610205334135
815392349#1;;0.01907668828691339;9.165131786009413;67.01232860847342;4572.646627823347;0.2552245542029125;1.6711433381739056;0.48194631043422004
815392330#1;;0.03368364322285099;6.207411184184826;71.0427786306526;7622.391929707134;0.3184736099579726;2.4101384975963445;0.36704316206542303
815392349#1;;0.01907668828691339;9.18514108847506;63.92210763746498;0.0;0.0;0.0;0.0
815392330#1;;0.03368364322285099;6.166301175741628;67.55180727617397;5633.220619523931;0.22121165667334072;1.8246443101394125;0.34223978658973303
815392349#1;;0.01907668828691339;9.184784400157273;65.11735672418766;2163.415849131837;0.0698416851215434;0.7975532394468464;0.42433892127579886
815392330#1;;0.03368364322285099;6.117029600460468;69.04564008017681;6547.494532853266;0.27478049501501545;2.1151640899117097;0.3638388291908736
815392349#1;;0.01907668828691339;9.187529275052249;64.90153436445182;1837.9098287647125;0.0449101814081512;0.6797847820071835;0.41658295266192985
815392330#1;;0.03368364322285099;6.065226324076914;69.69734459070075;6972.719717108675;0.30435162985641506;2.261466237352257;0.37859559892331796
815392349#1;;0.01907668828691339;9.185862887239896;65.20677279335594;2300.219897288672;0.08027628306950411;0.8470422152975455;0.4273841980019569
815392330#1;;0.03368364322285099;6.008745249199581;70.75433095877574;7660.42286038281;0.35033158435825584;2.4938714790203957;0.3989475016536074
815392349#1;;0.01907668828691339;9.16913137951288;66.42812931668342;3892.3553582502427;0.202799977843049;1.4242315414157205;0.46579563885763187
815392330#1;;0.03368364322285099;5.96724452949884;68.46099572174906;6258.446846472963;0.27750678476260837;2.068644802453262;0.38187982235001505
815392349#1;;0.01907668828691339;9.161853286745073;65.67262901232557;2902.2707698643685;0.12709260620658558;1.0656616951598634;0.44365467436340783
815392330#1;;0.03368364322285099;5.933363670669868;67.36918307525765;5545.478150683808;0.24080348610714422;1.8526235292373963;0.3748523716268004
815392349#1;;0.01907668828691339;9.1642059190479;64.97731307033231;1883.2380749357508;0.048764597391765564;0.6961028571532375;0.41985175801435803
815392330#1;;0.03368364322285099;5.899561457109186;67.49610504076769;5630.841163308261;0.2494146886575837;1.8876768920032365;0.38151283754091814
815392349#1;;0.01907668828691339;9.17957767516166;64.16836241144534;0.0;0.0;0.0;0.0
815392330#1;;0.03368364322285099;5.860388293339259;68.55216908364721;6352.927169244803;0.29646201150288776;2.128576524928183;0.4004589987445213
815392349#1;;0.01907668828691339;9.181857727436848;64.94444170816692;1887.6296285117621;0.048804638085199525;0.6977527800627061;0.4182673525365211
815392330#1;;0.03368364322285099;5.804361602717664;71.77685993382119;8525.016804727682;0.43518891178784325;2.8485101954841587;0.44919307691072463
815392349#1;;0.01907668828691339;9.187072329567604;64.7426188231728;1579.2457538408278;0.025149921574797576;0.5862080649084477;0.4106730466608549
815392330#1;;0.03368364322285099;5.766465400927405;68.76237339376661;6523.614434880096;0.319263563720759;2.2108668178663384;0.4190677960353618
815392349#1;;0.01907668828691339;9.187764363926599;65.0388505046231;2052.765223282351;0.06132366780986753;0.7575068267414121;0.4215049275625464
815392330#1;;0.03368364322285099;5.711915494334211;72.03319463321003;8807.013846984955;0.47023213284843657;2.9801123458471817;0.4715468134234861
815392349#1;;0.01907668828691339;9.190678293555344;64.88367888744948;1819.7166995442553;0.04347063000577982;0.673220960090898;0.4158656920749235
815392330#1;;0.03368364322285099;5.663540358798068;71.15816059930404;8260.578880079682;0.44482494095087743;2.8192387461912514;0.4702369602732958
815392349#1;;0.01907668828691339;9.16302881566482;67.44219533722968;5048.001528929929;0.2918614920730839;1.8437131223223666;0.49317066554743927
815392330#1;;0.03368364322285099;5.6161874788193735;71.2273070782838;8354.584804397862;0.45980122551375974;2.8697819755187988;0.4810704204321189
815392349#1;;0.01907668828691339;9.167043581464435;64.86216807695739;1707.0991970791476;0.03519951133360058;0.6322662179074793;0.4155093367834547
815392330#1;;0.03368364322285099;5.582805209227934;68.8215096772206;6597.433245778655;0.3499973872571179;2.2895745865095405;0.452529196051013
815392349#2;;0.0014441435895917415;13.914526480047124;63.441965929200975;0.0;0.0;0.0;0.0
815392330#1;;0.03368364322285099;5.546730593795669;69.48389767020986;7112.525693723145;0.38984871581327185;2.475495855885516;0.4694907475303408
815392349#2;;0.005125555569140586;13.919070324757904;64.85686175787474;1808.8656524658038;0.04248991248689493;0.6693545425305901;0.4146854075399992
815392330#1;;0.03368364322285099;5.515960862160457;68.66372816385204;6471.135892942104;0.351302426753375;2.2661933390001936;0.46216820373489054
815392349#2;;0.008825065922857214;13.884094549133707;66.97988414138388;4552.167477321532;0.25292132937033157;1.6625874019635356;0.4801429679737409
815392330#1;;0.03368364322285099;5.517621246786419;63.75616273397313;1745.065906459758;0.030496485438458634;0.6494580195252556;0.3653201492355178
815392349#2;;0.012512900166953124;13.90663890879715;64.16616393964847;0.0;0.0;0.0;0.0
815392330#1;;0.03368364322285099;5.516736646410694;64.05881236929896;2117.897567813421;0.055812595641721655;0.7769762625126237;0.3730683828808289
815392349#2;;0.012609704428528197;13.893756465401907;65.72038880604146;3018.10085856727;0.13522445507995862;1.1068521160692861;0.44412024698345237
815392330#1;;0.03368364322285099;5.535020117734868;62.149331478003525;0.0;0.0;0.0;0.0
815392349#2;;0.012609704428528197;13.861143907572464;66.87223808348162;4408.072820451671;0.2427563287887745;1.6117304382712083;0.47845471860133554
815392330#1;;0.03368364322285099;5.525541390037014;65.15864434474443;3361.726797878884;0.1396486051793617;1.2015896350014463;0.3970853935428419
815392349#2;;0.012609704428528197;13.898719448006528;63.6962572917479;0.0;0.0;0.0;0.0
815392330#1;;0.03368364322285099;5.538062411684946;62.595947615419846;0.0;0.0;0.0;0.0
815392349#2;;0.012609704428528197;13.898064236130006;65.1187074916981;2170.853024917497;0.07037098830025405;0.8002313833367433;0.42433188615532047
815392330#1;;0.03368364322285099;5.537885682651258;63.90074674771348;2006.0721077993826;0.04763622068206921;0.7385242573879228;0.3676552049092331
815392349#2;;0.012609704428528197;13.893129012738992;65.32635726099682;2468.342890556547;0.09319285248015234;0.9079138453112192;0.4314992275823155
815392330#1;;0.03368364322285099;5.52855224367436;65.12716243881553;3336.60755787501;0.13776076282066535;1.1927324729762119;0.3960967216217337
815392349#2;;0.012609704428528197;13.864980219942408;66.60179181683078;4094.355679272354;0.2185238063740495;1.497768391068126;0.47092687400396216
815392330#1;;0.03368364322285099;5.529573306845814;63.788623470333256;1835.50465462192;0.03635114864703525;0.6804003962720895;0.36541336175860595
815392349#2;;0.012609704428528197;13.889071370393518;64.13694788022033;0.0;0.0;0.0;0.0
815392330#1;;0.03368364322285099;5.529821999555227;63.878127757554864;1947.4822648470226;0.04390467450834576;0.7186102263206353;0.3676535521061758
815392349#2;;0.012609704428528197;13.882703243336938;65.41031290593864;2570.8711272085175;0.10122557366787534;0.9451648740625246;0.4345406554741008
815392330#1;;0.03368364322285099;5.5144205898251295;66.07947816058403;4241.641661185876;0.20011477906030317;1.5037327042881654;0.41685174714018375
815392349#2;;0.012609704428528197;13.888250145828332;64.85684137681316;1742.2924395246278;0.037710380419360215;0.6451339560375723;0.41508092952943093
815392330#1;;0.03368364322285099;5.524067480069948;62.90332682145763;0.0;0.0;0.0;0.0
815392349#2;;0.012609704428528197;13.915670352747375;63.9866392619487;0.0;0.0;0.0;0.0
815392330#1;;0.03368364322285099;5.5324015238350555;62.99972418121067;0.0;0.0;0.0;0.0
815392349#2;;0.012609704428528197;13.919265212052602;64.89803559870144;1874.1600299865688;0.047463653490139895;0.6929444753273829;0.4161717480065798
815392330#1;;0.03368364322285099;5.520517728906692;65.52471668036513;3718.396772560655;0.16413346962872366;1.3239750374418022;0.4051614600778104
815392349#2;;0.012609704428528197;13.871700263401888;67.7989961503506;5435.749321556628;0.3211874175011209;1.9835542472077994;0.5014432155687356
815392330#1;;0.03368364322285099;5.522455584505295;63.70784907158616;1703.6318550060262;0.02758950085948505;0.6353336870958729;0.36376824060494617
815392349#2;;0.012609704428528197;13.876975661057033;64.88442811539754;1762.123109042875;0.03933841538393454;0.6522552319971063;0.41624470736115843
815392330#1;;0.03368364322285099;5.514662988899032;64.96193460088234;3130.174819264477;0.12461741245828399;1.1233834318321825;0.3940806129714749
815392349#2;;0.012609704428528197;13.88175430325423;64.89918493500252;1796.2719832065325;0.04190747357453198;0.66464716990989;0.41673282362870934
815392330#1;;0.03368364322285099;5.530226303892965;62.37205217277897;0.0;0.0;0.0;0.0
815392349#2;;0.012609704428528197;13.914174202249624;63.828404138804906;0.0;0.0;0.0;0.0
815392330#1;;0.03368364322285099;5.516163739342737;65.8672519493005;4043.099283947795;0.18648856285030732;1.4355557391019782;0.41250365022220203
815392349#2;;0.012609704428528197;13.878684414885603;67.01974105943705;4592.5441283366445;0.2562285338106038;1.6775432413493303;0.4814622127957508
815392330#1;;0.03368364322285099;5.5372429601130335;61.94780572435381;0.0;0.0;0.0;0.0
815392349#2;;0.012609704428528197;13.897488618872186;64.31406846374158;0.0;0.0;0.0;0.0
815392330#1;;0.03368364322285099;5.536170105660025;64.01431930561996;2136.074163870674;0.05643815035055381;0.7828494387694888;0.3705444804860132
815392349#2;;0.012609704428528197;13.890955828290256;65.40652825920232;2579.6588207921027;0.10174645570455215;0.9482294185902602;0.4342048923426599
815392330#1;;0.03368364322285099;5.523882445083106;65.57186528895099;3771.51377830564;0.1674818275466065;1.341727649517949;0.4056994728023872
815392349#2;;0.012609704428528197;13.897948343317985;64.78149397063054;1641.3765749526424;0.029904716446939067;0.6086783506271287;0.4121517785507846
815392330#1;;0.03368364322285099;5.516449265014323;64.90603371179273;3075.547589379191;0.12080739296273038;1.1045553547102327;0.39268278869100004
815392349#2;;0.012609704428528197;13.896581353734536;65.1535849398132;2220.4249224201035;0.074181370642712;0.8181739474795905;0.4255678132888811
815392330#1;;0.03368364322285099;5.5301401052095605;62.52426343345944;0.0;0.0;0.0;0.0
815392330#0;;0.12613521695257315;2.8538516918646506;55.9402874701336;1521.0;0.0;0.6117;0.0
815392349#2;;0.012609704428528197;13.884203706505547;65.70824962267395;2987.355826344482;0.13309060557344088;1.0959549004163534;0.4440476620971266
815392330#1;;0.03368364322285099;5.514480657061029;66.11929852286602;4279.149571977372;0.20265677733147822;1.5165583438774461;0.41760888410210756
815392330#0;;0.12613521695257315;2.801556637629184;67.44498898811999;3416.947276840853;0.00020987681650870164;0.6413447558704064;0.006784130118524559
815392349#2;;0.012609704428528197;13.887969940972578;64.93457846097127;1865.98066507428;0.04717962720525044;0.689909465623384;0.4179494559803866
815392330#1;;0.03368364322285099;5.51805556793481;63.540382349791706;1464.680712436164;0.01147233118272789;0.5535804135747815;0.3595299214421062
815392330#0;;0.12613521695257315;2.752745924957897;67.17009677611897;3444.74208294467;0.0007877263524220728;0.6690246617236568;0.013477341352189578
815392349#2;;0.012609704428528197;13.863271193486858;66.40566002813448;3855.421901324895;0.20023335586186253;1.411216392827946;0.4655208195836219
815392330#1;;0.03368364322285099;5.53717830460016;62.08160058042466;0.0;0.0;0.0;0.0
815392330#0;;0.12613521695257315;2.7102296654402784;66.15601062534537;3327.2755711085065;0.001479646879218186;0.6872061016707591;0.01956868630035059
815392349#2;;0.012609704428528197;13.899722114900138;63.72751168546469;0.0;0.0;0.0;0.0
815392330#1;;0.03368364322285099;5.5331534786419185;64.39373811094856;2564.2223794335114;0.08539780143463144;0.9289091150347147;0.37968577166824696
815392330#0;;0.12613521695257315;2.6644657000112026;67.36523616451052;3619.715191638287;0.0029637552297345974;0.7260421877363926;0.026572338958240252
815392349#2;;0.012609704428528197;13.884732585438751;65.84302839596602;3168.206494826097;0.14692630316272226;1.1614268780299353;0.44818290326608423
815392330#1;;0.03368364322285099;5.529256991574575;64.39087538168675;2548.70057033191;0.08451517428163269;0.9237856288798926;0.3799627633028575
815392330#0;;0.12613521695257315;2.6257537539498292;66.04731763870296;3426.2797641385555;0.0038759243201189324;0.7353364436873864;0.032584292023540753
815392349#2;;0.012609704428528197;13.878033330684547;65.43309346418647;2595.382047051633;0.10318988114312799;0.9541095624524614;0.43541128688779934
815392330#1;;0.03368364322285099;5.513623779170208;66.11852325962778;4277.061162055404;0.2025903429344796;1.515973360631965;0.41770905560116545
815392330#0;;0.12613521695257315;2.5843936146718236;67.11995280699503;3704.3388235028096;0.00615559556502814;0.7774993879718628;0.03960387201412927
815392349#2;;0.012609704428528197;13.86155854554457;65.95535457814802;3283.2073246757623;0.15633310631751668;1.2037837345788205;0.4524022416276302
815392330#1;;0.03368364322285099;5.536135448929712;61.85953978387044;0.0;0.0;0.0;0.0
815392330#0;;0.12613521695257315;2.54390793298409;67.32490895499285;3816.101312873973;0.008506577833383301;0.810269033328836;0.04672468040111848
815392349#2;;0.012609704428528197;13.865796823773525;64.94521995694785;1835.5802582243173;0.04508745247695442;0.6788287857523959;0.41864505083671694
815392330#1;;0.03368364322285099;5.526153510860722;65.22804040672648;3433.8094360798505;0.14448277794620767;1.226144864614753;0.3984558230181459
815392330#0;;0.12613521695257315;2.5143804283146522;64.71081078463604;3299.784448852259;0.007875976957773517;0.7785037387696779;0.051351365120900584
815392349#2;;0.012609704428528197;13.911064343431608;63.468240931713005;0.0;0.0;0.0;0.0
815392330#1;;0.03368364322285099;5.5205213412998555;64.64832726364159;2808.4963070636886;0.10248528863547567;1.0129650057959436;0.3865946972188644
815392330#0;;0.12613521695257315;2.4784630958962586;66.79946846346996;3814.5707978889427;0.012352827928890238;0.848327532784747;0.058724436949996156
815392349#2;;0.012609704428528197;13.858135184720945;68.18042925040763;5823.995233656229;0.35168721853555174;2.1254905052162107;0.5114412333988163
815392330#1;;0.03368364322285099;5.538918158990074;62.12714854604908;0.0;0.0;0.0;0.0
815392330#0;;0.12613521695257315;2.4411933241454356;67.58680018535888;4062.308962201116;0.016456458529738597;0.8978687006472895;0.06641305274169022
815392349#2;;0.012609704428528197;13.859670892884132;65.07357389690723;2025.4108192837489;0.05973824088572865;0.7476565320433379;0.42342442314578277
815392330#1;;0.03368364322285099;5.533432429633291;64.58331346750543;2774.9641107093958;0.09959260135458967;1.0007595418402284;0.3839219167997643
815392330#0;;0.12613521695257315;2.4191140442223964;63.43541392472987;3113.8296911879393;0.011431283002940058;0.7982435982817341;0.06882301161027957
815392349#2;;0.012609704428528197;13.8835189687511;64.15321153562837;0.0;0.0;0.0;0.0
815392330#1;;0.03368364322285099;5.521743686515274;65.49149014440103;3688.076030537999;0.16199057404547512;1.3134707428074368;0.4043446317170353
815392330#0;;0.12613521695257315;2.397477143472322;63.482488368825756;3145.960441178973;0.012820929817467432;0.81055546992386;0.07316153289113948
815392349#2;;0.012609704428528197;13.872239503745499;65.6694430640912;2916.1659954389065;0.12790280573814852;1.0704425237641384;0.4432004436119429
815392330#2;;0.00758535500143925;1.7286792028420386;64.05627108360537;2129.8017775807207;0.056494531697848585;0.7809788278702443;0.37270986774565834
27486971#0;;0.030624119556562746;163270.0;55.94027641010837;1521.0;0.0;0.6117;0.0
815392330#0;;0.12613521695257315;2.3608986397139535;68.33516130557904;4408.173273571373;0.026419696272243144;0.994140409895201;0.08405955029524974
815392349#2;;0.012609704428528197;13.920233766512567;63.38578287075191;0.0;0.0;0.0;0.0
815392330#2;;0.03554049775121623;1.728938305941924;63.838648598576235;1865.855035485069;0.03859315237482204;0.6907636094138009;0.3672028736755827
27486971#0;;0.030624119556562746;648.1734995353883;67.1173243867487;3360.453045388125;0.00019245068588447868;0.6396674275783073;0.00658724097955849
815392330#0;;0.12613521695257315;2.327474244102909;67.7727029765305;4335.041258907376;0.02926107005088632;1.0069165085398373;0.09133219365409324
815392349#2;;0.012609704428528197;13.86561877627143;68.28248224443841;5931.497466546092;0.3595441400770142;2.1637833820665313;0.5133589766149315
815392330#2;;0.06351637382528333;1.7283187617619773;64.18269448269128;2276.3094399078773;0.06646020232457854;0.8310841639801638;0.3758722323928132
27486971#0;;0.030624119556562746;325.1267187367913;67.14029371568803;3437.2465881247654;0.0007613470172832171;0.6679619623800824;0.01326146292305979
815392330#0;;0.12613521695257315;2.298335837001235;66.75705341871706;4122.849805736236;0.03006013218676838;0.9946589357858328;0.0973306669068854
815392349#2;;0.012609704428528197;13.878654582853533;64.56114684451245;1221.2359921636096;0.0;0.4563348967393438;0.4036559350094054
815392330#2;;0.09151264084090928;1.72770988143585;64.18525200366932;2272.4612732441583;0.06626743265514148;0.8298193472956285;0.37608640968714946
27486971#0;;0.030624119556562746;224.34947792307534;66.13855333695876;3321.98135200681;0.0014442299658858479;0.6862077183605547;0.01934117399677243
815392330#0;;0.12613521695257315;2.2773158273178273;64.34451517447022;3496.9384092619034;0.024588692612615783;0.9106454129185401;0.09993486480759796
815392349#2;;0.012609704428528197;13.896728534582339;64.34222976993983;0.0;0.0;0.0;0.0
815392330#2;;0.10757314974182444;1.7322869925479905;62.44043472944612;0.0;0.0;0.0;0.0
27486971#0;;0.030624119556562746;167.22466863388433;67.24625280398212;3594.11653258636;0.002868382852983786;0.7235289359157718;0.02625807607230077
815392330#0;;0.12613521695257315;2.2499315636308244;66.73382059160284;4205.656207485933;0.036502314474042945;1.0375436855456464;0.10919045017548212
815392349#2;;0.012609704428528197;13.8626624639218;66.95781816820384;4507.914418342843;0.250366985069491;1.6478471929368208;0.48065577457991243
815392330#2;;0.10757314974182444;1.7320921522319481;63.975482598708794;2072.9879618832224;0.052322807761178126;0.7614104375250998;0.3699320977068619
27486971#0;;0.030624119556562746;138.19854102130824;65.40983663287989;3295.8560752448852;0.0034755009708667263;0.7247124983489768;0.0318039195702041
815392330#0;;0.12613521695257315;2.218459753900528;68.50480119638418;4781.211601679236;0.048889414716418625;1.1544209876198;0.11962067891695946
815392349#2;;0.012609704428528197;13.898071450670528;63.76063189018303;0.0;0.0;0.0;0.0
815392330#2;;0.10757314974182444;1.738298334307549;61.98130814467299;0.0;0.0;0.0;0.0
27486971#0;;0.030624119556562746;115.89089968143126;66.48043063847838;3564.019451566097;0.0054849413694266;0.763169932745938;0.03836827686031566
815392330#0;;0.12613521695257315;2.1939538800876774;66.38860646954174;4206.629274947927;0.04342749489100728;1.0724603007285645;0.12333587998781304
815392349#2;;0.012609704428528197;13.900695534962688;64.96701447063005;1943.5218315285808;0.05296562533980441;0.7179902512651124;0.41893323956799605
815392330#2;;0.10757314974182444;1.7659926384573352;59.917670193856736;0.0;0.0;0.0;0.0
27486971#0;;0.030624119556562746;98.26020836089316;67.6945727365012;3885.0552875644107;0.008486815816675715;0.8132267602073598;0.045911005638110465
815392330#0;;0.12613521695257315;2.1643037748679546;68.5868966028992;4938.741289081666;0.060113758214468196;1.223877435234712;0.13502140506525973
815392349#2;;0.012609704428528197;13.860740740143328;67.32575881351687;4919.291895969583;0.2820457863351248;1.7971527615571241;0.49031148228015886
815392330#2;;0.10757314974182444;1.7967121127263943;59.40800798704412;0.0;0.0;0.0;0.0
27486971#0;;0.030624119556562746;86.68727372517421;66.4205982034475;3673.6985162911897;0.009600968073388144;0.8148005307894962;0.052084829320267034
815392330#0;;0.12613521695257315;2.1413068854429316;66.45505636506118;4321.105588352018;0.052615636083843724;1.1261532601847046;0.13806587197448053
815392349#2;;0.012609704428528197;13.88959220216573;63.9766432207888;0.0;0.0;0.0;0.0
815392330#2;;0.10757314974182444;1.8285192383449271;58.9036640304933;0.0;0.0;0.0;0.0
27486971#0;;0.030624119556562746;79.40861064653582;64.32823721887091;3249.4772523829474;0.00895768573986528;0.7860866781971616;0.056442823322085806
815392330#0;;0.12613521695257315;2.120242137320881;65.98085085815822;4204.709239730582;0.05342813772116946;1.1171182520341945;0.14327653736994667
815392349#2;;0.012609704428528197;13.860925901611301;66.63820307392734;4133.464705956455;0.2216684975983138;1.512154572175357;0.4721168743258052
815392330#2;;0.10757314974182444;1.8614728202854753;58.381553209620726;0.0;0.0;0.0;0.0
27486971#0;;0.030624119556562746;70.52856124511862;68.2194504385981;4199.701046976082;0.016939894948564113;0.9102264190453297;0.06568544691826995
815392330#0;;0.12613521695257315;2.094920656038607;67.906869393227;4888.687828801358;0.07149420567587339;1.268065593905265;0.1548294855903931
815392349#2;;0.012609704428528197;13.88653472655914;64.08858994069166;0.0;0.0;0.0;0.0
815392330#2;;0.10757314974182444;1.8917278905694297;57.95538449679203;0.0;0.0;0.0;0.0
27486971#0;;0.030624119556562746;64.98549810324685;65.60142163224644;3634.727191712464;0.015319740046661534;0.8618020353358501;0.07042437417993973
815392330#0;;0.12613521695257315;2.0792847864263355;64.3528894273344;3713.6741407423633;0.04874369433230625;1.0426013922755057;0.151832231288451
815392349#2;;0.012609704428528197;13.907804321017778;64.20984645086462;0.0;0.0;0.0;0.0
815392330#2;;0.10757314974182444;1.9270211312945575;57.34297426609187;0.0;0.0;0.0;0.0
27486971#0;;0.030624119556562746;60.23506563395323;65.71186434510868;3704.529226362014;0.017922730471747268;0.8855107150412012;0.07646244530577576
815392330#0;;0.12613521695257315;2.0544657653212526;68.25736034174777;5105.279043114682;0.08422485251868429;1.3438143507576654;0.16876609917521587
815392349#2;;0.012609704428528197;13.903113085984119;65.30048999256722;2448.6204290844016;0.09151451582298913;0.9006643893340438;0.43039883184067895
815392330#2;;0.10757314974182444;1.9636563129719153;56.76171649040492;0.0;0.0;0.0;0.0
27486971#0;;0.030624119556562746;56.383455697718304;65.21883303932468;3619.8447256616246;0.019179809859453292;0.8879994904475587;0.08175927763673714
815392330#0;;0.2522704339051463;3.0427186401841286;69.30399003007679;6992.066733431404;0.09875249747277352;2.0546912800345307;0.1798604525620227
815392330#0;;0.2522704339051463;3.0427186401841286;69.30399003007679;6992.066733431404;0.09875249747277352;2.0546912800345307;0.1798604525620227
815392349#2;;0.012609704428528197;13.884402797181883;66.04188821925963;3426.2347277963686;0.16669257214695993;1.2548682324867082;0.4541554997919584
815392330#2;;0.10757314974182444;2.001558451661348;56.161046218277704;0.0;0.0;0.0;0.0
27486971#0;;0.030624119556562746;51.87272281193848;68.24390795207144;4459.899557967162;0.030649650815361147;1.0253027536808765;0.09191486781810203
815392330#0;;0.2522704339051463;2.9684681100903205;71.0422313457169;8793.777084216621;0.10425568109204766;2.099246005549769;0.19450246200534374
815392330#0;;0.2522704339051463;2.9684681100903205;71.0422313457169;8793.777084216621;0.10425568109204766;2.099246005549769;0.19450246200534374
815392349#2;;0.012609704428528197;13.895351906116945;64.62122036901195;1367.1390651490096;0.008959209158180582;0.5094275237522043;0.4059984851122653
815392330#2;;0.10757314974182444;2.037718953115391;55.63567100666509;0.0;0.0;0.0;0.0
27486971#0;;0.030624119556562746;48.537728383817814;66.7746115196099;4129.1685369449015;0.030224600539355165;0.9961388250800914;0.09755404770033156
815392330#0;;0.2522704339051463;2.897588394457828;71.23115538722249;9056.489660878595;0.11686445998844802;2.1965445150244953;0.21135169248172986
815392330#0;;0.2522704339051463;2.897588394457828;71.23115538722249;9056.489660878595;0.11686445998844802;2.1965445150244953;0.21135169248172986
815392349#2;;0.012609704428528197;13.902410563137082;64.77242241060313;1636.569155614008;0.029499710761966634;0.6069748489472753;0.41176399220500287
815392330#2;;0.10757314974182444;2.078728835119911;54.92656330391715;0.0;0.0;0.0;0.0
27486971#0;;0.030624119556562746;46.50439993019545;63.81402126133452;3349.6759251467015;0.022713243693760436;0.8875410004252053;0.09922020294729138
815392330#0;;0.2522704339051463;2.830841657482045;71.09124297593743;9069.54408874076;0.11960386030573278;2.2156210583430287;0.2250768011015366
815392330#0;;0.2522704339051463;2.830841657482045;71.09124297593743;9069.54408874076;0.11960386030573278;2.2156210583430287;0.2250768011015366
815392349#2;;0.012609704428528197;13.893626482158366;65.51330893991889;2734.6245723465754;0.11354837828799169;1.0042704778587668;0.43759992820840005
815392330#2;;0.10757314974182444;2.121423299466804;54.24009441673947;0.0;0.0;0.0;0.0
27486971#0;;0.030624119556562746;43.979988533678274;66.27523328739218;4072.3981314192556;0.0344737155907477;1.0148222880582922;0.10815262720107845
815392330#0;;0.2522704339051463;2.77682941247675;69.54873170915099;8287.317058650451;0.10884768998893021;2.114095621384676;0.23275058034709878
815392330#0;;0.2522704339051463;2.77682941247675;69.54873170915099;8287.317058650451;0.10884768998893021;2.114095621384676;0.23275058034709878
815392349#2;;0.012609704428528197;13.858395945180987;67.03554426749058;4592.740112033995;0.25705214631596024;1.6788703166499437;0.4829248518561122
815392330#2;;0.10757314974182444;2.165908320311204;53.52045143417746;0.0;0.0;0.0;0.0
27486971#0;;0.030624119556562746;42.02847761671358;65.07710771988623;3763.387344726329;0.03251850797384917;0.9763860495946028;0.1121822168362744
815392330#0;;0.2522704339051463;2.7253095907905744;69.50242372415065;8217.695452449778;0.10548020714399113;2.0930014773482277;0.2425451079642986
815392330#0;;0.2522704339051463;2.7253095907905744;69.50242372415065;8217.695452449778;0.10548020714399113;2.0930014773482277;0.2425451079642986
815392349#2;;0.012609704428528197;13.909289336051314;63.33146574304506;0.0;0.0;0.0;0.0
815392330#2;;0.10757314974182444;2.2122989510621633;52.7643846094029;0.0;0.0;0.0;0.0
27486971#0;;0.030624119556562746;40.236316917434344;65.18033716662602;3823.144576868028;0.035669867347293945;0.9976780907050411;0.11777407395823714
815392330#0;;0.2522704339051463;2.675129947565083;69.93346778205873;8745.418452901138;0.13536546601785257;2.2929982165026686;0.2625393567124617
815392330#0;;0.2522704339051463;2.675129947565083;69.93346778205873;8745.418452901138;0.13536546601785257;2.2929982165026686;0.2625393567124617
815392349#2;;0.012609704428528197;13.901767078879356;65.43940234266194;2644.5352516260605;0.10650326869731738;0.9715397044935807;0.43499306825305306
815392330#2;;0.10757314974182444;2.2607203179868023;51.96819881647074;0.0;0.0;0.0;0.0
27486971#0;;0.030624119556562746;38.123332726298436;67.538093364941;4578.350832594158;0.051257264594668235;1.1463815245624749;0.1285132852309179
815392330#0;;0.2522704339051463;2.6289016869182618;69.37640953459258;8288.32196327499;0.11550191235015533;2.156400834926411;0.2670268407552377
815392330#0;;0.2522704339051463;2.6289016869182618;69.37640953459258;8288.32196327499;0.11550191235015533;2.156400834926411;0.2670268407552377
815392349#2;;0.012609704428528197;13.88123745774054;66.14580231324405;3554.168911079995;0.17658004395711063;1.301311443743036;0.45732233002246414
815392330#2;;0.10757314974182444;2.3113087472185123;51.12769446714799;0.0;0.0;0.0;0.0
27486971#0;;0.030624119556562746;36.08365154158269;68.39141445807078;4906.952354152467;0.06154997865132298;1.2271740914570268;0.13813260295278587
815392330#0;;0.2522704339051463;2.594423298503009;67.5205251986495;7250.02956013816;0.09864575203292326;1.9976037786124836;0.27002131686256914
815392330#0;;0.2522704339051463;2.594423298503009;67.5205251986495;7250.02956013816;0.09864575203292326;1.9976037786124836;0.27002131686256914
815392349#2;;0.012609704428528197;13.91684748091643;63.72777756645867;0.0;0.0;0.0;0.0
815392330#2;;0.10757314974182444;2.3642130465439055;50.23811507365862;0.0;0.0;0.0;0.0
27486971#0;;0.030624119556562746;34.28167380661535;68.30753734737391;4947.548988437678;0.06714814544470182;1.2561794306360963;0.14623667052624983
815392330#0;;0.2522704339051463;2.5530579217947666;69.10508208865534;8331.234334016232;0.12822128780104228;2.227754269637205;0.28891554907614947
815392330#0;;0.2522704339051463;2.5530579217947666;69.10508208865534;8331.234334016232;0.12822128780104228;2.227754269637205;0.28891554907614947
815392349#2;;0.012609704428528197;13.859228009113172;68.5004498103606;6148.235869033842;0.3765441680232657;2.242991995802313;0.5188617449437318
815392330#2;;0.10757314974182444;2.419595967348921;49.29411986847698;0.0;0.0;0.0;0.0
27486971#0;;0.030624119556562746;32.81963753331586;67.28099397187015;4666.851078521983;0.06573779664388314;1.2195496252818163;0.1515478947401822
815392330#0;;0.2522704339051463;2.5074103064198687;70.58431912955284;9501.449702763231;0.17654646742570307;2.552801193568464;0.3149311902325478
815392330#0;;0.2522704339051463;2.5074103064198687;70.58431912955284;9501.449702763231;0.17654646742570307;2.552801193568464;0.3149311902325478
815392349#2;;0.012609704428528197;13.906236410236946;63.4309006410835;0.0;0.0;0.0;0.0
:301754863_2;;0.07839755873763721;1.272762343220899;54.45479943930168;0.0;0.0;0.0;0.0
27486971#0;;0.030624119556562746;31.72921421057511;65.57251750652442;4127.052516534778;0.05731842988417205;1.1242973744428104;0.1536418078664186
815392330#1;;0.002067140389380241;6.844391900331816;66.50399935941549;4863.892290993855;0.12950687295144153;1.4612119824015575;0.2480218742074059
815392330#0;;0.23494333200303727;2.437130197219995;65.03394187801524;3471.726627195909;0.012882668553571095;0.8324663007317686;0.06605302488184661
815392349#2;;0.012609704428528197;13.903621965654546;65.20161780499413;2305.061255501961;0.08054224920030705;0.8487412368638211;0.42706407353631876
:301754863_2;;0.1568362943885996;1.2748803148100343;58.12643515523892;1491.1164247718493;0.00018534855583505257;0.5935066876598653;0.13791947856024753
27486971#0;;0.030624119556562746;30.62982849000132;66.24817441185525;4390.735961525949;0.06630744279421392;1.1902353167816748;0.16135760530241544
815392330#1;;0.0074616309352001885;6.778830721345765;68.55705828108074;5852.74337362125;0.17261163241504854;1.7352848433529042;0.26681328022651996
815392330#0;;0.21474257073609695;2.404891679922829;66.53722938907832;3878.59539745645;0.017994239527195605;0.897945335801283;0.07336771814526517
815392349#2;;0.012609704428528197;13.858171177637976;67.68265562698674;5304.182661507266;0.31173676953752155;1.936939905733574;0.4994074091102815
:301754863_2;;0.23469416677573876;1.2843916348338122;56.955944984405235;0.0;0.0;0.0;0.0
27486971#0;;0.030624119556562746;29.371711476253694;68.23892296592139;5139.310399485792;0.08846522494452964;1.3641521029303572;0.174233089204211
815392330#1;;0.012964862280095128;6.7292272008297;66.60721295922521;4952.749967259949;0.14109716848648304;1.507374441106218;0.2617994650817366
815392330#0;;0.19413460754648537;2.3836654240670723;63.474057892476274;3157.138788857649;0.013682659854678314;0.8173592954637441;0.07596330785109896
815392349#2;;0.012609704428528197;13.906915754475847;63.38678699379079;0.0;0.0;0.0;0.0
:301754863_2;;0.3126851179529103;1.2822000307808867;58.797157245758925;1748.0697383857048;0.005783127730280649;0.6455095848262636;0.13880058244087476
27486971#0;;0.030624119556562746;28.588475122253325;65.0313439775367;4013.9469417527234;0.06367679498954416;1.1347067604904217;0.1709110801039447
815392330#1;;0.0186263460814907;6.658321619639876;69.81301024959747;6541.527477835063;0.21207390004045862;1.953105325336499;0.2897007481888049
815392330#0;;0.17293403601572951;2.355314007768223;65.89503971246006;3800.527718099168;0.021339804613026495;0.915622879641034;0.08358821530768043
815392349#2;;0.012609704428528197;13.905116267713916;65.16153074570575;2248.434874903602;0.07619544877829808;0.8282528791832093;0.4256660139698809
:301754863_2;;0.3916394422977596;1.266555072566126;61.07209897223278;2566.8903289204404;0.024095497053702765;0.8123512180881837;0.14604722198165215
27486971#0;;0.030624119556562746;27.69251272935524;66.50803662830928;4585.873768611319;0.08157258210993136;1.2707193269546118;0.18133467447161108
815392330#1;;0.024440317882113097;6.591398221343855;69.55496141673476;6473.309141970068;0.21635072393728083;1.9541541732098837;0.29728761801513975
815392330#0;;0.15116244232036155;2.3285571267620933;65.67752124142362;3785.90541010608;0.023478994359905393;0.9280783507544349;0.08937983883273909
815392349#2;;0.012609704428528197;13.86619187914991;67.25226324891119;4842.343425403066;0.2759024304156411;1.768876922821248;0.488134720335913
:301754863_2;;0.4706094875466284;1.2663029340410878;58.52855295400695;1635.2903444201115;0.0034033915468564277;0.6227190896355028;0.13984375455454165
27486971#0;;0.030624119556562746;26.722973316077386;67.85971147034986;5136.3214443251445;0.1008405744891603;1.4089462512021802;0.19297460106428105
815392330#1;;0.030377380069777176;6.538350118071898;67.80925262929276;5631.44872513026;0.18517198059843246;1.7347917915895725;0.29298999181790775
815392330#0;;0.1289299117669595;2.302959026731076;65.5738567790944;3797.24811192417;0.0258915948581933;0.9434554395641311;0.09515124420789695
815392349#2;;0.012609704428528197;13.884078831995192;64.36700714538429;0.0;0.0;0.0;0.0
:301754863_2;;0.5495795327954971;1.2663029340410878;58.487533989961804;1619.8334362985518;0.0030599543404664343;0.6195723496986203;0.13974032338256728
27486971#0;;0.030624119556562746;25.96066607784795;66.45930084565798;4634.603308110365;0.09059803166998169;1.3083540568000969;0.1947932703816156
815392330#1;;0.03368364322285099;6.467323876031031;70.73481109090764;7181.6410238293965;0.2619941475729749;2.191114405533573;0.3230862240841079
815392330#0;;0.12613521695257315;2.273827384023289;67.03563612052359;4244.788072008943;0.03422511003359378;1.028635701348962;0.10355084751207137
815392349#2;;0.012609704428528197;13.908354086145115;64.10335583765277;0.0;0.0;0.0;0.0
:301754863_2;;0.6285495780443658;1.2663029340410878;58.487533989961804;1619.8334362985518;0.0030599543404664343;0.6195723496986203;0.13974032338256728
27486971#0;;0.030624119556562746;24.951042046362222;69.80887799970732;6006.182097445379;0.13695258494753504;1.6466654942777776;0.21572105877676273
815392330#1;;0.03368364322285099;6.427360795857368;66.37369907360537;4905.815643959253;0.16197582883527528;1.55410099072824;0.29695376858146855
815392330#0;;0.12613521695257315;2.2431080717014336;67.93287471489863;4559.603480063844;0.04219858387494634;1.0995293674370286;0.11234137200808451
815392349#2;;0.012609704428528197;13.888872370554948;66.07720848719924;3477.1007504853774;0.17046263574229975;1.2731279767167967;0.45502409272438576
:301754863_2;;0.7075196232932346;1.2663029340410878;58.487533989961804;1619.8334362985518;0.0030599543404664343;0.6195723496986203;0.13974032338256728
27486971#0;;0.030624119556562746;24.439381196975177;64.85169172852389;4035.793522565433;0.07984985287006104;1.1918423643998504;0.20228034511713777
815392330#1;;0.03368364322285099;6.367045982506458;69.61232182778497;6687.9717552608145;0.25138235446826007;2.081826597322064;0.3300040995692912
815392330#0;;0.12613521695257315;2.221871516939604;64.95460159167459;3738.7998961450853;0.03300507781753406;0.9765034799483806;0.11410071440585723
815392349#2;;0.012609704428528197;13.893134334620939;64.9056212998886;1831.0071561577777;0.044448681046841076;0.6772662867794185;0.41681888520160737
:301754863_2;;0.7541478129713424;1.2663029340410878;58.487533989961804;1619.8334362985518;0.0030599543404664343;0.6195723496986203;0.13974032338256728
27486971#0;;0.030624119556562746;23.8675870253294;65.89817528115805;4486.341614819067;0.0968464421610157;1.308462219741874;0.2117929620984057
815392330#1;;0.03368364322285099;6.317677860355137;68.18046574228771;5939.430060265668;0.22096204529453733;1.8779118428523187;0.32594983725462645
815392330#0;;0.12613521695257315;2.197753219042537;66.20967983514663;4146.406437121959;0.041984331837407865;1.0596399483657315;0.12206179607523365
815392349#2;;0.012609704428528197;13.908658939201619;64.42194843893228;0.0;0.0;0.0;0.0
:301754863_2;;0.7541478129713424;1.2663029340410878;58.487533989961804;1619.8334362985518;0.0030599543404664343;0.6195723496986203;0.13974032338256728
27486971#0;;0.030624119556562746;23.27562397711153;66.57015404105506;4792.031220669239;0.11025643696875327;1.39351642169925;0.22061413049041606
815392330#1;;0.03368364322285099;6.255721445168117;70.39646447383801;7213.200091729352;0.2910621262543369;2.271395656432353;0.3535949921279056
815392330#0;;0.12613521695257315;2.166885829647671;68.9891836275171;5056.032145748798;0.061706571345232164;1.24311718222613;0.1349133006273182
815392349#2;;0.012609704428528197;13.889861505195379;66.0385885481408;3429.195691185099;0.1667695108239165;1.255752581362996;0.45385283133104826
:301754863_2;;0.7541478129713424;1.2663029340410878;58.487533989961804;1619.8334362985518;0.0030599543404664343;0.6195723496986203;0.13974032338256728
27486971#0;;0.030624119556562746;22.7239502873167;66.49625992807847;4784.320099471685;0.1135781230388756;1.4025963966104094;0.22630218552603745
815392330#1;;0.03368364322285099;6.209351354313817;68.18293130414762;5991.418591446864;0.2350938277301094;1.9214902502075524;0.3417218751029078
815392330#0;;0.12613521695257315;2.1463877012313723;65.48078360339134;4003.783578350436;0.046061320923619586;1.0638352185263025;0.1349098690113605
815392349#2;;0.012609704428528197;13.888042172778997;65.18664198757949;2253.670449062192;0.07685065935810097;0.8302587379093466;0.42688101318345056
27485708;;0.7757035121707245;0.03819918353065122;58.487533989961804;1619.8334362985518;0.0030599543404664343;0.6195723496986203;0.13974032338256728
27486971#0;;0.030624119556562746;22.170320061201817;66.96741617054121;5015.729527417866;0.12547682734114193;1.4721793220877228;0.23483123624101584
815392330#1;;0.03368364322285099;6.154434233041146;69.7739191708386;6949.285777470197;0.2911142629106009;2.2256639200784565;0.3645997672088825
815392330#0;;0.12613521695257315;2.119298329089051;68.25234034469557;4944.062591273548;0.0681453205368994;1.2600942590372393;0.1479338254404306
815392349#2;;0.012609704428528197;13.861602495415097;66.50782407424802;3977.859756335549;0.20969195559011414;1.4556914222993336;0.46846941082374755
:251674120_3;;0.05052655424170676;1.8174722163090098;69.38828456361854;5524.870614357726;0.09610641807563561;1.439321612457733;0.17469663089277146
27486971#0;;0.030624119556562746;21.606094610262193;67.6044223957166;5329.99263026708;0.14120026990802273;1.5652965361859617;0.24487523482071605
815392330#1;;0.03368364322285099;6.0888460049189455;71.84977235457215;8221.193721994227;0.3681821547217299;2.636630775505714;0.3951379279992621
815392330#0;;0.12613521695257315;2.0993644787386136;65.78995956809405;4174.918937458603;0.055848439011601365;1.12384741952388;0.14903338170725494
815392349#2;;0.012609704428528197;13.862583440786544;65.09444002139193;2063.728224290785;0.06264442862779465;0.7615480656915021;0.424125097631138
:251674120_3;;0.1073409652939336;1.7601168109984409;66.15387640149994;4416.893524367857;0.07303423333342016;1.2187426449552603;0.17261419626250357
27486971#0;;0.030624119556562746;21.027053209267926;68.37229781346551;5716.435813969389;0.16078801880394608;1.6804897308838616;0.2565275283353724
815392330#1;;0.03368364322285099;6.05420732252816;67.00168095404928;5305.578762324931;0.214992221283425;1.7503325366677929;0.3529422911430933
815392330#0;;0.12613521695257315;2.082042352608995;64.97656731849568;3924.3738989292433;0.052972318839276875;1.0836922090179613;0.15242144105140248
815392349#2;;0.012609704428528197;13.8649752740063;65.02777876527506;1964.7245226483121;0.05501180483473504;0.7256485608629173;0.4216831232120249
:251674120_3;;0.1661312126393322;1.7009623962370823;67.02925865132778;4773.419452680233;0.08590009224954033;1.3098280551092607;0.18185963692866136
27486971#0;;0.030624119556562746;20.630288027873785;65.9802194868887;4628.9484823785415;0.12299294790452758;1.406654146586477;0.24927923943720653
815392330#1;;0.03368364322285099;6.010642780575311;68.60495741315904;6333.076468850974;0.2763374243055548;2.079839061833133;0.3764423935605195
815392330#0;;0.12613521695257315;2.066233645452746;64.55351784440053;3796.0167843081786;0.05224876249056613;1.065807558551983;0.15615327366487652
815392349#2;;0.012609704428528197;13.878762549854933;64.53139898962817;1168.8508006111174;0.0;0.43736114993139547;0.40244033891416986
:251674120_3;;0.22664942617851155;1.6523951080489225;66.04602179064278;4436.366149072996;0.08031140878588723;1.247199896963238;0.184880493516535
27486971#0;;0.030624119556562746;20.2902818911484;65.36295280859414;4339.564429742214;0.11432269709997663;1.3373853903162558;0.2503435005311066
815392330#0;;0.2522704339051463;3.0692352448441707;66.83818162695287;6017.547961390518;0.07153402557589511;1.8345293958682074;0.16707240653801406
815392330#1;;0.03368364322285099;5.978234784381928;66.95438735257522;5270.0130939286855;0.220514666501054;1.755816559909488;0.36342041625934846
815392330#0;;0.2522704339051463;3.0692352448441707;66.83818162695287;6017.547961390518;0.07153402557589511;1.8345293958682074;0.16707240653801406
815392349#2;;0.012609704428528197;13.895702673799958;64.38621423256126;0.0;0.0;0.0;0.0
:251674120_3;;0.2890643104398481;1.6021819343810897;66.85460367557405;4777.310015232389;0.09343321652365916;1.3367669749402806;0.19400307253085786
27486971#0;;0.030624119556562746;19.78561046453498;68.48205964473982;5867.783615456788;0.17997486367164023;1.7584074071502942;0.27581128900551277
815392330#0;;0.2522704339051463;2.9986312363284036;70.19893442109344;8202.595435006186;0.08475497805411687;1.9552900861325764;0.18314186381801087
815392330#1;;0.03368364322285099;5.938676229575816;68.2683746218971;6142.30603710669;0.2743934440806884;2.0398886744197284;0.38433385293473277
815392330#0;;0.2522704339051463;2.9986312363284036;70.19893442109344;8202.595435006186;0.08475497805411687;1.9552900861325764;0.18314186381801087
815392349#2;;0.012609704428528197;13.909064965583015;64.50553205730796;1200.736939374108;0.0;0.449467678401654;0.40133452457735574
:251674120_3;;0.3536643332528737;1.5479870694385651;68.19179027393359;5343.657167202467;0.11466647213168028;1.4835377608683895;0.20636468826425558
27486971#0;;0.030624119556562746;19.576637842131277;63.75211929079023;3516.665278932997;0.0860138057943375;1.129301184215752;0.24996067074986844
815392330#0;;0.2522704339051463;2.9349690569519202;69.73964625101513;7940.007006560828;0.07983952845349614;1.9195787726290172;0.19306340884047862
815392330#1;;0.03368364322285099;5.900944619587382;68.13258408049396;6061.132134605862;0.27428053361940463;2.0242550640533317;0.38883413672077327
815392330#0;;0.2522704339051463;2.9349690569519202;69.73964625101513;7940.007006560828;0.07983952845349614;1.9195787726290172;0.19306340884047862
815392349#2;;0.012609704428528197;13.906275579596299;65.20604764064353;2316.494074243686;0.08137396414139506;0.8528543107713815;0.42715660001588474
:251674120_3;;0.42071564351986923;1.491395165908081;69.44858019667547;5907.012840910557;0.13806399385134438;1.637077891940198;0.22011721181147964
27486971#0;;0.030624119556562746;19.444269214885548;62.601769301812936;2886.6759810569165;0.06073878487504677;0.9601511513136118;0.24392688095491843
815392330#0;;0.2522704339051463;2.8669961392486853;71.01051213135803;8982.367984489452;0.11286617664695925;2.1878528309238217;0.21581316303608322
815392330#1;;0.03368364322285099;5.865950630894338;67.83228937987282;5861.776017033961;0.266768698515494;1.9696676021140302;0.39083386570245693
815392330#0;;0.2522704339051463;2.8669961392486853;71.01051213135803;8982.367984489452;0.11286617664695925;2.1878528309238217;0.21581316303608322
815392349#2;;0.012609704428528197;13.88712274429326;66.06189233910753;3455.3431247463664;0.16884609924169297;1.2653131306181686;0.4546416729668303
:251674120_3;;0.4893521745889054;1.4569500882761366;65.8250010207908;4456.816556706796;0.09607947717539371;1.301900394367068;0.21181658265458947
27486971#0;;0.030624119556562746;19.51925779977428;59.58153899017802;0.0;0.0;0.0;0.0
815392330#0;;0.2522704339051463;2.8028905775633426;70.9303721219266;9045.36997014201;0.11848871359910992;2.226823337557753;0.23016907977367446
815392330#1;;0.03368364322285099;5.8186748715416226;70.14381264575914;7438.767677345933;0.36720474583939516;2.491391090235679;0.4269281239073594
815392330#0;;0.2522704339051463;2.8028905775633426;70.9303721219266;9045.36997014201;0.11848871359910992;2.226823337557753;0.23016907977367446
815392349#2;;0.012609704428528197;13.875918978509898;65.66028512676917;2909.3691193756704;0.12730061672994256;1.0678983233150114;0.44279900069009764
:251674120_3;;0.501002004008016;1.404026632757339;70.22165019965468;6349.437137861872;0.1644668307879786;1.7833753201563676;0.2395131596079858
27486971#0;;0.030624119556562746;19.612661015714593;59.32567561571126;0.0;0.0;0.0;0.0
815392330#0;;0.2522704339051463;2.7552609258464047;68.63007894858298;7627.8681647378435;0.08679245096922734;1.9632452569878516;0.23040169381822762
815392330#1;;0.03368364322285099;5.76274312071575;71.99570381433355;8719.05521561496;0.454878106067894;2.929275810427108;0.4603840354755102
815392330#0;;0.2522704339051463;2.7552609258464047;68.63007894858298;7627.8681647378435;0.08679245096922734;1.9632452569878516;0.23040169381822762
815392349#2;;0.012609704428528197;13.883111911954714;64.79388878903643;1628.2057754204914;0.02902197571029428;0.6037910772262095;0.4127710684027659
:251674120_3;;0.501002004008016;1.3617595361914483;68.70412225639353;5765.365867983158;0.15082892759052657;1.6579006192590193;0.24148464955772234
27486971#0;;0.030624119556562746;19.603783971118222;60.693676659005085;1796.8875337017184;0.015459419285027682;0.6641368873131287;0.22839124693744892
815392330#0;;0.2522704339051463;2.7043836003011132;69.60493448574093;8200.092182244072;0.09958778270972797;2.075922101978893;0.24509361721934897
815392330#1;;0.03368364322285099;5.7124739542962075;71.23989255452375;8268.775155364166;0.4363207118586313;2.802331421506401;0.46126135881744174
815392330#0;;0.2522704339051463;2.7043836003011132;69.60493448574093;8200.092182244072;0.09958778270972797;2.075922101978893;0.24509361721934897
815392349#2;;0.012609704428528197;13.868276910148271;65.85887039619512;3165.5108218470154;0.1471260634551816;1.160913500047603;0.44922697245605625
:251674120_3;;0.501002004008016;1.337085400242208;65.17154029683007;4223.546778271074;0.0994304180034417;1.2778991179324495;0.22973662117396182
27486971#0;;0.030624119556562746;19.65717492432097;59.82943641157921;0.0;0.0;0.0;0.0
815392330#0;;0.2522704339051463;2.644481492893686;71.79287612905557;9952.834820441749;0.15876191913056156;2.51622008332144;0.2762947855960301
815392330#1;;0.03368364322285099;5.675801648038403;68.97062290689595;6695.448914931423;0.3428085353778802;2.294500499507167;0.4378946514225783
815392330#0;;0.2522704339051463;2.644481492893686;71.79287612905557;9952.834820441749;0.15876191913056156;2.51622008332144;0.2762947855960301
815392349#2;;0.012609704428528197;13.876376737868128;64.76523614022409;1565.3117028912443;0.024256996875390888;0.5809492973070227;0.41173852559432234
:251674120_3;;0.501002004008016;1.3047084456291504;67.34878295046813;5230.8252478075;0.13980841051595397;1.5464311621577673;0.24701374952873495
27486971#0;;0.030624119556562746;19.515971202331563;62.70590030642261;2949.941146860481;0.06304012341691817;0.9766189618867019;0.24376236013051888
815392330#0;;0.2522704339051463;2.60164483257271;69.38678609232882;8511.777900152476;0.13915429342226643;2.3068443936890297;0.28037684034865823
815392330#1;;0.03368364322285099;5.629420506375351;70.97247546539742;8161.256415013022;0.4447367301773092;2.799635335070911;0.47475483249818284
815392330#0;;0.2522704339051463;2.60164483257271;69.38678609232882;8511.777900152476;0.13915429342226643;2.3068443936890297;0.28037684034865823
815392349#2;;0.012609704428528197;13.887890630520067;64.60889439819064;1327.6793519038486;0.005980762097396682;0.4950347781351375;0.40554654466519796
:251674120_3;;0.501002004008016;1.2822044236471208;65.29393941959937;4295.914734400677;0.10781545828633866;1.3126790481256176;0.2410918201298245
27486971#0;;0.030624119556562746;19.481717253129727;61.09766871190901;2023.2955742346533;0.024967757134484854;0.7256387949737995;0.23270519366812842
815392330#0;;0.2522704339051463;2.5649964499752373;68.11482545569312;7664.697116367177;0.10833293233300048;2.0858031577571596;0.27987267086916806
815392330#1;;0.03368364322285099;5.5963963819401075;68.69427609069625;6499.063439927412;0.341542063329711;2.2523824303078603;0.4481322091468563
815392330#0;;0.2522704339051463;2.5649964499752373;68.11482545569312;7664.697116367177;0.10833293233300048;2.0858031577571596;0.27987267086916806
815392349#2;;0.012609704428528197;13.889369203096532;65.03412789627009;2024.5837672723549;0.05930086188862843;0.747324672298969;0.42151644008699785
:251674120_3;;0.501002004008016;1.2787308096606753;60.93461279050313;2109.5146539288357;0.02561584154753297;0.7444838703948436;0.2169213428296418
27486971#0;;0.030624119556562746;19.44746521830318;61.10948483298892;2025.3571054795652;0.025121165000530632;0.7262869126271136;0.23316174502494566
815392330#0;;0.2522704339051463;2.5249673772293604;69.1499822906093;8488.372807523876;0.1390508843646128;2.300957963491717;0.29903775106208497
815392330#1;;0.03368364322285099;5.556003345107578;70.24020032765252;7681.346691497585;0.42636334631916484;2.6656137838940275;0.47920610093547644
815392330#0;;0.2522704339051463;2.5249673772293604;69.1499822906093;8488.372807523876;0.1390508843646128;2.300957963491717;0.29903775106208497
815392349#2;;0.012609704428528197;13.878100133575431;65.66045598679757;2913.0020028551903;0.12753113394698273;1.0691662372198383;0.44273802034654386
-27486971#1;;0.9749642160307737;0.02572545066622858;59.184129981164006;0.0;0.0;0.0;0.0
27486971#0;;0.030624119556562746;19.569959952147553;58.976978983367665;0.0;0.0;0.0;0.0
815392330#0;;0.2368204076285513;2.4304732783356244;65.2872885895738;3540.3960477575333;0.013753462039535737;0.8436681839801679;0.06749434931027781
815392330#1;;0.035249521972542615;6.436359310510123;73.6550921020578;14817.582491318144;0.6895028992548542;4.84152690434828;0.7699132427719102
815392330#1;;0.035249521972542615;6.436359310510123;73.6550921020578;14817.582491318144;0.6895028992548542;4.84152690434828;0.7699132427719102
815392349#2;;0.012609704428528197;13.893708968271078;64.43971140579909;0.0;0.0;0.0;0.0
:11876446088_0;;0.700373613947737;0.14185894737454596;59.488750010729746;1307.7278223809346;0.0;0.5360958198361468;0.20640353269765518
27486971#0;;0.030624119556562746;19.555484181550394;60.7882593766103;1846.9721893809176;0.017582483197752984;0.6777298453735129;0.2296022936685749
815392330#0;;0.21720707136804582;2.4015368872883283;65.60216031762933;3657.288767158084;0.016547997358827813;0.8724154268357501;0.07354270407794056
815392330#1;;0.04048714423989938;6.365578319384422;73.52523863480522;13989.252892315551;0.691661752921402;4.710303283837785;0.7814778286432968
815392330#1;;0.04048714423989938;6.365578319384422;73.52523863480522;13989.252892315551;0.691661752921402;4.710303283837785;0.7814778286432968
815392349#2;;0.012609704428528197;13.909953526780226;64.3925837967715;0.0;0.0;0.0;0.0
-27486971#0;;0.0027161161169808566;21.120808555582464;59.36767364921637;0.0;0.0;0.0;0.0
27486971#0;;0.030624119556562746;19.627539721151162;59.59364665786367;0.0;0.0;0.0;0.0
815392330#0;;0.19704158571674227;2.374960253929508;65.16000314085963;3586.4354598786053;0.01788482173839257;0.876874732354244;0.07884747650805712
815392330#1;;0.045872214646916834;6.28245320611787;74.20087673568165;15675.631573053426;0.7711196059110285;5.185935937406302;0.8184958390215453
815392330#1;;0.045872214646916834;6.28245320611787;74.20087673568165;15675.631573053426;0.7711196059110285;5.185935937406302;0.8184958390215453
815392349#2;;0.012609704428528197;13.860192200384557;67.96375562257224;5601.447333772573;0.3344798160759107;2.0445908841668885;0.5061356431986325
-27486971#0;;0.0074612986696919615;21.074004822610284;60.75590575529;2028.5574006356917;0.02230507606532543;0.7230286710428931;0.21435585422245504
27486971#0;;0.030624119556562746;19.690429135185422;59.69711316142121;0.0;0.0;0.0;0.0
815392330#0;;0.17638221961941658;2.338979790323154;68.42456017593437;4479.399676710327;0.02946115214382974;1.0193297758939288;0.08916134629459542
815392330#1;;0.05138917282596555;6.20400065503458;74.31028368629664;15728.860893472634;0.8043241000115475;5.276330544484414;0.841208259728738
815392330#1;;0.05138917282596555;6.20400065503458;74.31028368629664;15728.860893472634;0.8043241000115475;5.276330544484414;0.841208259728738
815392349#2;;0.012609704428528197;13.88219281109269;64.21988446738982;0.0;0.0;0.0;0.0
-27486971#0;;0.01219442973657494;21.12766339805911;59.48706708627712;1318.190403094478;0.0;0.538994807429038;0.2058032475107047
27486971#0;;0.030624119556562746;19.40865523478731;65.06170128574571;4194.610077676725;0.11508768356497825;1.3159715053309466;0.2607232486991514
815392330#0;;0.15533915453786137;2.3122655748558256;65.83282646564732;3852.0522648767305;0.025644534081232268;0.9464798515122538;0.09322883890297545
815392330#1;;0.05700859548719464;6.149641280586675;71.38431577729747;12202.223739970324;0.5854911374642655;4.124684613867353;0.7842990397927387
815392330#1;;0.05700859548719464;6.149641280586675;71.38431577729747;12202.223739970324;0.5854911374642655;4.124684613867353;0.7842990397927387
815392349#2;;0.012609704428528197;13.914154859528848;63.842673955340445;0.0;0.0;0.0;0.0
-27486971#0;;0.016944721431445917;21.05133882788142;61.14968626721541;2238.481787170028;0.030210017803023653;0.7775447132785804;0.2169673412829148
27486971#0;;0.030624119556562746;19.659154763279652;57.573915365895125;0.0;0.0;0.0;0.0
815392330#0;;0.13394601457879188;2.2907337259884346;64.38579321320874;3492.6321242380673;0.023430662390666535;0.9038335664824372;0.09686220488436233
815392330#1;;0.06272150351722373;6.093314873661036;72.19218061620552;13068.086908795738;0.6665958563962486;4.472986895289722;0.8182502935745902
815392330#1;;0.06272150351722373;6.093314873661036;72.19218061620552;13068.086908795738;0.6665958563962486;4.472986895289722;0.8182502935745902
815392349#2;;0.012609704428528197;13.913646749956197;65.0899410784329;2157.5615331203926;0.0691382101129702;0.7953549113485614;0.4230331971409376
-27486971#0;;0.02172191244783624;20.932803326663006;61.75959035998103;2550.5085986458707;0.04223928559317755;0.8592296958435381;0.22180551067556267
27486971#0;;0.030624119556562746;19.445870829820933;63.900061931501796;3589.9106145108826;0.08980430652407151;1.1510617859282941;0.25266116319323384
815392330#0;;0.12613521695257315;2.2711242100646323;63.93866079675806;3391.2692273202015;0.023776031255755933;0.8969631594309521;0.1009587205764279
815392330#1;;0.06736728644570197;6.019127560533098;74.14576542765747;16037.024125722797;0.8418891549550267;5.410739790672347;0.8838333144161703
815392330#1;;0.06736728644570197;6.019127560533098;74.14576542765747;16037.024125722797;0.8418891549550267;5.410739790672347;0.8838333144161703
815392349#2;;0.012609704428528197;13.920847682972942;64.74052382369638;1625.8503349732282;0.02852823855970075;0.6032494821266877;0.4103750948691588
-27486971#0;;0.026484287497859967;20.99792623420154;59.37695677321845;0.0;0.0;0.0;0.0
27486971#0;;0.030624119556562746;19.6720830561878;57.81010033116512;0.0;0.0;0.0;0.0
815392330#0;;0.12613521695257315;2.2496511725920834;64.75901488342039;3646.5107230860726;0.02897524495943591;0.9474176235599916;0.10698236157930366
815392330#1;;0.06736728644570197;5.938016541389991;75.48313919701899;17912.03419686008;0.9865804566364939;6.087121805811539;0.9417906967338795
815392330#1;;0.06736728644570197;5.938016541389991;75.48313919701899;17912.03419686008;0.9865804566364939;6.087121805811539;0.9417906967338795
815392349#2;;0.012609704428528197;13.889882831025583;66.72953596449334;4270.154571768888;0.2311152716175913;1.5601539623475225;0.4732302322866809
-27486971#0;;0.030622243998040175;21.08399545549086;59.1125038911899;0.0;0.0;0.0;0.0
27486971#0;;0.030624119556562746;19.464340607507438;63.798520425856694;3536.813968681442;0.08749993057609655;1.1363776135985566;0.2517456700818145
815392330#0;;0.12613521695257315;2.2220224858543043;67.14334452109111;4376.815321313563;0.04239461982768319;1.083714998281284;0.11689599460179659
815392330#1;;0.06736728644570197;5.9083368706903885;70.57735586961513;7708.582519396352;0.233891211514857;2.459943265014384;0.7196606452032126
815392330#1;;0.06736728644570197;5.9083368706903885;70.57735586961513;7708.582519396352;0.233891211514857;2.459943265014384;0.7196606452032126
815392349#2;;0.012609704428528197;13.913398743968106;64.1225743589379;0.0;0.0;0.0;0.0
-27486971#0;;0.030622243998040175;20.979840842075614;61.54661229049921;2442.5267946091435;0.038041575039083;0.8308680093379528;0.22005732659425098
27486971#0;;0.030624119556562746;19.688613778625747;57.82676207445136;0.0;0.0;0.0;0.0
815392330#0;;0.12613521695257315;2.2014389014816342;64.93498839531902;3759.807195097417;0.035460595857778214;0.9904991450119485;0.11928571517948518
815392330#1;;0.06736728644570197;5.873015396351219;70.00212175372648;9717.135606602673;0.4252565221128016;3.286274788011463;0.7843851807621813
815392330#1;;0.06736728644570197;5.873015396351219;70.00212175372648;9717.135606602673;0.4252565221128016;3.286274788011463;0.7843851807621813
815392349#2;;0.012609704428528197;13.904745800132682;65.4908807276925;2721.53368137549;0.11232588655041492;0.9993364297215382;0.4365692795352505
-27486971#0;;0.030622243998040175;21.082798219005;58.91737176068596;0.0;0.0;0.0;0.0
27486971#0;;0.030624119556562746;19.512985669803005;63.252667227071;3247.421412696798;0.07529958707714861;1.057255740207825;0.24749005734427412
815392330#0;;0.12613521695257315;2.175604572142381;67.0745927344345;4448.960833252692;0.04992244370780943;1.127185238628662;0.12939062056725742
815392330#1;;0.06736728644570197;5.850702427752404;69.63764377350999;5889.146488879262;0.2158793665065521;1.8566313540595265;0.32175079431532905
815392330#1;;0.06736728644570197;5.850702427752404;69.63764377350999;5889.146488879262;0.2158793665065521;1.8566313540595265;0.32175079431532905
815392349#2;;0.012609704428528197;13.862356943736067;67.47794940891569;5086.857432199571;0.29484598537022755;1.8578032677813803;0.49406958820019464
-27486971#0;;0.030622243998040175;20.910354455449518;62.51499495811249;2938.3206436122477;0.05696082491514334;0.9603722557810784;0.2264708920938635
27486971#0;;0.030624119556562746;19.66185690199401;58.64758401306068;0.0;0.0;0.0;0.0
815392330#0;;0.12613521695257315;2.1566858007061844;64.79727891663254;3774.371544471764;0.04066168753712701;1.0158916684814372;0.13090619229739248
815392330#1;;0.06736728644570197;5.810888571118772;72.134522532452;10058.65948043492;0.4003699070742549;3.2839721211436856;0.7882292163137843
815392330#1;;0.06736728644570197;5.810888571118772;72.134522532452;10058.65948043492;0.4003699070742549;3.2839721211436856;0.7882292163137843
815392349#2;;0.012609704428528197;13.873310744504195;64.65202538505773;1366.225898257444;0.009012539067235092;0.5087779117105569;0.4073308005537605
-27486971#0;;0.030622243998040175;21.123944994135854;57.71972408565947;0.0;0.0;0.0;0.0
27486971#0;;0.030624119556562746;19.600644835806367;61.45049500977094;2248.430299230494;0.03395083397589402;0.7861817525331808;0.23399727387545163
815392330#0;;0.12613521695257315;2.1413232063697927;63.6501027139446;3425.7653838659185;0.03596431719894339;0.958353080190077;0.13304727528055582
815392330#1;;0.06736728644570197;5.783964634769418;71.3659727923103;7299.950480687048;0.3009904326436186;2.3110570590970605;0.3609626294056093
815392330#1;;0.06736728644570197;5.783964634769418;71.3659727923103;7299.950480687048;0.3009904326436186;2.3110570590970605;0.3609626294056093
815392349#2;;0.012609704428528197;13.91749483197369;63.48711268209357;0.0;0.0;0.0;0.0
-27486971#0;;0.030622243998040175;21.117303376721157;60.23058444511915;1743.762392895233;0.011602297349732636;0.6491727519445323;0.21069308355404828
27486971#0;;0.030624119556562746;19.404316690582796;63.647684255176564;3453.9242591349575;0.08442030592947013;1.114720142014647;0.25153961505769684
815392330#0;;0.12613521695257315;2.119210169623675;66.38587242878152;4338.308085282056;0.056211758279964545;1.1434776286722976;0.14436088455398222
815392330#1;;0.06736728644570197;5.736062066127872;72.05465253952507;12728.89854557858;0.6382742717275177;4.332415851797719;0.8739861291828339
815392330#1;;0.06736728644570197;5.736062066127872;72.05465253952507;12728.89854557858;0.6382742717275177;4.332415851797719;0.8739861291828339
815392349#2;;0.012609704428528197;13.870336226691633;67.7745053653826;5409.150328206771;0.31921321958103727;1.9740255939918558;0.5009302848061943
-27486971#0;;0.030622243998040175;21.026985650572424;61.34392493177141;2339.540770585367;0.03405457217248277;0.8038763993004769;0.21837373374689958
27486971#0;;0.030624119556562746;19.678533745078568;57.34898375813947;0.0;0.0;0.0;0.0
815392330#0;;0.12613521695257315;2.093641063854516;68.01898774116376;4929.036438566111;0.07258180553576109;1.2770564726616307;0.1554701322698063
815392330#1;;0.06736728644570197;5.7167807064935285;70.06411375872794;6418.624234327642;0.26856435551613334;2.0773436948588224;0.36253733645290537
815392330#1;;0.06736728644570197;5.7167807064935285;70.06411375872794;6418.624234327642;0.26856435551613334;2.0773436948588224;0.36253733645290537
815392349#2;;0.012609704428528197;13.882662048870504;64.5837107500759;1270.949118421588;0.0016627506304326412;0.47440994464045183;0.4045583058949463
-27486971#0;;0.030622243998040175;21.13836845071386;58.81151395983267;0.0;0.0;0.0;0.0
27486971#0;;0.030624119556562746;19.58572515753651;61.928582905263696;2521.774550836765;0.04519035156471738;0.8601574512634516;0.23755855065296816
815392330#0;;0.12613521695257315;2.0676446940303594;68.54058620162732;5169.615623245783;0.0829587559443517;1.3463316111027153;0.16504684693301147
815392330#1;;0.06736728644570197;5.689894235341883;69.60418599109757;8927.483650494303;0.3964963406743165;3.075421754622279;0.8100462619215778
815392330#1;;0.06736728644570197;5.689894235341883;69.60418599109757;8927.483650494303;0.3964963406743165;3.075421754622279;0.8100462619215778
815392349#2;;0.012609704428528197;13.89644340867314;64.5067741841902;1170.7292040756663;0.0;0.4383792433526745;0.4014096772749713
-27486971#0;;0.030622243998040175;21.130745643425815;60.23938951143861;1750.39698891178;0.011836398354931261;0.6508845678309986;0.21062752756397918
27486971#0;;0.030624119556562746;19.400571648409848;63.46800379241442;3357.3082920129573;0.08043621871756189;1.0885067699960604;0.2503849123226834
815392330#0;;0.12613521695257315;2.045226216733265;67.42098748904529;4833.982107627981;0.07971157720045767;1.294302599474521;0.169774735827684
815392330#1;;0.06736728644570197;5.668226512029027;70.62919522084572;6902.995601088826;0.30566040521403215;2.251917331539511;0.38330255827264825
815392330#1;;0.06736728644570197;5.668226512029027;70.62919522084572;6902.995601088826;0.30566040521403215;2.251917331539511;0.38330255827264825
815392349#2;;0.012609704428528197;13.860511632984448;67.0753026271705;4639.642646430548;0.2605711172208347;1.69574936362975;0.4838578023222481
-27486971#0;;0.030622243998040175;21.013982475183855;61.704367761184955;2527.875492135413;0.041159393625412946;0.8528472171247053;0.22064640859130116
27486971#0;;0.030624119556562746;19.431168964555255;60.19523439683711;1451.3441343497616;0.0014017052990081373;0.5704200546511518;0.22621403875971594
815392330#0;;0.12613521695257315;2.0272985471787326;65.82675689504927;4297.27628496231;0.06994356195235335;1.1926607652475316;0.17149387742056094
815392330#1;;0.06736728644570197;5.63717925136175;71.56841010552638;9466.368502669977;0.40080874945201767;3.180827544017;0.8216515489503742
815392330#1;;0.06736728644570197;5.63717925136175;71.56841010552638;9466.368502669977;0.40080874945201767;3.180827544017;0.8216515489503742
815392349#2;;0.012609704428528197;13.903104978674634;63.55024307803695;0.0;0.0;0.0;0.0
-27486971#0;;0.030622243998040175;21.218691812715488;57.79697870819719;0.0;0.0;0.0;0.0
27486971#0;;0.030624119556562746;19.52527351131791;59.33640515502053;0.0;0.0;0.0;0.0
815392330#0;;0.12613521695257315;2.005106044724833;67.86484820042278;5084.171135458776;0.09425697602370992;1.3788840187923925;0.18471067151915582
815392330#1;;0.06736728644570197;5.613107376333823;70.15052812906026;8359.888081726705;0.3455098659206719;2.850054125827987;0.8097964133281925
815392330#1;;0.06736728644570197;5.613107376333823;70.15052812906026;8359.888081726705;0.3455098659206719;2.850054125827987;0.8097964133281925
815392349#2;;0.012609704428528197;13.887837129916385;65.8531349665334;3185.9648247398773;0.1482088591418335;1.167768115484743;0.4483838236401564
-27486971#0;;0.030622243998040175;21.236404059962247;59.898385244681066;1572.3381060476368;0.005129901577062824;0.604876243511106;0.20754449667377547
27486971#0;;0.030624119556562746;19.429704452777905;62.03628328996735;2566.7263118277733;0.047560132864686404;0.8733821703185773;0.24013293792370521
815392330#0;;0.12613521695257315;1.9902247719837425;64.99064851443424;4033.659283051399;0.06921764260509512;1.1566903919611462;0.18120182268960966
815392330#1;;0.06736728644570197;5.574877258902179;72.05477181721594;11561.5732255802;0.5725876595188326;3.9645519007822827;0.8859372605031215
815392330#1;;0.06736728644570197;5.574877258902179;72.05477181721594;11561.5732255802;0.5725876595188326;3.9645519007822827;0.8859372605031215
815392349#2;;0.012609704428528197;13.890484837845236;64.98036583505362;1943.296990270731;0.05306768317396544;0.71790116179242;0.41957266157950895
-27486971#0;;0.030622243998040175;21.214605187411664;60.395473028908775;1847.2108004963368;0.01534571383138482;0.6758491325319198;0.2108396144033607
27486971#0;;0.030624119556562746;19.530833570969524;59.2472106453521;0.0;0.0;0.0;0.0
815392330#0;;0.12613521695257315;1.968863854773835;68.01416480998583;5226.438830922099;0.10643704462290259;1.4400640807294862;0.19831396457196196
815392330#1;;0.06736728644570197;5.562079520720417;70.12458539237008;6695.986436473748;0.31971463998994615;2.245125016838594;0.41011167764676654
815392330#1;;0.06736728644570197;5.562079520720417;70.12458539237008;6695.986436473748;0.31971463998994615;2.245125016838594;0.41011167764676654
815392349#2;;0.012609704428528197;13.898808192983813;64.72434281212163;1549.152679419209;0.022849593026391474;0.5753223337154567;0.40997578882144314
-27486971#0;;0.030622243998040175;21.22752613593331;59.95934844826098;1605.6533201794525;0.006370906529492196;0.6134703276439949;0.20800716528864338
27486971#0;;0.030624119556562746;19.406366852910413;62.495607811571944;2824.256133756698;0.058312848056449484;0.9435419845481924;0.24365225310777153
815392330#0;;0.12613521695257315;1.9543883976430831;65.22087497030017;4160.862177802806;0.07881705329527723;1.2057680041587782;0.19407532366045274
815392330#1;;0.06736728644570197;5.516024685567184;73.38016360160974;13699.909219114817;0.7362849689690478;4.736935069421263;0.9473554868776319
815392330#1;;0.06736728644570197;5.516024685567184;73.38016360160974;13699.909219114817;0.7362849689690478;4.736935069421263;0.9473554868776319
815392349#2;;0.012609704428528197;13.87435004301802;66.3753907660126;3831.1298891206807;0.19801579338247033;1.4019221402616169;0.46418974651311284
-27486971#0;;0.030622243998040175;21.139115988891724;61.279663490894606;2315.431299680758;0.03289474476007099;0.7971126909826448;0.2168849263413225
27486971#0;;0.030624119556562746;19.661060897435608;57.53358990146306;0.0;0.0;0.0;0.0
815392330#0;;0.12613521695257315;1.93985967399571;65.41183280964026;4253.22629918547;0.08418073048044229;1.2357979481947723;0.1998514235658654
815392330#1;;0.06736728644570197;5.501315991765642;70.13070975775105;6664.34361356317;0.331198643192499;2.2638487470116835;0.42564000173831107
815392330#1;;0.06736728644570197;5.501315991765642;70.13070975775105;6664.34361356317;0.331198643192499;2.2638487470116835;0.42564000173831107
815392349#2;;0.012609704428528197;13.91853577717523;63.48555745394555;0.0;0.0;0.0;0.0
-27486971#0;;0.030622243998040175;21.214769123763677;59.209031531130876;0.0;0.0;0.0;0.0
27486971#0;;0.030624119556562746;19.615267297056413;61.219134587840436;2114.607997261689;0.028439890539869755;0.7499644513866919;0.23216502272786219
815392330#0;;0.12613521695257315;1.9191731319017955;68.43000483040728;5514.995706085549;0.12775517848926032;1.549958798880674;0.2190163633480384
815392330#1;;0.06736728644570197;5.468794042595582;72.59283264808501;10862.100580147664;0.5382117589636012;3.7531246592753056;0.8976177387235449
815392330#1;;0.06736728644570197;5.468794042595582;72.59283264808501;10862.100580147664;0.5382117589636012;3.7531246592753056;0.8976177387235449
815392349#2;;0.012609704428528197;13.91502017539906;65.22779735200356;2364.34820380033;0.08488648535605185;0.8700763831461955;0.4276943889382432
-27486971#0;;0.030622243998040175;20.956286449378158;63.71348671080519;3536.999274895882;0.0793555812283056;1.1156805430599248;0.23274172575523755
27486971#0;;0.030624119556562746;19.699649747153842;59.41969810270896;0.0;0.0;0.0;0.0
815392330#0;;0.12613521695257315;1.9017179765024554;67.20414978021923;5049.275188011549;0.11737763735471161;1.452143880951049;0.2210997559700282
815392330#1;;0.06736728644570197;5.452084618818042;69.6530253748843;7539.30784482484;0.3231341703511116;2.640970070417965;0.836403366857056
815392330#1;;0.06736728644570197;5.452084618818042;69.6530253748843;7539.30784482484;0.3231341703511116;2.640970070417965;0.836403366857056
815392349#2;;0.012609704428528197;13.905769164221814;65.51912977839764;2762.408462114127;0.11542621026102468;1.0140983759516897;0.43744207473935315
-27486971#0;;0.030622243998040175;21.196241530481355;57.451207884307074;0.0;0.0;0.0;0.0
27486971#0;;0.030624119556562746;19.60286618065111;61.9815889118064;2553.60922283903;0.046438134023945886;0.8686501723709149;0.23773177853362557
815392330#0;;0.12613521695257315;1.8835500096888216;67.78719464612296;5333.692015525919;0.13154339512040686;1.5366271077287343;0.23089844434035184
815392330#1;;0.06736728644570197;5.430562460876115;70.65257224317295;8691.098680051859;0.4040202426193129;3.039773057340707;0.865389126298311
815392330#1;;0.06736728644570197;5.430562460876115;70.65257224317295;8691.098680051859;0.4040202426193129;3.039773057340707;0.865389126298311
815392349#2;;0.012609704428528197;13.919537702963177;64.47487413759713;1173.51592242274;0.0;0.4398248741392224;0.4000754075567355
-27486971#0;;0.030622243998040175;21.015360559644517;62.585110763375184;2979.236610847279;0.05810850521452702;0.97005127341147;0.22573678463721336
27486971#0;;0.030624119556562746;19.582981733856876;60.85648564379585;1892.86383186763;0.019421894967149543;0.690107057438019;0.22983045424358664
815392330#0;;0.12613521695257315;1.8625929882050458;69.42690764072603;6094.24758077746;0.16414228997267938;1.7460833802737752;0.2472430566031843
815392330#1;;0.06736728644570197;5.393227260367252;71.83113017632846;12936.491557597634;0.7372894369721824;4.592949640361156;0.9739330087188616
815392330#1;;0.06736728644570197;5.393227260367252;71.83113017632846;12936.491557597634;0.7372894369721824;4.592949640361156;0.9739330087188616
815392349#2;;0.012609704428528197;13.917541141534533;65.1531033285334;2259.201036953796;0.07683133504052733;0.8320616718517412;0.42511866717429125
-27486971#0;;0.030622243998040175;21.178012489306504;58.2403768778765;0.0;0.0;0.0;0.0
27486971#0;;0.030624119556562746;19.686570941386016;59.1829367705272;0.0;0.0;0.0;0.0
815392330#1;;0.06841670114159433;6.060737428603075;72.47698006961221;12595.386547869402;0.5294957614943938;4.061320170629137;0.7143640409496594
815392330#1;;0.06841670114159433;6.060737428603075;72.47698006961221;12595.386547869402;0.5294957614943938;4.061320170629137;0.7143640409496594
815392330#1;;0.06841670114159433;6.060737428603075;72.47698006961221;12595.386547869402;0.5294957614943938;4.061320170629137;0.7143640409496594
815392349#2;;0.012609704428528197;13.872101710098091;67.65913554717335;5288.093717742631;0.3098420659344525;1.93001222091393;0.4980023754473754
-27486971#0;;0.030622243998040175;21.09520243332865;61.220652943074256;2280.3016876503457;0.03168099611756259;0.7882074372236635;0.21696416719192232
27486971#0;;0.030624119556562746;19.460236598221265;64.10515307595324;3698.541234446815;0.09420411556225197;1.18032729223669;0.25381391341811527
815392330#1;;0.07367912301378585;6.020379240911338;72.00131336335504;13449.694032252404;0.5200098289947009;4.435447542170217;1.1240622999290435
815392330#1;;0.07367912301378585;6.020379240911338;72.00131336335504;13449.694032252404;0.5200098289947009;4.435447542170217;1.1240622999290435
815392330#1;;0.07367912301378585;6.020379240911338;72.00131336335504;13449.694032252404;0.5200098289947009;4.435447542170217;1.1240622999290435
815392349#2;;0.012609704428528197;13.900391329770255;63.97963837426925;0.0;0.0;0.0;0.0
-27486971#0;;0.030622243998040175;20.909138577971348;62.706939304215496;3035.507864808901;0.06063888725604176;0.9856957455083775;0.22759116267278814
27486971#0;;0.030624119556562746;19.63573275618549;58.35182716769803;0.0;0.0;0.0;0.0
815392330#1;;0.0790448977739338;6.006525653213956;69.81540774100131;7551.837058872223;0.24851399814092273;2.4725875651378812;0.6924290526015004
815392330#1;;0.0790448977739338;6.006525653213956;69.81540774100131;7551.837058872223;0.24851399814092273;2.4725875651378812;0.6924290526015004
815392330#1;;0.0790448977739338;6.006525653213956;69.81540774100131;7551.837058872223;0.24851399814092273;2.4725875651378812;0.6924290526015004
815392349#2;;0.012609704428528197;13.85863414107525;67.4435552865465;5046.785143965104;0.29193459653136483;1.8435426002799806;0.49341593300069564
-27486971#0;;0.030622243998040175;20.917449879887716;60.09388215785749;1639.5706568218477;0.007867981147898793;0.6221254357099743;0.21161254728447856
27486971#0;;0.030624119556562746;19.56356232741396;61.62730361492593;2346.573428543037;0.038072425445617085;0.8128970190269831;0.23567732940444175
815392330#1;;0.08458195814916628;5.971202607469426;72.5364265372109;11993.117842540196;0.39456392371002713;3.8697993812253424;1.0974525192733615
815392330#1;;0.08458195814916628;5.971202607469426;72.5364265372109;11993.117842540196;0.39456392371002713;3.8697993812253424;1.0974525192733615
815392330#1;;0.08458195814916628;5.971202607469426;72.5364265372109;11993.117842540196;0.39456392371002713;3.8697993812253424;1.0974525192733615
815392349#2;;0.012609704428528197;13.915596806358266;63.184575807569274;0.0;0.0;0.0;0.0
-27486971#0;;0.030622243998040175;20.947277520571404;59.81764937425952;1484.0547786321727;0.001979597289405678;0.5816739812049866;0.20953154536265683
27486971#0;;0.030624119556562746;19.41640293862283;62.84918222479624;3021.3830837720643;0.0664362842661407;0.997017554865246;0.24597782912667124
815392330#1;;0.0902351686791293;5.946811858190922;70.77126332137735;9392.849765917115;0.38026715192324173;3.1161806450865086;0.7449150831710962
815392330#1;;0.0902351686791293;5.946811858190922;70.77126332137735;9392.849765917115;0.38026715192324173;3.1161806450865086;0.7449150831710962
815392330#1;;0.0902351686791293;5.946811858190922;70.77126332137735;9392.849765917115;0.38026715192324173;3.1161806450865086;0.7449150831710962
815392349#2;;0.012609704428528197;13.889514991084978;66.44520504056244;3933.0923066146725;0.2053368553838273;1.4381644933481335;0.46548863079369884
-27486971#0;;0.030622243998040175;20.965079473521406;59.96285474795687;1570.9639212570462;0.0052459280930470505;0.6043003924916636;0.21033207749144814
27486971#0;;0.030624119556562746;19.57861185954337;58.51104800967407;0.0;0.0;0.0;0.0
815392330#1;;0.08924244517404888;6.283447041276561;70.62858593207976;8076.144466693687;0.2350837874791729;2.550455066717994;0.6562819205207914
815392330#2;;0.019566966437727824;1.628624504420199;64.09148838963736;0.0;0.0;0.0;0.0
815392330#1;;0.08924244517404888;6.283447041276561;70.62858593207976;8076.144466693687;0.2350837874791729;2.550455066717994;0.6562819205207914
815392349#2;;0.012609704428528197;13.891790069234283;64.99508776662195;1968.958846815787;0.055015438092537845;0.7271898488283789;0.4200813941082227
-27486971#0;;0.030622243998040175;20.968707551484112;60.1398499889324;1672.9322442676123;0.009084201513413824;0.6308173630509676;0.2114507385829372
27486971#0;;0.030624119556562746;19.413628171448156;63.13530135640636;3177.900366367525;0.072932731055544;1.0395805083686946;0.2479677476926869
815392330#1;;0.084363595123086;6.247675595839422;69.4212713381093;8222.29886083389;0.2728259855606737;2.6738715373154176;0.6733206407394459
815392330#2;;0.05114173708969694;1.6271118051172682;65.74019916022536;3025.412139769687;0.1360822899242503;1.1098182733111612;0.4451483874653807
815392330#1;;0.084363595123086;6.247675595839422;69.4212713381093;8222.29886083389;0.2728259855606737;2.6738715373154176;0.6733206407394459
815392349#2;;0.012609704428528197;13.914800183041539;64.13828326683239;0.0;0.0;0.0;0.0
-27486971#0;;0.030622243998040175;21.157995529566424;57.96292720054187;0.0;0.0;0.0;0.0
27486971#0;;0.030624119556562746;19.582281922150354;58.43782482001893;0.0;0.0;0.0;0.0
815392330#1;;0.07450101014730247;6.213964414629623;70.90792675727984;6878.365060350081;0.24745160431587712;2.1030723203664357;0.3180467528740385
815392330#2;;0.08263920081184199;1.6291610782582109;64.36208706081389;0.0;0.0;0.0;0.0
815392330#1;;0.07450101014730247;6.213964414629623;70.90792675727984;6878.365060350081;0.24745160431587712;2.1030723203664357;0.3180467528740385
815392349#2;;0.012609704428528197;13.907236994864583;65.43359751347434;2645.5075450726154;0.10647313634416007;0.9718043446448654;0.4346583731622017
-27486971#0;;0.030622243998040175;20.893202982742228;63.84025585100521;3597.7778646057764;0.08197505998507579;1.1323594859113084;0.2341817231696468
27486971#0;;0.030624119556562746;19.524549847097372;61.42738796871341;2225.2106312741535;0.03318916969713449;0.7802222828699032;0.23467013483458457
815392330#1;;0.06736728644570197;6.165552170448561;70.72303355403022;10586.449950543152;0.43097406604684085;3.4761319270612736;0.7342370972237111
815392330#2;;0.10757314974182444;1.6259308978271128;66.5585312333171;4048.843314851631;0.2148315046876651;1.480982833088027;0.46946729419742034
815392330#1;;0.06736728644570197;6.165552170448561;70.72303355403022;10586.449950543152;0.43097406604684085;3.4761319270612736;0.7342370972237111
815392349#2;;0.012609704428528197;13.862635987667268;67.62009172521209;5240.247793455387;0.30661444835730395;1.9134045158420725;0.4975971129221983
-27486971#0;;0.030622243998040175;20.923317175927878;59.81974572711634;1481.6331697534795;0.0018986078642192188;0.5810086105250508;0.20975419868625828
27486971#0;;0.030624119556562746;19.55481812142813;60.165582865636495;1456.8010182770274;0.0015632523757651492;0.5721355018062825;0.22478576996884386
815392330#1;;0.06736728644570197;6.142906421376718;68.54893223939732;6575.4547713879165;0.1845687459410625;2.170690836507629;0.6637396755108045
815392330#2;;0.10757314974182444;1.6245619483570093;65.70875675955254;2949.5324838130964;0.13075660572492037;1.0828356279776565;0.44484644285416586
815392330#1;;0.06736728644570197;6.142906421376718;68.54893223939732;6575.4547713879165;0.1845687459410625;2.170690836507629;0.6637396755108045
815392349#2;;0.012609704428528197;13.916560302443697;63.25040777055145;0.0;0.0;0.0;0.0
-27486971#0;;0.030622243998040175;20.950251947651168;59.852788299663004;1504.9925146113783;0.00276777448377076;0.5871253547070987;0.20973828914006876
27486971#0;;0.030624119556562746;19.409161163032117;62.828935803951154;3009.6879428926936;0.06598501969449477;0.9939149793004944;0.2459291613037216
815392330#1;;0.06736728644570197;6.119290017015386;69.59243701999213;6162.30771806197;0.23126686423741397;1.9418228368630344;0.3285615188129221
815392330#2;;0.10757314974182444;1.6288458983505194;63.73055904031965;0.0;0.0;0.0;0.0
815392330#1;;0.06736728644570197;6.119290017015386;69.59243701999213;6162.30771806197;0.23126686423741397;1.9418228368630344;0.3285615188129221
815392349#2;;0.012609704428528197;13.867678935887216;67.89270581439666;5531.586827306183;0.32873924959255957;2.018624317332061;0.503958259458835
-27486971#0;;0.030622243998040175;21.093947022750324;58.45834911056884;0.0;0.0;0.0;0.0
27486971#0;;0.030624119556562746;19.436023980747986;60.24516626032687;1484.6411502059002;0.002776594925292874;0.5794720918928088;0.22656975084828315
815392330#1;;0.06736728644570197;6.071070441927323;70.89988711206787;11105.207065396615;0.4808028399654686;3.690116563686182;0.7650118461257189
815392330#2;;0.10757314974182444;1.6266871742145985;66.03649791889576;3409.8404724951706;0.16563252104655996;1.2491749489619084;0.4542643836553774
815392330#1;;0.06736728644570197;6.071070441927323;70.89988711206787;11105.207065396615;0.4808028399654686;3.690116563686182;0.7650118461257189
815392349#2;;0.012609704428528197;13.903663677122177;63.735566300672886;0.0;0.0;0.0;0.0
-27486971#0;;0.030622243998040175;21.0618253289192;60.56994111028324;1925.410417769397;0.018461578449236092;0.6963070154060905;0.21332228294336195
27486971#0;;0.030624119556562746;19.640101329874128;58.04317880190563;0.0;0.0;0.0;0.0
815392330#1;;0.06736728644570197;6.0470875438893765;70.82097625308292;7125.952307352051;0.2927029887763545;2.260433414621059;0.35891469581024027
815392330#2;;0.10757314974182444;1.6297188396677647;64.05654279838559;0.0;0.0;0.0;0.0
815392330#1;;0.06736728644570197;6.0470875438893765;70.82097625308292;7125.952307352051;0.2927029887763545;2.260433414621059;0.35891469581024027
815392349#2;;0.012609704428528197;13.873508811589435;66.70660005119737;4227.148075447262;0.22841275098839703;1.545459506502015;0.47339455667241376
-27486971#0;;0.030622243998040175;21.20182515463902;58.482031418835504;0.0;0.0;0.0;0.0
27486971#0;;0.030624119556562746;19.511421772660626;62.512237742683354;2842.5122588421254;0.05863701590281941;0.9475528813424646;0.24249052043845418
815392330#1;;0.06736728644570197;6.009066093124201;71.25601091154304;9443.85407835152;0.3670066106469296;3.118776679613595;0.7413450699274924
815392330#2;;0.10757314974182444;1.6313875841961887;64.4596706858141;1141.0970438622767;0.0;0.4280697056810087;0.3994642495192572
815392330#1;;0.06736728644570197;6.009066093124201;71.25601091154304;9443.85407835152;0.3670066106469296;3.118776679613595;0.7413450699274924
815392349#2;;0.012609704428528197;13.869562287416604;65.31278879370193;2406.232279675231;0.0888341850375271;0.8856755504349817;0.43159456872496116
-27486971#0;;0.030622243998040175;21.05675159931526;62.072839988518986;2721.3090754437617;0.04828872952681944;0.902763830015379;0.2223568492565758
27486971#0;;0.030624119556562746;19.668984484386186;58.54668381552867;0.0;0.0;0.0;0.0
815392330#1;;0.06736728644570197;5.965224570784631;70.82803571093375;10926.311590471627;0.486101930038526;3.6706439227037864;0.7849339799786486
815392330#2;;0.10757314974182444;1.6244154012044811;68.63248576019984;6279.19608459324;0.3866864877079976;2.2906304692705612;0.5219984582404174
815392330#1;;0.06736728644570197;5.965224570784631;70.82803571093375;10926.311590471627;0.486101930038526;3.6706439227037864;0.7849339799786486
815392349#2;;0.012609704428528197;13.919624344710975;63.33612286615842;0.0;0.0;0.0;0.0
-27486971#0;;0.030622243998040175;21.230359926881142;58.11665987447397;0.0;0.0;0.0;0.0
27486971#0;;0.030624119556562746;19.66320637948868;60.631747892133056;1768.6551916787344;0.014226612069651359;0.6564728049937331;0.22732064554942608
815392330#1;;0.06736728644570197;5.934312328131345;72.30613589155803;8261.51060042497;0.3784301784770106;2.6684776505111176;0.4037631074724256
815392330#2;;0.10757314974182444;1.6297505368564347;63.47310168219491;0.0;0.0;0.0;0.0
815392330#1;;0.06736728644570197;5.934312328131345;72.30613589155803;8261.51060042497;0.3784301784770106;2.6684776505111176;0.4037631074724256
815392349#2;;0.012609704428528197;13.895331627439518;66.33465093617126;3805.524832546239;0.19539278698652746;1.3917356451890923;0.4621469113058005
-27486971#0;;0.030622243998040175;21.070669005234837;62.267410505273446;2821.4343019063235;0.05199272669084869;0.9286222179482411;0.2233306623858905
27486971#0;;0.030624119556562746;19.417575740590546;64.45128233824326;3878.703002421373;0.10193626634867331;1.229956551085695;0.25665504978785314
815392330#1;;0.06736728644570197;5.906426717768853;69.41856980089946;8416.105467611502;0.3369773743361216;2.8631781415497546;0.750505288660581
815392330#2;;0.10757314974182444;1.6279201528801268;65.87153781933551;3210.0439889307654;0.15005384669000113;1.1764875943972537;0.44894431090789
815392330#1;;0.06736728644570197;5.906426717768853;69.41856980089946;8416.105467611502;0.3369773743361216;2.8631781415497546;0.750505288660581
815392349#2;;0.012609704428528197;13.886652529696603;65.51809643270272;2729.8900076899295;0.11332593437399144;1.0026816187291205;0.43794902675165936
-27486971#0;;0.030622243998040175;21.083199871134834;59.99947554926795;1608.6690029579038;0.006582776357122892;0.6141706929518584;0.20952736887614892
27486971#0;;0.030624119556562746;19.422920248315986;60.548742432386774;1675.8025884991182;0.01069862698869417;0.6313844738222382;0.22911316029377385
815392330#1;;0.06736728644570197;5.8870323214102065;69.20986449810698;5956.07202309995;0.26081513093651654;1.9745854938571872;0.37726882120403443
815392330#2;;0.10757314974182444;1.6267303028399467;65.60461142708307;2835.4719932954863;0.12159968594783316;1.0410910790042238;0.4409812511062788
815392330#1;;0.06736728644570197;5.8870323214102065;69.20986449810698;5956.07202309995;0.26081513093651654;1.9745854938571872;0.37726882120403443
815392349#2;;0.012609704428528197;13.871631770829344;65.86373791768159;3176.7972992965197;0.14790895725394992;1.1649095032561159;0.44926195404264463
-27486971#0;;0.030622243998040175;21.191151137603544;58.841289911834465;0.0;0.0;0.0;0.0
27486971#0;;0.030624119556562746;19.43541487632674;60.44463118803666;1612.2356530199554;0.008055288080862949;0.614123078110857;0.22816682666699473
815392330#1;;0.06736728644570197;5.849517324579154;71.69969038456844;10251.149190584161;0.45176621006052275;3.464567962522877;0.7954622386082977
815392330#2;;0.10757314974182444;1.6262471955895468;65.31550754324533;2417.3482843132465;0.08962139101740511;0.8896639018464485;0.4315969769161402
815392330#1;;0.06736728644570197;5.849517324579154;71.69969038456844;10251.149190584161;0.45176621006052275;3.464567962522877;0.7954622386082977
815392349#2;;0.012609704428528197;13.875077193499608;64.96686447662411;1889.841871844454;0.04914952373368822;0.6985206756322294;0.41931298769650754
-27486971#0;;0.030622243998040175;21.021030924984025;62.4330248288527;2902.6796378182726;0.05521262162410642;0.950120967391367;0.22480665601129995
27486971#0;;0.030624119556562746;19.483337740951434;59.94647161325532;1299.3152495575466;0.0;0.5292907529081033;0.22369216863573188
815392330#1;;0.06736728644570197;5.813044632024964;70.43297926811366;10443.872207531214;0.4850261670511477;3.5779959290144916;0.8122834162307955
815392330#2;;0.10757314974182444;1.6282484990459072;64.38843197559859;0.0;0.0;0.0;0.0
815392330#1;;0.06736728644570197;5.813044632024964;70.43297926811366;10443.872207531214;0.4850261670511477;3.5779959290144916;0.8122834162307955
815392349#2;;0.012609704428528197;13.904017506877846;63.953276155781396;0.0;0.0;0.0;0.0
-27486971#0;;0.030622243998040175;20.901807973229268;61.78099035217038;2559.3368083358505;0.04266137976925536;0.8617227729747653;0.2222527764307663
27486971#0;;0.030624119556562746;19.50357241332069;60.31734981181539;1544.0575867114567;0.005183888587602459;0.5956892646618733;0.22648593554323324
815392330#1;;0.06736728644570197;5.794166996379459;71.8337831399125;8250.800324991093;0.4164601450266473;2.7548172653389713;0.4420504158349883
815392330#2;;0.10757314974182444;1.6287768319093088;64.89222172986639;1813.8063244743705;0.04311324664577782;0.6710488216713896;0.4163016214677462
815392330#1;;0.06736728644570197;5.794166996379459;71.8337831399125;8250.800324991093;0.4164601450266473;2.7548172653389713;0.4420504158349883
815392349#3;;0.0018759451366224076;1.826738369544126;65.39587179495972;2575.71125271306;0.10132397306133285;0.9467074263725744;0.4336867732117011
-27486971#0;;0.030622243998040175;21.110109727242207;57.774787940334924;0.0;0.0;0.0;0.0
27486971#0;;0.030624119556562746;19.676318392450234;58.37481944187083;0.0;0.0;0.0;0.0
815392330#1;;0.06736728644570197;5.741351186068621;73.19873750434493;13893.072764875758;0.7184857431405665;4.752586139405702;0.8962042313463897
:301754863_0;;0.05116278957413843;0.778770790102361;67.03020344321773;4587.978019288583;0.2566269262426313;1.6770511757381485;0.4827076332305779
815392330#1;;0.06736728644570197;5.741351186068621;73.19873750434493;13893.072764875758;0.7184857431405665;4.752586139405702;0.8962042313463897
815392349#3;;0.030012740635223068;1.8252560502836916;65.64913927104132;2910.189208025322;0.12713695787670443;1.0679676149480692;0.4421333904454648
-27486971#0;;0.030622243998040175;20.96410657927822;62.12400646676441;2741.6244587432293;0.049350663932245034;0.9087353865324989;0.22362487037798293
27486971#0;;0.06124823911312549;39.361015795406125;61.79416027483421;3203.9242043978056;0.010711715137486444;1.2450450547049203;0.2260592852236597
815392330#1;;0.06736728644570197;5.727304520860039;68.86486255601386;5641.472411572578;0.26917863511410955;1.9313307940683848;0.40854232630045567
27486971#0;;0.06124823911312549;39.361015795406125;61.79416027483421;3203.9242043978056;0.010711715137486444;1.2450450547049203;0.2260592852236597
:301754863_0;;0.11705850753973834;0.7797962501970874;64.36184739349925;0.0;0.0;0.0;0.0
815392330#1;;0.06736728644570197;5.727304520860039;68.86486255601386;5641.472411572578;0.26917863511410955;1.9313307940683848;0.40854232630045567
815392349#3;;0.058112686856438465;1.8264845322092038;64.68644285979376;1478.3197219654837;0.017458264171423224;0.5496599015048369;0.4085444835873781
-27486971#0;;0.030622243998040175;21.23598295716364;57.145724350434655;0.0;0.0;0.0;0.0
27486971#0;;0.06124823911312549;37.80492067457525;68.82669260683068;6890.441691039739;0.08670457788728478;1.7702418041560009;0.2579606699216404
815392330#1;;0.06736728644570197;5.699905345669972;71.35440919125267;9161.401395754867;0.4157552742291572;3.1760934693520713;0.8130694980940909
27486971#0;;0.06124823911312549;37.80492067457525;68.82669260683068;6890.441691039739;0.08670457788728478;1.7702418041560009;0.2579606699216404
:301754863_0;;0.18307038238424156;0.7790905601068007;65.74454145668912;3008.1876655257065;0.1351146593647583;1.103952474195819;0.4457714150347288
815392330#1;;0.06736728644570197;5.699905345669972;71.35440919125267;9161.401395754867;0.4157552742291572;3.1760934693520713;0.8130694980940909
815392349#3;;0.08615690560118337;1.8283455205314936;64.47336887055837;1145.7910662215697;0.0;0.42961706249968706;0.40003101524647183
-27486971#0;;0.030622243998040175;21.14583387527266;61.300329448731226;2326.909896566805;0.03330737288939048;0.8000526726640196;0.21694132091558477
27486971#0;;0.06124823911312549;37.02081130925021;67.23173372833273;3329.410587399692;0.0006871565739678845;0.6636349920902428;0.012937992778509263
815392330#1;;0.06736728644570197;5.654587872702622;73.40448344750347;13028.778539406332;0.6835208666847538;4.508594643792598;0.9026709276657696
27486971#0;;0.06124823911312549;37.02081130925021;67.23173372833273;3329.410587399692;0.0006871565739678845;0.6636349920902428;0.012937992778509263
:301754863_0;;0.2244165170556553;0.7798157656378731;64.56650751202163;1230.2342997264705;0.0;0.4595913253103231;0.403874230361976
815392330#1;;0.06736728644570197;5.654587872702622;73.40448344750347;13028.778539406332;0.6835208666847538;4.508594643792598;0.9026709276657696
815392349#3;;0.09593246354566386;1.8226410227679684;67.53637665903422;5152.819724505051;0.29972989328030697;1.88142330123011;0.4953018668305369
-27486971#0;;0.030622243998040175;21.166993293556548;59.872602169368925;1547.9748968595854;0.004265241838085782;0.5985205676283972;0.20798136027520195
27486971#0;;0.06124823911312549;35.709178686888;68.72287799472166;6737.152546202098;0.07546079862649034;1.7422342290712176;0.2677934184178231
815392330#1;;0.06736728644570197;5.6333113694954875;70.4359536765829;8271.814744985357;0.38260422724015075;2.9098980001617827;0.8134889089629561
27486971#0;;0.06124823911312549;35.709178686888;68.72287799472166;6737.152546202098;0.07546079862649034;1.7422342290712176;0.2677934184178231
:301754863_0;;0.2244165170556553;0.7819490122746207;63.659554633688906;0.0;0.0;0.0;0.0
815392330#1;;0.06736728644570197;5.6333113694954875;70.4359536765829;8271.814744985357;0.38260422724015075;2.9098980001617827;0.8134889089629561
815392349#3;;0.09593246354566386;1.8335789574486787;62.669996258473816;0.0;0.0;0.0;0.0
-27486971#0;;0.030622243998040175;21.164426924041212;60.16721244892401;1714.3046197173576;0.010458819540718834;0.6415345872298297;0.20987251824722156
27486971#0;;0.06124823911312549;35.00689677407496;67.41415479788294;3501.184720176908;0.002757332637131341;0.7188114374965294;0.02631371855816527
815392330#1;;0.06736728644570197;5.613770832813208;70.04870192070372;8017.736200525139;0.3628189886879588;2.8351922985173736;0.8139722815766512
27486971#0;;0.06124823911312549;35.00689677407496;67.41415479788294;3501.184720176908;0.002757332637131341;0.7188114374965294;0.02631371855816527
:301754863_0;;0.2244165170556553;0.781950968457384;65.0611476717996;2119.6241181367805;0.06620669703897072;0.781634130692729;0.4219818833418095
815392330#1;;0.06736728644570197;5.613770832813208;70.04870192070372;8017.736200525139;0.3628189886879588;2.8351922985173736;0.8139722815766512
815392349#3;;0.09593246354566386;1.8609484122028597;61.61287724502322;0.0;0.0;0.0;0.0
-27486971#0;;0.030622243998040175;20.950715297876535;63.07749636296951;3223.076160865895;0.0675473778560642;1.0340873416542495;0.22924285033829453
27486971#0;;0.06124823911312549;34.19144873863931;67.33659665073812;5132.723224454232;0.013472267029860933;1.3633866930202958;0.2596344977903351
815392330#1;;0.06736728644570197;5.59911703082691;69.53784517493337;6305.106334713054;0.33823881415045;2.2058609307568826;0.45645687677820823
27486971#0;;0.06124823911312549;34.19144873863931;67.33659665073812;5132.723224454232;0.013472267029860933;1.3633866930202958;0.2596344977903351
:301754863_0;;0.2244165170556553;0.7801704486198617;66.78038875540481;4324.265107264297;0.23544350402789485;1.5800234338272028;0.4748375588714003
815392330#1;;0.06736728644570197;5.59911703082691;69.53784517493337;6305.106334713054;0.33823881415045;2.2058609307568826;0.45645687677820823
815392349#3;;0.09593246354566386;1.8913370598293648;61.16011632100467;0.0;0.0;0.0;0.0
-27486971#0;;0.030622243998040175;21.219752292443772;57.17378434162532;0.0;0.0;0.0;0.0
27486971#0;;0.06124823911312549;33.40208301870869;66.79859974888039;5559.828970261578;0.038451442561478144;1.5279450461089386;0.27311203482308877
815392330#1;;0.06736728644570197;5.563948655878569;72.67760872116068;11615.18066959247;0.6192140607661192;4.093144011269555;0.9017059213337961
27486971#0;;0.06124823911312549;33.40208301870869;66.79859974888039;5559.828970261578;0.038451442561478144;1.5279450461089386;0.27311203482308877
815392330#3;;0.011003415301722233;0.835057599863075;65.46309705590971;2637.162923296633;0.10640227282367984;0.9692531218087616;0.4364109050875019
815392330#1;;0.06736728644570197;5.563948655878569;72.67760872116068;11615.18066959247;0.6192140607661192;4.093144011269555;0.9017059213337961
815392349#3;;0.09593246354566386;1.9215970092670243;60.73852026566697;0.0;0.0;0.0;0.0
-27486971#0;;0.030622243998040175;21.074900754977264;62.0623430245196;2717.0956322761576;0.04807328147457603;0.9015369911529925;0.22210721636362987
27486971#0;;0.06124823911312549;33.023042595524544;65.64283969723687;3250.620263767321;0.005765823486949959;0.7535397047063841;0.04327769807925088
815392330#1;;0.06736728644570197;5.525719006257577;73.62749221056204;12558.131107751698;0.6964870131696385;4.443527513187587;0.9329450918187481
27486971#0;;0.06124823911312549;33.023042595524544;65.64283969723687;3250.620263767321;0.005765823486949959;0.7535397047063841;0.04327769807925088
815392330#3;;0.07261672540900359;0.8345302222326099;65.54804976117259;2742.3600056994314;0.11464236942348002;1.0075206494092577;0.439416839667007
815392330#1;;0.06736728644570197;5.525719006257577;73.62749221056204;12558.131107751698;0.6964870131696385;4.443527513187587;0.9329450918187481
815392349#3;;0.09593246354566386;1.9523534486337586;60.30665623958983;0.0;0.0;0.0;0.0
-27486971#0;;0.030622243998040175;21.2256676713141;58.361143794745146;0.0;0.0;0.0;0.0
27486971#0;;0.06124823911312549;31.977252545958297;68.72877319055979;7281.861937761026;0.09455991166473013;1.9419490388929774;0.30147583542744305
815392330#1;;0.06736728644570197;5.497587169895297;72.10106375192053;10516.887152896565;0.564182632570558;3.7571577025716145;0.8990440946618365
27486971#0;;0.06124823911312549;31.977252545958297;68.72877319055979;7281.861937761026;0.09455991166473013;1.9419490388929774;0.30147583542744305
815392330#3;;0.13402669749336696;0.8359487581041487;64.15031055717643;0.0;0.0;0.0;0.0
815392330#1;;0.06736728644570197;5.497587169895297;72.10106375192053;10516.887152896565;0.564182632570558;3.7571577025716145;0.8990440946618365
815392349#3;;0.09593246354566386;1.9858274837709293;59.81719338497715;0.0;0.0;0.0;0.0
-27486971#0;;0.030622243998040175;20.970865507534;63.65255247851502;3507.4974292697825;0.07817090997284737;1.107815696777838;0.2322350437596279
27486971#0;;0.06124823911312549;31.52220566112452;65.76343157861;3291.6159058435933;0.00881822657174029;0.7871235418647495;0.05514917270427142
815392330#1;;0.06736728644570197;5.470354454335044;70.63332221396608;10356.231178348244;0.5516588725800735;3.6958126597815024;0.9010839225713673
27486971#0;;0.06124823911312549;31.52220566112452;65.76343157861;3291.6159058435933;0.00881822657174029;0.7871235418647495;0.05514917270427142
815392330#3;;0.19551300069535285;0.8354156885179722;65.531622550304;2743.5329588780933;0.11443500615246913;1.0076792105845203;0.43847448775942716
815392330#1;;0.06736728644570197;5.470354454335044;70.63332221396608;10356.231178348244;0.5516588725800735;3.6958126597815024;0.9010839225713673
815392349#3;;0.09593246354566386;2.020469399516421;59.32680659478944;0.0;0.0;0.0;0.0
-27486971#0;;0.030622243998040175;21.16263668079542;57.93663716468651;0.0;0.0;0.0;0.0
27486971#0;;0.06124823911312549;31.018727928096883;66.54634241335002;3561.8419773681926;0.011930510707179577;0.8301012334633897;0.06135635318404856
815392330#1;;0.06736728644570197;5.45356151805832;70.48151298336906;7235.796943815619;0.4351416676147636;2.590674553646236;0.5147027337917527
27486971#0;;0.06124823911312549;31.018727928096883;66.54634241335002;3561.8419773681926;0.011930510707179577;0.8301012334633897;0.06135635318404856
815392330#3;;0.2095557418273261;0.8370757537152806;63.987646102312404;0.0;0.0;0.0;0.0
815392330#1;;0.06736728644570197;5.45356151805832;70.48151298336906;7235.796943815619;0.4351416676147636;2.590674553646236;0.5147027337917527
815392349#3;;0.09593246354566386;2.054831853127839;58.855405537254086;0.0;0.0;0.0;0.0
-27486971#0;;0.030622243998040175;21.042597447988815;61.73780600816478;2547.447834573578;0.04181428348735942;0.8577533125428726;0.22055128305333868
27486971#0;;0.06124823911312549;30.367138296717076;67.37120904361723;5754.198426386822;0.03872341758981991;1.5864992090350913;0.29888704616130896
815392330#1;;0.06736728644570197;5.448448686031437;67.96232498535305;5156.361376823178;0.176292840681451;1.8626068449925932;0.7927599407791619
27486971#0;;0.06124823911312549;30.367138296717076;67.37120904361723;5754.198426386822;0.03872341758981991;1.5864992090350913;0.29888704616130896
815392330#3;;0.2095557418273261;0.8368245691915448;65.27055401898889;2411.9046178755793;0.08864808102336581;0.8873469740069501;0.42931253210685566
815392330#1;;0.06736728644570197;5.448448686031437;67.96232498535305;5156.361376823178;0.176292840681451;1.8626068449925932;0.7927599407791619
815392349#3;;0.09593246354566386;2.0919455983841058;58.3166140331301;0.0;0.0;0.0;0.0
-27486971#0;;0.030622243998040175;21.223606604232398;58.04001611441775;0.0;0.0;0.0;0.0
27486971#0;;0.06124823911312549;29.81131797521334;68.35095555488178;4204.954143444414;0.021441336101744868;0.9451987579513963;0.07636374986832971
815392330#1;;0.06736728644570197;5.450576427393839;67.40842095714153;3277.03325560678;0.1466295608856983;1.1901040442633801;0.42822372745745774
27486971#0;;0.06124823911312549;29.81131797521334;68.35095555488178;4204.954143444414;0.021441336101744868;0.9451987579513963;0.07636374986832971
815392330#3;;0.2095557418273261;0.8363087025727853;65.49616552135416;2718.3382042563776;0.11221020131253437;0.9982947127040387;0.43691910980389387
815392330#1;;0.06736728644570197;5.450576427393839;67.40842095714153;3277.03325560678;0.1466295608856983;1.1901040442633801;0.42822372745745774
815392349#3;;0.09593246354566386;2.129614807514352;57.79245939450245;0.0;0.0;0.0;0.0
-27486971#0;;0.030622243998040175;20.998737838397986;63.21118092427078;3291.1049659060727;0.06989659043923468;1.0512307939340524;0.22945712597431156
27486971#0;;0.06124823911312549;29.373055161619785;65.47635770370661;5235.409280785326;0.040686530225994444;1.5594909343522008;0.30909263689035515
815392330#1;;0.06736728644570197;5.450656402605642;67.32823612020279;4060.889855709035;0.1075138309341818;1.5009526511735487;0.7715796501780832
27486971#0;;0.06124823911312549;29.373055161619785;65.47635770370661;5235.409280785326;0.040686530225994444;1.5594909343522008;0.30909263689035515
815392330#3;;0.2095557418273261;0.8373280653743703;64.3587796517196;0.0;0.0;0.0;0.0
815392330#1;;0.06736728644570197;5.450656402605642;67.32823612020279;4060.889855709035;0.1075138309341818;1.5009526511735487;0.7715796501780832
815392349#3;;0.09593246354566386;2.1695053450920634;57.22059007317811;0.0;0.0;0.0;0.0
-27486971#0;;0.030622243998040175;21.10933178827689;58.825501768067284;0.0;0.0;0.0;0.0
27486971#0;;0.06124823911312549;28.635499897850593;67.86143801824167;7398.154747082808;0.11495981386922689;2.085145658023204;0.33918918013039195
815392330#1;;0.0632948086464346;5.32684810974907;64.24843645456608;1512.4953467700693;0.017800562668749298;0.5654514352969582;0.38925966240643556
27486971#0;;0.06124823911312549;28.635499897850593;67.86143801824167;7398.154747082808;0.11495981386922689;2.085145658023204;0.33918918013039195
:258126454_1;;0.002098847807577305;0.7775895186536635;65.76602113440393;3090.0998040183276;0.14055200418167357;1.1327089736112785;0.44527795163619266
815392330#2;;0.010854531078383179;1.7298378110744759;64.25346594074911;2375.843582659133;0.07302355381734772;0.8649530172918968;0.3771706192728872
815392349#3;;0.09593246354566386;2.210918815633832;56.63441509869671;0.0;0.0;0.0;0.0
-27486971#0;;0.030622243998040175;20.940831993846924;62.44615906219826;2904.972329299754;0.05558931479475074;0.9514190514724306;0.225743300936708
27486971#0;;0.06124823911312549;28.343267956477597;66.81428702780366;3938.037563697515;0.026008954379805493;0.9555905432124293;0.09214480272028693
815392330#1;;0.05452328375419859;5.332507245133338;63.97411592457963;0.0;0.0;0.0;0.0
27486971#0;;0.06124823911312549;28.343267956477597;66.81428702780366;3938.037563697515;0.026008954379805493;0.9555905432124293;0.09214480272028693
:258126454_1;;0.06824652525685881;0.7765683664659739;66.0193721572187;3395.50180827542;0.16437731764782343;1.2437870445078467;0.4535421455176041
815392330#2;;0.03886755076434504;1.7272099620319976;65.04012282153633;3216.0839763740614;0.13036674207185678;1.1526593578590603;0.39561453273227243
815392349#3;;0.09593246354566386;2.2539441296893368;56.024099203349465;0.0;0.0;0.0;0.0
-27486971#0;;0.030622243998040175;21.12245486492575;58.047602876692466;0.0;0.0;0.0;0.0
27486971#0;;0.06124823911312549;27.57314809367566;69.49065924049;7745.421670160291;0.10898551146204506;2.107847638100103;0.34908497524143745
815392330#1;;0.04578624732537688;5.319148448452139;66.52625465407237;4325.722555860031;0.22381009276645225;1.5623600979912509;0.4524685884314943
27486971#0;;0.06124823911312549;27.57314809367566;69.49065924049;7745.421670160291;0.10898551146204506;2.107847638100103;0.34908497524143745
:258126454_1;;0.13461813633211714;0.7752202602155229;66.3782770483357;3816.7125785171684;0.19739900515384234;1.3973706000925425;0.46492938125504213
815392330#2;;0.06677042700131353;1.7305020841198797;62.814378682434786;0.0;0.0;0.0;0.0
815392349#3;;0.09593246354566386;2.2986772560965343;55.387585282710106;0.0;0.0;0.0;0.0
-27486971#0;;0.030622243998040175;21.12517910771827;60.11115812666845;1677.6771639559313;0.009128483356359624;0.6320599040065974;0.20986832041299233
27486971#0;;0.06124823911312549;27.404755655477796;64.74559109750732;3288.4092930473516;0.022837965097061933;0.8828053704162419;0.10164909162786782
815392330#1;;0.03706208751061194;5.3325218711279625;63.262982327054914;0.0;0.0;0.0;0.0
27486971#0;;0.06124823911312549;27.404755655477796;64.74559109750732;3288.4092930473516;0.022837965097061933;0.8828053704162419;0.10164909162786782
:258126454_1;;0.20044182534009214;0.7785271343100849;63.13514813825552;0.0;0.0;0.0;0.0
815392330#2;;0.09463218007583392;1.731734450746495;63.45821040215323;1412.3769866117552;0.007772547288566793;0.536038051691908;0.3566742773974622
815392349#3;;0.09593246354566386;2.3452219365790907;54.72255446206467;0.0;0.0;0.0;0.0
-27486971#0;;0.030622243998040175;21.098136402394342;60.494479025223356;1888.0550798935574;0.01701436261492322;0.6865661633517989;0.21251731835276813
27486971#0;;0.06124823911312549;26.698599777983528;69.61756797635778;7756.547842757884;0.11094780363133411;2.1270201220333234;0.3600507111383311
815392330#1;;0.03368364322285099;5.319133125817405;66.53105916105821;4330.8003726946445;0.22418315163535166;1.5641621781115111;0.4525832649011371
27486971#0;;0.06124823911312549;26.698599777983528;69.61756797635778;7756.547842757884;0.11094780363133411;2.1270201220333234;0.3600507111383311
:258126454_1;;0.2254283137962128;0.7762533087408153;67.34317058750472;4950.984331483476;0.2837548152290437;1.8074759503171658;0.48983101169488613
815392330#2;;0.10757314974182444;1.7308487801247223;64.26059730279076;2394.97639428425;0.07419485966014149;0.8713786653387413;0.3770726909917017
815392349#3;;0.09593246354566386;2.388110561650681;54.203365203564104;0.0;0.0;0.0;0.0
-27486971#0;;0.030622243998040175;21.04922163091806;60.79086130557448;2044.9104806035937;0.02295868221482122;0.7273322131660639;0.2148050793778711
27486971#0;;0.06124823911312549;26.441374588641715;66.985900297846;4175.755950254103;0.0410301861816199;1.057848847226237;0.1192964778486925
815392330#1;;0.03368364322285099;5.330637492675953;63.42647904943352;0.0;0.0;0.0;0.0
27486971#0;;0.06124823911312549;26.441374588641715;66.985900297846;4175.755950254103;0.0410301861816199;1.057848847226237;0.1192964778486925
:258126454_1;;0.2254283137962128;0.7760581826140217;65.28494693211064;2373.1528606484017;0.08622567633111947;0.873645634031976;0.4305508046172042
815392330#2;;0.10757314974182444;1.731085644127871;63.82327886577024;1874.2253105137813;0.03899268385224412;0.6936150206148923;0.36636552762340147
815392349#3;;0.09593246354566386;2.438387078751047;53.38047922878968;0.0;0.0;0.0;0.0
-27486971#0;;0.030622243998040175;20.893596472498555;62.2873588946991;2821.118234244061;0.052589125286194506;0.9299851569161144;0.22532764234062758
27486971#0;;0.06124823911312549;25.992442723861576;67.78028226005628;6166.843049876364;0.06306188912703839;1.7727383570753226;0.354479161932573
815392330#1;;0.03368364322285099;5.328866294976777;64.83887461151448;2362.9298740538884;0.07977389579707742;0.8664069964201899;0.407618795074771
27486971#0;;0.06124823911312549;25.992442723861576;67.78028226005628;6166.843049876364;0.06306188912703839;1.7727383570753226;0.354479161932573
:258126454_1;;0.2254283137962128;0.7777550010548067;63.90814127505106;0.0;0.0;0.0;0.0
815392330#2;;0.10757314974182444;1.7324930441088147;63.38966801819687;1331.470721862871;0.002287946606599707;0.5085129801102465;0.3546850848238168
815392349#3;;0.09593246354566386;2.490826048894336;52.61712904935955;0.0;0.0;0.0;0.0
-27486971#0;;0.030622243998040175;21.147359440823262;57.3251901399226;0.0;0.0;0.0;0.0
27486971#0;;0.06124823911312549;25.54015077248633;68.60719573101352;6284.949357642921;0.06276475944899372;1.7888420687611766;0.360372046476255
815392330#1;;0.03368364322285099;5.322116740781728;65.5265484641824;3207.1061676377426;0.1417579684278446;1.16564293635665;0.4273073962536787
27486971#0;;0.06124823911312549;25.54015077248633;68.60719573101352;6284.949357642921;0.06276475944899372;1.7888420687611766;0.360372046476255
:258126454_1;;0.2254283137962128;0.7766978248653115;66.0508058019469;3438.8313684066457;0.16763208979846977;1.2593979927824812;0.45438415445701896
815392330#2;;0.10757314974182444;1.7279316207994009;65.93589990374541;4112.448170836469;0.19101014868295924;1.4589663123309802;0.41355535080939787
815392349#3;;0.09593246354566386;2.5371612199865066;52.140312153945565;0.0;0.0;0.0;0.0
-27486971#0;;0.030622243998040175;21.23248374060206;59.095480991363246;0.0;0.0;0.0;0.0
27486971#0;;0.06124823911312549;25.20861224308923;65.84302561282597;5884.342790535001;0.07845033653521288;1.8011539701038766;0.3696598526840029
815392330#1;;0.03368364322285099;5.325383553746818;64.25605008790936;1516.046940938014;0.018085285431920624;0.5666712265599124;0.3895669365904308
27486971#0;;0.06124823911312549;25.20861224308923;65.84302561282597;5884.342790535001;0.07845033653521288;1.8011539701038766;0.3696598526840029
815392330#4;;0.07954210320907276;0.3017080893395931;64.05668239810228;0.0;0.0;0.0;0.0
815392330#2;;0.10757314974182444;1.7264768320399337;64.54247776537285;2670.653760543597;0.09345523472210963;0.9661954973951266;0.38482635821491495
:251674120_0;;0.08090886279566065;1.234331025217851;54.024978204820485;0.0;0.0;0.0;0.0
-27486971#0;;0.030622243998040175;21.164502634869834;61.003050121392384;2171.0044618087836;0.027460758366269485;0.7596469245098428;0.2149921391739833
27486971#0;;0.06124823911312549;24.70616582572671;68.54266546481237;7365.451283767181;0.11596930478288422;2.1176141125456764;0.3881109868816067
815392330#1;;0.03368364322285099;5.322565545881323;64.99535621349227;2543.790246528454;0.09324935506491945;0.9306467369865208;0.4126303227382139
27486971#0;;0.06124823911312549;24.70616582572671;68.54266546481237;7365.451283767181;0.11596930478288422;2.1176141125456764;0.3881109868816067
815392330#4;;0.24925473333898587;0.30191025437775326;64.65296084440097;1479.903798167858;0.017413450277910955;0.5505203209677476;0.40706800844454893
815392330#2;;0.10757314974182444;1.7302283451351361;62.686042966796265;0.0;0.0;0.0;0.0
:251674120_0;;0.1626639834623618;1.2231649734538284;61.58890459228446;2665.0489328547615;0.03625057295734379;0.8632105830055917;0.1850812856899429
-27486971#0;;0.030622243998040175;21.115986679210085;60.76536446435383;2038.1982530582009;0.022596472970682367;0.7254224234695037;0.2140174782812128
27486971#0;;0.06124823911312549;24.53043586951673;65.48964801932198;3702.113259395717;0.04597205654992342;1.0303374860035706;0.14594605870910396
815392330#1;;0.03368364322285099;5.320422082623074;64.91696019221615;2431.5334972963647;0.08513644210201361;0.8909518206860612;0.4105118293177241
27486971#0;;0.06124823911312549;24.53043586951673;65.48964801932198;3702.113259395717;0.04597205654992342;1.0303374860035706;0.14594605870910396
815392330#4;;0.4203408928901621;0.3006634552930749;68.48519209905221;6134.356148710459;0.3752832700321202;2.2376178142807666;0.5182749262265508
815392330#2;;0.10757314974182444;1.7299998350692056;64.01153066217832;2091.5362183270563;0.05377500572300999;0.7678373443327704;0.37130136759553967
:251674120_0;;0.24322029845401594;1.2413676073733042;56.05776058492826;0.0;0.0;0.0;0.0
-27486971#0;;0.030622243998040175;20.940396605912248;62.545429323831414;2955.3574047136703;0.057491824626205924;0.96453435436451;0.22632075653055167
27486971#0;;0.06124823911312549;24.21462283590082;67.53711735817524;4531.435206493392;0.06681833353886422;1.2086159008458952;0.15757486781290417
815392330#1;;0.03368364322285099;5.333538353260197;63.280186909055054;0.0;0.0;0.0;0.0
27486971#0;;0.06124823911312549;24.21462283590082;67.53711735817524;4531.435206493392;0.06681833353886422;1.2086159008458952;0.15757486781290417
815392330#5;;0.002008283790182444;11.91598579743799;64.63670430232278;1341.455290029657;0.0071092135341522394;0.4998122593616826;0.4067168393152816
815392330#2;;0.10757314974182444;1.7314723311794642;63.37865953474142;1300.9341090946698;0.00025911650005173287;0.49798701477404006;0.3545281633867543
:251674120_0;;0.32499536801724943;1.2228665843282946;63.135614542852814;3318.9789756153923;0.055916154305558206;1.016394959263792;0.19104754485002523
-27486971#0;;0.030622243998040175;21.025230328125268;59.13817174760403;0.0;0.0;0.0;0.0
27486971#0;;0.06124823911312549;23.866641387118875;66.61341175527443;6567.281854405378;0.10815517623192827;1.9951179740947707;0.398333274686669
815392330#1;;0.03368364322285099;5.325650339789968;65.67472837286735;3393.7960653998502;0.1551604072542655;1.2314500583908403;0.4308087646243308
27486971#0;;0.06124823911312549;23.866641387118875;66.61341175527443;6567.281854405378;0.10815517623192827;1.9951179740947707;0.398333274686669
815392330#5;;0.006306734888951843;11.937408498542084;64.09372351170094;0.0;0.0;0.0;0.0
815392330#2;;0.10757314974182444;1.7331926218605933;63.276352877346156;1187.0737648584636;0.0;0.4593618447250912;0.3514378689529781
:251674120_0;;0.40638770804064406;1.228616844917556;58.20909676421956;0.0;0.0;0.0;0.0
-27486971#0;;0.030622243998040175;20.89110300835247;61.990185308198924;2667.5960412553663;0.0467885986263634;0.8900006083690412;0.22360654629543447
27486971#0;;0.06124823911312549;23.582015530232137;66.68617038919467;5871.989566029672;0.07616456307443727;1.795441403259236;0.3931838347004645
815392330#1;;0.03368364322285099;5.323794812477651;64.86812174219202;2380.5562826657865;0.08126828134775865;0.8727904717034534;0.4088358861112048
27486971#0;;0.06124823911312549;23.582015530232137;66.68617038919467;5871.989566029672;0.07616456307443727;1.795441403259236;0.3931838347004645
815392330#5;;0.010618744977153706;11.918117928722138;66.25981416219281;3691.048705032798;0.18721007133942744;1.351079182335929;0.4608084041980775
815392330#2;;0.10757314974182444;1.7338262063474241;63.6474399215539;1688.83226856768;0.026300623033304847;0.6304269503343491;0.3613246407949943
:251674120_0;;0.48736283190450125;1.2349471693075655;58.088782029965174;0.0;0.0;0.0;0.0
-27486971#0;;0.030622243998040175;21.046763421629926;58.335155103644;0.0;0.0;0.0;0.0
27486971#0;;0.06124823911312549;23.15288832721701;69.7603646715522;7425.168512993287;0.12226614899361332;2.1555453995131137;0.41405500277960006
815392330#1;;0.03368364322285099;5.329277030550986;64.00418529354539;1143.0407871906484;0.0;0.4348015210905622;0.3807682745404666
27486971#0;;0.06124823911312549;23.15288832721701;69.7603646715522;7425.168512993287;0.12226614899361332;2.1555453995131137;0.41405500277960006
815392330#5;;0.014681700728212356;11.94048625114993;64.05126337280437;0.0;0.0;0.0;0.0
815392330#2;;0.10757314974182444;1.7341542703937558;63.755696747534955;1829.3988263424358;0.035738502442995784;0.678328319171053;0.3640214170860594
:251674120_0;;0.5692959548699689;1.22050760889643;62.29519693999404;2965.352400498935;0.04541163932958119;0.9339358620924857;0.18823004597475318
-27486971#0;;0.030622243998040175;21.084070771937004;59.69424004113893;1432.871328069088;6.237237349696403e-06;0.5686053593755173;0.207537897446095
27486971#0;;0.06124823911312549;22.93819641243592;65.9339370017899;5433.136620878918;0.06899807023325721;1.7151230521910326;0.40160568227480187
815392330#1;;0.03368364322285099;5.3366248647565255;63.7886730032539;0.0;0.0;0.0;0.0
27486971#0;;0.06124823911312549;22.93819641243592;65.9339370017899;5433.136620878918;0.06899807023325721;1.7151230521910326;0.40160568227480187
815392330#5;;0.014681700728212356;11.924723772973044;66.02289380032266;3401.57801160885;0.1648109599839498;1.2459480330741926;0.45360298370647284
815392330#2;;0.10757314974182444;1.728546434291178;66.45100377456612;4593.847217518493;0.2234644279945093;1.6232399281202907;0.4230546272975457
:251674120_0;;0.6257822277847309;1.2326973936583236;57.05024108466447;0.0;0.0;0.0;0.0
-27486971#0;;0.030622243998040175;21.040489244440497;60.7242250739868;2007.6255990987734;0.02157503708867577;0.717679022853121;0.2144774472521648
27486971#0;;0.06124823911312549;22.614699821055048;67.09202130967125;6866.891972550993;0.12589525539651433;2.096008731047445;0.42432049882127665
815392330#1;;0.03368364322285099;5.319154639271885;67.19803851631676;5017.765760687865;0.2744539927742474;1.8076434496595843;0.46771980558916454
27486971#0;;0.06124823911312549;22.614699821055048;67.09202130967125;6866.891972550993;0.12589525539651433;2.096008731047445;0.42432049882127665
815392330#5;;0.014681700728212356;11.935916181090034;64.53525106443878;1222.795547900704;0.0;0.4572310543941599;0.40256254541168446
815392330#2;;0.10757314974182444;1.7267821388676665;64.66924592673001;2814.46803917382;0.10317661400397216;1.0153547419324382;0.38761735234904715
:251674120_0;;0.6257822277847309;1.2387914180152015;58.124202699223765;0.0;0.0;0.0;0.0
-27486971#0;;0.030622243998040175;21.014934782801713;60.498963420718624;1880.6734094728738;0.01684751792990436;0.6847698531824851;0.21331478643608973
27486971#0;;0.06124823911312549;22.305858322754325;68.46208323568217;6644.359064585762;0.10788253211270384;2.0062919784164883;0.4243525789465656
815392330#1;;0.03368364322285099;5.326066972176873;63.87019197305757;0.0;0.0;0.0;0.0
27486971#0;;0.06124823911312549;22.305858322754325;68.46208323568217;6644.359064585762;0.10788253211270384;2.0062919784164883;0.4243525789465656
815392330#5;;0.014681700728212356;11.94949917028642;64.40470321512174;0.0;0.0;0.0;0.0
815392330#2;;0.10757314974182444;1.7312186618130052;62.48913185619727;0.0;0.0;0.0;0.0
:251674120_0;;0.6257822277847309;1.2225875893215423;62.651019083276935;3116.1655384659393;0.04983679721440484;0.9689437881869527;0.1892575174693869
-27486971#0;;0.030622243998040175;21.03976002126582;59.85763809807959;1521.0738486024566;0.0033280780698557427;0.5914148894653538;0.20898954859006633
27486971#0;;0.06124823911312549;21.959423158089617;68.98172789415165;7337.038276653453;0.13877092133642593;2.2020995186291796;0.4399805706062254
815392330#1;;0.03368364322285099;5.322975478710991;65.02921047521058;2589.5780638361525;0.09657655993173947;0.9468484784868955;0.41357026893409243
27486971#0;;0.06124823911312549;21.959423158089617;68.98172789415165;7337.038276653453;0.13877092133642593;2.2020995186291796;0.4399805706062254
815392330#5;;0.014681700728212356;11.936517353781639;65.8304740002969;3170.4495041313185;0.14677307640003837;1.1618665923969718;0.4473514553882642
:301754863_0;;0.027202678609428592;0.8308945304878712;63.125701717309994;0.0;0.0;0.0;0.0
:251674120_0;;0.6257822277847309;1.2258322922940392;58.68743705639243;1360.941193601663;0.0;0.5579314620459299;0.17289200938149116
-27486971#0;;0.030622243998040175;21.102406600963583;59.384961796327346;0.0;0.0;0.0;0.0
27486971#0;;0.06124823911312549;21.80805506955149;66.6922215249624;4472.30875531642;0.09238576272702324;1.2923524995196949;0.2046488211728707
815392330#1;;0.03368364322285099;5.337065900863638;63.1886349607074;0.0;0.0;0.0;0.0
27486971#0;;0.06124823911312549;21.80805506955149;66.6922215249624;4472.30875531642;0.09238576272702324;1.2923524995196949;0.2046488211728707
815392330#5;;0.014681700728212356;11.928975626941085;65.51961966874991;2736.053940991527;0.1137482752457678;1.0048689344022983;0.43792917712844526
:301754863_0;;0.08547495189435216;0.8290830272897882;65.5400587579463;3740.041147777314;0.16536222877254148;1.3309926755189831;0.40508003903249223
:251674120_0;;0.6257822277847309;1.2241834881608347;59.64512117462078;1805.8730534657675;0.010422864581062447;0.6620062848080539;0.17715396005285827
-27486971#0;;0.030622243998040175;21.194068504344663;59.02708426110539;0.0;0.0;0.0;0.0
27486971#0;;0.06124823911312549;21.508374640582854;68.08924229032448;7113.519170152138;0.14161392651647556;2.1814232856646933;0.449375204831889
815392330#1;;0.03368364322285099;5.332553638411827;65.18086740142942;2819.367085548382;0.11285813569681122;1.0276962828705012;0.41702590790400484
27486971#0;;0.06124823911312549;21.508374640582854;68.08924229032448;7113.519170152138;0.14161392651647556;2.1814232856646933;0.449375204831889
815392330#5;;0.014681700728212356;11.940103093841541;64.5313988558547;1228.36217804418;0.0;0.4593312186743479;0.4023942502841787
:301754863_0;;0.14387680542122763;0.8281932762353643;64.69730603845478;2854.287945398658;0.10572377194965937;1.028785632514755;0.38794824272493006
:11876446088_0;;0.23525938619474906;0.1695068776949849;57.9638210524908;0.0;0.0;0.0;0.0
-27486971#0;;0.030622243998040175;21.092900756330938;61.46539238952805;2409.1785132178584;0.03650430854081636;0.8216132677917163;0.21844014392232905
27486971#0;;0.06124823911312549;21.241929432421248;68.9597247859459;5569.142569718141;0.1363851785270537;1.5850980760208646;0.22901947006339776
815392330#1;;0.03368364322285099;5.3200421327929925;66.38946553913027;4181.153558128945;0.2131490250422987;1.5109926943144913;0.44912231272748515
27486971#0;;0.06124823911312549;21.241929432421248;68.9597247859459;5569.142569718141;0.1363851785270537;1.5850980760208646;0.22901947006339776
815392330#5;;0.014681700728212356;11.93379086728958;65.44099777328512;2634.964681187606;0.10590597523249734;0.9681882773449337;0.43523294453867684
:301754863_0;;0.2019165281842425;0.8306846178911754;62.27683930504995;0.0;0.0;0.0;0.0
:11876446088_0;;0.8407655386505039;0.16515108821674152;66.28218178721536;4621.202293945617;0.09756755316395203;1.3295352253162565;0.20706642284556662
-27486971#0;;0.030622243998040175;21.21788939447976;58.64529651002255;0.0;0.0;0.0;0.0
27486971#0;;0.06124823911312549;20.886253041683762;69.09522092619382;8326.148778413657;0.1979437394886233;2.5293920569227986;0.4787894715069417
815392330#1;;0.03368364322285099;5.332637971415107;63.326503595559174;0.0;0.0;0.0;0.0
27486971#0;;0.06124823911312549;20.886253041683762;69.09522092619382;8326.148778413657;0.1979437394886233;2.5293920569227986;0.4787894715069417
815392330#5;;0.014681700728212356;11.906809490413561;66.79709791011999;4322.921452376216;0.23613487489365073;1.5807301015865873;0.4763308983207899
:301754863_0;;0.2244165170556553;0.829002994225878;65.41512626766773;3615.346431717079;0.15696194356136384;1.2884550718601142;0.40262467690270004
-27486971#0;;0.03373513866960692;22.329317509077264;68.32103356521593;8263.895673200994;0.18374328139217377;2.4816505761642222;0.4466024787010553
-27486971#0;;0.03373513866960692;22.329317509077264;68.32103356521593;8263.895673200994;0.18374328139217377;2.4816505761642222;0.4466024787010553
27486971#0;;0.06124823911312549;20.61032964462093;70.24970446819307;6314.603546423971;0.17474225904192808;1.8103057855474962;0.2530051396865476
815392330#1;;0.03368364322285099;5.337808813969972;64.0057882229093;1197.1776018900432;0.0;0.4543418300812966;0.3806482020391828
27486971#0;;0.06124823911312549;20.61032964462093;70.24970446819307;6314.603546423971;0.17474225904192808;1.8103057855474962;0.2530051396865476
815392330#5;;0.014681700728212356;11.929530234920147;64.05552360375259;0.0;0.0;0.0;0.0
:301754863_0;;0.2244165170556553;0.830410306280154;62.89929597303437;0.0;0.0;0.0;0.0
-27486971#0;;0.03803501055048683;22.190996827415322;67.53331414486257;5019.2425389592045;0.11788799792814524;1.4495005052636938;0.22308293601449183
-27486971#0;;0.03803501055048683;22.190996827415322;67.53331414486257;5019.2425389592045;0.11788799792814524;1.4495005052636938;0.22308293601449183
27486971#0;;0.06124823911312549;20.400104857546008;68.11886418805588;5267.92604581878;0.14172236251395617;1.5575777471022223;0.2482193739270807
815392330#1;;0.03368364322285099;5.340542354358551;64.26049913272819;1604.4297549753833;0.024237987256569254;0.598261584821169;0.38913342890043434
27486971#0;;0.06124823911312549;20.400104857546008;68.11886418805588;5267.92604581878;0.14172236251395617;1.5575777471022223;0.2482193739270807
815392330#5;;0.014681700728212356;11.90272618046744;66.79208923594044;4312.438735299655;0.23550532647345673;1.5771917031284066;0.4764262617118639
:301754863_0;;0.2244165170556553;0.8296657280288336;64.53465091062591;2704.3105004810373;0.09509751104467248;0.9769757873140928;0.38337678622621596
-27486971#0;;0.042434270735478355;21.957815444508704;67.08307394286057;6217.760692522812;0.11397202294488316;1.9729920927268418;0.43238016322839945
-27486971#0;;0.042434270735478355;21.957815444508704;67.08307394286057;6217.760692522812;0.11397202294488316;1.9729920927268418;0.43238016322839945
27486971#0;;0.06124823911312549;20.149431593865295;68.48552361450467;7312.0728019484595;0.17154632128608457;2.3005885084672095;0.4866230846719669
815392330#2;;0.02771759228777705;1.6705335605205862;65.30132037005616;2977.339848380645;0.12421585316134529;1.08338639468881;0.42006719592107117
27486971#0;;0.06124823911312549;20.149431593865295;68.48552361450467;7312.0728019484595;0.17154632128608457;2.3005885084672095;0.4866230846719669
815392330#5;;0.014681700728212356;11.90820654324636;64.85398274791827;1685.8728516375572;0.03360206086306022;0.624547681384932;0.4152377120304436
:301754863_0;;0.2244165170556553;0.8312163695783492;62.79173107016116;0.0;0.0;0.0;0.0
-27486971#0;;0.046948707836494435;21.59914567910857;68.51846540157901;8011.895598930961;0.18377898325303782;2.445319567098748;0.46021660528871317
-27486971#0;;0.046948707836494435;21.59914567910857;68.51846540157901;8011.895598930961;0.18377898325303782;2.445319567098748;0.46021660528871317
27486971#0;;0.06124823911312549;19.805161457696094;70.84775781387619;9072.02037815559;0.2483989607409341;2.789229002200296;0.5175786755087612
815392330#2;;0.05780194413540748;1.6675512234957401;65.9136404461629;3668.7872677630357;0.1752434925082666;1.3288157530577125;0.4368731094286725
27486971#0;;0.06124823911312549;19.805161457696094;70.84775781387619;9072.02037815559;0.2483989607409341;2.789229002200296;0.5175786755087612
815392330#5;;0.014681700728212356;11.902291838566393;65.47084633754052;2615.0040251922455;0.1050708290594938;0.9615181952130334;0.4371743159822675
:301754863_0;;0.2244165170556553;0.8307106882344214;64.30488832739557;2468.443168348901;0.07888301935274729;0.8961912868492908;0.37752365828956974
-27486971#0;;0.05156635820093546;21.354203031703943;67.51515240587895;6666.131328317897;0.13776529889910522;2.1094528069821887;0.45114621947133915
-27486971#0;;0.05156635820093546;21.354203031703943;67.51515240587895;6666.131328317897;0.13776529889910522;2.1094528069821887;0.45114621947133915
27486971#0;;0.06124823911312549;19.680273158728394;66.99672108996384;4771.1601234942755;0.13580316739984852;1.464165507855584;0.262787276135447
815392330#2;;0.0877977309750829;1.6700176171931391;63.748639925133645;0.0;0.0;0.0;0.0
27486971#0;;0.06124823911312549;19.680273158728394;66.99672108996384;4771.1601234942755;0.13580316739984852;1.464165507855584;0.262787276135447
815392330#5;;0.014681700728212356;11.955974708042755;63.06246275174249;0.0;0.0;0.0;0.0
815392330#3;;0.04738516537795038;0.8878257853673083;65.40927286476845;3609.9579520607513;0.1565826101366316;1.2865912726611173;0.4024812849136252
-27486971#0;;0.05628786654660443;21.100360180775247;67.68367955717045;6929.471993815441;0.1513418055028051;2.1884117375291927;0.46032025088719486
-27486971#0;;0.05628786654660443;21.100360180775247;67.68367955717045;6929.471993815441;0.1513418055028051;2.1884117375291927;0.46032025088719486
27486971#0;;0.06124823911312549;19.434468846803657;67.57773396008723;7748.594387038194;0.20322209016210438;2.4567676857673195;0.5127077966886908
815392330#2;;0.10757314974182444;1.6665893904957292;66.13912395546723;3913.418194619947;0.1933592778931016;1.4158082599261024;0.4427939709496965
27486971#0;;0.06124823911312549;19.434468846803657;67.57773396008723;7748.594387038194;0.20322209016210438;2.4567676857673195;0.5127077966886908
815392330#5;;0.014681700728212356;11.923600086205413;67.14917279187546;4741.227805758861;0.26745013069459067;1.7311285567540176;0.48459242213786496
815392330#3;;0.10151949783208017;0.8900842321863037;62.46866612035137;0.0;0.0;0.0;0.0
-27486971#0;;0.06113268750765281;20.831863286530634;68.7872006349799;7308.376204922792;0.1706296288313618;2.3014220178372007;0.47165019726473556
-27486971#0;;0.06113268750765281;20.831863286530634;68.7872006349799;7308.376204922792;0.1706296288313618;2.3014220178372007;0.47165019726473556
27486971#0;;0.06124823911312549;19.209915211318865;69.89969792594005;6423.557666164615;0.21379370638998263;1.9392614675787214;0.29613169368266595
815392330#2;;0.10757314974182444;1.6649723496116007;65.325613486266;2945.214060805875;0.12288752895991356;1.0731774569830939;0.42235349066683714
27486971#0;;0.06124823911312549;19.209915211318865;69.89969792594005;6423.557666164615;0.21379370638998263;1.9392614675787214;0.29613169368266595
815392330#5;;0.014681700728212356;11.93813480048695;64.3811284571494;0.0;0.0;0.0;0.0
815392330#3;;0.15587252517810887;0.8883549881280499;65.33757064047273;3545.4169405693283;0.15198951576003045;1.2641943789310894;0.4006382531312723
-27486971#0;;0.06124448799608035;20.625275525712638;69.87398274487079;6371.028276694885;0.1970007163442431;1.8842236915926704;0.277923322611866
-27486971#0;;0.06124448799608035;20.625275525712638;69.87398274487079;6371.028276694885;0.1970007163442431;1.8842236915926704;0.277923322611866
27486971#0;;0.06124823911312549;18.967328988978345;70.7040789606745;6921.666206886161;0.24328667707688867;2.098943787855906;0.31176506110414953
815392330#2;;0.10757314974182444;1.6719161751554992;62.62340650951784;0.0;0.0;0.0;0.0
27486971#0;;0.06124823911312549;18.967328988978345;70.7040789606745;6921.666206886161;0.24328667707688867;2.098943787855906;0.31176506110414953
815392330#5;;0.014681700728212356;11.955211983423851;64.24329086710374;0.0;0.0;0.0;0.0
815392330#3;;0.2095557418273261;0.8873387231953063;64.74104901822378;2909.2027715024424;0.10931506874798015;1.0473956036375063;0.38866963994280396
-27486971#0;;0.06124448799608035;20.257570963415713;68.92519114407304;9145.15068673445;0.2487991503068925;2.8035520848756272;0.5075173207811992
-27486971#0;;0.06124448799608035;20.257570963415713;68.92519114407304;9145.15068673445;0.2487991503068925;2.8035520848756272;0.5075173207811992
27486971#0;;0.06124823911312549;18.905672315700237;65.50871442757092;3749.5376796043656;0.1047580136482062;1.214723378185143;0.2726374668971008
815392330#2;;0.10757314974182444;1.6677082561303251;66.51124205210101;4324.382119484069;0.22305773597969475;1.5608418814036211;0.45119720646088646
27486971#0;;0.06124823911312549;18.905672315700237;65.50871442757092;3749.5376796043656;0.1047580136482062;1.214723378185143;0.2726374668971008
815392330#5;;0.014681700728212356;11.914753034664754;67.76746049884514;5403.073249169343;0.31863941817224173;1.9716429319422444;0.5006246116816916
815392330#3;;0.2095557418273261;0.8886425501313041;63.034825413783096;0.0;0.0;0.0;0.0
-27486971#0;;0.06124448799608035;20.07361695078259;68.24500458625369;5525.8788609139665;0.17223556911295437;1.6831864782363044;0.28008214909734613
-27486971#0;;0.06124448799608035;20.07361695078259;68.24500458625369;5525.8788609139665;0.17223556911295437;1.6831864782363044;0.28008214909734613
27486971#0;;0.06124823911312549;18.770818630220848;66.05520661426516;6062.762057905469;0.1385011188856974;2.0089494067875977;0.5097689597943471
815392330#2;;0.10757314974182444;1.6651797105888022;65.73094467745386;3436.531626772443;0.1588209985620889;1.2473116117763867;0.43307486768419423
27486971#0;;0.06124823911312549;18.770818630220848;66.05520661426516;6062.762057905469;0.1385011188856974;2.0089494067875977;0.5097689597943471
815392330#5;;0.014681700728212356;11.909117351695956;65.44361783433446;2589.708398927322;0.10297882847907448;0.952228299134255;0.4360680300873693
815392330#3;;0.2095557418273261;0.8867224317825397;65.5485282643161;3733.845589460975;0.16547132585251745;1.329720409209051;0.4061187313223857
-27486971#0;;0.06124448799608035;19.94486008021564;66.85972500541429;4735.647032148007;0.14212557266065526;1.4751500776001993;0.27500438239887576
-27486971#0;;0.06124448799608035;19.94486008021564;66.85972500541429;4735.647032148007;0.14212557266065526;1.4751500776001993;0.27500438239887576
27486971#0;;0.06124823911312549;18.95444217932367;61.41286845516173;0.0;0.0;0.0;0.0
815392330#2;;0.10757314974182444;1.670217544323241;63.04687609669667;0.0;0.0;0.0;0.0
27486971#0;;0.06124823911312549;18.95444217932367;61.41286845516173;0.0;0.0;0.0;0.0
815392330#5;;0.014681700728212356;11.93021057435289;64.11872148165651;0.0;0.0;0.0;0.0
815392330#3;;0.2095557418273261;0.8876837483019663;63.26926757713699;0.0;0.0;0.0;0.0
-27486971#0;;0.06124448799608035;19.728715421087752;67.94419503908978;7222.2644731838445;0.18818744885512204;2.3355159017311786;0.5013009372851087
-27486971#0;;0.06124448799608035;19.728715421087752;67.94419503908978;7222.2644731838445;0.18818744885512204;2.3355159017311786;0.5013009372851087
27486971#0;;0.06124823911312549;18.852460253929994;66.23153243432589;5515.611773983209;0.12533441129285058;1.8782776982382887;0.5026159729681551
815392330#2;;0.10757314974182444;1.6647177507317132;67.2250756536596;5040.693428922315;0.27643702158488415;1.816291689181711;0.4687206334380947
27486971#0;;0.06124823911312549;18.852460253929994;66.23153243432589;5515.611773983209;0.12533441129285058;1.8782776982382887;0.5026159729681551
815392330#5;;0.014681700728212356;11.911669625977245;66.2223956397971;3635.138060279922;0.18314690944126466;1.3311179810068792;0.46003389643974985
815392330#3;;0.2095557418273261;0.890223632030323;62.32462463527248;0.0;0.0;0.0;0.0
-27486971#0;;0.06124448799608035;19.772678935706963;63.15610817351025;2137.5372852234723;0.026538715501841222;0.7515487416689679;0.21646720792761834
-27486971#0;;0.06124448799608035;19.772678935706963;63.15610817351025;2137.5372852234723;0.026538715501841222;0.7515487416689679;0.21646720792761834
27486971#0;;0.06124823911312549;18.844389407160282;64.99643993044847;3547.3739227271335;0.08803019007492398;1.1394748293126766;0.2520953711365606
815392330#2;;0.10757314974182444;1.6682205790492377;63.464914023021244;0.0;0.0;0.0;0.0
27486971#0;;0.06124823911312549;18.844389407160282;64.99643993044847;3547.3739227271335;0.08803019007492398;1.1394748293126766;0.2520953711365606
815392330#5;;0.014681700728212356;11.91754440703212;64.81911787308017;1653.155698875428;0.030995923317973323;0.612769921563539;0.41380214187668257
815392330#3;;0.2095557418273261;0.8903922430706998;63.75163888100137;1828.9244677043475;0.035680363671671274;0.6781681476466872;0.36384569385506615
-27486971#0;;0.06124448799608035;19.83113874208;62.774027532490315;1407.7215249852034;0.0;0.5568890093498872;0.2346589767411347
-27486971#0;;0.06124448799608035;19.83113874208;62.774027532490315;1407.7215249852034;0.0;0.5568890093498872;0.2346589767411347
27486971#0;;0.06124823911312549;18.956205890025018;62.635396681680426;1709.5214829373394;0.013580027289444426;0.640619665169134;0.24462127075917034
815392330#2;;0.10757314974182444;1.6648868213290329;66.11462755304964;3872.439973096165;0.19081269500237752;1.4019600046048857;0.4428516217121166
27486971#0;;0.06124823911312549;18.956205890025018;62.635396681680426;1709.5214829373394;0.013580027289444426;0.640619665169134;0.24462127075917034
815392330#5;;0.014681700728212356;11.931123001869999;64.43494899295311;0.0;0.0;0.0;0.0
:258126454_1;;0.039145080719578056;0.8246762413730391;66.83134111961714;4933.398691385482;0.2465957130952411;1.7395319195539192;0.43018634300785197
-27486971#0;;0.06124448799608035;19.909022925779468;62.542708769470146;1376.7688268046577;0.0;0.5484021283858451;0.23377653462929168
-27486971#0;;0.06124448799608035;19.909022925779468;62.542708769470146;1376.7688268046577;0.0;0.5484021283858451;0.23377653462929168
27486971#0;;0.06124823911312549;18.87770797911449;65.37853647821645;4920.156527151153;0.08671228893824631;1.685980068268691;0.4914249701061705
815392330#2;;0.10757314974182444;1.6650531867885014;64.59853293577007;1980.3553433002232;0.05222114548777563;0.7310847470742163;0.40103208030338905
27486971#0;;0.06124823911312549;18.87770797911449;65.37853647821645;4920.156527151153;0.08671228893824631;1.685980068268691;0.4914249701061705
815392330#5;;0.014681700728212356;11.913986004327885;66.12830886347557;3519.820402966569;0.17422099019501647;1.289220849547149;0.4571843100799146
:258126454_1;;0.09743464394308138;0.8270371765255202;62.33664798982093;0.0;0.0;0.0;0.0
-27486971#0;;0.06124448799608035;19.784944990172697;65.65283263788815;5436.356053442266;0.10025077149205303;1.8080926921700913;0.4734978883026596
-27486971#0;;0.06124448799608035;19.784944990172697;65.65283263788815;5436.356053442266;0.10025077149205303;1.8080926921700913;0.4734978883026596
27486971#0;;0.06124823911312549;18.96808299084787;62.76508593255022;1666.6667498765426;0.011628320412776956;0.628585580703888;0.2435852966320962
815392330#2;;0.10757314974182444;1.6663040239202005;64.19020105651092;1393.011887852857;0.009156458049787021;0.5229843429443107;0.3874566605240157
27486971#0;;0.06124823911312549;18.96808299084787;62.76508593255022;1666.6667498765426;0.011628320412776956;0.628585580703888;0.2435852966320962
815392330#5;;0.014681700728212356;11.90962042108154;65.37128684726277;2486.3429160457777;0.09503333441902824;0.9147475404313092;0.4336400495029466
:258126454_1;;0.15603839485783982;0.8248937322230536;65.89339804798855;4075.874023576092;0.18834546763210663;1.4461496480451628;0.4124397475021808
-27486971#0;;0.06124448799608035;19.699664466844144;65.57275554768248;3831.0282728781895;0.10616960620806488;1.2323156016321768;0.2690664964718762
-27486971#0;;0.06124448799608035;19.699664466844144;65.57275554768248;3831.0282728781895;0.10616960620806488;1.2323156016321768;0.2690664964718762
27486971#0;;0.06124823911312549;18.83269279041716;66.42959074523111;6018.669850557126;0.13412518974877846;1.9898903106449848;0.5068541417364001
815392330#2;;0.10757314974182444;1.6656792947196897;64.901316617494;2407.0709032509308;0.08338312564299724;0.8823094559083458;0.4101135841715416
27486971#0;;0.06124823911312549;18.83269279041716;66.42959074523111;6018.669850557126;0.13412518974877846;1.9898903106449848;0.5068541417364001
815392330#5;;0.014681700728212356;11.932408400724848;64.04815298403811;0.0;0.0;0.0;0.0
:258126454_1;;0.21430106359886694;0.8272211731542425;62.349914653962045;0.0;0.0;0.0;0.0
-27486971#0;;0.06124448799608035;19.6679873308702;64.10546407989357;3931.1532398887803;0.04147662246832282;1.4094696519744563;0.45853053488768725
-27486971#0;;0.06124448799608035;19.6679873308702;64.10546407989357;3931.1532398887803;0.04147662246832282;1.4094696519744563;0.45853053488768725
27486971#0;;0.06124823911312549;18.848821252423306;63.67617942312866;2043.1491522920571;0.02847434760942864;0.7344317352612209;0.2492895875089383
815392330#2;;0.10757314974182444;1.66984049963264;63.268580671039345;0.0;0.0;0.0;0.0
27486971#0;;0.06124823911312549;18.848821252423306;63.67617942312866;2043.1491522920571;0.02847434760942864;0.7344317352612209;0.2492895875089383
815392330#5;;0.014681700728212356;11.91756916464598;65.97731265110033;3331.540672897509;0.1596679564531303;1.2208542283970605;0.452551895694005
:258126454_1;;0.2254283137962128;0.8255192433790376;65.43647468806742;3639.9159629684814;0.15851231033963858;1.2966718598481983;0.40286992409531686
-27486971#0;;0.06124448799608035;19.776283050980865;62.243005678048256;1443.6966474039689;0.00045882000000181146;0.5711675608906548;0.2091101580695961
-27486971#0;;0.06124448799608035;19.776283050980865;62.243005678048256;1443.6966474039689;0.00045882000000181146;0.5711675608906548;0.2091101580695961
27486971#0;;0.06124823911312549;18.955729709386787;62.38857361221439;0.0;0.0;0.0;0.0
:301754863_0;;0.01937260627460505;0.7985542259341525;66.38736778242738;4179.584435146706;0.2130062721363063;1.5103929466178214;0.4490326994654861
27486971#0;;0.06124823911312549;18.955729709386787;62.38857361221439;0.0;0.0;0.0;0.0
815392330#5;;0.014681700728212356;11.926288996205725;64.66679814345156;1422.2819746362816;0.013233071830967245;0.5292575783590451;0.40784425233474614
:258126454_1;;0.2254283137962128;0.8261661096096082;63.42051249975476;1355.1421489854733;0.003924690434398109;0.5164674012734816;0.3557094954674269
-27486971#0;;0.06124448799608035;19.773524855744967;65.12438894397984;3794.085743647264;0.10462355671497194;1.2221864091541568;0.26873269686252715
-27486971#0;;0.06124448799608035;19.773524855744967;65.12438894397984;3794.085743647264;0.10462355671497194;1.2221864091541568;0.26873269686252715
27486971#0;;0.06124823911312549;18.78827253877441;66.54963499781344;6691.767686603243;0.16620157705333616;2.1849337165843004;0.5176597675424776
:301754863_0;;0.08185310630033887;0.8011317847405607;62.9553340060892;0.0;0.0;0.0;0.0
27486971#0;;0.06124823911312549;18.78827253877441;66.54963499781344;6691.767686603243;0.16620157705333616;2.1849337165843004;0.5176597675424776
815392330#5;;0.014681700728212356;11.905323287126121;66.39184098797908;3836.5161175741514;0.1988353904888662;1.404435611522925;0.46520130206490334
:258126454_1;;0.2254283137962128;0.8263205118108772;63.78516927283358;1833.569653178137;0.03620678903627064;0.6797407641488407;0.36528768511537707
-27486971#0;;0.06124448799608035;19.754562867739534;63.9045910161971;3700.9786071371573;0.036131985368579485;1.3459846311288857;0.4535011703458858
-27486971#0;;0.06124448799608035;19.754562867739534;63.9045910161971;3700.9786071371573;0.036131985368579485;1.3459846311288857;0.4535011703458858
27486971#0;;0.06124823911312549;18.909104422280958;62.50688009002112;1580.128455652897;0.007889167702830692;0.6041752766937372;0.24385940231343575
:301754863_0;;0.14476529134174979;0.798370726667407;67.35485601273352;5173.440034010632;0.2858496741129104;1.8628254960496755;0.4711559679117058
27486971#0;;0.06124823911312549;18.909104422280958;62.50688009002112;1580.128455652897;0.007889167702830692;0.6041752766937372;0.24385940231343575
815392330#5;;0.014681700728212356;11.953043254208021;63.212908615224066;0.0;0.0;0.0;0.0
:258126454_1;;0.2254283137962128;0.8249986197073982;65.08478174260853;3275.589388432207;0.13408314837955423;1.172549718009682;0.39599966754715465
-27486971#0;;0.06124448799608035;19.886606333605936;61.894059418974116;0.0;0.0;0.0;0.0
-27486971#0;;0.06124448799608035;19.886606333605936;61.894059418974116;0.0;0.0;0.0;0.0
27486971#0;;0.06124823911312549;18.92115426492067;63.924746052662165;2558.81379492408;0.04677224992476138;0.870302672752006;0.23826227292902663
:301754863_0;;0.20738507309677046;0.8002388540570672;63.34291657634684;0.0;0.0;0.0;0.0
27486971#0;;0.06124823911312549;18.92115426492067;63.924746052662165;2558.81379492408;0.04677224992476138;0.870302672752006;0.23826227292902663
815392330#5;;0.014681700728212356;11.93279676125917;66.296730432462;3757.0345382790074;0.19173988700572725;1.3742644022705153;0.46115210552171687
815392330#4;;0.017036413679890127;0.3203989290675498;62.95092423694918;0.0;0.0;0.0;0.0
-27486971#0;;0.06124448799608035;19.76147756689303;65.45185894653444;5493.806092050938;0.10484919254990556;1.8303412620721011;0.47543035851441107
-27486971#0;;0.06124448799608035;19.76147756689303;65.45185894653444;5493.806092050938;0.10484919254990556;1.8303412620721011;0.47543035851441107
27486971#0;;0.06124823911312549;18.88614680071629;64.7606931917174;3116.654683967667;0.07677707369491299;1.0372410264925545;0.26492036444145267
:301754863_0;;0.2244165170556553;0.7983798615064067;66.37320302241838;4161.655126254308;0.21179985833371898;1.5042032443260067;0.4488455435528355
27486971#0;;0.06124823911312549;18.88614680071629;64.7606931917174;3116.654683967667;0.07677707369491299;1.0372410264925545;0.26492036444145267
815392330#5;;0.014681700728212356;11.944973106895286;64.47542549257064;1144.294118300396;0.0;0.4290367406881854;0.4001172810235277
815392330#4;;0.1676413616645288;0.3203931086144097;63.91839969258258;1998.0035163230966;0.04730662677490725;0.7358464962458221;0.36863460487312755
-27486971#0;;0.06124448799608035;19.851435086475497;62.492941976682474;1512.466389520813;0.004451251058433171;0.5859303712944277;0.23613026016724276
-27486971#0;;0.06124448799608035;19.851435086475497;62.492941976682474;1512.466389520813;0.004451251058433171;0.5859303712944277;0.23613026016724276
27486971#0;;0.06124823911312549;18.896154107769433;64.49098951118654;3189.2527723054527;0.07310721244978934;1.041970484549849;0.247313334130209
:301754863_0;;0.2244165170556553;0.8015601319214231;62.679224074802434;0.0;0.0;0.0;0.0
27486971#0;;0.06124823911312549;18.896154107769433;64.49098951118654;3189.2527723054527;0.07310721244978934;1.041970484549849;0.247313334130209
815392330#5;;0.014681700728212356;11.946310841817143;65.00245883265481;2015.9268941787848;0.058390535143079944;0.744171575016975;0.42005485876205884
815392330#4;;0.3187676088049376;0.31985887821443043;65.13896685005777;3330.568816894605;0.13783232481677404;1.1913764948968584;0.3971851895711285
-27486971#0;;0.06124448799608035;19.74474573121125;65.50686913770967;5326.847022283099;0.1070675813366588;1.8128181279163535;0.47650230005074556
-27486971#0;;0.06124448799608035;19.74474573121125;65.50686913770967;5326.847022283099;0.1070675813366588;1.8128181279163535;0.47650230005074556
27486971#0;;0.06124823911312549;18.91130266045935;63.95614427467411;2587.2640141577294;0.05271077898317268;0.887385110001305;0.2565076643740026
:301754863_0;;0.2244165170556553;0.800483376398113;65.5444182788534;3263.645987619686;0.1451646730624285;1.1847346008378274;0.4266576181797164
27486971#0;;0.06124823911312549;18.91130266045935;63.95614427467411;2587.2640141577294;0.05271077898317268;0.887385110001305;0.2565076643740026
815392330#5;;0.014681700728212356;11.919015623638867;66.79706982206739;4336.617314505573;0.23665901355997604;1.5849025227705928;0.47563819203705326
815392330#4;;0.4702990526730818;0.3194448592423616;64.87634343812417;3036.6598046939416;0.11831659877327008;1.0914512957244347;0.3923087077853527
-27486971#0;;0.06124448799608035;19.794757327574256;62.923434300714064;1579.013898405015;0.007499652178642181;0.6042177475496833;0.23927120766705987
-27486971#0;;0.06124448799608035;19.794757327574256;62.923434300714064;1579.013898405015;0.007499652178642181;0.6042177475496833;0.23927120766705987
27486971#0;;0.06124823911312549;18.843564370110307;64.9264628955821;4749.300052954405;0.08133606613941353;1.6443717479988877;0.49068002125757904
:301754863_0;;0.2244165170556553;0.8009090141183964;64.2653526623993;1587.7831747317077;0.023116342575876303;0.5922908990658687;0.3894735173117675
27486971#0;;0.06124823911312549;18.843564370110307;64.9264628955821;4749.300052954405;0.08133606613941353;1.6443717479988877;0.49068002125757904
815392330#5;;0.017456697196416435;12.302593747668496;66.70382989473453;1180.8813589022802;0.0;0.4565839111954831;0.3535597543713046
815392330#5;;0.017456697196416435;12.302593747668496;66.70382989473453;1180.8813589022802;0.0;0.4565839111954831;0.3535597543713046
-27486971#0;;0.06124448799608035;19.683197151412855;66.00842130344988;4028.016211693833;0.09820148585899126;1.2443245243061911;0.23898262968818887
-27486971#0;;0.06124448799608035;19.683197151412855;66.00842130344988;4028.016211693833;0.09820148585899126;1.2443245243061911;0.23898262968818887
27486971#0;;0.06124823911312549;18.84068706886011;64.46250432285842;3035.398209890407;0.07342525242859566;1.0149552465407776;0.264658297035216
815392330#3;;0.019061430724149044;0.8570777745114849;65.10220208317628;2718.6732642157895;0.10554774366013467;0.9921131320371486;0.41488817217419377
27486971#0;;0.06124823911312549;18.84068706886011;64.46250432285842;3035.398209890407;0.07342525242859566;1.0149552465407776;0.264658297035216
815392330#5;;0.021249285007108484;12.301066869620394;68.76122845086313;5317.2602843357745;0.3127267360123379;1.941658410652555;0.4996865634982043
815392330#5;;0.021249285007108484;12.301066869620394;68.76122845086313;5317.2602843357745;0.3127267360123379;1.941658410652555;0.4996865634982043
-27486971#0;;0.06124448799608035;19.843134581085053;61.73767421765125;0.0;0.0;0.0;0.0
-27486971#0;;0.06124448799608035;19.843134581085053;61.73767421765125;0.0;0.0;0.0;0.0
27486971#0;;0.06124823911312549;18.80958853738204;64.9318257048792;3348.660768587096;0.07996992512351582;1.0858973483945602;0.2500065155895049
815392330#3;;0.07743767689252418;0.8577003777191098;64.1509769689263;1414.097902527717;0.010487050724143542;0.53091423710482;0.3856752640279139
27486971#0;;0.06124823911312549;18.80958853738204;64.9318257048792;3348.660768587096;0.07996992512351582;1.0858973483945602;0.2500065155895049
815392330#5;;0.025044547216590926;12.330196564544913;66.73703307485924;2252.9396617153798;0.06432478143740726;0.8226929421439471;0.3729881243131514
815392330#5;;0.025044547216590926;12.330196564544913;66.73703307485924;2252.9396617153798;0.06432478143740726;0.8226929421439471;0.3729881243131514
-27486971#0;;0.06124448799608035;19.68014429248788;65.98459327533644;6194.800877630794;0.13640611052449927;2.0278212044357673;0.4868391159148806
-27486971#0;;0.06124448799608035;19.68014429248788;65.98459327533644;6194.800877630794;0.13640611052449927;2.0278212044357673;0.4868391159148806
27486971#0;;0.06124823911312549;18.91708173432639;62.329348660084456;0.0;0.0;0.0;0.0
815392330#3;;0.13575175219898356;0.8581579816387944;64.25392629372033;1585.6755678893787;0.022909034814752732;0.5916046034229636;0.3889876991162874
27486971#0;;0.06124823911312549;18.91708173432639;62.329348660084456;0.0;0.0;0.0;0.0
815392330#5;;0.02886706139585208;12.286439043869413;69.58279375822687;8751.800457993722;0.4449885899684579;3.140105385906829;0.8942763357587373
815392330#5;;0.02886706139585208;12.286439043869413;69.58279375822687;8751.800457993722;0.4449885899684579;3.140105385906829;0.8942763357587373
-27486971#0;;0.06124448799608035;19.81906866258748;61.8065223944182;0.0;0.0;0.0;0.0
-27486971#0;;0.06124448799608035;19.81906866258748;61.8065223944182;0.0;0.0;0.0;0.0
27486971#0;;0.06124823911312549;18.81169741852579;65.58380320621677;5527.265003974879;0.11808738346869428;1.869034568864382;0.5025665282404479
815392330#3;;0.19450693218619777;0.8549217820763544;67.65611515352553;5466.774229573352;0.3073682634881135;1.966885353810968;0.4776988032958702
27486971#0;;0.06124823911312549;18.81169741852579;65.58380320621677;5527.265003974879;0.11808738346869428;1.869034568864382;0.5025665282404479
815392330#5;;0.02936340145642471;12.286017610893694;67.74818792692388;4271.838901094812;0.14243535790367312;1.5908408749068523;0.8005741458136099
815392330#5;;0.02936340145642471;12.286017610893694;67.74818792692388;4271.838901094812;0.14243535790367312;1.5908408749068523;0.8005741458136099
-27486971#0;;0.06124448799608035;19.739353545340634;64.69894110345997;4787.820231241068;0.07955502136077887;1.6504906194608786;0.4683378761358915
-27486971#0;;0.06124448799608035;19.739353545340634;64.69894110345997;4787.820231241068;0.07955502136077887;1.6504906194608786;0.4683378761358915
27486971#0;;0.06124823911312549;18.908593223661942;62.47630721787108;0.0;0.0;0.0;0.0
815392330#3;;0.2095557418273261;0.8577808917114838;62.91599900374515;0.0;0.0;0.0;0.0
27486971#0;;0.06124823911312549;18.908593223661942;62.47630721787108;0.0;0.0;0.0;0.0
815392330#5;;0.02936340145642471;12.30003325532691;67.06019170547162;1957.3022094173355;0.04476490537525742;0.7220095078101246;0.36894909143515053
815392330#5;;0.02936340145642471;12.30003325532691;67.06019170547162;1957.3022094173355;0.04476490537525742;0.7220095078101246;0.36894909143515053
-27486971#0;;0.06124448799608035;19.832172315912466;62.44745906787168;1628.2025193026484;0.00731031011118826;0.6192355379478753;0.20970307265066426
-27486971#0;;0.06124448799608035;19.832172315912466;62.44745906787168;1628.2025193026484;0.00731031011118826;0.6192355379478753;0.20970307265066426
27486971#0;;0.06124823911312549;18.876616401302684;64.29388660006332;4080.534637547527;0.05394529722363331;1.463813204316987;0.4815869842643783
815392330#3;;0.2095557418273261;0.855389876191072;66.7591373371824;4575.324599789818;0.24182365377529333;1.6504136168183612;0.45751752025789527
27486971#0;;0.06124823911312549;18.876616401302684;64.29388660006332;4080.534637547527;0.05394529722363331;1.463813204316987;0.4815869842643783
815392330#5;;0.02936340145642471;12.317336453644307;67.12446655311639;2402.4580019589503;0.08822950220046025;0.8841166556938522;0.43027690582783523
815392330#5;;0.02936340145642471;12.317336453644307;67.12446655311639;2402.4580019589503;0.08822950220046025;0.8841166556938522;0.43027690582783523
-27486971#0;;0.06124448799608035;19.76833891842725;64.45857954495735;4489.297597103178;0.06558179492677514;1.564768435121631;0.4634458015945988
-27486971#0;;0.06124448799608035;19.76833891842725;64.45857954495735;4489.297597103178;0.06558179492677514;1.564768435121631;0.4634458015945988
27486971#0;;0.06124823911312549;18.844898710944936;64.71085058130467;3070.9430389273607;0.07499768405345526;1.0249342962198518;0.26506542926587845
815392330#3;;0.2095557418273261;0.8552129154422393;64.78583729588453;2255.2414515073683;0.07223732773928195;0.8284796062867036;0.40661096816468867
27486971#0;;0.06124823911312549;18.844898710944936;64.71085058130467;3070.9430389273607;0.07499768405345526;1.0249342962198518;0.26506542926587845
815392330#5;;0.02936340145642471;12.314909681742495;67.63607243057292;4322.346191099839;0.12522921774760215;1.581963686758561;0.7952102192316786
815392330#5;;0.02936340145642471;12.314909681742495;67.63607243057292;4322.346191099839;0.12522921774760215;1.581963686758561;0.7952102192316786
-27486971#0;;0.06124448799608035;19.738619898953008;64.03053284264149;3968.013464996273;0.04773305686970914;1.4344953665582985;0.45876412308292136
-27486971#0;;0.06124448799608035;19.738619898953008;64.03053284264149;3968.013464996273;0.04773305686970914;1.4344953665582985;0.45876412308292136
27486971#0;;0.06124823911312549;18.9559071301835;62.31680932155519;0.0;0.0;0.0;0.0
815392330#3;;0.2095557418273261;0.8544931557297308;65.23769728910881;2830.340392410681;0.11454281292001123;1.0325206206758588;0.42003136997532897
27486971#0;;0.06124823911312549;18.9559071301835;62.31680932155519;0.0;0.0;0.0;0.0
815392330#5;;0.02936340145642471;12.296465318562138;68.39405893780042;6145.85253164963;0.2647311932897485;2.241146978522398;0.8390237714648243
815392330#5;;0.02936340145642471;12.296465318562138;68.39405893780042;6145.85253164963;0.2647311932897485;2.241146978522398;0.8390237714648243
-27486971#0;;0.06124448799608035;19.7977589328968;62.76403036975162;1344.0916355706634;0.0;0.5390917216388154;0.23447980071444813
-27486971#0;;0.06124448799608035;19.7977589328968;62.76403036975162;1344.0916355706634;0.0;0.5390917216388154;0.23447980071444813
27486971#0;;0.06124823911312549;18.958749453483772;63.748529708539046;3401.0564536478823;0.02403922938872106;1.2745178922413478;0.47049530361899505
815392330#3;;0.2095557418273261;0.8553280671480528;64.06343315970847;1189.881342699145;0.0;0.4510039561368532;0.38303260447736487
27486971#0;;0.06124823911312549;18.958749453483772;63.748529708539046;3401.0564536478823;0.02403922938872106;1.2745178922413478;0.47049530361899505
815392330#5;;0.02936340145642471;12.32285859352225;66.62220529338083;0.0;0.0;0.0;0.0
815392330#5;;0.02936340145642471;12.32285859352225;66.62220529338083;0.0;0.0;0.0;0.0
-27486971#0;;0.06124448799608035;19.715160983025513;64.86373805977561;4880.96021010729;0.08599476120465191;1.68357902056291;0.47083971513104406
-27486971#0;;0.06124448799608035;19.715160983025513;64.86373805977561;4880.96021010729;0.08599476120465191;1.68357902056291;0.47083971513104406
27486971#0;;0.06124823911312549;18.874178680140012;65.12202962585945;5077.92958128319;0.09620940421898708;1.7376391811405658;0.4943788288742592
:258126454_1;;0.04999196062857866;0.7952389307837696;64.53763605696989;1915.5498178393054;0.04734494405578178;0.7081111170784798;0.3988686221564787
27486971#0;;0.06124823911312549;18.874178680140012;65.12202962585945;5077.92958128319;0.09620940421898708;1.7376391811405658;0.4943788288742592
815392330#5;;0.02936340145642471;12.324103730125104;67.55908856585846;2962.461403158551;0.11232505534050874;1.0648178072840122;0.3880006797262557
815392330#5;;0.02936340145642471;12.324103730125104;67.55908856585846;2962.461403158551;0.11232505534050874;1.0648178072840122;0.3880006797262557
-27486971#0;;0.06124448799608035;19.751110890470688;63.061931506569636;2818.195172002086;0.0019329260860426623;1.117928780797547;0.4437084034180816
-27486971#0;;0.06124448799608035;19.751110890470688;63.061931506569636;2818.195172002086;0.0019329260860426623;1.117928780797547;0.4437084034180816
27486971#0;;0.06124823911312549;18.75787054097897;65.69449743761984;5737.084945914114;0.126322720934463;1.9242428828969493;0.5064369285409168
:258126454_1;;0.11274905905464079;0.797568475329793;63.07026101605104;0.0;0.0;0.0;0.0
27486971#0;;0.06124823911312549;18.75787054097897;65.69449743761984;5737.084945914114;0.126322720934463;1.9242428828969493;0.5064369285409168
815392330#5;;0.02936340145642471;12.338645359608392;67.00475569239521;1550.9457814108703;0.02283995017717832;0.5761665449884404;0.4088091495873402
815392330#5;;0.02936340145642471;12.338645359608392;67.00475569239521;1550.9457814108703;0.02283995017717832;0.5761665449884404;0.4088091495873402
-27486971#0;;0.06124448799608035;19.729165775709134;63.86181489737963;3797.37151489163;0.038268588721942276;1.3806863336492725;0.45613734669253236
-27486971#0;;0.06124448799608035;19.729165775709134;63.86181489737963;3797.37151489163;0.038268588721942276;1.3806863336492725;0.45613734669253236
27486971#0;;0.06124823911312549;18.857994796765045;62.460969743294484;0.0;0.0;0.0;0.0
:258126454_1;;0.17586398861473757;0.7952987338444588;66.80654507394861;4626.0957965181815;0.24544074543729874;1.668244175424052;0.4584674579899185
27486971#0;;0.06124823911312549;18.857994796765045;62.460969743294484;0.0;0.0;0.0;0.0
815392330#5;;0.02936340145642471;12.315790676559145;68.51532581274176;6488.044492068124;0.28037706252622896;2.3416860490141858;0.841840200122292
815392330#5;;0.02936340145642471;12.315790676559145;68.51532581274176;6488.044492068124;0.28037706252622896;2.3416860490141858;0.841840200122292
-27486971#0;;0.06124448799608035;19.63607560000686;64.9429255435969;5042.7617850513725;0.09078627978255406;1.721121071340931;0.4741343152378261
-27486971#0;;0.06124448799608035;19.63607560000686;64.9429255435969;5042.7617850513725;0.09078627978255406;1.721121071340931;0.4741343152378261
27486971#0;;0.06124823911312549;18.845979491884385;64.31840100360196;2796.491149803047;0.0570059976737853;0.9356562479100811;0.2427904142379321
:258126454_1;;0.2254283137962128;0.7952531812533224;64.68192538661425;2119.799288497553;0.06227203694438116;0.7804645728252951;0.40334968713572583
27486971#0;;0.06124823911312549;18.845979491884385;64.31840100360196;2796.491149803047;0.0570059976737853;0.9356562479100811;0.2427904142379321
815392330#5;;0.02936340145642471;12.32082369912711;67.6511179271254;3320.194886217805;0.1584125648295045;1.2162772704167226;0.4512981484307894
815392330#5;;0.02936340145642471;12.32082369912711;67.6511179271254;3320.194886217805;0.1584125648295045;1.2162772704167226;0.4512981484307894
-27486971#0;;0.06124448799608035;19.903158871923324;60.41657034742404;0.0;0.0;0.0;0.0
-27486971#0;;0.06124448799608035;19.903158871923324;60.41657034742404;0.0;0.0;0.0;0.0
27486971#0;;0.06124823911312549;18.84510084263731;63.862751174812125;3496.3241249374023;0.02971455131040212;1.3047426451120456;0.4750937738143013
:258126454_1;;0.2254283137962128;0.7954768106412019;64.46260798776842;1815.0445738318392;0.03995718544976868;0.6725182051171571;0.396402572320176
27486971#0;;0.06124823911312549;18.84510084263731;63.862751174812125;3496.3241249374023;0.02971455131040212;1.3047426451120456;0.4750937738143013
815392330#5;;0.02936340145642471;12.325962619102574;67.34037640192552;3556.9910587969525;0.07319408126701593;1.3203918399626628;0.7784696801995123
815392330#5;;0.02936340145642471;12.325962619102574;67.34037640192552;3556.9910587969525;0.07319408126701593;1.3203918399626628;0.7784696801995123
-27486971#0;;0.06124448799608035;19.762096408248567;66.1320448379113;5707.537661501381;0.11014456515970308;1.8774957314634508;0.4770066606047682
-27486971#0;;0.06124448799608035;19.762096408248567;66.1320448379113;5707.537661501381;0.11014456515970308;1.8774957314634508;0.4770066606047682
27486971#0;;0.06124823911312549;18.84309385382359;63.86172162539332;3512.207966694148;0.030011147777968004;1.3079608188077145;0.4752350264943668
:258126454_1;;0.2254283137962128;0.7954418528721561;64.6687044774262;2107.217057786687;0.061309671979563024;0.7759927108030744;0.4028686117804251
27486971#0;;0.06124823911312549;18.84309385382359;63.86172162539332;3512.207966694148;0.030011147777968004;1.3079608188077145;0.4752350264943668
815392330#5;;0.02936340145642471;12.292736067785155;69.29085933290591;7494.854500525584;0.3447778331237762;2.6761291257635547;0.8634793020193906
815392330#5;;0.02936340145642471;12.292736067785155;69.29085933290591;7494.854500525584;0.3447778331237762;2.6761291257635547;0.8634793020193906
-27486971#0;;0.06124448799608035;19.70463009039949;65.11934954861988;3557.642790819694;0.09408306178568021;1.1558095558564192;0.2652077557902739
-27486971#0;;0.06124448799608035;19.70463009039949;65.11934954861988;3557.642790819694;0.09408306178568021;1.1558095558564192;0.2652077557902739
27486971#0;;0.06124823911312549;18.924743566327816;62.67856856531698;0.0;0.0;0.0;0.0
:258126454_1;;0.2254283137962128;0.7949033961857199;65.10742684108472;2678.7125388135155;0.10324235160217146;0.9785656553513868;0.4160433182865558
27486971#0;;0.06124823911312549;18.924743566327816;62.67856856531698;0.0;0.0;0.0;0.0
815392330#5;;0.02936340145642471;12.339549418176027;66.13544763353242;0.0;0.0;0.0;0.0
815392330#5;;0.02936340145642471;12.339549418176027;66.13544763353242;0.0;0.0;0.0;0.0
-27486971#0;;0.06124448799608035;19.881032123190387;61.344225274572565;0.0;0.0;0.0;0.0
-27486971#0;;0.06124448799608035;19.881032123190387;61.344225274572565;0.0;0.0;0.0;0.0
27486971#0;;0.06124823911312549;18.88594306843174;65.62364512703768;3967.4508726004956;0.11521991622523836;1.277797715092861;0.2770298769147144
:258126454_1;;0.2254283137962128;0.7974539651437904;62.964750564881165;0.0;0.0;0.0;0.0
27486971#0;;0.06124823911312549;18.88594306843174;65.62364512703768;3967.4508726004956;0.11521991622523836;1.277797715092861;0.2770298769147144
815392330#5;;0.02936340145642471;12.307450372454586;69.40332823944584;7738.1715708074535;0.3899812994646889;2.8257329365132673;0.8756829218463812
815392330#5;;0.02936340145642471;12.307450372454586;69.40332823944584;7738.1715708074535;0.3899812994646889;2.8257329365132673;0.8756829218463812
-27486971#0;;0.06124448799608035;19.677416942885063;66.69964959485112;6846.812542593865;0.160963000363471;2.1974046746545337;0.4942950481388758
-27486971#0;;0.06124448799608035;19.677416942885063;66.69964959485112;6846.812542593865;0.160963000363471;2.1974046746545337;0.4942950481388758
27486971#0;;0.06124823911312549;18.909192631987487;63.7191591373271;2387.173748417346;0.039611389960596204;0.823643809049686;0.23562065685422057
815392330#4;;0.1390511252231501;0.3091470772718144;64.7105786355145;2221.0796516369587;0.0691680779116232;0.8160806268709943;0.4033450843429456
27486971#0;;0.06124823911312549;18.909192631987487;63.7191591373271;2387.173748417346;0.039611389960596204;0.823643809049686;0.23562065685422057
815392330#5;;0.02936340145642471;12.312198627917857;67.9944923808877;4276.227706505022;0.20174860721796836;1.5143360399849404;0.41620410953888737
815392330#5;;0.02936340145642471;12.312198627917857;67.9944923808877;4276.227706505022;0.20174860721796836;1.5143360399849404;0.41620410953888737
-27486971#0;;0.06124448799608035;19.841970317517927;61.46831692193074;0.0;0.0;0.0;0.0
-27486971#0;;0.06124448799608035;19.841970317517927;61.46831692193074;0.0;0.0;0.0;0.0
27486971#0;;0.06124823911312549;18.822066007322327;65.42039449292872;5194.708793150411;0.10511792821296094;1.7810641112940742;0.4984016037409957
815392330#4;;0.30164970620101605;0.3085370261679425;66.06398245653963;3837.6279610806255;0.18757394028391994;1.3885971283487044;0.44059444555249555
27486971#0;;0.06124823911312549;18.822066007322327;65.42039449292872;5194.708793150411;0.10511792821296094;1.7810641112940742;0.4984016037409957
815392330#5;;0.02936340145642471;12.309134854479643;68.488435469538;4842.358397387885;0.2756091606005086;1.768412435992686;0.4876317307095155
815392330#5;;0.02936340145642471;12.309134854479643;68.488435469538;4842.358397387885;0.2756091606005086;1.768412435992686;0.4876317307095155
-27486971#0;;0.06124448799608035;19.91338024985921;62.642933396529614;1491.8029797557792;0.0035344860098758344;0.5802501945799471;0.23546202339491032
-27486971#0;;0.06124448799608035;19.91338024985921;62.642933396529614;1491.8029797557792;0.0035344860098758344;0.5802501945799471;0.23546202339491032
27486971#0;;0.06124823911312549;18.84819454336415;63.52258856384519;2000.2966685457752;0.023869200807134026;0.7192138755212205;0.2314430896992077
815392330#4;;0.4636928850781622;0.30906664930717725;63.62399690418468;0.0;0.0;0.0;0.0
27486971#0;;0.06124823911312549;18.84819454336415;63.52258856384519;2000.2966685457752;0.023869200807134026;0.7192138755212205;0.2314430896992077
815392330#5;;0.02936340145642471;12.318958426942885;67.57178127052809;3593.3444750196422;0.15528790474301998;1.2806498886217408;0.4017498697465537
815392330#5;;0.02936340145642471;12.318958426942885;67.57178127052809;3593.3444750196422;0.15528790474301998;1.2806498886217408;0.4017498697465537
-27486971#0;;0.06124448799608035;19.69780886680984;66.93353261695668;7026.160175773168;0.16738719834643428;2.2432074051535404;0.4957497945709167
-27486971#0;;0.06124448799608035;19.69780886680984;66.93353261695668;7026.160175773168;0.16738719834643428;2.2432074051535404;0.4957497945709167
27486971#0;;0.06124823911312549;18.834019812803213;64.15821734136306;2466.242984171495;0.043259050298035916;0.8458120247199294;0.23829261519368164
815392330#5;;0.032238438022895326;12.275147985982276;70.41780803962705;9007.902356444334;0.3876645003619376;3.2998070002329007;1.2590065428797304
27486971#0;;0.06124823911312549;18.834019812803213;64.15821734136306;2466.242984171495;0.043259050298035916;0.8458120247199294;0.23829261519368164
815392330#5;;0.032238438022895326;12.275147985982276;70.41780803962705;9007.902356444334;0.3876645003619376;3.2998070002329007;1.2590065428797304
815392330#5;;0.032238438022895326;12.275147985982276;70.41780803962705;9007.902356444334;0.3876645003619376;3.2998070002329007;1.2590065428797304
-27486971#0;;0.06124448799608035;19.87617661302773;61.41478791658339;0.0;0.0;0.0;0.0
-27486971#0;;0.06124448799608035;19.87617661302773;61.41478791658339;0.0;0.0;0.0;0.0
27486971#0;;0.06124823911312549;18.922232331772673;62.58188736179151;0.0;0.0;0.0;0.0
815392330#5;;0.03635774061201884;12.270731577503545;70.34763409087577;5786.88144759732;0.3310482803244324;2.0808013250228607;0.4851111727734586
27486971#0;;0.06124823911312549;18.922232331772673;62.58188736179151;0.0;0.0;0.0;0.0
815392330#5;;0.03635774061201884;12.270731577503545;70.34763409087577;5786.88144759732;0.3310482803244324;2.0808013250228607;0.4851111727734586
815392330#5;;0.03635774061201884;12.270731577503545;70.34763409087577;5786.88144759732;0.3310482803244324;2.0808013250228607;0.4851111727734586
-27486971#0;;0.06124448799608035;19.767213972628383;65.71342121903372;5381.517256073392;0.11062956671272352;1.831783052912245;0.47705622804761894
-27486971#0;;0.06124448799608035;19.767213972628383;65.71342121903372;5381.517256073392;0.11062956671272352;1.831783052912245;0.47705622804761894
27486971#0;;0.06124823911312549;18.879339892913155;64.50778303926634;4306.000430102839;0.06471299164424427;1.5293532968692554;0.4847621094563444
815392330#5;;0.04044343627754971;12.288641183091437;69.55940211401727;4783.770050625904;0.2716379508089859;1.748009946512188;0.4871821094116291
27486971#0;;0.06124823911312549;18.879339892913155;64.50778303926634;4306.000430102839;0.06471299164424427;1.5293532968692554;0.4847621094563444
815392330#5;;0.04044343627754971;12.288641183091437;69.55940211401727;4783.770050625904;0.2716379508089859;1.748009946512188;0.4871821094116291
815392330#5;;0.04044343627754971;12.288641183091437;69.55940211401727;4783.770050625904;0.2716379508089859;1.748009946512188;0.4871821094116291
-27486971#0;;0.06124448799608035;19.81852984277377;63.66961004948634;2810.398285019045;0.05167942433502244;0.9259981863243191;0.22353691750171445
-27486971#0;;0.06124448799608035;19.81852984277377;63.66961004948634;2810.398285019045;0.05167942433502244;0.9259981863243191;0.22353691750171445
27486971#0;;0.06124823911312549;18.817779258000797;64.79484148417481;4644.827980299106;0.07756377873147319;1.617431358804787;0.490206899052867
815392330#5;;0.044045102184637065;12.272981999041136;69.96673192031484;8308.803634916458;0.31697146213140015;3.0072494903967173;1.2380058802787146
27486971#0;;0.06124823911312549;18.817779258000797;64.79484148417481;4644.827980299106;0.07756377873147319;1.617431358804787;0.490206899052867
815392330#5;;0.044045102184637065;12.272981999041136;69.96673192031484;8308.803634916458;0.31697146213140015;3.0072494903967173;1.2380058802787146
815392330#5;;0.044045102184637065;12.272981999041136;69.96673192031484;8308.803634916458;0.31697146213140015;3.0072494903967173;1.2380058802787146
-27486971#0;;0.06124448799608035;19.857178548524377;63.1511994947855;1949.8349982281168;0.023404998753017405;0.7072839862146846;0.24189024657146602
-27486971#0;;0.06124448799608035;19.857178548524377;63.1511994947855;1949.8349982281168;0.023404998753017405;0.7072839862146846;0.24189024657146602
27486971#0;;0.06124823911312549;18.897067973936664;62.71330762922333;0.0;0.0;0.0;0.0
815392330#5;;0.044045102184637065;12.256971379939657;70.2723793968603;7668.127670717036;0.36536574446527625;2.764548524501686;0.8507987196460629
27486971#0;;0.06124823911312549;18.897067973936664;62.71330762922333;0.0;0.0;0.0;0.0
815392330#5;;0.044045102184637065;12.256971379939657;70.2723793968603;7668.127670717036;0.36536574446527625;2.764548524501686;0.8507987196460629
815392330#5;;0.044045102184637065;12.256971379939657;70.2723793968603;7668.127670717036;0.36536574446527625;2.764548524501686;0.8507987196460629
-27486971#0;;0.06124448799608035;19.678722334991377;66.2641427802158;6434.4013863882665;0.14479018516833156;2.0882379947364313;0.4893919739043634
-27486971#0;;0.06124448799608035;19.678722334991377;66.2641427802158;6434.4013863882665;0.14479018516833156;2.0882379947364313;0.4893919739043634
27486971#0;;0.06124823911312549;18.976047193657124;62.681166053175374;0.0;0.0;0.0;0.0
815392330#5;;0.044045102184637065;12.275797430246811;68.87013513761963;3770.0966432072055;0.09273556656068374;1.3916127918665988;0.816777405189647
27486971#0;;0.06124823911312549;18.976047193657124;62.681166053175374;0.0;0.0;0.0;0.0
815392330#5;;0.044045102184637065;12.275797430246811;68.87013513761963;3770.0966432072055;0.09273556656068374;1.3916127918665988;0.816777405189647
815392330#5;;0.044045102184637065;12.275797430246811;68.87013513761963;3770.0966432072055;0.09273556656068374;1.3916127918665988;0.816777405189647
-27486971#0;;0.06124448799608035;19.80680492018584;62.05633750368917;0.0;0.0;0.0;0.0
-27486971#0;;0.06124448799608035;19.80680492018584;62.05633750368917;0.0;0.0;0.0;0.0
27486971#0;;0.06124823911312549;18.942452526139146;64.45787409197115;4138.891572748213;0.05852879608021834;1.4866156987743908;0.48129784415481625
815392330#5;;0.044045102184637065;12.292681269879063;68.824456512766;2435.241916897148;0.07664570937705148;0.8848719428898256;0.37684935738324965
27486971#0;;0.06124823911312549;18.942452526139146;64.45787409197115;4138.891572748213;0.05852879608021834;1.4866156987743908;0.48129784415481625
815392330#5;;0.044045102184637065;12.292681269879063;68.824456512766;2435.241916897148;0.07664570937705148;0.8848719428898256;0.37684935738324965
815392330#5;;0.044045102184637065;12.292681269879063;68.824456512766;2435.241916897148;0.07664570937705148;0.8848719428898256;0.37684935738324965
-27486971#0;;0.06124448799608035;19.805859337733366;64.01852940935187;2840.6522762765503;0.053071326842307254;0.9344638004719102;0.2247154118291884
-27486971#0;;0.06124448799608035;19.805859337733366;64.01852940935187;2840.6522762765503;0.053071326842307254;0.9344638004719102;0.2247154118291884
27486971#0;;0.06124823911312549;18.879407944468454;64.78587374797581;4661.356260442186;0.07801292365513089;1.6216483190450517;0.48876753028343956
815392330#5;;0.044045102184637065;12.28920661638847;69.45014961733105;6660.910977112584;0.20557399702713716;2.4454925191083734;1.2023293185072226
27486971#0;;0.06124823911312549;18.879407944468454;64.78587374797581;4661.356260442186;0.07801292365513089;1.6216483190450517;0.48876753028343956
815392330#5;;0.044045102184637065;12.28920661638847;69.45014961733105;6660.910977112584;0.20557399702713716;2.4454925191083734;1.2023293185072226
815392330#5;;0.044045102184637065;12.28920661638847;69.45014961733105;6660.910977112584;0.20557399702713716;2.4454925191083734;1.2023293185072226
-27486971#0;;0.06124448799608035;19.848903532121838;63.26167361435903;2211.2656227677026;0.03470610455530554;0.7797842891184534;0.2451680755691207
-27486971#0;;0.06124448799608035;19.848903532121838;63.26167361435903;2211.2656227677026;0.03470610455530554;0.7797842891184534;0.2451680755691207
27486971#0;;0.06124823911312549;18.93641245574294;63.01164386580453;1523.955310374841;0.004273901743351155;0.5904021556563408;0.22479091464791623
815392330#5;;0.044045102184637065;12.278523072863507;70.10095250305488;7555.951233547642;0.36826977073161693;2.7417872798024274;0.8697588803932612
27486971#0;;0.06124823911312549;18.93641245574294;63.01164386580453;1523.955310374841;0.004273901743351155;0.5904021556563408;0.22479091464791623
815392330#5;;0.044045102184637065;12.278523072863507;70.10095250305488;7555.951233547642;0.36826977073161693;2.7417872798024274;0.8697588803932612
815392330#5;;0.044045102184637065;12.278523072863507;70.10095250305488;7555.951233547642;0.36826977073161693;2.7417872798024274;0.8697588803932612
-27486971#0;;0.06124448799608035;19.73349441903902;65.30021437796832;5416.992522383956;0.10694334837440912;1.8254316542462736;0.4767197768544996
-27486971#0;;0.06124448799608035;19.73349441903902;65.30021437796832;5416.992522383956;0.10694334837440912;1.8254316542462736;0.4767197768544996
27486971#0;;0.06124823911312549;18.924921824187063;63.98171118299463;3671.1048983221226;0.035374138933164045;1.3481039788039184;0.47476402384022043
815392330#5;;0.044045102184637065;12.270943217198639;70.00412747203393;6998.159472360665;0.3322266162006142;2.5428740559142997;0.8894090921194662
27486971#0;;0.06124823911312549;18.924921824187063;63.98171118299463;3671.1048983221226;0.035374138933164045;1.3481039788039184;0.47476402384022043
815392330#5;;0.044045102184637065;12.270943217198639;70.00412747203393;6998.159472360665;0.3322266162006142;2.5428740559142997;0.8894090921194662
815392330#5;;0.044045102184637065;12.270943217198639;70.00412747203393;6998.159472360665;0.3322266162006142;2.5428740559142997;0.8894090921194662
-27486971#0;;0.06124448799608035;19.765163895150927;63.387008208668554;2336.9480482578665;0.03414806584215552;0.8035837563408342;0.21923607260088737
-27486971#0;;0.06124448799608035;19.765163895150927;63.387008208668554;2336.9480482578665;0.03414806584215552;0.8035837563408342;0.21923607260088737
27486971#0;;0.06124823911312549;18.809503937568003;65.66108572262296;5686.1141693804875;0.12268560764558643;1.906279991702015;0.5040071314799899
815392330#5;;0.044045102184637065;12.264479609349763;69.60169701490985;7105.985043347268;0.23878749496825913;2.603084599136438;1.2155739684166762
27486971#0;;0.06124823911312549;18.809503937568003;65.66108572262296;5686.1141693804875;0.12268560764558643;1.906279991702015;0.5040071314799899
815392330#5;;0.044045102184637065;12.264479609349763;69.60169701490985;7105.985043347268;0.23878749496825913;2.603084599136438;1.2155739684166762
815392330#5;;0.044045102184637065;12.264479609349763;69.60169701490985;7105.985043347268;0.23878749496825913;2.603084599136438;1.2155739684166762
-27486971#0;;0.06124448799608035;19.79846400907194;64.39746259029225;3326.557923313075;0.08397893218193711;1.0914112604035753;0.26218522114124665
-27486971#0;;0.06124448799608035;19.79846400907194;64.39746259029225;3326.557923313075;0.08397893218193711;1.0914112604035753;0.26218522114124665
27486971#0;;0.06124823911312549;18.899177145857056;62.60234435004344;0.0;0.0;0.0;0.0
815392330#5;;0.044045102184637065;12.270789050496242;69.38810267362629;5580.723883662118;0.2128261979438125;2.0163719502068687;0.8241920850297528
27486971#0;;0.06124823911312549;18.899177145857056;62.60234435004344;0.0;0.0;0.0;0.0
815392330#5;;0.044045102184637065;12.270789050496242;69.38810267362629;5580.723883662118;0.2128261979438125;2.0163719502068687;0.8241920850297528
815392330#5;;0.044045102184637065;12.270789050496242;69.38810267362629;5580.723883662118;0.2128261979438125;2.0163719502068687;0.8241920850297528
-27486971#0;;0.06124448799608035;19.663335210270077;66.19016012143629;5624.9291477521065;0.10640015073463711;1.853363120670839;0.47819182388350395
-27486971#0;;0.06124448799608035;19.663335210270077;66.19016012143629;5624.9291477521065;0.10640015073463711;1.853363120670839;0.47819182388350395
27486971#0;;0.06124823911312549;18.85110773510599;64.73970650622421;4431.373111817988;0.07165286165358836;1.5683974390682396;0.48757612629271296
815392330#5;;0.044045102184637065;12.280120686006303;69.17954569272547;4792.35427403183;0.17049636714877686;1.7609741270782067;0.8392096736891219
27486971#0;;0.06124823911312549;18.85110773510599;64.73970650622421;4431.373111817988;0.07165286165358836;1.5683974390682396;0.48757612629271296
815392330#5;;0.044045102184637065;12.280120686006303;69.17954569272547;4792.35427403183;0.17049636714877686;1.7609741270782067;0.8392096736891219
815392330#5;;0.044045102184637065;12.280120686006303;69.17954569272547;4792.35427403183;0.17049636714877686;1.7609741270782067;0.8392096736891219
-27486971#0;;0.06124448799608035;19.67531456725757;63.468759805471834;3261.9259511679825;0.023509093644471773;1.2444588837897208;0.45165061370068627
-27486971#0;;0.06124448799608035;19.67531456725757;63.468759805471834;3261.9259511679825;0.023509093644471773;1.2444588837897208;0.45165061370068627
27486971#0;;0.06124823911312549;18.772221167359298;65.08779222771982;4990.495809257555;0.09277474321391532;1.7136512278495613;0.4959636884048729
815392330#5;;0.044045102184637065;12.287300416378029;69.46412817190344;6377.196567160512;0.2691042394948931;2.3036586620495987;0.8198890854835232
27486971#0;;0.06124823911312549;18.772221167359298;65.08779222771982;4990.495809257555;0.09277474321391532;1.7136512278495613;0.4959636884048729
815392330#5;;0.044045102184637065;12.287300416378029;69.46412817190344;6377.196567160512;0.2691042394948931;2.3036586620495987;0.8198890854835232
815392330#5;;0.044045102184637065;12.287300416378029;69.46412817190344;6377.196567160512;0.2691042394948931;2.3036586620495987;0.8198890854835232
-27486971#0;;0.06124448799608035;19.695885972466424;63.312590712677554;3103.075738327866;0.014320318768260652;1.199321521877283;0.44898037790787804
-27486971#0;;0.06124448799608035;19.695885972466424;63.312590712677554;3103.075738327866;0.014320318768260652;1.199321521877283;0.44898037790787804
27486971#0;;0.06124823911312549;18.92819129652823;61.82669141442254;0.0;0.0;0.0;0.0
815392330#5;;0.044045102184637065;12.280226148117263;69.74389460776919;6175.593716528905;0.2553208580021218;2.2255910452677865;0.8353856402827085
27486971#0;;0.06124823911312549;18.92819129652823;61.82669141442254;0.0;0.0;0.0;0.0
815392330#5;;0.044045102184637065;12.280226148117263;69.74389460776919;6175.593716528905;0.2553208580021218;2.2255910452677865;0.8353856402827085
815392330#5;;0.044045102184637065;12.280226148117263;69.74389460776919;6175.593716528905;0.2553208580021218;2.2255910452677865;0.8353856402827085
-27486971#0;;0.06124448799608035;19.806286816031328;62.16608033873275;1305.8181455339939;0.0;0.5355820777317368;0.20645104231076677
-27486971#0;;0.06124448799608035;19.806286816031328;62.16608033873275;1305.8181455339939;0.0;0.5355820777317368;0.20645104231076677
27486971#0;;0.06124823911312549;18.957550039781076;63.37064988633195;1642.8197917993107;0.009057639524163713;0.6225391443702456;0.22531616712400898
815392330#5;;0.044045102184637065;12.283663654245734;69.72638410836001;6879.07746063174;0.32448629003654395;2.5037261997953912;0.8851713079097285
27486971#0;;0.06124823911312549;18.957550039781076;63.37064988633195;1642.8197917993107;0.009057639524163713;0.6225391443702456;0.22531616712400898
815392330#5;;0.044045102184637065;12.283663654245734;69.72638410836001;6879.07746063174;0.32448629003654395;2.5037261997953912;0.8851713079097285
815392330#5;;0.044045102184637065;12.283663654245734;69.72638410836001;6879.07746063174;0.32448629003654395;2.5037261997953912;0.8851713079097285
-27486971#0;;0.06124448799608035;19.799513427314462;63.82461793484544;2420.2123884287334;0.04403888900271326;0.8382566008102834;0.24909734627062655
-27486971#0;;0.06124448799608035;19.799513427314462;63.82461793484544;2420.2123884287334;0.04403888900271326;0.8382566008102834;0.24909734627062655
27486971#0;;0.06124823911312549;18.863401822258954;65.29658342463824;5256.697589626345;0.1035109735234743;1.785806738359704;0.4968545816937446
815392330#5;;0.044045102184637065;12.285791379971895;69.25753541518569;5840.931530589563;0.14520778557318975;2.1538481062947086;1.184598140349511
27486971#0;;0.06124823911312549;18.863401822258954;65.29658342463824;5256.697589626345;0.1035109735234743;1.785806738359704;0.4968545816937446
815392330#5;;0.044045102184637065;12.285791379971895;69.25753541518569;5840.931530589563;0.14520778557318975;2.1538481062947086;1.184598140349511
815392330#5;;0.044045102184637065;12.285791379971895;69.25753541518569;5840.931530589563;0.14520778557318975;2.1538481062947086;1.184598140349511
-27486971#0;;0.06124448799608035;19.664809075831407;65.5585391817306;5716.295042660003;0.1165304472649836;1.8976225777947797;0.48121148949915166
-27486971#0;;0.06124448799608035;19.664809075831407;65.5585391817306;5716.295042660003;0.1165304472649836;1.8976225777947797;0.48121148949915166
27486971#0;;0.06124823911312549;18.9389125120082;62.77172841270672;1404.4287008953745;0.0;0.5580744956501029;0.2235467440742437
815392330#5;;0.044045102184637065;12.263774269175157;70.48936112554249;8406.03289257619;0.419199478235064;3.0164491936589326;0.8866320227230435
27486971#0;;0.06124823911312549;18.9389125120082;62.77172841270672;1404.4287008953745;0.0;0.5580744956501029;0.2235467440742437
815392330#5;;0.044045102184637065;12.263774269175157;70.48936112554249;8406.03289257619;0.419199478235064;3.0164491936589326;0.8866320227230435
815392330#5;;0.044045102184637065;12.263774269175157;70.48936112554249;8406.03289257619;0.419199478235064;3.0164491936589326;0.8866320227230435
815392349#0;;0.04037467700258398;8.915766738660906;55.9402874701336;1521.0;0.0;0.6117;0.0
-27486971#0;;0.06124448799608035;19.817985075505877;61.77668608016645;0.0;0.0;0.0;0.0
-27486971#0;;0.06124448799608035;19.817985075505877;61.77668608016645;0.0;0.0;0.0;0.0
27486971#0;;0.06124823911312549;18.81894137447966;65.75676720637638;5794.789778180485;0.12893575763478726;1.9410584064862808;0.505649958514792
815392330#5;;0.044045102184637065;12.253005243959024;70.27419115216921;8219.696453036056;0.4272250719321569;2.987834545763706;0.9194525559689637
27486971#0;;0.06124823911312549;18.81894137447966;65.75676720637638;5794.789778180485;0.12893575763478726;1.9410584064862808;0.505649958514792
815392330#5;;0.044045102184637065;12.253005243959024;70.27419115216921;8219.696453036056;0.4272250719321569;2.987834545763706;0.9194525559689637
815392330#5;;0.044045102184637065;12.253005243959024;70.27419115216921;8219.696453036056;0.4272250719321569;2.987834545763706;0.9194525559689637
815392349#0;;0.04037467700258398;8.754841434907263;67.26924725807466;3386.6284061601473;0.00020040520353492596;0.6404389573921327;0.00667848975023891
-27486971#0;;0.06124448799608035;19.801626114814596;64.21085369717615;2883.0306080875416;0.06413844905566926;0.9668598912982377;0.25500269501320344
-27486971#0;;0.06124448799608035;19.801626114814596;64.21085369717615;2883.0306080875416;0.06413844905566926;0.9668598912982377;0.25500269501320344
27486971#0;;0.06124823911312549;19.37962593902346;60.52035035314594;0.0;0.0;0.0;0.0
815392330#5;;0.044045102184637065;12.284826803176081;68.38935245660564;1429.5277769292159;0.008885787364974189;0.5419819834701542;0.3565208214524973
27486971#0;;0.06124823911312549;19.37962593902346;60.52035035314594;0.0;0.0;0.0;0.0
815392330#5;;0.044045102184637065;12.284826803176081;68.38935245660564;1429.5277769292159;0.008885787364974189;0.5419819834701542;0.3565208214524973
815392330#5;;0.044045102184637065;12.284826803176081;68.38935245660564;1429.5277769292159;0.008885787364974189;0.5419819834701542;0.3565208214524973
815392349#0;;0.04037467700258398;8.604477669410217;67.00443233474219;3413.7966448518296;0.0007529777593853576;0.6673052450843495;0.013267604111337095
-27486971#0;;0.06124448799608035;19.87401489859024;62.55842168917242;0.0;0.0;0.0;0.0
-27486971#0;;0.06124448799608035;19.87401489859024;62.55842168917242;0.0;0.0;0.0;0.0
27486971#0;;0.06124823911312549;19.82135847421896;63.142722759318055;2788.5403641102807;0.06203226473641026;0.9446782283777794;0.2603619906271432
815392330#5;;0.044045102184637065;12.276177618342398;70.00132710706872;6356.34483104589;0.2590695688915917;2.2759168604791413;0.8183392758697765
27486971#0;;0.06124823911312549;19.82135847421896;63.142722759318055;2788.5403641102807;0.06203226473641026;0.9446782283777794;0.2603619906271432
815392330#5;;0.044045102184637065;12.276177618342398;70.00132710706872;6356.34483104589;0.2590695688915917;2.2759168604791413;0.8183392758697765
815392330#5;;0.044045102184637065;12.276177618342398;70.00132710706872;6356.34483104589;0.2590695688915917;2.2759168604791413;0.8183392758697765
815392349#0;;0.04037467700258398;8.472861051293844;66.04978742939213;3305.5487895195342;0.0014248950930453054;0.6853692518399466;0.019291810856342878
-27486971#0;;0.06124448799608035;19.764620444711095;65.58234501855691;5372.953766857336;0.10922986211019443;1.8262341687146257;0.47669366723783324
-27486971#0;;0.06124448799608035;19.764620444711095;65.58234501855691;5372.953766857336;0.10922986211019443;1.8262341687146257;0.47669366723783324
27486971#0;;0.06124823911312549;20.443311708297127;60.313594264068186;0.0;0.0;0.0;0.0
815392330#5;;0.044045102184637065;12.267933656355744;70.7649721726143;8440.380436980715;0.4517401580204385;3.0856044723486233;0.925272121834535
27486971#0;;0.06124823911312549;20.443311708297127;60.313594264068186;0.0;0.0;0.0;0.0
815392330#5;;0.044045102184637065;12.267933656355744;70.7649721726143;8440.380436980715;0.4517401580204385;3.0856044723486233;0.925272121834535
815392330#5;;0.044045102184637065;12.267933656355744;70.7649721726143;8440.380436980715;0.4517401580204385;3.0856044723486233;0.925272121834535
815392349#0;;0.04037467700258398;8.351817408771613;65.61399766345158;3277.8156059406024;0.002257440548471145;0.7030320430621527;0.025069881791464913
-27486971#0;;0.06124448799608035;19.836306428489376;63.03032214753123;2277.1950627894457;0.03155705379474102;0.7873873535593147;0.21689055324743717
-27486971#0;;0.06124448799608035;19.836306428489376;63.03032214753123;2277.1950627894457;0.03155705379474102;0.7873873535593147;0.21689055324743717
27486971#0;;0.06124823911312549;20.894009100300064;64.06338705982611;3459.510337638277;0.09245800104788848;1.1345972746907242;0.2703011998843658
815392330#5;;0.044045102184637065;12.28810541865322;68.69946426809744;1491.12564365229;0.018613733883336155;0.5539993891508884;0.41041642559512426
27486971#0;;0.06124823911312549;20.894009100300064;64.06338705982611;3459.510337638277;0.09245800104788848;1.1345972746907242;0.2703011998843658
815392330#5;;0.044045102184637065;12.28810541865322;68.69946426809744;1491.12564365229;0.018613733883336155;0.5539993891508884;0.41041642559512426
815392330#5;;0.044045102184637065;12.28810541865322;68.69946426809744;1491.12564365229;0.018613733883336155;0.5539993891508884;0.41041642559512426
815392349#0;;0.04037467700258398;8.238664562215776;65.3323271290528;3271.7116122735133;0.003221728822292906;0.719889872327637;0.030684412705037967
-27486971#0;;0.06124448799608035;19.65713122591979;66.27007515008508;6501.72117819383;0.1506930671362219;2.1158977109729005;0.4916785891667138
-27486971#0;;0.06124448799608035;19.65713122591979;66.27007515008508;6501.72117819383;0.1506930671362219;2.1158977109729005;0.4916785891667138
27486971#0;;0.06124823911312549;21.57887565012309;59.92146857606685;0.0;0.0;0.0;0.0
815392330#5;;0.044045102184637065;12.288825031514175;69.83546302422644;6813.410969957854;0.305984767483254;2.4699909065938925;0.8304060822371057
27486971#0;;0.06124823911312549;21.57887565012309;59.92146857606685;0.0;0.0;0.0;0.0
815392330#5;;0.044045102184637065;12.288825031514175;69.83546302422644;6813.410969957854;0.305984767483254;2.4699909065938925;0.8304060822371057
815392330#5;;0.044045102184637065;12.288825031514175;69.83546302422644;6813.410969957854;0.305984767483254;2.4699909065938925;0.8304060822371057
815392349#0;;0.04037467700258398;8.114209195569433;66.60450260214861;3579.341915279494;0.005272516311018855;0.7609367732572946;0.037341505065583536
-27486971#0;;0.06124448799608035;19.708083414656972;62.921310628571014;1715.8582246261476;0.010758506295751726;0.641991887031888;0.21257326162370788
-27486971#0;;0.06124448799608035;19.708083414656972;62.921310628571014;1715.8582246261476;0.010758506295751726;0.641991887031888;0.21257326162370788
27486971#0;;0.06124823911312549;21.238985015385502;70.4627277930382;7416.650210818691;0.13577844252916157;2.1920439692725138;0.45255991543217716
815392330#5;;0.044045102184637065;12.265870027162613;71.00986313941596;10030.937554891258;0.5483596446398579;3.6153641167469774;0.9259149098230259
27486971#0;;0.06124823911312549;21.238985015385502;70.4627277930382;7416.650210818691;0.13577844252916157;2.1920439692725138;0.45255991543217716
815392330#5;;0.044045102184637065;12.265870027162613;71.00986313941596;10030.937554891258;0.5483596446398579;3.6153641167469774;0.9259149098230259
815392330#5;;0.044045102184637065;12.265870027162613;71.00986313941596;10030.937554891258;0.5483596446398579;3.6153641167469774;0.9259149098230259
815392349#0;;0.04037467700258398;8.01806794774484;64.58500200512958;3210.0170561249142;0.005399862349870513;0.7474538304217363;0.042182759239548014
-27486971#0;;0.06124448799608035;19.8690056365782;61.72383343845091;0.0;0.0;0.0;0.0
-27486971#0;;0.06124448799608035;19.8690056365782;61.72383343845091;0.0;0.0;0.0;0.0
27486971#0;;0.06124823911312549;20.89013225865409;70.61192810017397;7858.3609601983835;0.15921435068365736;2.3355527720704456;0.4672332310513301
815392330#5;;0.044045102184637065;12.264939418406554;69.53013477028578;5452.041642586784;0.21728850258833463;1.9908542341393214;0.8546336007261344
27486971#0;;0.06124823911312549;20.89013225865409;70.61192810017397;7858.3609601983835;0.15921435068365736;2.3355527720704456;0.4672332310513301
815392330#5;;0.044045102184637065;12.264939418406554;69.53013477028578;5452.041642586784;0.21728850258833463;1.9908542341393214;0.8546336007261344
815392330#5;;0.044045102184637065;12.264939418406554;69.53013477028578;5452.041642586784;0.21728850258833463;1.9908542341393214;0.8546336007261344
815392349#0;;0.04037467700258398;7.898366951152792;66.92179878869625;3757.266464151408;0.009128886347013825;0.8141584834549084;0.04946076248152264
-27486971#0;;0.06124448799608035;19.731651573657498;65.57264119585687;5761.832525479956;0.11945532795160409;1.9136067382215436;0.48053131067070187
-27486971#0;;0.06124448799608035;19.731651573657498;65.57264119585687;5761.832525479956;0.11945532795160409;1.9136067382215436;0.48053131067070187
27486971#0;;0.06124823911312549;20.517980056762678;70.81683352233995;8565.922738014535;0.1969555183439065;2.5546145146836747;0.4863984520625425
815392330#5;;0.044045102184637065;12.277466421947437;68.96997590092701;3295.0799780395473;0.06954763486724805;1.2285380518917253;0.806526405320066
27486971#0;;0.06124823911312549;20.517980056762678;70.81683352233995;8565.922738014535;0.1969555183439065;2.5546145146836747;0.4863984520625425
815392330#5;;0.044045102184637065;12.277466421947437;68.96997590092701;3295.0799780395473;0.06954763486724805;1.2285380518917253;0.806526405320066
815392330#5;;0.044045102184637065;12.277466421947437;68.96997590092701;3295.0799780395473;0.06954763486724805;1.2285380518917253;0.806526405320066
815392349#0;;0.04037467700258398;7.810201371241241;64.48362695842219;3267.4578224395136;0.008386636022111173;0.7817685093428148;0.053899964318315126
-27486971#0;;0.06124448799608035;19.794213528927855;63.04252279585626;2198.473310484229;0.028879358009658972;0.7674713247283204;0.21741770198489133
-27486971#0;;0.06124448799608035;19.794213528927855;63.04252279585626;2198.473310484229;0.028879358009658972;0.7674713247283204;0.21741770198489133
27486971#0;;0.06124823911312549;20.21480520871443;70.76719503315648;7731.075900407783;0.17146753486123686;2.34066383130605;0.48370254034466603
815392330#5;;0.044045102184637065;12.31630201462871;68.41854078046632;2794.367961710385;0.10105275246796672;1.0075609890155337;0.38479840806247606
27486971#0;;0.06124823911312549;20.21480520871443;70.76719503315648;7731.075900407783;0.17146753486123686;2.34066383130605;0.48370254034466603
815392330#5;;0.044045102184637065;12.31630201462871;68.41854078046632;2794.367961710385;0.10105275246796672;1.0075609890155337;0.38479840806247606
815392330#5;;0.044045102184637065;12.31630201462871;68.41854078046632;2794.367961710385;0.10105275246796672;1.0075609890155337;0.38479840806247606
815392349#0;;0.04037467700258398;7.729612739936925;64.037177264364;3197.1862299322524;0.009234439857134203;0.785599439654086;0.05851708374930186
-27486971#0;;0.06124448799608035;19.841890501848034;63.35909805333675;2386.9294123230534;0.04243935725703735;0.8287361914272027;0.24800879684326202
-27486971#0;;0.06124448799608035;19.841890501848034;63.35909805333675;2386.9294123230534;0.04243935725703735;0.8287361914272027;0.24800879684326202
:11876446088_1;;0.5876023739155171;0.1574493460846652;53.69285507275099;0.0;0.0;0.0;0.0
815392330#5;;0.044045102184637065;12.285774684050388;70.5219553523959;10576.744434304648;0.49153494788890956;3.8314895303032346;1.2888972906682044
27486971#0;;0.05728938193601354;18.366683585552046;59.9724025471626;0.0;0.0;0.0;0.0
815392330#5;;0.044045102184637065;12.285774684050388;70.5219553523959;10576.744434304648;0.49153494788890956;3.8314895303032346;1.2888972906682044
815392330#5;;0.044045102184637065;12.285774684050388;70.5219553523959;10576.744434304648;0.49153494788890956;3.8314895303032346;1.2888972906682044
815392349#0;;0.04037467700258398;7.639380069514285;65.16329714838697;3490.977253842271;0.012517328871836897;0.8307261269542937;0.06450668167644642
-27486971#0;;0.06124448799608035;19.81803361793791;63.859846010711706;3822.708993916789;0.03906883885662693;1.3873897397761967;0.45431662572724923
-27486971#0;;0.06124448799608035;19.81803361793791;63.859846010711706;3822.708993916789;0.03906883885662693;1.3873897397761967;0.45431662572724923
27486971#1;;1.0000000000000009;0.03059800486626645;51.72374884381364;0.0;0.0;0.0;0.0
815392330#5;;0.044045102184637065;12.30224944383789;68.84828489540945;3868.691417248595;0.08910375657024647;1.4237501728307111;0.7637493143110268
27486971#0;;0.05328596802841911;18.208745737546288;63.697198982127546;3412.1218451998434;0.08988392819521081;1.1202153306604323;0.26857869076847424
815392330#5;;0.044045102184637065;12.30224944383789;68.84828489540945;3868.691417248595;0.08910375657024647;1.4237501728307111;0.7637493143110268
815392330#5;;0.044045102184637065;12.30224944383789;68.84828489540945;3868.691417248595;0.08910375657024647;1.4237501728307111;0.7637493143110268
815392349#0;;0.04037467700258398;7.538144601998996;66.50058452070992;3856.2279722869894;0.01721081769422435;0.8906271227268284;0.07168385923369228
-27486971#0;;0.06124448799608035;19.814526747113565;63.84639469793231;2597.657523452679;0.0438547400906534;0.8711352085892443;0.22171765808560162
-27486971#0;;0.06124448799608035;19.814526747113565;63.84639469793231;2597.657523452679;0.0438547400906534;0.8711352085892443;0.22171765808560162
:251674120_5;;0.07665458295880744;1.3045534414261688;50.86920750990282;0.0;0.0;0.0;0.0
815392330#5;;0.044045102184637065;12.287304918921318;69.93491550108826;8361.353359864488;0.3326439573040162;3.0539641483330358;1.240836108341123
27486971#0;;0.049558171196833846;18.33409086517701;59.221343977571586;0.0;0.0;0.0;0.0
815392330#5;;0.044045102184637065;12.287304918921318;69.93491550108826;8361.353359864488;0.3326439573040162;3.0539641483330358;1.240836108341123
815392330#5;;0.044045102184637065;12.287304918921318;69.93491550108826;8361.353359864488;0.3326439573040162;3.0539641483330358;1.240836108341123
815392349#0;;0.04037467700258398;7.457973850044622;64.76946548950272;3473.288830321116;0.016074395197171368;0.8563305306205046;0.07602519351326768
-27486971#0;;0.06124448799608035;19.6729277253798;66.39937640469911;5967.489336365996;0.1356133534028905;1.9925034947119395;0.48677129967867905
-27486971#0;;0.06124448799608035;19.6729277253798;66.39937640469911;5967.489336365996;0.1356133534028905;1.9925034947119395;0.48677129967867905
:251674120_5;;0.15335351277586967;1.3037991565008034;59.16410987173654;1700.3937703143572;0.006384892078018315;0.6369522459169248;0.1639863569152893
815392330#5;;0.044045102184637065;12.301036736670962;68.93658390829943;2403.659001849138;0.08821320840983707;0.8844852401480159;0.4298823008822556
27486971#0;;0.045828217728667756;18.14905713592522;64.22955300211281;3714.160265029686;0.1038406351405112;1.2063236699743767;0.27360542045663316
815392330#5;;0.044045102184637065;12.301036736670962;68.93658390829943;2403.659001849138;0.08821320840983707;0.8844852401480159;0.4298823008822556
815392330#5;;0.044045102184637065;12.301036736670962;68.93658390829943;2403.659001849138;0.08821320840983707;0.8844852401480159;0.4298823008822556
815392349#0;;0.04037467700258398;7.380722862655373;64.71841793374122;3492.0568149500905;0.01794803340653771;0.8704115121455025;0.08120586489621695
-27486971#0;;0.06124448799608035;19.73168150431508;62.76948188668645;1393.9606612943085;0.0;0.5584103819231769;0.20763821251994982
-27486971#0;;0.06124448799608035;19.73168150431508;62.76948188668645;1393.9606612943085;0.0;0.5584103819231769;0.20763821251994982
:251674120_5;;0.23095089068997518;1.288703338799572;61.87441103290869;2816.31831033233;0.03753658635647362;0.8890574519154427;0.17531671038422084
815392330#5;;0.044045102184637065;12.324426131632583;68.58204591850743;2501.929198448155;0.0034405342643549636;0.9421939595781887;0.7814328975897948
27486971#0;;0.0420545717395822;18.287929825211055;59.06465433527639;0.0;0.0;0.0;0.0
815392330#5;;0.044045102184637065;12.324426131632583;68.58204591850743;2501.929198448155;0.0034405342643549636;0.9421939595781887;0.7814328975897948
815392330#5;;0.044045102184637065;12.324426131632583;68.58204591850743;2501.929198448155;0.0034405342643549636;0.9421939595781887;0.7814328975897948
815392349#0;;0.04037467700258398;7.284571130751648;66.89826600900821;4098.82569756612;0.026394529350382404;0.97064378672443;0.0896425152897308
-27486971#0;;0.06124448799608035;19.748864630023494;63.43953994248597;2191.68365334144;0.028634482366767026;0.7657253494070496;0.21739907026788993
-27486971#0;;0.06124448799608035;19.748864630023494;63.43953994248597;2191.68365334144;0.028634482366767026;0.7657253494070496;0.21739907026788993
:251674120_5;;0.3078925121945392;1.2996866721098184;57.169224653362775;0.0;0.0;0.0;0.0
815392330#5;;0.044045102184637065;12.308145176834921;70.05014568910107;8606.406632237919;0.35494963968275306;3.1518650283535568;1.2448629685408032
27486971#0;;0.038312815907241705;18.1765265800207;62.88767006166928;2931.123305268573;0.06851857376793268;0.9850644788915918;0.2625879999158973
815392330#5;;0.044045102184637065;12.308145176834921;70.05014568910107;8606.406632237919;0.35494963968275306;3.1518650283535568;1.2448629685408032
815392330#5;;0.044045102184637065;12.308145176834921;70.05014568910107;8606.406632237919;0.35494963968275306;3.1518650283535568;1.2448629685408032
815392349#0;;0.04037467700258398;7.189336297724785;67.15430853293479;4224.110601447685;0.03090691714838965;1.0079584195003224;0.09700522360993459
-27486971#0;;0.06124448799608035;19.87142003226994;62.33663207581252;1666.6364177740252;0.011175034162221036;0.6286926768069769;0.23864448835103239
-27486971#0;;0.06124448799608035;19.87142003226994;62.33663207581252;1666.6364177740252;0.011175034162221036;0.6286926768069769;0.23864448835103239
:251674120_5;;0.38543427820854625;1.2896275793091443;60.919886489011084;2426.9512302185803;0.026687386064158734;0.801038820504698;0.17192866996888898
815392330#5;;0.044045102184637065;12.327471391016283;68.68217300736671;1817.950367700664;0.03507700515045576;0.6744182686985273;0.3644867365244282
27486971#0;;0.03454187438613425;18.27138195932667;59.633011775465256;0.0;0.0;0.0;0.0
815392330#5;;0.044045102184637065;12.327471391016283;68.68217300736671;1817.950367700664;0.03507700515045576;0.6744182686985273;0.3644867365244282
815392330#5;;0.044045102184637065;12.327471391016283;68.68217300736671;1817.950367700664;0.03507700515045576;0.6744182686985273;0.3644867365244282
815392349#0;;0.04037467700258398;7.092675014999379;67.67011319678238;4427.188783150359;0.036938612456487024;1.0594362631794243;0.10509278141887175
-27486971#0;;0.06124448799608035;19.737575220669243;65.99012439281518;5595.505452991894;0.10579515175458992;1.847765954466734;0.47627033203916774
-27486971#0;;0.06124448799608035;19.737575220669243;65.99012439281518;5595.505452991894;0.10579515175458992;1.847765954466734;0.47627033203916774
:251674120_5;;0.46170033501252633;1.3111992961301413;55.53809082993146;0.0;0.0;0.0;0.0
815392330#5;;0.044045102184637065;12.326647060371664;69.7546489508835;4596.351300651793;0.25733275837223046;1.6801849544635257;0.4830140077642763
27486971#0;;0.0308329720095581;18.27028918128208;61.02146748991081;1757.3933705574095;0.015727971581994748;0.6540793912189287;0.24540230192141918
815392330#5;;0.044045102184637065;12.326647060371664;69.7546489508835;4596.351300651793;0.25733275837223046;1.6801849544635257;0.4830140077642763
815392330#5;;0.044045102184637065;12.326647060371664;69.7546489508835;4596.351300651793;0.25733275837223046;1.6801849544635257;0.4830140077642763
815392349#0;;0.04037467700258398;6.9913927793744985;68.57175169293967;4753.804923004543;0.045632144331867984;1.1351542643837291;0.11448202868114395
-27486971#0;;0.06124448799608035;19.743250975465713;63.470496114367485;3332.1808434493514;0.01956168376088023;1.2562323135527906;0.45016682523471496
-27486971#0;;0.06124448799608035;19.743250975465713;63.470496114367485;3332.1808434493514;0.01956168376088023;1.2562323135527906;0.45016682523471496
:251674120_5;;0.5379600174717782;1.3113088958039318;58.98928709500061;1633.7992934853528;0.004509924782830397;0.6220409553330319;0.162469446081035
815392330#5;;0.044045102184637065;12.33571098331748;69.48666854039422;5654.641269492958;0.21103359321017828;2.0259742818870925;0.8236541472337003
27486971#0;;0.030624119556562746;18.236436715293756;61.55283166133991;2104.3745278374245;0.031282466145702986;0.7517504616103619;0.25054986503711973
815392330#5;;0.044045102184637065;12.33571098331748;69.48666854039422;5654.641269492958;0.21103359321017828;2.0259742818870925;0.8236541472337003
815392330#5;;0.044045102184637065;12.33571098331748;69.48666854039422;5654.641269492958;0.21103359321017828;2.0259742818870925;0.8236541472337003
815392349#0;;0.04037467700258398;6.892280248009049;68.75573962685372;4885.040185434485;0.052360893164023974;1.1815940552258188;0.1233419824256833
-27486971#0;;0.06124448799608035;19.770431754614012;64.64110495037885;3500.571170586916;0.09182557600270838;1.1404609334548452;0.26502138286588584
-27486971#0;;0.06124448799608035;19.770431754614012;64.64110495037885;3500.571170586916;0.09182557600270838;1.1404609334548452;0.26502138286588584
:251674120_5;;0.6143258284466834;1.3094865192076763;59.333618598749126;1779.169790706634;0.008476639796962598;0.6545425676459694;0.16389413042763237
815392330#5;;0.044045102184637065;12.344839233020926;69.14059884215096;5306.280985077343;0.19051907015245473;1.927168688259988;0.7881514859437337
27486971#0;;0.030624119556562746;18.286441967201387;60.251840194877886;0.0;0.0;0.0;0.0
815392330#5;;0.044045102184637065;12.344839233020926;69.14059884215096;5306.280985077343;0.19051907015245473;1.927168688259988;0.7881514859437337
815392330#5;;0.044045102184637065;12.344839233020926;69.14059884215096;5306.280985077343;0.19051907015245473;1.927168688259988;0.7881514859437337
815392349#0;;0.04037467700258398;6.804989200072764;67.79280046999402;4662.517728250718;0.053130648127032915;1.1635849630537054;0.1297698675110015
-27486971#0;;0.06124448799608035;19.708327171468763;65.2273196946357;3618.071129521871;0.08251051966128176;1.1370314326154134;0.23388667161408597
-27486971#0;;0.06124448799608035;19.708327171468763;65.2273196946357;3618.071129521871;0.08251051966128176;1.1370314326154134;0.23388667161408597
:251674120_5;;0.6297229219143576;1.2888943412675602;62.920286260760506;3235.4020867343966;0.04917332689682128;0.9836776881200782;0.17879633947386342
815392330#5;;0.044045102184637065;12.31246201230952;70.82322516009063;10802.596941737134;0.5062382786351882;3.9091057296686906;1.2898484250819917
27486971#0;;0.030624119556562746;18.30265711152623;60.74550329431155;1575.08979360177;0.007568243110769685;0.6028598752869879;0.24250374491633278
815392330#5;;0.044045102184637065;12.31246201230952;70.82322516009063;10802.596941737134;0.5062382786351882;3.9091057296686906;1.2898484250819917
815392330#5;;0.044045102184637065;12.31246201230952;70.82322516009063;10802.596941737134;0.5062382786351882;3.9091057296686906;1.2898484250819917
815392349#0;;0.04037467700258398;6.742070623395438;65.22536687465065;3906.771094461152;0.04285392113622921;1.0394734492326794;0.13124817384138346
-27486971#0;;0.06124448799608035;19.828652041043476;62.602408730595144;1978.0879488957253;0.02487381813084047;0.7153908917107146;0.24386129378727783
-27486971#0;;0.06124448799608035;19.828652041043476;62.602408730595144;1978.0879488957253;0.02487381813084047;0.7153908917107146;0.24386129378727783
:251674120_5;;0.6297229219143576;1.3022510827780003;56.784258504782585;0.0;0.0;0.0;0.0
815392330#5;;0.044045102184637065;12.354702584795987;68.07126862059884;0.0;0.0;0.0;0.0
27486971#0;;0.030624119556562746;18.206148162901453;62.61381522767763;2768.450155990111;0.061087537120347035;0.9389273585749821;0.25994195349199317
815392330#5;;0.044045102184637065;12.354702584795987;68.07126862059884;0.0;0.0;0.0;0.0
815392330#5;;0.044045102184637065;12.354702584795987;68.07126862059884;0.0;0.0;0.0;0.0
815392349#0;;0.04037467700258398;6.6610473553389316;67.65291630712878;4721.288203837882;0.061582689027632434;1.2078405541402981;0.14291508072141115
-27486971#0;;0.06124448799608035;19.789807104724318;65.22976571034383;3735.02347801369;0.08682536862183184;1.1672044442216833;0.23500226279678688
-27486971#0;;0.06124448799608035;19.789807104724318;65.22976571034383;3735.02347801369;0.08682536862183184;1.1672044442216833;0.23500226279678688
:251674120_5;;0.6297229219143576;1.286202057371394;62.07373659528537;2896.1229916929883;0.039864739225683225;0.9074197157197288;0.1763452590513927
815392330#5;;0.044045102184637065;12.364632958809612;69.44278302456031;6379.228942321997;0.28163159528212733;2.324256666199099;0.8422792168698314
27486971#0;;0.030624119556562746;18.35409631776841;58.93857643216353;0.0;0.0;0.0;0.0
815392330#5;;0.044045102184637065;12.364632958809612;69.44278302456031;6379.228942321997;0.28163159528212733;2.324256666199099;0.8422792168698314
815392330#5;;0.044045102184637065;12.364632958809612;69.44278302456031;6379.228942321997;0.28163159528212733;2.324256666199099;0.8422792168698314
815392349#0;;0.04037467700258398;6.608703991750718;64.41606830093413;3698.7852578913685;0.0440465192020317;1.0221457897734174;0.14161180062954146
-27486971#0;;0.06124448799608035;19.764259845942824;64.05504871705295;3914.873053781261;0.047523555321862886;1.424027027319434;0.4578726277094262
-27486971#0;;0.06124448799608035;19.764259845942824;64.05504871705295;3914.873053781261;0.047523555321862886;1.424027027319434;0.4578726277094262
:251674120_5;;0.6297229219143576;1.294700317700395;57.586642479801384;0.0;0.0;0.0;0.0
815392330#5;;0.044045102184637065;12.332429731502904;70.68496789395071;10827.789324776566;0.5131033586114365;3.930317140673634;1.2893525976244642
27486971#0;;0.030624119556562746;18.122203902184694;65.12536537719666;4216.447961406421;0.12664751929668816;1.3486479014220154;0.2808463440021207
815392330#5;;0.044045102184637065;12.332429731502904;70.68496789395071;10827.789324776566;0.5131033586114365;3.930317140673634;1.2893525976244642
815392330#5;;0.044045102184637065;12.332429731502904;70.68496789395071;10827.789324776566;0.5131033586114365;3.930317140673634;1.2893525976244642
815392349#0;;0.04037467700258398;6.5492702261128315;65.47599998170158;4074.424732982528;0.054185099770301226;1.1057380933467638;0.1492651938002317
-27486971#0;;0.06124448799608035;19.817410321916604;62.8354814742248;1572.6343119850624;0.005278738055904959;0.6047736097169581;0.2098522769216405
-27486971#0;;0.06124448799608035;19.817410321916604;62.8354814742248;1572.6343119850624;0.005278738055904959;0.6047736097169581;0.2098522769216405
56229470#0;;3.353933673933606e-05;2.0988595890245167;56.8894397322743;0.0;0.0;0.0;0.0
815392330#5;;0.044045102184637065;12.372043006657332;68.30775127673513;1643.4670099577875;0.030305264566932562;0.6092111110627194;0.41395889793257673
27486971#0;;0.030624119556562746;18.109829401965527;61.2570509628053;1882.9261127303864;0.02163742735504924;0.6896152259450644;0.24939295320328767
815392330#5;;0.044045102184637065;12.372043006657332;68.30775127673513;1643.4670099577875;0.030305264566932562;0.6092111110627194;0.41395889793257673
815392330#5;;0.044045102184637065;12.372043006657332;68.30775127673513;1643.4670099577875;0.030305264566932562;0.6092111110627194;0.41395889793257673
815392349#0;;0.04037467700258398;6.472545632008839;67.91897388379633;4946.804652179551;0.07713774587142364;1.297502248817272;0.16225081540583047
-27486971#0;;0.06124448799608035;19.767963180935908;65.71490595865107;4112.309038257233;0.11868182969440388;1.311232847856254;0.27314048479240216
-27486971#0;;0.06124448799608035;19.767963180935908;65.71490595865107;4112.309038257233;0.11868182969440388;1.311232847856254;0.27314048479240216
56229470#0;;0.014937201976328853;2.080991323492871;66.09722169128504;4486.871456521635;0.085537137222885;1.2717215676627402;0.1920523442191291
815392330#5;;0.044045102184637065;12.36527856494392;69.51910119797698;7001.479346500986;0.22149186807116197;2.5494924223903417;1.1972917045556857
27486971#0;;0.030624119556562746;18.31565067699328;58.295857457579075;0.0;0.0;0.0;0.0
815392330#5;;0.044045102184637065;12.36527856494392;69.51910119797698;7001.479346500986;0.22149186807116197;2.5494924223903417;1.1972917045556857
815392330#5;;0.044045102184637065;12.36527856494392;69.51910119797698;7001.479346500986;0.22149186807116197;2.5494924223903417;1.1972917045556857
815392349#0;;0.04037467700258398;6.404473257459958;67.10718728308959;4713.61570990391;0.07595665987131829;1.2656060763619867;0.1674148733494753
-27486971#0;;0.06124448799608035;19.69476939250917;64.6967380733148;4631.3681373962745;0.06983467103897328;1.5977266759157787;0.46645237192025724
-27486971#0;;0.06124448799608035;19.69476939250917;64.6967380733148;4631.3681373962745;0.06983467103897328;1.5977266759157787;0.46645237192025724
56229470#0;;0.030442813307480384;2.0552462808666347;69.68980373421886;5945.062473386977;0.13380931882492586;1.6279407058049276;0.21349304426811522
815392330#5;;0.044045102184637065;12.345047976747395;70.04684557372403;9006.222608541204;0.37307302295787304;3.269910254567379;1.2455471445395556
27486971#0;;0.030624119556562746;18.139947398467513;64.06366952936546;3618.8199923126926;0.09962147420777058;1.179568922267129;0.27246092819649226
815392330#5;;0.044045102184637065;12.345047976747395;70.04684557372403;9006.222608541204;0.37307302295787304;3.269910254567379;1.2455471445395556
815392330#5;;0.044045102184637065;12.345047976747395;70.04684557372403;9006.222608541204;0.37307302295787304;3.269910254567379;1.2455471445395556
815392349#0;;0.04037467700258398;6.356468388971372;64.70851156074463;3883.1736485619285;0.05862833177473882;1.1001584253460135;0.1661655033185527
-27486971#0;;0.06124448799608035;19.856336365631808;61.70195021752847;0.0;0.0;0.0;0.0
-27486971#0;;0.06124448799608035;19.856336365631808;61.70195021752847;0.0;0.0;0.0;0.0
56229470#0;;0.046431503281142386;2.035041461595119;67.63361908110308;5177.089475795064;0.11560197391028874;1.4641932516036413;0.21355934558347736
815392330#5;;0.044045102184637065;12.356148037356128;69.14293362291971;3599.843060753242;0.1648304645236005;1.2966607366656455;0.4228840924083101
27486971#0;;0.030624119556562746;18.253451507452763;59.39259265774932;0.0;0.0;0.0;0.0
815392330#5;;0.044045102184637065;12.356148037356128;69.14293362291971;3599.843060753242;0.1648304645236005;1.2966607366656455;0.4228840924083101
815392330#5;;0.044045102184637065;12.356148037356128;69.14293362291971;3599.843060753242;0.1648304645236005;1.2966607366656455;0.4228840924083101
815392349#0;;0.04037467700258398;6.297734189195053;66.32024662381896;4495.273297102673;0.07692312934208115;1.2426377710671048;0.17662063547778248
-27486971#0;;0.06124448799608035;19.789251310914537;64.96636666595231;4659.642699635529;0.08429987177673359;1.6341688577323614;0.4673578283173365
-27486971#0;;0.06124448799608035;19.789251310914537;64.96636666595231;4659.642699635529;0.08429987177673359;1.6341688577323614;0.4673578283173365
56229470#0;;0.06273104890448723;2.02224863310843;64.64441806894152;3958.272900781339;0.07981377725329163;1.1807473048591515;0.20635708279351403
815392330#5;;0.044045102184637065;12.387628473711054;68.41419038074265;2030.6913814618008;0.049550653958080004;0.7470145505980611;0.36949473263941146
27486971#0;;0.030624119556562746;18.25981448333041;60.9101026911967;1678.9606015334423;0.012245768872152315;0.6320249943679476;0.24449668847326345
815392330#5;;0.044045102184637065;12.387628473711054;68.41419038074265;2030.6913814618008;0.049550653958080004;0.7470145505980611;0.36949473263941146
815392330#5;;0.044045102184637065;12.387628473711054;68.41419038074265;2030.6913814618008;0.049550653958080004;0.7470145505980611;0.36949473263941146
815392349#0;;0.04037467700258398;6.232018781191891;67.51928034186888;4979.4190970281;0.09373922361020008;1.3638513329466992;0.1873376539122378
-27486971#0;;0.06124448799608035;19.888011749228014;62.43346191261139;1723.6471413692009;0.010810907395942319;0.6439520185959356;0.21002420323631882
-27486971#0;;0.06124448799608035;19.888011749228014;62.43346191261139;1723.6471413692009;0.010810907395942319;0.6439520185959356;0.21002420323631882
56229470#0;;0.07941155471674484;2.0067884110204917;65.95208177696611;4526.384894204706;0.10100140232813076;1.3270465707082055;0.21712537041288968
815392330#5;;0.044045102184637065;12.363712840133536;70.20956904354152;9383.556512543415;0.3901570740517026;3.380749837446956;1.2482704649842564
27486971#0;;0.030624119556562746;18.33828137588444;59.83688708028701;0.0;0.0;0.0;0.0
815392330#5;;0.044045102184637065;12.363712840133536;70.20956904354152;9383.556512543415;0.3901570740517026;3.380749837446956;1.2482704649842564
815392330#5;;0.044045102184637065;12.363712840133536;70.20956904354152;9383.556512543415;0.3901570740517026;3.380749837446956;1.2482704649842564
815392349#0;;0.04037467700258398;6.189873479429399;64.50398967957068;3854.7124377565287;0.06572979366376747;1.1213576828426275;0.18259566356490572
-27486971#0;;0.06124448799608035;19.827124634955183;64.42531450824389;4416.358859755574;0.06150048474056348;1.5420780819378395;0.4608557019963202
-27486971#0;;0.06124448799608035;19.827124634955183;64.42531450824389;4416.358859755574;0.06150048474056348;1.5420780819378395;0.4608557019963202
56229470#0;;0.09641019012908816;1.9940579701626646;64.91826342629605;4092.055534617517;0.08898227649193137;1.2277915602035256;0.21717358098597128
815392330#5;;0.044045102184637065;12.398011428157373;68.34530520194448;2721.592617032823;0.013930222661472876;1.0218936875114326;0.7775430809654386
27486971#0;;0.030624119556562746;18.272912667811266;62.054782566432216;2431.607658772885;0.04577248080277461;0.8436229825475593;0.2544148333016612
815392330#5;;0.044045102184637065;12.398011428157373;68.34530520194448;2721.592617032823;0.013930222661472876;1.0218936875114326;0.7775430809654386
815392330#5;;0.044045102184637065;12.398011428157373;68.34530520194448;2721.592617032823;0.013930222661472876;1.0218936875114326;0.7775430809654386
815392349#0;;0.04037467700258398;6.111108213825868;69.88078306994825;5981.787403955632;0.13148016815781205;1.6248223216291546;0.20944775041351607
-27486971#0;;0.06124448799608035;19.657207308003137;66.20829233295888;6369.70791679565;0.14684658633169245;2.08504670495289;0.4905171060176408
-27486971#0;;0.06124448799608035;19.657207308003137;66.20829233295888;6369.70791679565;0.14684658633169245;2.08504670495289;0.4905171060176408
56229470#0;;0.11378705326955264;1.9791312039791242;66.04611801031274;4599.7224147540455;0.10921062716483754;1.3625451223281544;0.2276314827186619
815392330#5;;0.044045102184637065;12.388567504199417;70.5170520000493;9360.254736540792;0.4937743268381589;3.3655601647250473;0.9085581228496536
27486971#0;;0.030624119556562746;18.142356897859887;63.24455161893524;3141.1600222950883;0.07813280660346628;1.0447078163148564;0.26595591512987915
815392330#5;;0.044045102184637065;12.388567504199417;70.5170520000493;9360.254736540792;0.4937743268381589;3.3655601647250473;0.9085581228496536
815392330#5;;0.044045102184637065;12.388567504199417;70.5170520000493;9360.254736540792;0.4937743268381589;3.3655601647250473;0.9085581228496536
815392349#0;;0.04037467700258398;6.052007277897747;67.3818251905031;5050.074652495336;0.10881228435304986;1.4246903841778276;0.20804155851283362
-27486971#0;;0.06124448799608035;19.791088648174604;61.829119473571616;0.0;0.0;0.0;0.0
-27486971#0;;0.06124448799608035;19.791088648174604;61.829119473571616;0.0;0.0;0.0;0.0
56229470#0;;0.11933174224343676;1.9652377416615052;65.75225676839774;4483.747110946031;0.10807777402932078;1.3420294841965816;0.23141845807260786
815392330#5;;0.044045102184637065;12.356137736459155;70.6629541677498;10642.514408451398;0.4848610754409351;3.8323408206061638;1.2777797460373739
27486971#0;;0.030624119556562746;18.186636672018718;60.36522169882937;1274.1277529022489;0.0;0.5178957005776352;0.24006624010379013
815392330#5;;0.044045102184637065;12.356137736459155;70.6629541677498;10642.514408451398;0.4848610754409351;3.8323408206061638;1.2777797460373739
815392330#5;;0.044045102184637065;12.356137736459155;70.6629541677498;10642.514408451398;0.4848610754409351;3.8323408206061638;1.2777797460373739
815392349#0;;0.04037467700258398;5.993144044585535;67.60665047881795;5181.322970929897;0.11746579879390544;1.4708104782409077;0.21616144961819123
-27486971#0;;0.06124448799608035;19.82818509565167;63.49442883563215;2459.55798362263;0.04584850603744164;0.8493748571158869;0.2500084048667277
-27486971#0;;0.06124448799608035;19.82818509565167;63.49442883563215;2459.55798362263;0.04584850603744164;0.8493748571158869;0.2500084048667277
56229470#0;;0.11933174224343676;1.9529409567188594;65.18183937514766;4233.400031257332;0.1015724536609713;1.2855140578400157;0.2331660912790308
815392330#5;;0.044045102184637065;12.391619528130184;68.25499745782776;1367.9316206692986;0.006044977056845466;0.5174484035254094;0.37173882075409603
27486971#0;;0.030624119556562746;18.172898907679315;61.255135476477435;1894.7851538664545;0.022045240462072912;0.6928644158738668;0.24864194218825417
815392330#5;;0.044045102184637065;12.391619528130184;68.25499745782776;1367.9316206692986;0.006044977056845466;0.5174484035254094;0.37173882075409603
815392330#5;;0.044045102184637065;12.391619528130184;68.25499745782776;1367.9316206692986;0.006044977056845466;0.5174484035254094;0.37173882075409603
815392349#0;;0.04037467700258398;5.944679509832549;66.30222520835372;4668.665941420208;0.1047180814393923;1.3587982245551857;0.21695069721608462
-27486971#0;;0.06124448799608035;19.69222329516978;66.18155563380294;5632.429205615004;0.10671029663552306;1.8556077752620959;0.4776059634241977
-27486971#0;;0.06124448799608035;19.69222329516978;66.18155563380294;5632.429205615004;0.10671029663552306;1.8556077752620959;0.4776059634241977
56229470#0;;0.11933174224343676;1.9306008644094501;70.11230966249474;6516.255225635828;0.19233443253790786;1.8926387446035677;0.2673656489911241
815392330#5;;0.044045102184637065;12.368598673064023;70.36391846476782;8260.712271347067;0.4117338548724996;2.9718367763209317;0.8850744049649086
27486971#0;;0.030624119556562746;18.135207008190058;61.65603027282046;2153.3597705293196;0.033749442183650405;0.7659246581780504;0.25268830214357313
815392330#5;;0.044045102184637065;12.368598673064023;70.36391846476782;8260.712271347067;0.4117338548724996;2.9718367763209317;0.8850744049649086
815392330#5;;0.044045102184637065;12.368598673064023;70.36391846476782;8260.712271347067;0.4117338548724996;2.9718367763209317;0.8850744049649086
815392349#0;;0.04037467700258398;5.876938133664568;69.47472736464219;6056.964688307255;0.1567849928526168;1.7179897109550624;0.2392392901497411
-27486971#0;;0.06124448799608035;19.79644630079574;62.19060657977772;0.0;0.0;0.0;0.0
-27486971#0;;0.06124448799608035;19.79644630079574;62.19060657977772;0.0;0.0;0.0;0.0
56229470#0;;0.11933174224343676;1.9104782219980085;69.37492669060774;6241.040815033448;0.1887772160144518;1.8408340134383376;0.2726271656724277
815392330#5;;0.044045102184637065;12.378575984007874;68.9109315640044;3639.111903987338;0.07234009981149994;1.3476966028760506;0.7464068875495522
27486971#0;;0.030624119556562746;18.149695161598462;60.82321445411516;1592.9406680438315;0.008529771367888364;0.6077239716892688;0.2448923185617046
815392330#5;;0.044045102184637065;12.378575984007874;68.9109315640044;3639.111903987338;0.07234009981149994;1.3476966028760506;0.7464068875495522
815392330#5;;0.044045102184637065;12.378575984007874;68.9109315640044;3639.111903987338;0.07234009981149994;1.3476966028760506;0.7464068875495522
815392349#0;;0.04037467700258398;5.827969161435012;66.86524116389614;4970.022581155168;0.12375932641839874;1.4603378722847975;0.23417343249246583
-27486971#0;;0.06124448799608035;19.69587397398767;65.51032753140059;5241.3043837603855;0.10413420801864862;1.7911967122195631;0.476751713076618
-27486971#0;;0.06124448799608035;19.69587397398767;65.51032753140059;5241.3043837603855;0.10413420801864862;1.7911967122195631;0.476751713076618
56229470#0;;0.11933174224343676;1.8978798102263363;65.96456065712093;4640.859180942767;0.1290014173481595;1.4250141593411716;0.25866378117418465
815392330#5;;0.044045102184637065;12.37526013937938;70.16036228399004;7874.615712998018;0.38688234670493216;2.837215401708385;0.8927351416350967
27486971#0;;0.030624119556562746;18.288038304366772;59.07112263381847;0.0;0.0;0.0;0.0
815392330#5;;0.044045102184637065;12.37526013937938;70.16036228399004;7874.615712998018;0.38688234670493216;2.837215401708385;0.8927351416350967
815392330#5;;0.044045102184637065;12.37526013937938;70.16036228399004;7874.615712998018;0.38688234670493216;2.837215401708385;0.8927351416350967
815392349#0;;0.04037467700258398;5.768057196167522;68.82395061465202;5877.760001959359;0.1617138927901917;1.7071922659948697;0.25169701683719514
-27486971#0;;0.06124448799608035;19.79294391046215;62.54251446415738;1843.108235396108;0.015491107465442498;0.6750643953257488;0.21335841572020964
-27486971#0;;0.06124448799608035;19.79294391046215;62.54251446415738;1843.108235396108;0.015491107465442498;0.6750643953257488;0.21335841572020964
56229470#0;;0.11933174224343676;1.8795165275376138;68.99595223391452;6147.072732453512;0.19572072715145547;1.8458795586897614;0.2847496273833599
815392330#5;;0.044045102184637065;12.404081036327236;68.66237264095516;3333.79216173566;0.1374731031857165;1.191627706093337;0.3957934255730884
27486971#0;;0.030624119556562746;18.27129908570145;61.26593146712251;1921.9832013752614;0.02306266156718921;0.7003530608968584;0.2475974636702161
815392330#5;;0.044045102184637065;12.404081036327236;68.66237264095516;3333.79216173566;0.1374731031857165;1.191627706093337;0.3957934255730884
815392330#5;;0.044045102184637065;12.404081036327236;68.66237264095516;3333.79216173566;0.1374731031857165;1.191627706093337;0.3957934255730884
815392349#0;;0.04037467700258398;5.731077800419854;65.43641584948885;4359.609950254374;0.1090067198507741;1.325859948568766;0.23965314503300345
-27486971#0;;0.06124448799608035;19.769148591082896;64.09748954914637;2616.789961137009;0.052524221779193886;0.892781980854214;0.25140368815243824
-27486971#0;;0.06124448799608035;19.769148591082896;64.09748954914637;2616.789961137009;0.052524221779193886;0.892781980854214;0.25140368815243824
56229470#0;;0.11933174224343676;1.8597692973710331;69.99969802687914;6694.876158548142;0.22612964396296859;2.0160920350082594;0.30049495106411794
815392330#5;;0.044045102184637065;12.382995610850504;70.02157100513189;9069.462126541148;0.37466981658283083;3.2875356203826134;1.2411389864650761
27486971#0;;0.030624119556562746;18.332292653814225;60.08170567450182;0.0;0.0;0.0;0.0
815392330#5;;0.044045102184637065;12.382995610850504;70.02157100513189;9069.462126541148;0.37466981658283083;3.2875356203826134;1.2411389864650761
815392330#5;;0.044045102184637065;12.382995610850504;70.02157100513189;9069.462126541148;0.37466981658283083;3.2875356203826134;1.2411389864650761
815392349#0;;0.04037467700258398;5.695211473211881;65.40536024286618;4352.017797624892;0.11124557936336713;1.3309241720939422;0.2440932904439071
-27486971#0;;0.06124448799608035;19.868158989240904;62.301451468997925;0.0;0.0;0.0;0.0
-27486971#0;;0.06124448799608035;19.868158989240904;62.301451468997925;0.0;0.0;0.0;0.0
56229470#0;;0.11933174224343676;1.839449269962115;70.63465417732188;7080.130729246666;0.2513235671463699;2.1461069287562657;0.31502102771736207
815392330#5;;0.044045102184637065;12.404523388194955;68.76110527673026;2790.3674022155965;0.11794866112703173;1.0245709292493972;0.4393215993755707
27486971#0;;0.030624119556562746;18.312168397221676;61.304127808490406;1955.3554475455185;0.024462848387849484;0.709648917128706;0.24746248335748344
815392330#5;;0.044045102184637065;12.404523388194955;68.76110527673026;2790.3674022155965;0.11794866112703173;1.0245709292493972;0.4393215993755707
815392330#5;;0.044045102184637065;12.404523388194955;68.76110527673026;2790.3674022155965;0.11794866112703173;1.0245709292493972;0.4393215993755707
815392349#0;;0.04037467700258398;5.653683728221798;66.45992890259618;4866.206740243777;0.1342832387524932;1.474993902805933;0.2554564328333858
-27486971#0;;0.06124448799608035;19.74612807335323;65.74725480288011;5402.531280348854;0.09837491091126505;1.797200463186696;0.4738344017347669
-27486971#0;;0.06124448799608035;19.74612807335323;65.74725480288011;5402.531280348854;0.09837491091126505;1.797200463186696;0.4738344017347669
56229470#0;;0.11933174224343676;1.82802023749072;66.27096369310624;4843.031906604025;0.1553170093006636;1.5267853118267352;0.2900834092273761
815392330#5;;0.04271483524596691;12.68709669157577;67.48495901019312;4614.755921087997;0.14546741808345523;1.6919481776554952;0.7652588362360381
27486971#0;;0.030624119556562746;18.281660233285724;61.48116658288277;2065.87750478169;0.029450947132859853;0.7407768980645157;0.24938002089808306
815392330#6;;0.00330270134668906;1.9453666979549422;63.84237040316343;0.0;0.0;0.0;0.0
815392330#5;;0.04271483524596691;12.68709669157577;67.48495901019312;4614.755921087997;0.14546741808345523;1.6919481776554952;0.7652588362360381
815392349#0;;0.04037467700258398;5.596897576546525;69.19524959860011;6204.357995411055;0.19313840926386205;1.8476009067339443;0.27934766845884995
-27486971#0;;0.06124448799608035;19.74338291110725;63.62512755505905;3502.17200639995;0.02821862220686005;1.307371064542555;0.45277173046264996
-27486971#0;;0.06124448799608035;19.74338291110725;63.62512755505905;3502.17200639995;0.02821862220686005;1.307371064542555;0.45277173046264996
56229470#0;;0.11933174224343676;1.812896816822978;68.36313732980099;5982.821794984811;0.21219273678915795;1.8631527917100994;0.3125574833869318
815392330#5;;0.03842555615653464;12.723921341728294;65.89234027195704;0.0;0.0;0.0;0.0
27486971#0;;0.030624119556562746;18.210386459061542;62.18166628269449;2501.891020588119;0.04913940524505776;0.8638072684107779;0.25628532113073144
815392330#6;;0.029660638674315502;1.9447272944125849;65.27922955381709;2437.489167867865;0.0904777859881011;0.8965170697742699;0.42942885895243416
815392330#5;;0.03842555615653464;12.723921341728294;65.89234027195704;0.0;0.0;0.0;0.0
815392349#0;;0.04037467700258398;5.554508735801674;67.03299950285322;5187.229564397023;0.15605808876764832;1.58532082732497;0.2728723151440961
-27486971#0;;0.06124448799608035;19.73272404222062;64.00791591559523;2641.757228738057;0.05384500324206946;0.9001848827158128;0.2525782863453896
-27486971#0;;0.06124448799608035;19.73272404222062;64.00791591559523;2641.757228738057;0.05384500324206946;0.9001848827158128;0.2525782863453896
56229470#0;;0.11933174224343676;1.8015644909202626;66.56573053549467;5018.7221114356435;0.17086976223775557;1.5954722473195282;0.3041815367944257
815392330#5;;0.03412946270378627;12.735639759164656;66.78359531085565;2687.5789730438896;0.093722734788912;0.9709852588522737;0.38221809165798
27486971#0;;0.030624119556562746;18.24655330256734;60.465733073216555;1363.313316816075;0.0;0.5432114375590938;0.24043939362927244
815392330#6;;0.05606045076864952;1.9431448943336194;65.62747103368127;2906.391212512912;0.1264827307894623;1.0662262024327491;0.44094583319382114
815392330#5;;0.03412946270378627;12.735639759164656;66.78359531085565;2687.5789730438896;0.093722734788912;0.9709852588522737;0.38221809165798
815392349#0;;0.04037467700258398;5.510672211324369;67.47328094122776;5428.981669686907;0.17051738985888815;1.6630083817186103;0.2821614768667251
-27486971#0;;0.06124448799608035;19.814270036597673;62.60808644663251;1575.002311547864;0.007259923246514156;0.6031698804376053;0.23833330405041683
-27486971#0;;0.06124448799608035;19.814270036597673;62.60808644663251;1575.002311547864;0.007259923246514156;0.6031698804376053;0.23833330405041683
56229470#0;;0.11933174224343676;1.7905870868971268;66.52871520197492;5003.0074519136615;0.17334342942120426;1.5987758166185382;0.30892148239421013
815392330#5;;0.029807907713407248;12.70011244831294;69.060517536526;7460.453729405662;0.33902383315386425;2.673587500098048;0.8232194584656864
27486971#0;;0.030624119556562746;18.311889602968634;60.0264258171608;0.0;0.0;0.0;0.0
815392330#6;;0.08261672589538133;1.937255051165383;67.46472884124843;5071.323493377243;0.29372706729086856;1.8522911505797222;0.493831504223038
815392330#5;;0.029807907713407248;12.70011244831294;69.060517536526;7460.453729405662;0.33902383315386425;2.673587500098048;0.8232194584656864
815392349#0;;0.04037467700258398;5.450972782759538;70.48921897091822;6989.990750031905;0.2452772690240193;2.1152948121138797;0.3115352032034977
-27486971#0;;0.06124448799608035;19.742481094836382;64.61759358365137;4672.677788243373;0.07609580559097098;1.6232323006133538;0.4672274918419411
-27486971#0;;0.06124448799608035;19.742481094836382;64.61759358365137;4672.677788243373;0.07609580559097098;1.6232323006133538;0.4672274918419411
56229470#0;;0.11933174224343676;1.7748957287303826;69.25631539785704;6554.761706692243;0.2543493833299795;2.0667240656910386;0.33912132002386086
815392330#5;;0.02936340145642471;12.71502966282687;66.97480366009154;3290.4224812081798;0.1349493992978025;1.1774178441408718;0.39594721943417094
27486971#0;;0.030624119556562746;18.188678003891514;63.088772950035334;3052.980565886724;0.07391834477513978;1.0192829120910207;0.2640466508167877
815392330#6;;0.09022013713460844;1.9411890388739215;64.00068396025851;0.0;0.0;0.0;0.0
815392330#5;;0.02936340145642471;12.71502966282687;66.97480366009154;3290.4224812081798;0.1349493992978025;1.1774178441408718;0.39594721943417094
815392349#0;;0.04037467700258398;5.392078705032414;70.6910381480083;7163.541286838947;0.2616948726729719;2.187371565653346;0.32340732966997326
-27486971#0;;0.06124448799608035;19.820191774223247;62.979978949075516;2258.8280631605403;0.030968880290890233;0.7828160769973556;0.21717838925677177
-27486971#0;;0.06124448799608035;19.820191774223247;62.979978949075516;2258.8280631605403;0.030968880290890233;0.7828160769973556;0.21717838925677177
56229470#0;;0.11933174224343676;1.7557912068711665;71.48221673746038;7852.964937598168;0.3282943327036477;2.4743077775111892;0.36860922668911034
815392330#5;;0.02936340145642471;12.702535950121126;67.96985452490011;4272.713939037834;0.20845754346080747;1.524924381317725;0.4293382335386032
27486971#0;;0.030624119556562746;18.249845121757637;60.10310439113849;0.0;0.0;0.0;0.0
815392330#6;;0.09022013713460844;1.9420601747030375;64.81782111852608;1694.1928793176169;0.03396733275027634;0.6277671412453647;0.41354586509798785
815392330#5;;0.02936340145642471;12.702535950121126;67.96985452490011;4272.713939037834;0.20845754346080747;1.524924381317725;0.4293382335386032
815392349#0;;0.04037467700258398;5.352578967794809;67.47981010015243;5512.145614473112;0.19103379689506522;1.7300719117903742;0.30686580229602617
-27486971#0;;0.06124448799608035;19.809799870125836;63.71873230745912;3630.9232838552834;0.033469331259710265;1.3425034272302017;0.45281789709016895
-27486971#0;;0.06124448799608035;19.809799870125836;63.71873230745912;3630.9232838552834;0.033469331259710265;1.3425034272302017;0.45281789709016895
56229470#0;;0.11933174224343676;1.7428810003383852;68.23362447707875;6036.304129268721;0.2412250969228937;1.9441248454908928;0.3473623131953957
815392330#5;;0.02936340145642471;12.714882288493023;66.60550004564773;2815.0423315296853;0.016002677148507054;1.0668293712076347;0.724592498698923
27486971#0;;0.030624119556562746;18.334858635165332;59.7485454250574;0.0;0.0;0.0;0.0
815392330#6;;0.09022013713460844;1.9372386101897205;66.9873056841933;4539.748406479863;0.25289349523243526;1.659516389494509;0.48154092364959633
815392330#5;;0.02936340145642471;12.714882288493023;66.60550004564773;2815.0423315296853;0.016002677148507054;1.0668293712076347;0.724592498698923
815392349#0;;0.04037467700258398;5.293450425873553;71.329478468208;7625.106727349868;0.29895467068008635;2.361124652357826;0.3466054459969685
-27486971#0;;0.06124448799608035;19.786843673547242;63.85940150773777;3805.336004485941;0.038130201767968934;1.381826458847812;0.45475078979865735
-27486971#0;;0.06124448799608035;19.786843673547242;63.85940150773777;3805.336004485941;0.038130201767968934;1.381826458847812;0.45475078979865735
56229470#0;;0.11933174224343676;1.7304318939587089;68.16723781043378;6014.848528573533;0.2450206125217994;1.9492605540215495;0.3533793827023541
815392330#5;;0.02936340145642471;12.68922434086558;68.47749416441405;6435.127131192634;0.26232556729462586;2.3057450563722934;0.8011085287813278
27486971#0;;0.030624119556562746;18.361357198102418;60.57242578305779;1468.2898629121396;0.0027757772388206092;0.572980670355511;0.2402645130633295
815392330#6;;0.09022013713460844;1.9434174097875387;63.504935692588504;0.0;0.0;0.0;0.0
815392330#5;;0.02936340145642471;12.68922434086558;68.47749416441405;6435.127131192634;0.26232556729462586;2.3057450563722934;0.8011085287813278
815392349#0;;0.04037467700258398;5.263710926026633;66.18450227906577;4806.721234621405;0.1666404998325709;1.5481530318114736;0.3104641302124538
-27486971#0;;0.06124448799608035;19.775137846863842;64.52593288739915;3251.649453039866;0.08077782428897685;1.070703490901513;0.2614000995481772
-27486971#0;;0.06124448799608035;19.775137846863842;64.52593288739915;3251.649453039866;0.08077782428897685;1.070703490901513;0.2614000995481772
56229470#0;;0.11933174224343676;1.718344003881529;68.14899035054674;6019.679837244848;0.25010418221603103;1.9620008285776245;0.3597164144108346
815392330#5;;0.02936340145642471;12.726418079618478;65.82173645034852;0.0;0.0;0.0;0.0
27486971#0;;0.030624119556562746;18.123639096404165;65.23478218255953;4277.038543370546;0.12936176551321857;1.3657285622888016;0.28164385277825843
815392330#6;;0.09022013713460844;1.939035157856359;66.7779011485778;4310.415124591326;0.23480083737075363;1.575635633198146;0.475322349288532
815392330#5;;0.02936340145642471;12.726418079618478;65.82173645034852;0.0;0.0;0.0;0.0
815392349#0;;0.04037467700258398;5.217069740628789;69.46392805037064;6695.911357993595;0.2655278853111708;2.1188159853085473;0.3461518469752119
-27486971#0;;0.06124448799608035;19.849416838681154;63.20484773561081;2488.0820464929834;0.03949828307400712;0.8421547213908838;0.21951023893593286
-27486971#0;;0.06124448799608035;19.849416838681154;63.20484773561081;2488.0820464929834;0.03949828307400712;0.8421547213908838;0.21951023893593286
56229470#1;;0.0004242217611314852;6.082373901532503;69.6668979405915;6975.1288664249705;0.3083728655237211;2.2713504918907983;0.3830607887207309
815392330#5;;0.02936340145642471;12.737460657752745;66.7028551391962;2224.5575065938224;0.06505508619887965;0.8147783649399234;0.38415407580642874
27486971#0;;0.030624119556562746;18.19328696459643;59.99979396936471;0.0;0.0;0.0;0.0
815392330#6;;0.09022013713460844;1.9416649694015495;64.32099892760843;0.0;0.0;0.0;0.0
815392330#5;;0.02936340145642471;12.737460657752745;66.7028551391962;2224.5575065938224;0.06505508619887965;0.8147783649399234;0.38415407580642874
815392349#0;;0.04037467700258398;5.187258440251258;66.53661204697545;5015.829221252005;0.18466550937991671;1.6279391562273713;0.32563450713751135
-27486971#0;;0.06124448799608035;19.755573072191947;65.57405463400526;5136.106947293045;0.10420940613525595;1.7668014747504297;0.4744246100313101
-27486971#0;;0.06124448799608035;19.755573072191947;65.57405463400526;5136.106947293045;0.10420940613525595;1.7668014747504297;0.4744246100313101
56229470#1;;0.007711174783286254;6.033475313739007;69.5258104360681;6921.867673224633;0.3121082022570468;2.270309863309414;0.38982417414711323
815392330#5;;0.02936340145642471;12.725257388220442;67.79388050836553;5126.3272885439355;0.17986947458854846;1.8551186450126926;0.7705356120324816
27486971#0;;0.030624119556562746;18.3012436440118;59.4523016885345;0.0;0.0;0.0;0.0
815392330#6;;0.09022013713460844;1.943433906972834;64.53928690776036;1249.2726749076205;0.0;0.4669429620767269;0.4027023112199832
815392330#5;;0.02936340145642471;12.725257388220442;67.79388050836553;5126.3272885439355;0.17986947458854846;1.8551186450126926;0.7705356120324816
815392349#0;;0.04037467700258398;5.139739490658347;70.07030736373392;7115.476678432894;0.2989332792454712;2.2738679072541137;0.3662617472305948
-27486971#0;;0.06124448799608035;19.644190900534706;65.24939323506419;5307.3121536237;0.0986781200978383;1.783594222682742;0.4763213066177262
-27486971#0;;0.06124448799608035;19.644190900534706;65.24939323506419;5307.3121536237;0.0986781200978383;1.783594222682742;0.4763213066177262
56229470#1;;0.015121773040287202;5.988798251628564;69.03634113098092;6638.170910106206;0.3020717485115871;2.1949182177284574;0.39204076601916227
815392330#5;;0.02936340145642471;12.725594600716141;67.17249898592222;2991.530038874492;0.11833924467707935;1.0799898737146538;0.40033236679375717
27486971#0;;0.030624119556562746;18.35752238741342;60.14115689458145;0.0;0.0;0.0;0.0
815392330#6;;0.09022013713460844;1.936907869164246;67.76384042101691;5390.473403992051;0.3183658722853979;1.9682352628530955;0.5014007647876143
815392330#5;;0.02936340145642471;12.725594600716141;67.17249898592222;2991.530038874492;0.11833924467707935;1.0799898737146538;0.40033236679375717
815392349#0;;0.04037467700258398;5.102002440609215;68.4099926273745;6167.363845508853;0.25479458089193013;1.9997021120321725;0.3579930560190843
-27486971#0;;0.06124448799608035;19.67651515166539;63.14202923599535;2891.284795045837;0.005102184337481504;1.1402249658867158;0.4466516978233099
-27486971#0;;0.06124448799608035;19.67651515166539;63.14202923599535;2891.284795045837;0.005102184337481504;1.1402249658867158;0.4466516978233099
56229470#1;;0.022702779675609543;5.928297521218789;72.04464541693366;8597.99222086233;0.4248931936488952;2.838611086990552;0.43626206267232875
815392330#5;;0.02936340145642471;12.717298140520704;68.04567709254597;4611.255413265024;0.22523564564292883;1.6302439917676277;0.4244450488192886
27486971#0;;0.030624119556562746;18.221025637243283;63.30611408575081;3184.7989494783305;0.07963904194147269;1.0560267256681346;0.26532457072758975
815392330#6;;0.09022013713460844;1.9427951986629795;63.566918652247494;0.0;0.0;0.0;0.0
815392330#5;;0.02936340145642471;12.717298140520704;68.04567709254597;4611.255413265024;0.22523564564292883;1.6302439917676277;0.4244450488192886
815392349#0;;0.04037467700258398;5.060180160359282;69.42365237732382;6807.468384823336;0.2953707207471879;2.2105230250924297;0.37587658461938495
-27486971#0;;0.06124448799608035;19.686023224765695;63.445347840007756;3252.619004898532;0.016080383711365477;1.2317508570545104;0.45027940559786345
-27486971#0;;0.06124448799608035;19.686023224765695;63.445347840007756;3252.619004898532;0.016080383711365477;1.2317508570545104;0.45027940559786345
56229470#1;;0.03037847784711238;5.895204226400312;67.54258886058462;5660.821773481753;0.25658965410337864;1.9088708817074642;0.38959903974254123
815392330#5;;0.02936340145642471;12.71122225074425;67.321683836419;4586.688095456946;0.1379205222473384;1.6767302842034093;0.7616366430107793
27486971#0;;0.030624119556562746;18.243674809479383;60.66797323349249;1506.6296420497838;0.004572194547027826;0.5835299145599399;0.24240650783975792
815392330#6;;0.09022013713460844;1.9409656071081938;65.74051539378699;3035.4088308868745;0.13669927697719575;1.1132786191486255;0.4449522783307839
815392330#5;;0.02936340145642471;12.71122225074425;67.321683836419;4586.688095456946;0.1379205222473384;1.6767302842034093;0.7616366430107793
815392349#0;;0.04037467700258398;5.02134106493107;69.05622516951868;6611.046851962634;0.2907129987527736;2.163958986283268;0.37982517543864946
-27486971#0;;0.06124448799608035;19.727198643462057;63.01040295981241;1631.9822278048716;0.0075358353253194565;0.6201725218212728;0.2109037387586519
-27486971#0;;0.06124448799608035;19.727198643462057;63.01040295981241;1631.9822278048716;0.0075358353253194565;0.6201725218212728;0.2109037387586519
56229470#1;;0.03343139876972453;5.8571945608418;68.51960505804684;6342.918432232788;0.3019864831753686;2.1386494168677714;0.40795390680395366
815392330#5;;0.02936340145642471;12.706588999761466;67.40809251784079;4467.426457004619;0.13990436469440498;1.6387666688463893;0.7600082942743054
27486971#0;;0.030624119556562746;18.291452793429634;60.28246394418551;0.0;0.0;0.0;0.0
815392330#6;;0.09022013713460844;1.9408414240745975;65.14598624830198;2189.43252220799;0.07195818013995377;0.8070121526580956;0.42550758285824647
815392330#5;;0.02936340145642471;12.706588999761466;67.40809251784079;4467.426457004619;0.13990436469440498;1.6387666688463893;0.7600082942743054
815392349#0;;0.04037467700258398;4.987553628885688;68.24879587775628;6118.282404763325;0.26825734225507347;2.0216497933626307;0.3777913554957838
-27486971#0;;0.06124448799608035;19.836106023143348;62.14652878253623;0.0;0.0;0.0;0.0
-27486971#0;;0.06124448799608035;19.836106023143348;62.14652878253623;0.0;0.0;0.0;0.0
56229470#1;;0.03343139876972453;5.807720523746464;70.74963057525295;7887.793793974302;0.4034691902772494;2.6571160782379377;0.4447122671037471
815392330#5;;0.02936340145642471;12.758300473652103;65.3952207340636;0.0;0.0;0.0;0.0
27486971#0;;0.030624119556562746;18.266239420087988;61.40242019438561;2011.3364279857924;0.027057079336251587;0.7254877016553322;0.24886953644803045
815392330#6;;0.09022013713460844;1.9418507047161861;64.77795298606027;1625.7396762099675;0.028745843721853445;0.6029851337534949;0.41206269684685287
815392330#5;;0.02936340145642471;12.758300473652103;65.3952207340636;0.0;0.0;0.0;0.0
815392349#0;;0.04037467700258398;4.955116853919155;68.15391344783323;6067.019076764396;0.2699956407620536;2.0159126343366385;0.3829208573718182
-27486971#0;;0.06124448799608035;19.755820010644516;64.78272295949628;4824.372175351607;0.08288193645626117;1.6661953701691683;0.4689494467765074
-27486971#0;;0.06124448799608035;19.755820010644516;64.78272295949628;4824.372175351607;0.08288193645626117;1.6661953701691683;0.4689494467765074
56229470#1;;0.03343139876972453;5.759136463134194;70.84590956314686;7996.123618657057;0.418574916309492;2.7110386512453437;0.45545826722755145
815392330#5;;0.02936340145642471;12.769287478983816;66.61727402440678;1966.3924699643471;0.04497585119541294;0.7250072600206842;0.36690559023003866
27486971#0;;0.030624119556562746;18.322095385222518;60.15750606733928;0.0;0.0;0.0;0.0
815392330#6;;0.09022013713460844;1.9391852346287617;66.07599276338325;3456.864795635004;0.16931247263094254;1.2663057175901309;0.4555353360923242
815392330#5;;0.02936340145642471;12.769287478983816;66.61727402440678;1966.3924699643471;0.04497585119541294;0.7250072600206842;0.36690559023003866
815392349#0;;0.04037467700258398;4.915129999486763;69.89378748310406;7222.074127582156;0.3431912314882619;2.396823484092931;0.41073390820159933
-27486971#0;;0.06124448799608035;19.839370574182006;62.42557252209502;0.0;0.0;0.0;0.0
-27486971#0;;0.06124448799608035;19.839370574182006;62.42557252209502;0.0;0.0;0.0;0.0
56229470#1;;0.03343139876972453;5.716462480164374;69.99898628011911;7436.839266417357;0.39040936163940365;2.5414882778079595;0.45251329552839403
815392330#5;;0.02936340145642471;12.763593994719649;67.34933603223566;4506.215926135066;0.1311513416297253;1.6442069181549994;0.754366720870888
27486971#0;;0.030624119556562746;18.326810358124078;60.91227849507193;1695.4192752736285;0.012887505369099876;0.636660344917773;0.24377758918711145
815392330#6;;0.09022013713460844;1.9373851546028356;65.76673718760378;3032.2701648796606;0.13705530992451634;1.112781547173464;0.44659170532905806
815392330#5;;0.02936340145642471;12.763593994719649;67.34933603223566;4506.215926135066;0.1311513416297253;1.6442069181549994;0.754366720870888
815392349#0;;0.04037467700258398;4.877179290619908;69.69696418908008;7123.99600539108;0.34419047701281835;2.380603172724233;0.4166054169969309
-27486971#0;;0.06124448799608035;19.735441508818603;65.09153925765054;5212.551735423958;0.09788528459374399;1.768147520256821;0.47394350360715454
-27486971#0;;0.06124448799608035;19.735441508818603;65.09153925765054;5212.551735423958;0.09788528459374399;1.768147520256821;0.47394350360715454
56229470#1;;0.03343139876972453;5.667698244406315;71.37413081138249;8449.805918778276;0.46426907966076236;2.8980214904443633;0.48119621308414795
815392330#5;;0.02936340145642471;12.743905818490695;67.82709091928068;5853.02708628306;0.222851267891605;2.1087496377405284;0.784251104674623
27486971#0;;0.030624119556562746;18.166836920467873;63.75952150524385;3445.220197323821;0.09163980921048408;1.1301639698336035;0.2696850880573127
815392330#6;;0.09022013713460844;1.9445904632016424;63.310142657738375;0.0;0.0;0.0;0.0
815392330#5;;0.02936340145642471;12.743905818490695;67.82709091928068;5853.02708628306;0.222851267891605;2.1087496377405284;0.784251104674623
815392349#0;;0.04037467700258398;4.842362978492356;69.2482668721747;6845.742777158725;0.333598712318263;2.3042014332936898;0.4186096242631727
-27486971#0;;0.06124448799608035;19.770075802040115;63.07865929190257;2850.8427017367494;0.0017483471926872662;1.1286547196396344;0.4438397111688762
-27486971#0;;0.06124448799608035;19.770075802040115;63.07865929190257;2850.8427017367494;0.0017483471926872662;1.1286547196396344;0.4438397111688762
56229470#1;;0.03343139876972453;5.630808024484488;69.37741140820891;7019.870952692148;0.3770122491205864;2.430438292368863;0.459869336149415
815392330#5;;0.02936340145642471;12.752896505242658;67.20799185738183;3615.938719488426;0.16083604469709006;1.294583945132372;0.41142206109753854
27486971#0;;0.030624119556562746;18.25206180923509;59.768118837844625;0.0;0.0;0.0;0.0
815392330#7;;0.00012975919527432862;9.133562884415745;66.99348508890773;4562.351859683476;0.2539361307147519;1.6666396376329182;0.4808041479901196
815392330#5;;0.02936340145642471;12.752896505242658;67.20799185738183;3615.938719488426;0.16083604469709006;1.294583945132372;0.41142206109753854
815392349#0;;0.04037467700258398;4.814478630803477;67.98052722541921;5968.036508318667;0.28458647697775824;2.0283380397967448;0.4080677620567815
-27486971#0;;0.06124448799608035;19.838742704553844;62.870230818376584;1889.0635778018727;0.02091789399317818;0.6905441074015756;0.2421781029947389
-27486971#0;;0.06124448799608035;19.838742704553844;62.870230818376584;1889.0635778018727;0.02091789399317818;0.6905441074015756;0.2421781029947389
56229470#1;;0.03343139876972453;5.5919887579736836;69.92178688601355;7444.910549688816;0.4115647001281567;2.5873811484579194;0.47556290367758614
815392330#5;;0.02936340145642471;12.742930395358458;67.46170465002994;4922.333860519875;0.15859998154488492;1.787757884551667;0.7649912522467548
27486971#0;;0.030624119556562746;18.13754785512621;62.962822506284965;2972.1506742219676;0.07056052584118125;0.9970566226572724;0.2637420512122211
815392330#7;;0.005745186387813465;9.142370659625334;64.52933595021273;1197.9871059504173;0.0;0.4481509783711535;0.402336010921162
815392330#5;;0.02936340145642471;12.742930395358458;67.46170465002994;4922.333860519875;0.15859998154488492;1.787757884551667;0.7649912522467548
815392349#0;;0.04037467700258398;4.773091122802112;71.07122786466603;8145.209923840064;0.4269842234552002;2.758124896552048;0.45731380128886095
-27486971#0;;0.06124448799608035;19.783896506132425;64.37531138295745;4312.780128136688;0.056897351603564336;1.5126292146790583;0.4604764709052076
-27486971#0;;0.06124448799608035;19.783896506132425;64.37531138295745;4312.780128136688;0.056897351603564336;1.5126292146790583;0.4604764709052076
56229470#1;;0.03343139876972453;5.548059648947631;71.1168105182831;8372.515310826819;0.4822083310693816;2.9204861936315494;0.5029191091458594
815392330#5;;0.02936340145642471;12.771164940817943;66.03640554314575;0.0;0.0;0.0;0.0
27486971#0;;0.030624119556562746;18.191993277993383;60.216154342793935;0.0;0.0;0.0;0.0
815392330#7;;0.01136764653046575;9.136496090283154;65.53618422612134;2748.5182335995414;0.11483391630901954;1.0094999393061992;0.43864514474950445
815392330#5;;0.02936340145642471;12.771164940817943;66.03640554314575;0.0;0.0;0.0;0.0
815392349#0;;0.04037467700258398;4.734616510628389;70.67854794606244;7915.164675267413;0.4206613204895411;2.6998629822671694;0.46143135658104917
-27486971#0;;0.030622243998040175;18.55333121478695;62.14363759440467;2526.060276564624;0.04893731141676871;0.8682380567495457;0.2516151276011092
56229470#1;;0.03343139876972453;5.519035519516415;68.4868986181653;6319.210445000892;0.3464457342779368;2.2248852606702183;0.46610769596412915
815392330#5;;0.02936340145642471;12.737026917119994;68.83071234373705;7212.047983679891;0.3148376033401623;2.5728108599823862;0.8125757958434803
27486971#0;;0.030624119556562746;18.28569929393064;59.64458175773401;0.0;0.0;0.0;0.0
815392330#7;;0.01697069677690558;9.152727394340253;64.09155072717336;0.0;0.0;0.0;0.0
815392330#5;;0.02936340145642471;12.737026917119994;68.83071234373705;7212.047983679891;0.3148376033401623;2.5728108599823862;0.8125757958434803
815392349#0;;0.04037467700258398;4.6960614859540835;70.94398695750834;8141.456349378861;0.4435466698764269;2.793205460458529;0.47446579589513854
-27486971#0;;0.030622243998040175;18.577014993354567;60.54607020809385;1501.0198276327517;0.004057837753208216;0.5825262443669317;0.23778614321853309
56229470#1;;0.03343139876972453;5.475554931270502;71.43306447465628;8675.322648189886;0.5176939387274344;3.0549082939595045;0.5238751439436758
815392330#5;;0.02936340145642471;12.764761993896238;66.29530940075747;2173.056520068042;0.06076419434787229;0.7965644282213202;0.379778017273914
27486971#0;;0.030624119556562746;18.32745794501952;60.35881143656154;1307.6591789604483;0.0;0.5278280439459937;0.2385823820828772
815392330#7;;0.019160024524831395;9.15242045157303;65.09770641177639;2156.04772772369;0.06911793346450194;0.7948375488709712;0.4234344831923808
815392330#5;;0.02936340145642471;12.764761993896238;66.29530940075747;2173.056520068042;0.06076419434787229;0.7965644282213202;0.379778017273914
815392349#0;;0.04037467700258398;4.6710150900971055;68.15413914220467;6080.407414529653;0.3136784315154651;2.1106077017803293;0.4394033614261723
-27486971#0;;0.030622243998040175;18.641050684623412;59.9528119768867;0.0;0.0;0.0;0.0
56229470#1;;0.03343139876972453;5.426418668499457;72.86085370344537;9827.476908289362;0.6101406029317825;3.479206372481359;0.5588461758727923
815392330#5;;0.02936340145642471;13.018181740103415;67.96137904047666;4470.453787952723;0.21536783966828185;1.5815264538532037;0.4210141124397213
27486971#0;;0.030624119556562746;18.292580056895883;61.54709552675675;2110.810564784945;0.03142410572848582;0.7533681182994753;0.24982545404417444
815392330#7;;0.019160024524831395;9.136561904197775;66.3424307157352;3800.4231247957337;0.19539892443188142;1.3904354094493554;0.46290250980726855
815392330#5;;0.02936340145642471;13.018181740103415;67.96137904047666;4470.453787952723;0.21536783966828185;1.5815264538532037;0.4210141124397213
815392349#0;;0.04037467700258398;4.62783817937588;72.47086269714616;9321.548144105593;0.5379064716337767;3.2267521768812757;0.5140255366125873
-27486971#0;;0.030622243998040175;18.497285943641074;63.27936263642073;3192.705544599012;0.07842625094770847;1.0547801439815956;0.26123982756441794
56229470#1;;0.03343139876972453;5.380365357011337;72.51034547317262;9614.28850348952;0.6058093965360474;3.4266809464834664;0.5643526894685594
815392330#5;;0.02936340145642471;12.915313744423996;72.40113015495561;10436.040515248207;0.5475419981244337;3.706547945420363;0.8870335676720811
27486971#0;;0.030624119556562746;18.255317119442523;61.60047145586581;2138.7916405469973;0.032769316729429926;0.7613672998418726;0.2507391512574632
815392330#7;;0.019160024524831395;9.147677246727264;64.38266728120392;0.0;0.0;0.0;0.0
815392330#5;;0.02936340145642471;12.915313744423996;72.40113015495561;10436.040515248207;0.5475419981244337;3.706547945420363;0.8870335676720811
815392349#0;;0.04037467700258398;4.595642100688904;70.1467746409972;7635.66221227155;0.4316541108700909;2.667249176112328;0.487409377066396
-27486971#0;;0.030622243998040175;18.520974648653862;60.563651388942816;1500.1004427518633;0.004060735570760662;0.5821742453249593;0.238528662024566
56229470#1;;0.03343139876972453;5.380352566925868;64.58159617895579;2062.4554916889456;0.05750295015707751;0.7599898616525304;0.3992240382786073
815392330#5;;0.02936340145642471;12.786576263238219;73.42687211000559;12327.397606315339;0.6892964610834328;4.381546145679696;0.9373734313505167
27486971#0;;0.030624119556562746;18.22070544645876;61.57138097292898;2113.6122635531333;0.0317363691640852;0.7544051326341894;0.2509023717617597
815392330#7;;0.019160024524831395;9.136609173962924;65.94258509959039;3295.9332306090005;0.15675738783617643;1.2077369757047174;0.45126075174015845
815392330#5;;0.02936340145642471;12.786576263238219;73.42687211000559;12327.397606315339;0.6892964610834328;4.381546145679696;0.9373734313505167
815392349#0;;0.04037467700258398;4.558975788206041;71.41982138371955;8638.014655081037;0.5088749885831783;3.0292331567335005;0.516897232849693
-27486971#0;;0.030622243998040175;18.607960163375523;59.650269505453146;0.0;0.0;0.0;0.0
56229470#1;;0.03343139876972453;5.368676894966049;66.21327994429576;4009.5755986761606;0.1998707552608098;1.4490808641430457;0.44384718350082025
815392330#5;;0.02936340145642471;12.716266888937431;69.89141042937389;8677.875894208175;0.4342069936741875;3.113867372833955;0.8647964765847794
27486971#0;;0.030624119556562746;18.168906542998137;61.87442954878436;2300.694951628404;0.040267687112029535;0.8073477451218694;0.2541850288155849
815392330#7;;0.019160024524831395;9.134126173711723;65.29111483198459;2391.5990990946657;0.08755583220162617;0.8802795241115031;0.43064511225319696
815392330#5;;0.02936340145642471;12.716266888937431;69.89141042937389;8677.875894208175;0.4342069936741875;3.113867372833955;0.8647964765847794
815392349#0;;0.04037467700258398;4.535847232040065;68.47905626198181;6299.410909548227;0.3509497100766579;2.2293841813388644;0.473323005777906
-27486971#0;;0.030622243998040175;18.53544026263936;62.057746213267386;2471.1295159995016;0.04659630301050337;0.8530399851667245;0.25114699097279963
56229470#1;;0.03343139876972453;5.363558313328191;65.29145667087505;2924.348295594232;0.12101669727408398;1.0653958919370472;0.4208676087765248
815392330#5;;0.02936340145642471;12.706118262878901;69.6408124288675;6610.716952732841;0.38736083918974185;2.3653649623248723;0.498207674528924
27486971#0;;0.030624119556562746;18.284651571867588;59.35577909421361;0.0;0.0;0.0;0.0
815392330#7;;0.019160024524831395;9.140416849954486;64.68756048016944;1463.5987413807422;0.016379151373818276;0.5442480843551091;0.4086383445628199
815392330#5;;0.02936340145642471;12.706118262878901;69.6408124288675;6610.716952732841;0.38736083918974185;2.3653649623248723;0.498207674528924
815392349#0;;0.04037467700258398;4.494574540951396;72.9959047228626;9928.640921570919;0.6169647942405598;3.5138267685011098;0.5606637810665283
-27486971#0;;0.030622243998040175;18.57673066473252;60.29094477860268;1323.3715900950292;0.0;0.5330373049775268;0.23545199717674012
56229470#1;;0.03343139876972453;5.3608511439242506;64.98534437310954;2523.142789333029;0.09182446919692497;0.9234033255737922;0.4124830308737867
815392330#5;;0.02936340145642471;12.690064518213413;67.73035242251083;5126.1423590210725;0.1820363880723756;1.8720294867960767;0.7904681652582812
27486971#0;;0.030624119556562746;18.19223635158407;62.55015743701672;2727.7548644002077;0.05932755431797483;0.927585061364142;0.2596033931406085
815392330#7;;0.019160024524831395;9.141806180769326;65.00398197825;1980.5014610269307;0.05591193722678625;0.7313675252623734;0.42041826251423153
815392330#5;;0.02936340145642471;12.690064518213413;67.73035242251083;5126.1423590210725;0.1820363880723756;1.8720294867960767;0.7904681652582812
815392349#0;;0.04037467700258398;4.464414020663747;70.50292806767756;7991.136125467025;0.4857855478703341;2.8492472297244937;0.5265301143293877
-27486971#0;;0.030622243998040175;18.74914666470715;58.56382832887078;0.0;0.0;0.0;0.0
56229470#1;;0.03343139876972453;5.369491457190875;63.69671805433141;0.0;0.0;0.0;0.0
815392330#5;;0.02936340145642471;12.669209848282835;67.97075317394078;5331.968470362574;0.18821731815244236;1.9237999363851064;0.7935949116269253
27486971#0;;0.030624119556562746;18.267465143037846;59.90107841498438;0.0;0.0;0.0;0.0
815392330#7;;0.019160024524831395;9.139937801768504;65.23453737498455;2324.4609097629427;0.08227194060786769;0.8558876142318985;0.42852637056648046
815392330#5;;0.02936340145642471;12.669209848282835;67.97075317394078;5331.968470362574;0.18821731815244236;1.9237999363851064;0.7935949116269253
815392349#0;;0.04037467700258398;4.4433890152954705;68.53123362290378;6291.371152142724;0.36663184189344095;2.2571600974726236;0.4944377120020288
-27486971#0;;0.030622243998040175;18.713913837588247;61.39009084950907;2083.0396821133877;0.029163858722753767;0.7442283169029397;0.24355473872794756
56229470#1;;0.03343139876972453;5.358333901853218;66.17492258382077;3942.4138452413276;0.1958385449556748;1.426621577929872;0.4441873346410744
815392330#5;;0.02936340145642471;12.605334552212481;69.26287154816183;8337.611511727624;0.4106550888305195;2.9932540445334377;0.8645131869757753
27486971#0;;0.030624119556562746;18.159565243120877;62.835190411612544;2897.5102840201994;0.06709498751133176;0.9757604737863897;0.26239355238917467
815392330#7;;0.019160024524831395;9.158428284697116;63.963986748842004;0.0;0.0;0.0;0.0
815392330#5;;0.02936340145642471;12.605334552212481;69.26287154816183;8337.611511727624;0.4106550888305195;2.9932540445334377;0.8645131869757753
815392349#0;;0.04037467700258398;4.402392343061045;73.64051818547715;10597.71094169204;0.6941814130923176;3.808445873723823;0.6005926576062296
-27486971#0;;0.030622243998040175;18.660820861316456;61.69159641203876;2263.350093276585;0.03712676686929969;0.7944995166448983;0.24664482206137528
56229470#1;;0.03343139876972453;5.366440808077725;63.75835936266583;0.0;0.0;0.0;0.0
815392330#5;;0.02936340145642471;12.626053202662938;66.8276627796333;1887.6739613686502;0.040184853172433144;0.69822943119251;0.3683248566024819
27486971#0;;0.030624119556562746;18.21151200301566;60.24630455263044;0.0;0.0;0.0;0.0
815392330#7;;0.019160024524831395;9.160902331324493;64.89023679525405;1862.7995559012727;0.04659341149407353;0.6888413034677683;0.415884731866354
815392330#5;;0.02936340145642471;12.626053202662938;66.8276627796333;1887.6739613686502;0.040184853172433144;0.69822943119251;0.3683248566024819
815392349#0;;0.04037467700258398;4.398873396908463;65.3655660393693;2830.1100164449504;0.11688063654720687;1.0348893192233726;0.4273816340752573
-27486971#0;;0.030622243998040175;18.572320067340627;62.30409554321416;2625.7206567432063;0.05322389816829727;0.8958739463544582;0.2526551822342541
56229470#1;;0.03343139876972453;5.3745519203294965;63.72864924578114;0.0;0.0;0.0;0.0
815392330#5;;0.02936340145642471;12.635905359291254;67.21590889097476;2776.4516906112112;0.1100558962602135;1.0128558477472678;0.4171174791984554
27486971#0;;0.030624119556562746;18.167057448348505;61.753914664500115;2222.7126059272255;0.03677384668466602;0.7853629217298195;0.2531583489912189
815392330#7;;0.019160024524831395;9.143472847673056;66.46271571050893;3958.2196434055095;0.20713782048117596;1.447086962050336;0.46581111205091386
815392330#5;;0.02936340145642471;12.635905359291254;67.21590889097476;2776.4516906112112;0.1100558962602135;1.0128558477472678;0.4171174791984554
815392349#0;;0.04037467700258398;4.399936634993554;64.67108902007014;1867.3558665269704;0.04514993950825337;0.6908418685891142;0.4055818779296524
-27486971#0;;0.030622243998040175;18.594349641178713;60.564893525232;1517.9149152116609;0.00478203103443583;0.5872597171495071;0.23777577034587666
56229470#1;;0.03343139876972453;5.37117158899077;65.03401484463461;2627.0710025325507;0.09893352102970063;0.9597735781061602;0.41307448277908365
815392330#5;;0.02936340145642471;12.640779430701684;67.1795936135876;3734.3259032457972;0.08286828651216781;1.383702014709135;0.7636156136890914
27486971#0;;0.030624119556562746;18.104450866458546;62.08326300479041;2423.712437913344;0.04601795143124929;0.8424392569454127;0.2568103179759107
815392330#7;;0.019160024524831395;9.160951089160818;64.00961510910062;0.0;0.0;0.0;0.0
815392330#5;;0.02936340145642471;12.640779430701684;67.1795936135876;3734.3259032457972;0.08286828651216781;1.383702014709135;0.7636156136890914
815392349#1;;0.001367503521809542;9.333210786960612;63.55864523058238;0.0;0.0;0.0;0.0
-27486971#0;;0.030622243998040175;18.70069394720227;59.373617334894234;0.0;0.0;0.0;0.0
56229470#1;;0.03343139876972453;5.376907488004085;63.95563412759577;0.0;0.0;0.0;0.0
815392330#5;;0.02936340145642471;12.63759912635319;67.55229476266769;3381.4409981549525;0.14146936249664727;1.209047180228227;0.39869646447323626
27486971#0;;0.030624119556562746;18.186066097768823;59.835640483346324;0.0;0.0;0.0;0.0
815392330#7;;0.019160024524831395;9.142609028165511;66.5447942481982;4054.9098936011337;0.2145774101241486;1.4821429994697723;0.46812993555730437
815392330#5;;0.02936340145642471;12.63759912635319;67.55229476266769;3381.4409981549525;0.14146936249664727;1.209047180228227;0.39869646447323626
815392349#1;;0.0068163875520000665;9.303720675353443;67.279328477923;5019.495490075022;0.2803301983598458;1.8179815275614928;0.4771531241412235
-27486971#0;;0.030622243998040175;18.738796002094663;60.28860769349493;1361.5038489445133;0.0;0.5441209182154945;0.23381706432586874
56229470#1;;0.03343139876972453;5.361517391484495;66.8251524961177;4643.101615775098;0.24680621810752446;1.6744705200687164;0.4590578379968917
815392330#5;;0.02936340145642471;12.658974481791535;67.04406594244718;2798.556518894999;0.11147471933882136;1.020476526512516;0.4169872811568385
27486971#0;;0.030624119556562746;18.34038813727209;58.86581989962441;0.0;0.0;0.0;0.0
815392330#7;;0.019160024524831395;9.135272479535786;65.65047898108826;2903.4726076326165;0.12674297131269122;1.0656563235040921;0.4423428081936415
815392330#5;;0.02936340145642471;12.658974481791535;67.04406594244718;2798.556518894999;0.11147471933882136;1.020476526512516;0.4169872811568385
815392349#1;;0.01225861837013958;9.30948321069148;64.45021013676413;1518.7254547132982;0.01922833069041039;0.5662407920775314;0.3980134423815664
-27486971#0;;0.030622243998040175;18.65963932756828;62.1113799803761;2520.452321115912;0.04830528658024352;0.8659495380101103;0.2500268425182432
56229470#1;;0.03343139876972453;5.378492898113169;62.975932490963224;0.0;0.0;0.0;0.0
815392330#5;;0.02936340145642471;12.644263267745577;67.91010949127295;3893.977504255315;0.17615362424286227;1.3841931545875;0.40900498647667854
27486971#0;;0.030624119556562746;18.35364381591262;60.773248360649326;1606.1432452867639;0.00889281913014018;0.6116256297789308;0.24221103534279048
815392330#7;;0.019160024524831395;9.1495197119279;64.20393641282044;0.0;0.0;0.0;0.0
815392330#5;;0.02936340145642471;12.644263267745577;67.91010949127295;3893.977504255315;0.17615362424286227;1.3841931545875;0.40900498647667854
815392349#1;;0.01770884790869015;9.302556159610218;65.34195514626633;2782.6656784261286;0.11357157468162958;1.0181561818440377;0.42703344612741156
-27486971#0;;0.030622243998040175;18.708276566544967;60.14845468203028;0.0;0.0;0.0;0.0
56229470#1;;0.03343139876972453;5.358325939757764;67.63792015358756;5448.581521040983;0.306101894311787;1.960551611094608;0.47739596516792177
815392330#5;;0.02936340145642471;12.604377034364562;68.75578368376483;6808.406140996255;0.30699896577178504;2.470387562912994;0.8333574641672432
27486971#0;;0.030624119556562746;18.30057875229398;61.83947774704332;2299.950551978866;0.039817831371983664;0.8064696383172985;0.2522444603259559
815392330#7;;0.019160024524831395;9.124027125710503;67.24442845529913;4831.649378653603;0.2751890947978237;1.7651714322993253;0.48807188840453763
815392330#5;;0.02936340145642471;12.604377034364562;68.75578368376483;6808.406140996255;0.30699896577178504;2.470387562912994;0.8333574641672432
815392349#1;;0.01907668828691339;9.333147260007433;63.14077293520248;0.0;0.0;0.0;0.0
-27486971#0;;0.030622243998040175;18.74958925700987;60.23988122213605;1330.3021804806822;0.0;0.5355042212099798;0.23327005621322694
56229470#1;;0.03343139876972453;5.377936929012937;62.79863836299752;0.0;0.0;0.0;0.0
815392330#5;;0.02936340145642471;12.653455852586086;66.47151195824229;1971.2177985058067;0.051467757366061635;0.7278367548134327;0.4003803168683759
27486971#0;;0.030624119556562746;18.328821095593778;60.55693189338125;1449.3540722816012;0.001958028803309364;0.5676004325826773;0.24045874012534726
815392330#7;;0.019160024524831395;9.13752561845834;64.27047778223015;0.0;0.0;0.0;0.0
815392330#5;;0.02936340145642471;12.653455852586086;66.47151195824229;1971.2177985058067;0.051467757366061635;0.7278367548134327;0.4003803168683759
815392349#1;;0.01907668828691339;9.326144812749487;65.2973669286813;2776.867098639927;0.11242810893195102;1.0153787336189486;0.4246255856965563
-27486971#0;;0.030622243998040175;18.526726507637008;64.66360997746372;3971.3426385024723;0.11239773699591234;1.2716475533536877;0.2710796109665572
56229470#1;;0.03343139876972453;5.3674887873677255;66.0329271223378;3807.6427926407746;0.1852398063441061;1.3777673729155158;0.43961909380803743
815392330#5;;0.02936340145642471;12.665531537412953;67.29308809192415;3335.8708653743897;0.13757701399861325;1.1922832098234664;0.3957439063572764
27486971#0;;0.030624119556562746;18.151714231835566;64.08186296651212;3629.937138004462;0.10003741049888282;1.1825122468900013;0.27242324713164184
815392330#7;;0.019160024524831395;9.1470162594212;64.47878498598885;1126.5782850708172;0.0;0.42244783768935423;0.400263585098842
815392330#5;;0.02936340145642471;12.665531537412953;67.29308809192415;3335.8708653743897;0.13757701399861325;1.1922832098234664;0.3957439063572764
815392349#1;;0.01907668828691339;9.323727745802477;64.9670563085555;2326.0666478105895;0.07902808972446211;0.8545730755683689;0.414777595200529
-27486971#0;;0.030622243998040175;18.53823590009098;60.73877392888691;1623.7717175647892;0.009465228760846088;0.6166955256408028;0.23992737326881894
56229470#1;;0.03343139876972453;5.356746267915105;66.11851700875503;3875.748382199872;0.19108837129911377;1.4031826681746489;0.4429959440181265
815392330#5;;0.02936340145642471;12.598971123451712;69.27237718385564;8479.446881344771;0.41773347310301945;3.0356703219302537;0.8670390893499078
27486971#0;;0.030624119556562746;18.126975544556448;61.44871545459771;2015.0562408424144;0.027549011621951128;0.7269011821099477;0.25093513158535713
815392330#7;;0.019160024524831395;9.160179006980394;64.24053795070881;0.0;0.0;0.0;0.0
815392330#5;;0.02936340145642471;12.598971123451712;69.27237718385564;8479.446881344771;0.41773347310301945;3.0356703219302537;0.8670390893499078
815392349#1;;0.01907668828691339;9.32011683986858;65.0600169252771;2445.343328541634;0.08797438403233146;0.897204745318614;0.4177872189516708
-27486971#0;;0.030622243998040175;18.577861657085066;60.314473254996145;1340.2264847592003;0.0;0.5377361085953627;0.23565879136256238
56229470#1;;0.03343139876972453;5.369968333949558;63.29362566801941;0.0;0.0;0.0;0.0
815392330#5;;0.02936340145642471;12.678539521824163;65.70067345620079;0.0;0.0;0.0;0.0
27486971#0;;0.030624119556562746;18.35019045969452;58.10897310059812;0.0;0.0;0.0;0.0
815392330#7;;0.019160024524831395;9.122729897434459;68.44653538575018;6095.229055869777;0.3723339761021996;2.223527223194829;0.517446611014069
815392330#5;;0.02936340145642471;12.678539521824163;65.70067345620079;0.0;0.0;0.0;0.0
815392349#1;;0.01907668828691339;9.3208833367105;64.75234951592452;2012.5465323622425;0.05580003236295707;0.7426939746964952;0.40803048403105185
-27486971#0;;0.030622243998040175;18.5321365796969;61.62601634595488;2202.061886832232;0.03481593550396065;0.7780050247365304;0.2476429552741059
56229470#1;;0.03343139876972453;5.374571160301259;64.08217208534788;1297.5163413324738;0.0020285786442793413;0.4896517763039351;0.38338112966668647
815392330#5;;0.02936340145642471;12.646021536638633;68.6005822570863;6067.657147636304;0.24131880064145272;2.1727717216319915;0.809772872011861
27486971#0;;0.030624119556562746;18.291115851916587;61.942449688265185;2363.668909143568;0.04268396569239592;0.8244210234386642;0.2532364698403293
815392330#7;;0.019160024524831395;9.15022148620525;63.571903445728296;0.0;0.0;0.0;0.0
815392330#5;;0.02936340145642471;12.646021536638633;68.6005822570863;6067.657147636304;0.24131880064145272;2.1727717216319915;0.809772872011861
815392349#1;;0.01907668828691339;9.323456878532596;64.62621238551489;1833.4899744711495;0.04245755922267587;0.6787853237270297;0.40378748515753327
-27486971#0;;0.030622243998040175;18.575739819879974;60.25817074147707;1299.9655899842103;0.0;0.5265136159035225;0.2351570918484545
56229470#1;;0.03343139876972453;5.365407673483921;65.85152727367769;3597.1542169309905;0.17003755870600704;1.30348868431535;0.4353531222406589
815392330#5;;0.02936340145642471;12.639278959086376;68.17657371374474;4602.821316426231;0.24371754688101388;1.6599634436778885;0.4579158052202961
27486971#0;;0.030624119556562746;18.268797608133475;61.35531050761125;1980.755402097534;0.025687864226091088;0.7168826004177055;0.24842223746894518
815392330#7;;0.019160024524831395;9.120312123447565;67.6826260579094;5304.046999954687;0.3117340157791435;1.9369034270180556;0.4994162737958323
815392330#5;;0.02936340145642471;12.639278959086376;68.17657371374474;4602.821316426231;0.24371754688101388;1.6599634436778885;0.4579158052202961
815392349#1;;0.01907668828691339;9.304052096751443;66.35498017555821;4020.3509298441195;0.20581036630510335;1.460676300772317;0.454681316233225
-27486971#0;;0.030622243998040175;18.719018431170902;58.91027451990641;0.0;0.0;0.0;0.0
56229470#1;;0.03343139876972453;5.37462668062499;63.624144859810045;0.0;0.0;0.0;0.0
815392330#5;;0.02936340145642471;12.616419765264663;67.92943766684556;5578.383144810792;0.21309759848079862;2.025652412813015;0.8043391050439919
27486971#0;;0.030624119556562746;18.359224935705896;59.66900295942396;0.0;0.0;0.0;0.0
815392330#7;;0.019160024524831395;9.138343501341783;64.03024908123884;0.0;0.0;0.0;0.0
815392330#5;;0.02936340145642471;12.616419765264663;67.92943766684556;5578.383144810792;0.21309759848079862;2.025652412813015;0.8043391050439919
815392349#1;;0.01907668828691339;9.294112354896658;65.59199415047422;3088.055263506066;0.13664612000099186;1.1277168052819604;0.43472410702891146
-27486971#0;;0.030622243998040175;18.509629918188253;64.43250536274341;3843.732320276493;0.10693039977756318;1.2363521950860727;0.26966007857574115
56229470#1;;0.03343139876972453;5.362944463753984;66.23663896475571;4021.502424292697;0.20123224185995175;1.4540534472689277;0.445117969806502
815392330#5;;0.02936340145642471;12.674374844680806;66.24061337218706;1820.271179419634;0.03536455805101693;0.6751984857573349;0.3653709348177065
27486971#0;;0.030624119556562746;18.306897633018927;61.82472173706728;2291.595440047802;0.03942647815547258;0.8040911985829734;0.2520406478934194
815392330#7;;0.019160024524831395;9.122271412320556;66.3933090147861;3837.6334018141974;0.19894004372574245;1.4048667726683177;0.46526822825840114
815392330#5;;0.02936340145642471;12.674374844680806;66.24061337218706;1820.271179419634;0.03536455805101693;0.6751984857573349;0.3653709348177065
815392349#1;;0.01907668828691339;9.303728149119843;64.22790454661302;1134.6210832383524;0.0;0.4288029644418058;0.38990990875236586
-27486971#0;;0.030622243998040175;18.5877288098817;59.77496672611838;0.0;0.0;0.0;0.0
56229470#1;;0.03343139876972453;5.3615465816990024;64.81825128611274;2303.128183464858;0.07570589840432992;0.8454274156540653;0.40752406650015266
815392330#5;;0.02936340145642471;12.598450849157572;69.9139949118658;9194.354434297768;0.47529411112177233;3.301194059020203;0.8844098374747977
27486971#0;;0.030624119556562746;18.19410365227594;62.90281671636289;2942.1781825755384;0.06892523210721377;0.9879951295200118;0.26246815573181703
815392330#7;;0.019160024524831395;9.133039749512566;64.4339471075365;0.0;0.0;0.0;0.0
815392330#5;;0.02936340145642471;12.598450849157572;69.9139949118658;9194.354434297768;0.47529411112177233;3.301194059020203;0.8844098374747977
815392349#1;;0.01907668828691339;9.300187833094194;65.0970437351133;2446.708753011239;0.08857330862355203;0.8980509932185878;0.4197126568651591
-27486971#0;;0.030622243998040175;18.508556456745012;62.17902094021775;2541.68491357311;0.0497881775103226;0.8729084401695568;0.2524651265412403
56229470#1;;0.03343139876972453;5.378487354306998;62.978434390125216;0.0;0.0;0.0;0.0
815392330#5;;0.02936340145642471;12.644394504226716;66.26327693516227;0.0;0.0;0.0;0.0
27486971#0;;0.030624119556562746;18.128981520507395;62.11471449670023;2447.4997934891653;0.04700038510724264;0.8490046549192042;0.2567653639410116
815392330#7;;0.019160024524831395;9.152277361911647;63.94022194323523;0.0;0.0;0.0;0.0
815392330#5;;0.02936340145642471;12.644394504226716;66.26327693516227;0.0;0.0;0.0;0.0
815392349#1;;0.01907668828691339;9.29711224127059;65.07013840466163;2401.640622919896;0.08528499322688203;0.8819796684603574;0.41899236948433954
-27486971#0;;0.030622243998040175;18.548962775094495;60.311886267686646;1331.161980366887;0.0;0.535120790400851;0.23592384881733744
56229470#1;;0.03343139876972453;5.376850158837211;64.79223193473128;2333.347631991754;0.07730949825862107;0.8557383828694571;0.40571225540845124
815392330#5;;0.02936340145642471;12.681628281677346;66.41743458873565;1176.9435299515867;0.0;0.45586929042740976;0.3513638546016609
27486971#0;;0.030624119556562746;18.522870925303362;56.707142141054696;0.0;0.0;0.0;0.0
815392330#7;;0.019160024524831395;9.131544234727798;66.78428356257578;4319.420909428525;0.23543117670044794;1.5788084031163487;0.4754145020103755
815392330#5;;0.02936340145642471;12.681628281677346;66.41743458873565;1176.9435299515867;0.0;0.45586929042740976;0.3513638546016609
815392349#1;;0.01907668828691339;9.313319874291945;63.84116780124556;0.0;0.0;0.0;0.0
-27486971#0;;0.030622243998040175;18.69540175511547;58.877773277694594;0.0;0.0;0.0;0.0
56229470#1;;0.03343139876972453;5.3584306902959735;67.33894792701354;5156.551362430731;0.2847108528628699;1.8570071951532632;0.47093796162748947
815392330#5;;0.02936340145642471;12.634630931354293;68.74601265333584;7080.788738518478;0.31266180027392776;2.5345877183199397;0.8331907812765915
27486971#0;;0.030624119556562746;19.51937802304566;54.768715708916496;0.0;0.0;0.0;0.0
815392330#7;;0.019160024524831395;9.159607825709966;63.52776764132624;0.0;0.0;0.0;0.0
815392330#5;;0.02936340145642471;12.634630931354293;68.74601265333584;7080.788738518478;0.31266180027392776;2.5345877183199397;0.8331907812765915
815392349#1;;0.01907668828691339;9.319340219214661;64.41351507255662;1492.963443886644;0.017212074366986387;0.5571919754697943;0.3965439590985646
-27486971#0;;0.030622243998040175;18.65701020561761;61.46107658967969;2118.399374773888;0.030836347609577392;0.7542346715130066;0.24480018861212222
56229470#1;;0.03343139876972453;5.375485498068628;62.98150813751295;0.0;0.0;0.0;0.0
815392330#5;;0.02936340145642471;12.660818468376595;66.89589064584912;2531.4127917704886;0.09193893171529333;0.9259184693310074;0.4108837507761959
27486971#0;;0.030624119556562746;20.6292031376477;54.074750707753225;0.0;0.0;0.0;0.0
815392330#7;;0.019160024524831395;9.126122704041652;68.02744366638593;5671.08637187338;0.3394890808894033;2.0692659068639045;0.5072460534392742
815392330#5;;0.02936340145642471;12.660818468376595;66.89589064584912;2531.4127917704886;0.09193893171529333;0.9259184693310074;0.4108837507761959
815392349#1;;0.01907668828691339;9.328481717594107;64.20435113787022;1184.8893007705221;0.0;0.44744707265541583;0.38883670701469675
-27486971#0;;0.030622243998040175;18.590342248691975;61.93870581417513;2405.7053034005985;0.04354678296332969;0.8344691170486652;0.24950312539735045
56229470#1;;0.03343139876972453;5.3678949634501;65.61630132539523;3331.4172015809104;0.15046867061034427;1.209184573961342;0.42908631138135406
815392330#5;;0.028037594194264062;12.231894531733227;64.6095919778932;2061.9309327388564;0.05774093746032491;0.7598826039110863;0.4005825319147142
27486971#0;;0.030624119556562746;21.872840495396236;53.346887327204115;0.0;0.0;0.0;0.0
815392330#7;;0.019160024524831395;9.144432917344195;64.00313226313031;0.0;0.0;0.0;0.0
815392330#6;;0.0032752963046090186;2.0666396114586116;63.41607997321992;1378.628792937838;0.005439953067095028;0.524667724129988;0.3552924193711976
815392349#1;;0.01907668828691339;9.322053855458552;65.26290101849214;2722.4862188747948;0.10851183845270157;0.996090843199773;0.42380319648237874
-27486971#0;;0.030622243998040175;18.7627210732497;58.56130619943764;0.0;0.0;0.0;0.0
56229470#1;;0.03343139876972453;5.376242596130587;63.69999596597339;0.0;0.0;0.0;0.0
815392330#5;;0.024236760823337873;12.229598789489973;64.73682963128532;2232.5369103526787;0.07020511484080368;0.8202382958729925;0.4044873549112288
27486971#0;;0.030624119556562746;23.276043366490935;52.5817766962695;0.0;0.0;0.0;0.0
815392330#7;;0.019160024524831395;9.123032308491227;66.86497427429605;4400.6149933198585;0.24214561416762131;1.6089685800267237;0.4782109312925118
815392330#6;;0.02663169855655086;2.065281211612394;64.34906015228387;2509.431315430045;0.08176077176134428;0.9102815807639052;0.37878393996875753
815392349#1;;0.01907668828691339;9.325062164603175;64.59429832592916;1790.320365254266;0.039228614627393854;0.6633874338138958;0.40267493896456796
-27486971#0;;0.030622243998040175;18.731187597482727;61.32625884131095;2045.5886835121023;0.027502650297327742;0.7337890779865062;0.24283019364013494
56229470#1;;0.03343139876972453;5.371581397931414;65.20058554314551;2839.6757669851595;0.11440126860730282;1.0349467214875314;0.4176714266471076
815392330#5;;0.020411595993495124;12.230821934251475;64.54910714214323;1974.880464041302;0.05141414534842872;0.7290982870696006;0.3987476910720065
27486971#0;;0.030624119556562746;24.8716266141792;51.77561062384062;0.0;0.0;0.0;0.0
815392330#7;;0.019160024524831395;9.148466473133038;63.662625968963845;0.0;0.0;0.0;0.0
815392330#6;;0.050137619423588874;2.0589232979239114;66.33317684301684;4478.309638529851;0.21615841938220498;1.5846661020998558;0.42163953761091894
815392349#1;;0.01907668828691339;9.318625724077949;65.27083124413133;2725.1768849862183;0.10881209239330747;0.997147332874653;0.42419308819812673
-27486971#0;;0.030622243998040175;18.50076829507845;64.81893930692871;4055.6202159101517;0.11630144006014365;1.2956733909965397;0.2726001551464691
56229470#1;;0.03343139876972453;5.362161076474187;65.90146163418606;3645.210091877446;0.17379158704618428;1.3208526030433885;0.43697159797458024
815392330#5;;0.016604248867373387;12.207883804258548;66.00142998739544;3755.9620966839807;0.1819632215097082;1.3601969268378045;0.4395767924480399
27486971#0;;0.030624119556562746;26.702065200393736;50.92406302708145;0.0;0.0;0.0;0.0
815392330#7;;0.019160024524831395;9.122403868760847;67.30275207330908;4894.264929757579;0.28010383473140443;1.7880455957434034;0.48969983609169215
815392330#6;;0.07353404918309843;2.063575293964117;62.63913654762307;0.0;0.0;0.0;0.0
815392349#1;;0.01907668828691339;9.326994946468874;64.25358725842527;1260.979262943979;0.0;0.4745525426459363;0.390668942309012
-27486971#0;;0.030622243998040175;18.563573518346;59.99125602278119;0.0;0.0;0.0;0.0
56229470#1;;0.03343139876972453;5.3770125476798425;63.13889020610777;0.0;0.0;0.0;0.0
815392330#5;;0.014681700728212356;12.247929411402305;62.93169005102828;0.0;0.0;0.0;0.0
27486971#0;;0.030624119556562746;25.612955798285792;69.9733270471479;6017.513473750516;0.13251288323359814;1.6330413155509615;0.20975251236205855
815392330#7;;0.019160024524831395;9.14413386348101;63.838421122762156;0.0;0.0;0.0;0.0
815392330#6;;0.09022013713460844;2.061520602211839;64.62710670210147;2788.6200517153115;0.10108182814249278;1.0061028901914375;0.3860084255696998
815392349#1;;0.01907668828691339;9.32623998576422;64.84532727733097;2161.3114854733726;0.06674354312090938;0.7957566724055473;0.4108587034649288
-27486971#0;;0.030622243998040175;18.509413075212247;61.77055685127104;2289.33737774862;0.03870940446359997;0.8024620887030381;0.2491172036324452
56229470#1;;0.03343139876972453;5.378460496351842;64.41701466401554;1821.235933755585;0.04003712012275282;0.6747994640375812;0.39424648832451664
815392330#5;;0.014681700728212356;12.240728659278977;64.98956491030849;2587.088830660429;0.09581364551746724;0.9454459838616674;0.4114680072502937
27486971#0;;0.030624119556562746;24.60920869602488;70.08833716820051;6145.29311126564;0.14378705498258998;1.6881559902892938;0.22027132619223616
815392330#7;;0.019160024524831395;9.135835974626156;65.72386863948687;3004.508108650951;0.1344638771460852;1.1022292297589484;0.4446169160496586
815392330#6;;0.09022013713460844;2.0647797613084458;62.96836500931206;0.0;0.0;0.0;0.0
815392349#1;;0.01907668828691339;9.3016182198614;66.82767779871818;4540.400153868922;0.2447275138870194;1.6468585007528822;0.4666152734361885
-27486971#0;;0.030622243998040175;18.617975416303395;59.365332978813186;0.0;0.0;0.0;0.0
56229470#1;;0.03343139876972453;5.375845882215617;64.91872390005219;2496.1011094890323;0.08918602806735543;0.9132816891826296;0.40943920132758627
815392330#5;;0.014681700728212356;12.215234473196977;66.15703443984552;3937.643274501468;0.1949795629465083;1.4241628135850828;0.44301154752782196
27486971#0;;0.030624119556562746;23.681166556099964;70.20397482997177;6274.60251415437;0.1555411249658075;1.7443765075158848;0.23094935555873006
815392330#7;;0.019160024524831395;9.161081202286622;63.643234482281585;0.0;0.0;0.0;0.0
815392330#6;;0.09022013713460844;2.0678400860249124;62.991667323142366;0.0;0.0;0.0;0.0
815392349#1;;0.01907668828691339;9.330010244585587;63.236271511116236;0.0;0.0;0.0;0.0
-27486971#0;;0.030622243998040175;18.569556685952076;61.653976683408054;2225.6690865932133;0.03574479674495985;0.784426658452348;0.24742757515239583
56229470#1;;0.03343139876972453;5.363408065540052;66.35076290963923;4146.635364585475;0.21033570993015008;1.4983119044335096;0.44778992652448524
815392330#5;;0.014681700728212356;12.20551995619281;65.190363189158;2785.1453321916706;0.11102269635032591;1.0162775970891538;0.41836821060815504
27486971#0;;0.030624119556562746;22.820575859481075;70.32022411012198;6405.454326591104;0.16777734150517068;1.8017086514923346;0.24178720198256426
815392330#7;;0.019160024524831395;9.133808598425567;67.39141991972058;5004.472862615149;0.2878037322095028;1.8267704983812134;0.49098155792039244
815392330#6;;0.09022013713460844;2.0666899437658186;64.26505575842802;2426.146193834644;0.07599630901163126;0.8817370865145289;0.3765227560644004
815392349#1;;0.01907668828691339;9.325015025202841;65.15039741916081;2579.7346393932744;0.09782865144167671;0.9450705863680298;0.4203273163244038
815392330#0;;0.12613521695257315;2.8538516918646506;55.9402874701336;1521.0;0.0;0.6117;0.0
-27486971#0;;0.030622243998040175;18.512980129789728;61.80807271536828;2313.3490344380402;0.03975225751000462;0.8091464541774557;0.24938386804546223
56229470#1;;0.03343139876972453;5.365825240321801;64.35225113411445;1662.3920263242076;0.028764304196785148;0.6184878650022533;0.39274389655940417
815392330#5;;0.014681700728212356;12.217705037014818;64.03633299875494;1170.9840183840047;0.0;0.44450189634171033;0.381987171051218
:11876446088_1;;0.5927993966971133;0.15569055341905655;56.83044251446142;0.0;0.0;0.0;0.0
815392330#7;;0.019160024524831395;9.130730467394764;65.34149162545447;2455.952019642102;0.09257577632039095;0.9036482880036724;0.4324654499658389
815392330#6;;0.09022013713460844;2.0673245208301028;63.68416638416031;1735.561363414084;0.029445414942929248;0.6463507983383127;0.36226697301406
815392349#1;;0.01907668828691339;9.310476553849464;65.9271067217533;3532.034275327479;0.16913007520191103;1.2857019868398574;0.4430715756462932
815392330#0;;0.12613521695257315;2.8034037402468024;67.03131162620338;3345.647392683041;0.00018804184366101134;0.6392353357051466;0.006535608502665311
-27486971#0;;0.030622243998040175;18.732420917076926;58.061536050819605;0.0;0.0;0.0;0.0
56229470#1;;0.03343139876972453;5.378188302175971;63.33433996463149;0.0;0.0;0.0;0.0
815392330#5;;0.014681700728212356;12.204115180780239;65.42172773228361;3071.125633867084;0.13198118188489746;1.1176676057123582;0.42477302526552074
:251674120_5;;0.0017139844290711419;1.2002484544533678;51.868784292010915;0.0;0.0;0.0;0.0
815392330#7;;0.019160024524831395;9.132304309872628;65.01188170023225;1963.128356830873;0.05475480189717323;0.7250743485838681;0.4209320883394856
815392330#6;;0.09022013713460844;2.062413355925364;65.70024618187497;3896.81883557558;0.17594492189073793;1.384505871780704;0.40822034410357694
815392349#1;;0.01907668828691339;9.316099297386796;64.44519017269717;1532.4283829715969;0.020179200703589868;0.5712347921802837;0.3977208384565488
815392330#0;;0.12613521695257315;2.755168584541368;67.01839193057852;3414.7807459313017;0.0007391066202683169;0.6668149910780049;0.013133311291511318
-27486971#0;;0.030622243998040175;18.76013052317341;60.43104105238774;1464.285143297679;0.0023337196527360056;0.5726566498592324;0.23487541865599626
56229470#1;;0.03343139876972453;5.374384639182235;65.07724743284027;2694.5582344528307;0.10369170660756852;0.9834874953840036;0.41402638647948586
815392330#5;;0.014681700728212356;12.21217457499694;64.23785420077307;1474.5505735690585;0.015095833279636768;0.5519105647229404;0.3890388575449867
:251674120_5;;0.08379438238269674;1.218317679898417;56.065917605052135;0.0;0.0;0.0;0.0
815392330#7;;0.019160024524831395;9.138832161845995;64.67614241879136;1438.5419595949284;0.014476854199839836;0.5351467767644349;0.40820916528490003
815392330#6;;0.09022013713460844;2.063888463400966;63.465096963922;1410.045857201366;0.007645408730354235;0.5351740249948895;0.3569829471344709
815392349#1;;0.01907668828691339;9.314269692397943;64.94546552794105;2271.36187448719;0.07517561999753387;0.8351622190985878;0.4144438386897016
815392330#0;;0.12613521695257315;2.70695296626238;67.49872646237773;3575.0595778430843;0.0017592840491383037;0.6995076332227427;0.02011449297336521
-27486971#0;;0.030622243998040175;18.66617748875753;62.350654958772715;2664.985729039535;0.054561257206193564;0.9060606886602119;0.25182548073687994
56229470#1;;0.03343139876972453;5.3664299866717995;65.67348809526437;3394.129859646694;0.15514380872282194;1.2315132878150272;0.43071415122764223
815392330#5;;0.014681700728212356;12.248724411150885;63.04062609844149;0.0;0.0;0.0;0.0
:251674120_5;;0.16598593010080262;1.2166701172603804;59.646337821083634;1806.6284024358881;0.010443389805628171;0.6621806343022092;0.17713848072499125
815392330#7;;0.019160024524831395;9.133424982844438;65.50766809458332;2700.871361403969;0.11127665199900186;0.9923248732865322;0.4378526707328062
815392330#6;;0.09022013713460844;2.0608195582590825;65.00261855348373;3186.258131091361;0.12812136181864142;1.1421452492249473;0.39441443783974267
815392349#1;;0.01907668828691339;9.332583756966605;63.69241032986329;0.0;0.0;0.0;0.0
815392330#0;;0.12613521695257315;2.6668243030525423;66.00254539808591;3359.5393064325995;0.0025330041663500363;0.7105862188575472;0.026098811397653264
-27486971#0;;0.030622243998040175;18.766148554546422;59.43983969377235;0.0;0.0;0.0;0.0
56229470#1;;0.03343139876972453;5.36588254060936;64.69832446053398;2158.2829379186587;0.06496353013734768;0.79404553999967;0.4036372227171302
815392330#5;;0.014681700728212356;12.244953021215386;64.79230412384779;2336.097379726049;0.07748444098285479;0.8566934211537006;0.40567054593857954
:251674120_5;;0.24886747444392374;1.2065412244975822;61.446240364321056;2597.763035804547;0.03459468907316348;0.8484444655031814;0.18591359312736996
815392330#7;;0.019160024524831395;9.133722272015788;65.0960279392324;2097.8336397708435;0.06505254845424592;0.7738711469854365;0.42390459926674334
815392330#6;;0.09022013713460844;2.058786281013609;64.64543461936277;2787.212178373948;0.10134226709455814;1.0060483308378314;0.3871124242466881
815392349#1;;0.01907668828691339;9.301595362885203;67.428799789486;5171.055659976349;0.2917761539355314;1.8724224330482215;0.48078666965392547
815392330#0;;0.12613521695257315;2.6227952935795806;67.38162287588015;3692.135732578725;0.0045299262742457425;0.754467994407746;0.03322715893901666
-27486971#0;;0.030622243998040175;18.692217420980057;62.01240654667;2464.7770803995677;0.045772945100825;0.8502719901648697;0.24883907862877222
56229470#2;;0.010062883863683115;2.575246201411141;63.80634051959264;0.0;0.0;0.0;0.0
815392330#5;;0.014681700728212356;12.231719360732699;65.35520677553505;3030.7663087801966;0.1283161117172261;1.1025229710154318;0.4218488084039792
:251674120_5;;0.33063002065125996;1.2230538876127541;56.313629978549045;0.0;0.0;0.0;0.0
815392330#7;;0.019160024524831395;9.13546657619148;64.99358346195213;1944.4180230113463;0.05326411254862219;0.7182995916240419;0.4201959461193502
815392330#6;;0.09022013713460844;2.0614677512212283;63.15063084136642;0.0;0.0;0.0;0.0
815392349#1;;0.01907668828691339;9.299205837111815;65.01678106242024;2332.40773881333;0.08006664023256675;0.8571776421132692;0.41723694659324617
815392330#0;;0.12613521695257315;2.581749190203725;67.06807770948407;3698.1887633206543;0.006256637557799433;0.7785388953572121;0.04004660034592214
-27486971#0;;0.030622243998040175;18.6338885307002;61.78612390496764;2317.903423828788;0.039579907895148723;0.8097963320333923;0.2477361749768975
56229470#2;;0.029608938216601394;2.5691192944494263;66.41598598701702;4210.322020568682;0.21525798909462443;1.521290315469893;0.4497163196077682
815392330#6;;0.10389596597817997;2.057257666717291;67.65176520275207;3771.3978393403336;0.18306840019905224;1.3656315392232572;0.4398646982121365
:251674120_5;;0.4130483361354617;1.2133225413854571;61.31786734148382;2546.5905794777022;0.03277658608844071;0.8356993778620496;0.18435787894346378
815392330#7;;0.019160024524831395;9.157517933420081;63.794436626129695;0.0;0.0;0.0;0.0
815392330#6;;0.10389596597817997;2.057257666717291;67.65176520275207;3771.3978393403336;0.18306840019905224;1.3656315392232572;0.4398646982121365
815392349#1;;0.01907668828691339;9.334690358952008;62.954358437303256;0.0;0.0;0.0;0.0
815392330#0;;0.12613521695257315;2.550100630336786;64.95592194229475;3307.5127883735395;0.0063662464829472585;0.762961850498482;0.04508506552294406
-27486971#0;;0.030622243998040175;18.726906695908763;59.54019478974728;0.0;0.0;0.0;0.0
56229470#2;;0.04901574201247361;2.578343351122692;62.81578654793681;0.0;0.0;0.0;0.0
815392330#6;;0.12921911938500294;2.049071622245008;68.81306611121815;7355.174221976273;0.33454202392168614;2.6348350005949692;0.8424379614880567
:251674120_5;;0.49570294221301114;1.20985393005414;60.04288716020835;1978.5078844238376;0.015739134657182675;0.7026564315367887;0.17974102277939374
815392330#7;;0.019160024524831395;9.150831110602976;65.56661356212716;2825.655693062311;0.12028408024228474;1.0369961829073702;0.4389876575496496
815392330#6;;0.12921911938500294;2.049071622245008;68.81306611121815;7355.174221976273;0.33454202392168614;2.6348350005949692;0.8424379614880567
815392349#1;;0.01907668828691339;9.3164958213766;66.22224640670538;3887.4535604902826;0.19530792899560842;1.4122910018104773;0.4504287625566594
815392330#0;;0.12613521695257315;2.5120052757574536;67.03462473645624;3809.223740325184;0.010268118028954781;0.8283745883532436;0.05246450591119632
-27486971#0;;0.030622243998040175;18.511277073988893;64.54378673566478;3905.1192408577976;0.10961208775652657;1.2534571711124172;0.2704458158916657
56229470#2;;0.06845821319666497;2.575974413606657;65.22642276068532;2883.1373703848662;0.11739397178554958;1.0501261003849383;0.41809699559381514
815392330#6;;0.1544698876989915;2.0600234741733074;65.97691392033485;0.0;0.0;0.0;0.0
:251674120_5;;0.5787335675794602;1.2043748864790318;60.48355030012746;2171.0221362974817;0.021706326896890032;0.7481937516626881;0.18235659380404723
815392330#7;;0.019160024524831395;9.146973653173687;65.36320321753686;2530.81661955911;0.097874408192633;0.9304517267385896;0.43258773951418855
815392330#6;;0.1544698876989915;2.0600234741733074;65.97691392033485;0.0;0.0;0.0;0.0
815392349#1;;0.01907668828691339;9.305578080174028;65.64437978137428;3177.177386079216;0.1428860363964038;1.159111545451341;0.4355969396097118
815392330#0;;0.12613521695257315;2.486541010134125;63.842147070723094;3140.031082964999;0.00836190813690587;0.7745927183615541;0.05615125878149608
-27486971#0;;0.030622243998040175;18.679618964743632;58.625374290827;0.0;0.0;0.0;0.0
56229470#2;;0.06975446428571427;2.5749766523987225;64.86295913784119;2409.9572212747244;0.0830526874038528;0.8829358307672497;0.40806620739219623
815392330#6;;0.17962815908029;2.054736822792488;69.05899657031367;5609.01778329413;0.29299287318013306;1.971660317917706;0.4448405160016907
:251674120_5;;0.6297229219143576;1.2097430710195731;58.299509450933236;0.0;0.0;0.0;0.0
815392330#7;;0.019160024524831395;9.147114334511587;65.0780612893617;2110.595256776425;0.06575654799751698;0.7784293860487658;0.42290223622166734
815392330#6;;0.17962815908029;2.054736822792488;69.05899657031367;5609.01778329413;0.29299287318013306;1.971660317917706;0.4448405160016907
815392349#1;;0.01907668828691339;9.294692052836247;65.6654371116693;3182.011877144669;0.14364518866373194;1.1613210926259188;0.43678103138491436
815392330#0;;0.12613521695257315;2.4609862782466996;64.08161257602319;3221.840938021552;0.010015574242579737;0.7937523524506358;0.06102032030913021
-27486971#0;;0.030622243998040175;18.730511334729446;60.11052306530551;0.0;0.0;0.0;0.0
56229470#2;;0.06975446428571427;2.5749039060306442;64.62653503464098;2089.0518855949927;0.0596908461568254;0.7694658077212395;0.40105317346378755
815392330#6;;0.18044027426921688;2.060764636685612;66.6803136745408;2265.848356017588;0.07257286274489695;0.8319869345430604;0.4049637220000228
:251674120_5;;0.6297229219143576;1.20325343048243;60.70033498617376;2266.8236464673146;0.024653732706079488;0.770833883925186;0.18341271532892514
815392330#7;;0.019160024524831395;9.123759694971778;67.04366070532394;4606.194956608441;0.257891901515399;1.6834487925800792;0.48288693019593165
815392330#6;;0.18044027426921688;2.060764636685612;66.6803136745408;2265.848356017588;0.07257286274489695;0.8319869345430604;0.4049637220000228
815392349#1;;0.01907668828691339;9.331195702854217;62.926366220642066;0.0;0.0;0.0;0.0
815392330#0;;0.12613521695257315;2.4301737977272335;65.86182619113958;3676.450281972446;0.014698019231947084;0.8597130941283344;0.0678320234191591
-27486971#0;;0.030622243998040175;18.75286346289691;60.51072822107444;1516.7392049999223;0.004604639195431734;0.5871779051658021;0.2356533281084864
56229470#2;;0.06975446428571427;2.5699649616973574;66.03192403022692;3792.9173281236986;0.18458463549347912;1.3731717575870712;0.440213159667267
815392330#6;;0.18044027426921688;2.05749872827179;67.87171579936054;5321.625666288279;0.19011392812804778;1.9256592841741031;0.7957431572255222
:251674120_5;;0.6297229219143576;1.2085708511942355;58.31188901884009;0.0;0.0;0.0;0.0
815392330#7;;0.019160024524831395;9.158735485029927;63.26844086906151;0.0;0.0;0.0;0.0
815392330#6;;0.18044027426921688;2.05749872827179;67.87171579936054;5321.625666288279;0.19011392812804778;1.9256592841741031;0.7957431572255222
815392349#1;;0.01907668828691339;9.312305310241705;66.29170291904933;3960.540828530263;0.2009476008168194;1.4386948779035538;0.4524938054713656
815392330#0;;0.12613521695257315;2.3929741277585794;68.13029617178245;4288.680060642238;0.022220466812388307;0.95654949508802;0.07681772888686929
-27486971#0;;0.030622243998040175;18.571786834457114;63.888265149606774;3543.9158121584755;0.093363157900435;1.1517027787223872;0.2647507501499634
56229470#2;;0.06975446428571427;2.5719493006878777;64.1610343760209;1373.9302014939844;0.007698699808116188;0.5163830264913144;0.38631928166531554
815392330#6;;0.18044027426921688;2.0581182513954395;67.2690017113085;2776.263545431587;0.1004738272494736;1.0021532184000053;0.38648879925109597
:251674120_5;;0.6297229219143576;1.2065376863442983;59.76569501527195;1847.7163479963933;0.01183905140828785;0.6720135282264239;0.17906092680326707
815392330#7;;0.019160024524831395;9.121199017827083;68.4597512757699;6107.529660319681;0.3734090504124221;2.228215363258313;0.5179098173558537
815392330#6;;0.18044027426921688;2.0581182513954395;67.2690017113085;2776.263545431587;0.1004738272494736;1.0021532184000053;0.38648879925109597
815392349#1;;0.01907668828691339;9.323080760223153;64.11991733670406;0.0;0.0;0.0;0.0
815392330#0;;0.12613521695257315;2.3720863859725525;63.46804087853867;3166.685316023258;0.0144318982318025;0.8231232160722626;0.07834474058883126
-27486971#0;;0.030622243998040175;18.74098095388429;58.60219095062381;0.0;0.0;0.0;0.0
56229470#2;;0.06975446428571427;2.5695146172515573;65.29470930422734;2920.347900293581;0.12085142685262489;1.0641211226580236;0.4211602903676436
815392330#6;;0.18044027426921688;2.051666264730521;68.72292518779729;6783.61786244412;0.3046735117160427;2.4605266602602756;0.8324528672910592
:251674120_5;;0.6297229219143576;1.2186077160844166;57.064304215284295;0.0;0.0;0.0;0.0
815392330#7;;0.019160024524831395;9.149851372589106;63.52540842306026;0.0;0.0;0.0;0.0
815392330#6;;0.18044027426921688;2.051666264730521;68.72292518779729;6783.61786244412;0.3046735117160427;2.4605266602602756;0.8324528672910592
815392349#1;;0.01907668828691339;9.317185284218636;65.23352267444456;2672.477160782132;0.10493582556437422;0.9783683259512606;0.42315159522314816
815392330#0;;0.12613521695257315;2.3380654546583335;67.83070178616285;4328.071491634956;0.028056146213521576;0.9988091441033364;0.08891464941268645
-27486971#0;;0.030622243998040175;18.579124856733166;63.54723954183545;3352.115656716737;0.08493493068061005;1.0981627939350092;0.2621156387231594
56229470#2;;0.06975446428571427;2.568337551749825;64.96079959729121;2482.5472456745497;0.0889442265811745;0.9090896345844814;0.4119206033547537
815392330#6;;0.1621276280013501;1.991852756289274;63.37676475051194;0.0;0.0;0.0;0.0
56229470#0;;0.01404600315357527;2.054376015211291;58.93561635009603;1482.7199404620333;0.000708988696263799;0.5864601434712439;0.17364452634556368
815392330#7;;0.021899474464152274;9.422221337341938;67.92876682229098;3620.5187728935766;0.181657964441774;1.3253351822289376;0.4588415966260798
815392330#7;;0.021899474464152274;9.422221337341938;67.92876682229098;3620.5187728935766;0.181657964441774;1.3253351822289376;0.4588415966260798
815392349#1;;0.01907668828691339;9.316183617923965;64.8835416090363;2188.7392356469945;0.0689885039641488;0.8056317152043372;0.4124131057820788
815392330#0;;0.12613521695257315;2.317290429541277;63.90252008300466;3333.3901429798066;0.01960765454246868;0.8684978831188004;0.09041958880948636
-27486971#0;;0.030622243998040175;18.72287679732486;58.90372396800417;0.0;0.0;0.0;0.0
56229470#2;;0.06975446428571427;2.5726673416342094;63.66579688060565;0.0;0.0;0.0;0.0
815392330#6;;0.13863282495614618;1.9853494646055536;67.19561815875804;5013.047989029805;0.2742779357963046;1.8062600776617428;0.4678920477465788
56229470#0;;0.030119480741165067;2.031536120986656;68.80565815508355;5659.812838095207;0.13152585641284328;1.582036249928764;0.21933003372649185
815392330#7;;0.02688905901644076;9.42919770010468;67.45749342676558;3228.9736229869604;0.13124610884576085;1.1570751807418365;0.3958899466598381
815392330#7;;0.02688905901644076;9.42919770010468;67.45749342676558;3228.9736229869604;0.13124610884576085;1.1570751807418365;0.3958899466598381
815392349#1;;0.01907668828691339;9.304226663231445;65.73027707409607;3281.3495184758644;0.15070237477195134;1.1964197578513158;0.43806942584181674
815392330#0;;0.12613521695257315;2.2895334000993355;66.4107778015082;4044.945948827614;0.030072968521920096;0.9882320195394384;0.09910490787099453
-27486971#0;;0.030622243998040175;18.663905303759883;61.78401450288456;2321.032236909301;0.039624349945858464;0.8105120178412101;0.24735669663922238
56229470#2;;0.06975446428571427;2.5789186547839433;63.26811429571046;0.0;0.0;0.0;0.0
815392330#6;;0.11529520575581884;1.990907884565187;63.143072504557054;0.0;0.0;0.0;0.0
56229470#0;;0.046572495568032196;2.015991943907874;65.88082267252108;4485.2699975121695;0.09782808141374065;1.3113750918569762;0.2135491192614012
815392330#7;;0.031845262480887954;9.425976839253762;68.94778945253168;5561.173330257395;0.33103381686911754;2.0293895613514787;0.5046776979390897
815392330#7;;0.031845262480887954;9.425976839253762;68.94778945253168;5561.173330257395;0.33103381686911754;2.0293895613514787;0.5046776979390897
815392349#1;;0.01907668828691339;9.29996292072549;65.1499575206977;2518.878877828132;0.09396473536112374;0.923871779335174;0.42135610514759636
815392330#0;;0.12613521695257315;2.2608198895743086;67.0497453426036;4273.84206785003;0.036117664336523234;1.0415500137539226;0.1068034064170428
-27486971#0;;0.030622243998040175;18.547690236596186;62.78001888397885;2906.326567802701;0.06560663244328628;0.974302311419231;0.25670997983855315
56229470#2;;0.06975446428571427;2.5763112435704505;65.29073765098985;2964.853686983934;0.12329967601729463;1.0789642613480253;0.4197704546273659
815392330#6;;0.09196298708907477;1.9888119469914007;65.35089023507135;3010.1204624483116;0.1270754679669207;1.0955301858289728;0.4221548853584474
56229470#0;;0.06349164976095274;1.9972233726629467;67.5113994492513;5203.506130834778;0.12557870350537284;1.4995889375917923;0.22727837849653393
815392330#7;;0.03680031903557433;9.44786762537771;66.65504706028328;1892.5524287063936;0.040079874923600024;0.699854593764989;0.3658463361166558
815392330#7;;0.03680031903557433;9.44786762537771;66.65504706028328;1892.5524287063936;0.040079874923600024;0.699854593764989;0.3658463361166558
815392349#1;;0.01907668828691339;9.305787473541326;64.45403532509246;1512.6375208041998;0.018812770981163407;0.5640082011857922;0.3982120942063502
815392330#0;;0.12613521695257315;2.239005021442119;64.97941983094984;3723.2750493349913;0.031057417160616173;0.9652233656796755;0.1098537049993859
-27486971#0;;0.030622243998040175;18.74684533311131;58.270185639722015;0.0;0.0;0.0;0.0
56229470#2;;0.06975446428571427;2.568114949809479;67.11856548355883;4936.59447278698;0.2686168088126456;1.779048238254785;0.46610159289105096
815392330#6;;0.09022013713460844;1.9918232356056642;63.72461435915086;0.0;0.0;0.0;0.0
56229470#0;;0.08095528394648069;1.975738243347335;69.02087455911702;5899.169396472285;0.1551770442172791;1.6904963305581664;0.24247729385450453
815392330#7;;0.03832004904966279;9.44423205232305;67.788181715395;4673.316304907463;0.15822477834814067;1.7235797357718097;0.8041682747278647
815392330#7;;0.03832004904966279;9.44423205232305;67.788181715395;4673.316304907463;0.15822477834814067;1.7235797357718097;0.8041682747278647
815392349#1;;0.01907668828691339;9.322957191865495;63.770957433982865;0.0;0.0;0.0;0.0
815392330#0;;0.12613521695257315;2.2109729093989126;67.41577251796048;4479.058567272541;0.0454145207017843;1.1084816208086055;0.12019818537791678
-27486971#0;;0.030622243998040175;18.709166846927594;61.429963373699906;2107.392528885696;0.030230242514896907;0.7510005286760738;0.24393759617468225
56229470#2;;0.06975446428571427;2.57240924772163;63.67463992464704;0.0;0.0;0.0;0.0
815392330#6;;0.09022013713460844;1.9873064922159205;66.31376237195047;4105.827582627521;0.20738340204285305;1.483904295177394;0.44695101529600656
56229470#0;;0.09887737902609853;1.9580026801033845;67.57270655646072;5307.405677230771;0.13923270214228253;1.5561214122335127;0.24297609302271778
815392330#7;;0.03832004904966279;9.418320572623122;69.18603325692466;7832.4609617146525;0.389513014761218;2.8415480833208573;0.877122952266735
815392330#7;;0.03832004904966279;9.418320572623122;69.18603325692466;7832.4609617146525;0.389513014761218;2.8415480833208573;0.877122952266735
815392349#1;;0.01907668828691339;9.296322858171722;67.02659451071055;4747.263433724919;0.26048451904466785;1.7213757568122836;0.47182562588015936
815392330#0;;0.12613521695257315;2.188760117168382;65.63913836197149;3989.419763339596;0.04056409488213329;1.0374028916381441;0.12362615030682655
-27486971#0;;0.030622243998040175;18.649048584284106;61.808503344692426;2333.964665308993;0.040232232594094114;0.8141832745561557;0.24773405253890268
56229470#2;;0.06975446428571427;2.5670985538837123;66.171454206369;3933.3852901733244;0.19535267903475906;1.4236839593976047;0.44435655965928056
815392330#6;;0.09022013713460844;1.9922709521302226;63.25554949677698;0.0;0.0;0.0;0.0
56229470#0;;0.11734756897161239;1.9372130670677523;69.2798709554246;6120.751948718272;0.17520942613487764;1.7832278517669318;0.2601583603239217
815392330#7;;0.03832004904966279;9.43779879725362;66.8205429704522;2255.8822620068017;0.06483289909649713;0.8239239090930427;0.37439801851120846
815392330#7;;0.03832004904966279;9.43779879725362;66.8205429704522;2255.8822620068017;0.06483289909649713;0.8239239090930427;0.37439801851120846
815392349#1;;0.01907668828691339;9.319273655473912;63.49674787437587;0.0;0.0;0.0;0.0
815392330#0;;0.12613521695257315;2.170408264457852;64.45568168666472;3651.7306604637633;0.0369971037215775;0.9867700127592436;0.1266722288100173
-27486971#0;;0.030622243998040175;18.583901979507687;61.91681785206441;2391.3109312569363;0.04293944150018234;0.8304978596634871;0.24940508609139736
56229470#2;;0.06975446428571427;2.5773008953739387;62.69496506798701;0.0;0.0;0.0;0.0
815392330#6;;0.09022013713460844;1.9889471788971351;65.8153724167297;3561.5998612173703;0.1672883235658744;1.2906859077239;0.43421081405678474
56229470#0;;0.11933174224343676;1.9241285162852493;65.87329423474898;4576.10879916618;0.12040473235761859;1.3912352183589496;0.2477242291155609
815392330#7;;0.03832004904966279;9.44371358920689;67.26907588945421;3314.6551882359445;0.05817797888391585;1.2408087440780315;0.7740961953220241
815392330#7;;0.03832004904966279;9.44371358920689;67.26907588945421;3314.6551882359445;0.05817797888391585;1.2408087440780315;0.7740961953220241
815392349#1;;0.01907668828691339;9.330593700374168;64.07296712756286;0.0;0.0;0.0;0.0
815392330#0;;0.12613521695257315;2.1420629773769044;68.41235562101927;4939.475318908009;0.06398158886233014;1.2414489300650275;0.14131260518369407
-27486971#0;;0.030622243998040175;18.59078024373243;60.79070329390544;1670.120400530013;0.011430129878327488;0.6296370131631572;0.2398249526509037
56229470#2;;0.06975446428571427;2.5752809188630876;65.13508981866032;2763.78211499479;0.10878401626761312;1.0080142457114045;0.41572052738101173
815392330#6;;0.09022013713460844;1.9909708601670966;63.99811287001876;1154.2611948352842;0.0;0.43893723211826385;0.38048613924085267
56229470#0;;0.11933174224343676;1.904408221308225;69.2752400642683;6211.92337368663;0.18971921168606307;1.8390796071107174;0.27484963953367203
815392330#7;;0.03832004904966279;9.454527823432084;67.07436318167194;1969.0131559404342;0.05475600335851428;0.7272121494205244;0.4186879950062383
815392330#7;;0.03832004904966279;9.454527823432084;67.07436318167194;1969.0131559404342;0.05475600335851428;0.7272121494205244;0.4186879950062383
815392349#1;;0.01907668828691339;9.31261505337397;66.2123583943807;3870.1435706277384;0.19420450266635542;1.406376428628341;0.45043591451204595
815392330#0;;0.12613521695257315;2.1266104442608182;63.82085227866307;3493.0554429554945;0.038752159961496876;0.9774196827296309;0.13734415338347308
56229470#2;;0.06975446428571427;2.5763982222216146;64.3265369323704;1675.2395355490721;0.029490001986721397;0.6231856534375915;0.3914911471484151
815392330#6;;0.09022013713460844;1.98784656590961;65.74889358288678;3476.4065846793064;0.1612834475832413;1.2608228105456534;0.4328483087442511
56229470#0;;0.11933174224343676;1.8840319791682747;69.91754358334147;6577.124712090523;0.21180730329529862;1.9579064643026058;0.28810910449258315
815392330#7;;0.03832004904966279;9.424820949305495;69.31136215639026;8277.019088658159;0.4157400007246155;2.9849797682736687;0.8841867369848745
815392330#7;;0.03832004904966279;9.424820949305495;69.31136215639026;8277.019088658159;0.4157400007246155;2.9849797682736687;0.8841867369848745
815392349#1;;0.01907668828691339;9.29735504874072;66.01596672434036;3615.464472839544;0.17591242285670627;1.31629889670219;0.44626482885321406
815392330#0;;0.12613521695257315;2.103478830906747;66.96030352959674;4556.246819003724;0.0630859872156006;1.196263782484026;0.1502137081859386
56229470#2;;0.06975446428571427;2.5763502081480025;64.60943037529805;2079.0925798434196;0.058867294844912724;0.7659136856561435;0.40035353462007484
815392330#6;;0.09022013713460844;1.9895357635185749;64.10658504478502;1304.2277804792914;0.002579826481522801;0.49181385418562273;0.38436815988419615
56229470#0;;0.11933174224343676;1.8664905384007484;68.78698869241482;6078.327977331413;0.1973875597790521;1.839593176942102;0.28957982814014105
815392330#7;;0.03832004904966279;9.411879999833316;68.31891756359316;5972.478802985916;0.25140330556834656;2.177691445945884;0.8363459796889009
815392330#7;;0.03832004904966279;9.411879999833316;68.31891756359316;5972.478802985916;0.25140330556834656;2.177691445945884;0.8363459796889009
815392349#1;;0.01907668828691339;9.313900493548326;63.822299433017385;0.0;0.0;0.0;0.0
815392330#0;;0.12613521695257315;2.075279252897378;69.29538377189219;5406.029425518834;0.08659942833635831;1.3880138075420057;0.16423052913031783
56229470#2;;0.06975446428571427;2.577411660880817;64.332071176153;1694.242837675295;0.030825573390997597;0.629931030612737;0.39157726529026354
815392330#6;;0.09022013713460844;1.9922078006176989;63.80965020725125;0.0;0.0;0.0;0.0
56229470#0;;0.11933174224343676;1.8470202569732237;70.06952946232954;6770.902996431278;0.2345359318938318;2.051096742633397;0.3073606104697346
815392330#7;;0.03832004904966279;9.432799421286902;66.64106527482413;1531.3691309937753;0.015875124514395825;0.5765419764127707;0.35976853250680174
815392330#7;;0.03832004904966279;9.432799421286902;66.64106527482413;1531.3691309937753;0.015875124514395825;0.5765419764127707;0.35976853250680174
815392349#1;;0.01907668828691339;9.3227613029446;64.23295870928483;1211.9805022442808;0.0;0.4569620274062177;0.38995035955761675
815392330#0;;0.12613521695257315;2.049961560006905;68.51924205262314;5207.981608526948;0.08757459374610693;1.3689025220448119;0.17092636601125274
56229470#2;;0.06975446428571427;2.5698042024999603;66.90204125162147;4722.741176416972;0.2525908499026025;1.7026221498398333;0.46074467506318745
815392330#7;;0.040910352566466426;9.420088115752229;69.70120022622899;6432.413186098838;0.29229054149563705;2.346477928692398;0.8754835377109111
56229470#0;;0.11933174224343676;1.829436505212708;69.38478767010663;6477.128975398759;0.22852366130279317;1.9874444185647973;0.31163502383053954
815392330#7;;0.040910352566466426;9.420088115752229;69.70120022622899;6432.413186098838;0.29229054149563705;2.346477928692398;0.8754835377109111
815392330#7;;0.040910352566466426;9.420088115752229;69.70120022622899;6432.413186098838;0.29229054149563705;2.346477928692398;0.8754835377109111
815392349#1;;0.01907668828691339;9.306501011819837;66.07970813678875;3706.19602937568;0.1822765120864709;1.3481882610038691;0.44737906809679606
815392330#0;;0.12613521695257315;2.0235897797478084;69.32941020583786;5567.664617620875;0.10232439366251746;1.4681084447842465;0.18222119777505377
56229470#2;;0.06975446428571427;2.5699052398849056;64.62100613889665;2033.0929796002865;0.05594378992581852;0.7497518118675525;0.40148981324480804
815392330#7;;0.04627840112691657;9.394443147346776;70.31537918647184;9812.39960897603;0.4362805267056244;3.560617399292492;1.27566159120323
56229470#0;;0.11933174224343676;1.8190404369449695;65.87039718393746;4626.847100175224;0.14785736269863328;1.4713365588678553;0.29099895083089566
815392330#7;;0.04627840112691657;9.394443147346776;70.31537918647184;9812.39960897603;0.4362805267056244;3.560617399292492;1.27566159120323
815392330#7;;0.04627840112691657;9.394443147346776;70.31537918647184;9812.39960897603;0.4362805267056244;3.560617399292492;1.27566159120323
815392349#1;;0.01907668828691339;9.29481082334745;65.72933545436177;3262.092939424143;0.14962351405257712;1.1899772562866204;0.43857105451391093
815392330#0;;0.12613521695257315;2.0056863246698406;66.07228866926854;4420.359272963174;0.0768358175313735;1.2329224571393445;0.17930811370336353
56229470#2;;0.06975446428571427;2.570373550546112;64.52716022346765;1904.2468503382352;0.04649723460307596;0.7041079364133551;0.3984979307338717
815392330#7;;0.051612017317617546;9.419690669652852;68.83191242663246;3275.1981333418084;0.13414293204280558;1.1725407743402005;0.3962142818953222
56229470#0;;0.11933174224343676;1.8073406476086573;66.67671821219317;5076.892984319855;0.1719032498846097;1.6080383216049503;0.3024118341870554
815392330#7;;0.051612017317617546;9.419690669652852;68.83191242663246;3275.1981333418084;0.13414293204280558;1.1725407743402005;0.3962142818953222
815392330#7;;0.051612017317617546;9.419690669652852;68.83191242663246;3275.1981333418084;0.13414293204280558;1.1725407743402005;0.3962142818953222
815392349#1;;0.01907668828691339;9.296252171519157;64.75846305780982;1950.9465406628726;0.05164581371314017;0.7207112480378965;0.4089369842558688
815392330#0;;0.12613521695257315;1.979976530236092;69.71954063994633;5843.813120609477;0.12084231443825981;1.5698919327936867;0.19956422456243297
56229470#2;;0.06975446428571427;2.5722791421397786;64.17622337343522;1401.468794187901;0.009698913915318692;0.5261538112512953;0.38681837440142974
815392330#7;;0.05698434119950327;9.39496722822137;70.88142278871078;9607.200949076769;0.5297548418168719;3.4822218849397473;0.9495138595479142
56229470#0;;0.11933174224343676;1.7917550204211588;68.93097387050092;6334.737205926625;0.23677637211737854;1.985050394245041;0.32759767942075035
815392330#7;;0.05698434119950327;9.39496722822137;70.88142278871078;9607.200949076769;0.5297548418168719;3.4822218849397473;0.9495138595479142
815392330#7;;0.05698434119950327;9.39496722822137;70.88142278871078;9607.200949076769;0.5297548418168719;3.4822218849397473;0.9495138595479142
815392349#1;;0.01907668828691339;9.330743868485053;62.998577514926374;0.0;0.0;0.0;0.0
815392330#0;;0.12613521695257315;1.9658108871062108;64.9589584244637;4045.737558295782;0.07354170257798646;1.1728714359517016;0.1892620440688892
56229470#2;;0.06975446428571427;2.571495987032051;64.83345317389679;2340.2080322800794;0.0782628488807225;0.858463443716013;0.40771273212038167
815392330#7;;0.05748007357449418;9.4324327577303;68.22278324026507;0.0;0.0;0.0;0.0
56229470#0;;0.11933174224343676;1.773590882026611;70.63334695404416;7316.429021010248;0.29244966539434425;2.2925051771657747;0.3510834222947177
815392330#7;;0.05748007357449418;9.4324327577303;68.22278324026507;0.0;0.0;0.0;0.0
815392330#7;;0.05748007357449418;9.4324327577303;68.22278324026507;0.0;0.0;0.0;0.0
815392349#1;;0.01907668828691339;9.298681747528361;67.5404505316682;5282.076357999824;0.3002617318363814;1.9124777997967035;0.4835979528437396
815392330#0;;0.12613521695257315;1.942025352643861;69.4736873339745;5867.513077334463;0.1321759901142851;1.6121370886764337;0.213681424808418
815392330#7;;0.05748007357449418;9.414491953221143;70.0422904140524;8598.246700798887;0.339523714385245;3.113485592712432;1.2439448251874743
56229470#0;;0.11933174224343676;1.7609769447620802;67.8022211450253;5758.671452570176;0.22021229660017685;1.844607201774114;0.3340825731866292
815392330#7;;0.05748007357449418;9.414491953221143;70.0422904140524;8598.246700798887;0.339523714385245;3.113485592712432;1.2439448251874743
815392330#7;;0.05748007357449418;9.414491953221143;70.0422904140524;8598.246700798887;0.339523714385245;3.113485592712432;1.2439448251874743
815392349#1;;0.01907668828691339;9.30889053296392;64.1823855144502;0.0;0.0;0.0;0.0
815392330#0;;0.12613521695257315;1.9182733336790239;69.8359290029484;6087.55983391019;0.14604575326013328;1.6878356646511328;0.22479083953966886
815392330#7;;0.05748007357449418;9.434166126770315;68.76734500840942;3224.043598633701;0.05324128738418355;1.2003344319896079;0.8021506888572998
56229470#0;;0.11933174224343676;1.7507032469736854;66.69416773794052;5111.3149195254755;0.1908859632839234;1.6596595401893173;0.3291779293449177
815392330#7;;0.05748007357449418;9.434166126770315;68.76734500840942;3224.043598633701;0.05324128738418355;1.2003344319896079;0.8021506888572998
815392330#7;;0.05748007357449418;9.434166126770315;68.76734500840942;3224.043598633701;0.05324128738418355;1.2003344319896079;0.8021506888572998
815392349#1;;0.01907668828691339;9.300817957148269;65.43277848821786;2897.646291491846;0.12220331268699894;1.0593356652427393;0.4297855268802299
815392330#0;;0.12613521695257315;1.9019003092041593;66.70651795821574;4840.2375936851;0.11051832699794452;1.4011670907481892;0.21897902962665367
815392330#7;;0.05748007357449418;9.44489768474282;69.07664187168896;4686.3126166329885;0.15283503170089546;1.7139841204881328;0.8016454753305704
56229470#0;;0.11933174224343676;1.7377535700909033;68.33367641088381;6103.504442047809;0.24675113432447665;1.9692509034567895;0.3510248310800493
815392330#7;;0.05748007357449418;9.44489768474282;69.07664187168896;4686.3126166329885;0.15283503170089546;1.7139841204881328;0.8016454753305704
815392330#7;;0.05748007357449418;9.44489768474282;69.07664187168896;4686.3126166329885;0.15283503170089546;1.7139841204881328;0.8016454753305704
815392349#1;;0.01907668828691339;9.325393511855841;63.41004919062897;0.0;0.0;0.0;0.0
815392330#0;;0.12613521695257315;1.8820817899574724;68.58237860550955;5675.783896022526;0.1435512165724695;1.6226154120080847;0.2349669240436803
815392330#7;;0.05748007357449418;9.418660924269746;70.49295243852012;10000.647211432362;0.4590973830609111;3.6494079901940557;1.2794401467173664
56229470#0;;0.11933174224343676;1.725725000768739;68.00426201781617;5922.196466729772;0.24196985269233656;1.9253814187310494;0.3543233246518336
815392330#7;;0.05748007357449418;9.418660924269746;70.49295243852012;10000.647211432362;0.4590973830609111;3.6494079901940557;1.2794401467173664
815392330#7;;0.05748007357449418;9.418660924269746;70.49295243852012;10000.647211432362;0.4590973830609111;3.6494079901940557;1.2794401467173664
815392349#1;;0.01907668828691339;9.304892704940166;66.44922353889514;4128.025912343964;0.21379549610653356;1.4991125547112727;0.4570124508046282
815392330#0;;0.12613521695257315;1.8632321251682857;68.40704458070752;5649.46307586648;0.14826208788787892;1.6333119781014427;0.24225909321491956
815392330#7;;0.05748007357449418;9.418453897431469;69.40440847576238;4970.805260566225;0.1690674779295791;1.8028061484315938;0.8097854420087697
56229470#0;;0.11933174224343676;1.7113924999418875;69.54018637177158;6879.54570957517;0.2995980788367368;2.2334729246765037;0.37741951409977875
815392330#7;;0.05748007357449418;9.418453897431469;69.40440847576238;4970.805260566225;0.1690674779295791;1.8028061484315938;0.8097854420087697
815392330#7;;0.05748007357449418;9.418453897431469;69.40440847576238;4970.805260566225;0.1690674779295791;1.8028061484315938;0.8097854420087697
815392349#1;;0.01907668828691339;9.323954614267826;63.67308780745936;0.0;0.0;0.0;0.0
815392330#0;;0.12613521695257315;1.8502227198161711;65.80059760298653;4514.519854074573;0.11119107073217899;1.3556847473494373;0.23522385637306298
815392330#7;;0.05748007357449418;9.422345644046334;69.45947262393817;5852.317266185259;0.22713668122047523;2.1094409070483247;0.8072386669859535
56229470#0;;0.11933174224343676;1.6983235150335803;69.0242560635731;6592.344474417105;0.28995108788745616;2.1587740694472863;0.3798405510235304
815392330#7;;0.05748007357449418;9.422345644046334;69.45947262393817;5852.317266185259;0.22713668122047523;2.1094409070483247;0.8072386669859535
815392330#7;;0.05748007357449418;9.422345644046334;69.45947262393817;5852.317266185259;0.22713668122047523;2.1094409070483247;0.8072386669859535
815392349#1;;0.01907668828691339;9.334740169474772;64.09506359060667;0.0;0.0;0.0;0.0
:705679202_0;;0.3324135537276945;0.035135011700818654;68.2889173027218;5673.602117725203;0.15854607856797426;1.6675169344384517;0.2551907282007899
815392330#7;;0.05748007357449418;9.432231375368735;69.264773505579;5332.3067493727785;0.2109953866343796;1.955787832002216;0.8487426173537408
56229470#1;;1.074646297772845e-05;6.0006030033523;71.8115957268779;8363.570705068367;0.39856700844681336;2.7345416440775696;0.4197091618586496
815392330#7;;0.05748007357449418;9.432231375368735;69.264773505579;5332.3067493727785;0.2109953866343796;1.955787832002216;0.8487426173537408
815392330#7;;0.05748007357449418;9.432231375368735;69.264773505579;5332.3067493727785;0.2109953866343796;1.955787832002216;0.8487426173537408
815392349#1;;0.01907668828691339;9.306570809127987;67.14680190744146;4884.652892494619;0.2700944884306679;1.7694641594956082;0.473820627934458
815392330#1;;0.004458114105557077;6.815025990239894;66.01428630968786;4643.280481717097;0.12308044148614009;1.4091241336333828;0.24867377866027504
815392330#7;;0.05748007357449418;9.413058296822777;70.34030648439034;8993.34901959274;0.3842502112704729;3.289914739889076;1.257609982176521
56229470#1;;0.007556454496355402;5.9407291274914735;71.8655972067657;8470.187719531174;0.4151938179981847;2.7927045692229817;0.4318418935271427
815392330#7;;0.05748007357449418;9.413058296822777;70.34030648439034;8993.34901959274;0.3842502112704729;3.289914739889076;1.257609982176521
815392330#7;;0.05748007357449418;9.413058296822777;70.34030648439034;8993.34901959274;0.3842502112704729;3.289914739889076;1.257609982176521
815392349#1;;0.01907668828691339;9.333952070988515;63.269991514778006;0.0;0.0;0.0;0.0
815392330#1;;0.009917136180566588;6.749305996155693;68.70143969564919;5940.834908088692;0.17874541763776283;1.766254893447932;0.2713168800504133
815392330#7;;0.05748007357449418;9.386876040132691;70.58149952696691;9867.09904788434;0.4388017167164931;3.5753727781008346;1.2773171266805181
56229470#1;;0.015215210356268234;5.901098148039393;68.59496479613279;6382.839358412364;0.29868374272455667;2.139160406983521;0.40155601436995086
815392330#7;;0.05748007357449418;9.386876040132691;70.58149952696691;9867.09904788434;0.4388017167164931;3.5753727781008346;1.2773171266805181
815392330#7;;0.05748007357449418;9.386876040132691;70.58149952696691;9867.09904788434;0.4388017167164931;3.5753727781008346;1.2773171266805181
815392349#1;;0.01907668828691339;9.321380629978195;65.74250332817705;3328.6381106227905;0.15356173093150427;1.212478992789979;0.43742942593100026
815392330#1;;0.015530871601027051;6.679557541306307;69.5560314176328;6399.957826299033;0.20402197831149693;1.9085283960900852;0.2853056509555692
815392330#7;;0.05748007357449418;9.390977207315661;69.23705141531892;5616.250965016574;0.1326019104168229;2.0813836992455497;1.1846443987350233
56229470#1;;0.023030368190092174;5.84713242531277;71.33953992303634;8240.67533577989;0.4181659523439028;2.756746765183846;0.44419385001106265
815392330#7;;0.05748007357449418;9.390977207315661;69.23705141531892;5616.250965016574;0.1326019104168229;2.0813836992455497;1.1846443987350233
815392330#7;;0.05748007357449418;9.390977207315661;69.23705141531892;5616.250965016574;0.1326019104168229;2.0813836992455497;1.1846443987350233
815392349#1;;0.01907668828691339;9.333691020606869;64.01033228825001;0.0;0.0;0.0;0.0
815392330#1;;0.021287245552829553;6.616517855085332;68.89539491017983;6128.8356002588325;0.19912095821096265;1.8523521664602127;0.28971815937465584
815392330#7;;0.05748007357449418;9.398011533630713;69.16497343632633;4033.7818456119735;0.10190839538062235;1.4773347992530121;0.7694614680720977
56229470#1;;0.030963732696628228;5.806996205637055;69.1121697278887;6769.172973038051;0.3347756136567195;2.291953167397862;0.4241157403760966
815392330#7;;0.05748007357449418;9.398011533630713;69.16497343632633;4033.7818456119735;0.10190839538062235;1.4773347992530121;0.7694614680720977
815392330#7;;0.05748007357449418;9.398011533630713;69.16497343632633;4033.7818456119735;0.10190839538062235;1.4773347992530121;0.7694614680720977
815392349#1;;0.01907668828691339;9.315047765073013;66.26416867206943;3933.232934284745;0.19878236260137203;1.4287432272842373;0.45160177016168523
815392330#1;;0.02721526569390301;6.542217881627118;70.84589351851488;7159.152577184134;0.25167004383013813;2.1597136271340833;0.31264255222475
815392330#7;;0.05748007357449418;9.375209711927544;70.39630274811765;9501.541659294271;0.4191550028232056;3.4625947252934335;1.2729647467721716
56229470#1;;0.03343139876972453;5.776125438573823;67.67628027601747;5742.381166122254;0.2752322493626985;1.964013259291715;0.4101087436772492
815392330#7;;0.05748007357449418;9.375209711927544;70.39630274811765;9501.541659294271;0.4191550028232056;3.4625947252934335;1.2729647467721716
815392330#7;;0.05748007357449418;9.375209711927544;70.39630274811765;9501.541659294271;0.4191550028232056;3.4625947252934335;1.2729647467721716
815392349#1;;0.01907668828691339;9.296246589576612;66.32002074830991;3968.859736947006;0.20235401982696075;1.4428288055163419;0.45432547014521973
815392330#1;;0.033304680435270094;6.473861758137291;70.30865597627701;6957.285837958577;0.2510325904756139;2.1254414043201;0.31913739518333384
815392330#7;;0.05748007357449418;9.431758922124308;67.77742550964815;0.0;0.0;0.0;0.0
56229470#1;;0.03343139876972453;5.735529321289887;69.53353627131935;7095.604585939993;0.36571166728062376;2.421895184595708;0.4425899699625343
815392330#7;;0.05748007357449418;9.431758922124308;67.77742550964815;0.0;0.0;0.0;0.0
815392330#7;;0.05748007357449418;9.431758922124308;67.77742550964815;0.0;0.0;0.0;0.0
815392349#1;;0.01907668828691339;9.297672348141242;64.75652940303407;1952.206468091507;0.05171544165848581;0.7211618047768885;0.40883321277354456
815392330#1;;0.03368364322285099;6.411252660621331;69.75158246623708;6725.12315596274;0.24788239054473923;2.078998806918243;0.32444914328080743
815392330#7;;0.05748007357449418;9.41206169872398;70.26005189793041;9094.722805422301;0.39398378014816804;3.330708750859319;1.2606725972562407
56229470#1;;0.03343139876972453;5.6997450557149385;68.85411817055017;6613.634250163314;0.3402813189316168;2.272917680766601;0.43961040864574785
815392330#7;;0.05748007357449418;9.41206169872398;70.26005189793041;9094.722805422301;0.39398378014816804;3.330708750859319;1.2606725972562407
815392330#7;;0.05748007357449418;9.41206169872398;70.26005189793041;9094.722805422301;0.39398378014816804;3.330708750859319;1.2606725972562407
815392349#1;;0.01907668828691339;9.301092735558417;64.61746783328869;1752.5902164924776;0.03676346353975109;0.6497621495367848;0.40402994563170447
815392330#1;;0.03368364322285099;6.372434581905042;66.41135385585275;4933.3969948384565;0.1676560251176788;1.5728260709353252;0.30423641603157375
815392330#7;;0.05748007357449418;9.394877855334238;69.98732461355445;8602.609971583637;0.3472946941482977;3.130954606693833;1.2488075765219835
56229470#1;;0.03343139876972453;5.6620039897919625;69.37994874889098;7012.380706543949;0.3716807466333483;2.4179154736152717;0.45407163366529535
815392330#7;;0.05748007357449418;9.394877855334238;69.98732461355445;8602.609971583637;0.3472946941482977;3.130954606693833;1.2488075765219835
815392330#7;;0.05748007357449418;9.394877855334238;69.98732461355445;8602.609971583637;0.3472946941482977;3.130954606693833;1.2488075765219835
815392349#1;;0.01907668828691339;9.333352959862415;63.075689107820445;0.0;0.0;0.0;0.0
815392330#1;;0.03368364322285099;6.321053792942729;68.46916406419291;6097.823492937618;0.2282875547527022;1.9233387303138034;0.3278040141336032
815392330#7;;0.05748007357449418;9.41400274854154;68.78153592791344;3082.1452752112173;0.04983364045814642;1.159728611465432;0.7717665158007105
56229470#1;;0.03343139876972453;5.63333400442295;67.91640484656692;5890.73262457267;0.3022023036341266;2.048658416875026;0.43699790325469556
815392330#7;;0.05748007357449418;9.41400274854154;68.78153592791344;3082.1452752112173;0.04983364045814642;1.159728611465432;0.7717665158007105
815392330#7;;0.05748007357449418;9.41400274854154;68.78153592791344;3082.1452752112173;0.04983364045814642;1.159728611465432;0.7717665158007105
815392349#1;;0.01907668828691339;9.305455071597923;67.12378464488764;4859.439266331197;0.26828587305448437;1.7605669082913527;0.4733737297917004
815392330#1;;0.03368364322285099;6.252915490476383;71.38271401637235;7759.937592824003;0.31876310651765527;2.4344477949286727;0.3622367749722667
815392330#7;;0.05748007357449418;9.400916697614436;69.84478120505858;8048.118024925112;0.3090126767925421;2.940085873874513;1.2365091995213675
56229470#1;;0.03343139876972453;5.605043694111748;67.97428677086073;5927.481502311688;0.3082512769189743;2.0682170097219164;0.44266142714797085
815392330#7;;0.05748007357449418;9.400916697614436;69.84478120505858;8048.118024925112;0.3090126767925421;2.940085873874513;1.2365091995213675
815392330#7;;0.05748007357449418;9.400916697614436;69.84478120505858;8048.118024925112;0.3090126767925421;2.940085873874513;1.2365091995213675
815392349#1;;0.01907668828691339;9.329671462189978;63.41703601684918;0.0;0.0;0.0;0.0
815392330#1;;0.03368364322285099;6.212659444616209;67.23475142649896;5433.54933530263;0.20635216198505033;1.7538373856570888;0.3327077619098588
815392330#7;;0.057395232929377926;9.709646906712104;66.98093130422662;2676.617298037894;0.09326796121227826;0.9675693938205261;0.3829532197339244
56229470#1;;0.03343139876972453;5.574951088123828;68.42276521114896;6280.211543623591;0.33592243781590836;2.1961113484845036;0.45512815584083954
:11876407422_0;;0.11070007374769375;0.00699985750539881;64.30578304908998;0.0;0.0;0.0;0.0
815392330#7;;0.057395232929377926;9.709646906712104;66.98093130422662;2676.617298037894;0.09326796121227826;0.9675693938205261;0.3829532197339244
815392349#1;;0.01907668828691339;9.300675940330912;67.23935358668817;4975.130071743489;0.27721968323091434;1.8024467567402591;0.4764834525188576
815392330#1;;0.03368364322285099;6.165707507849904;68.46144028384253;6174.742525262707;0.24939677823407894;1.9882489970294732;0.35079344546400004
815392330#7;;0.0518012685519456;9.71623128900977;67.11823544111243;2376.5692619388315;0.08038922318930035;0.870965964133512;0.4064096762955954
56229470#1;;0.03343139876972453;5.547746304635392;68.03721451052358;5956.332330281604;0.31765379741135313;2.092584100420005;0.45340483925427594
815392330#8;;0.01838665458600691;2.6383029730462533;63.57296555472594;0.0;0.0;0.0;0.0
815392330#7;;0.0518012685519456;9.71623128900977;67.11823544111243;2376.5692619388315;0.08038922318930035;0.870965964133512;0.4064096762955954
815392349#1;;0.01907668828691339;9.305236579712384;64.53521687611084;1638.5362824676768;0.028203311090923167;0.6090125941845733;0.40108848446566203
815392330#1;;0.03368364322285099;6.111276756774851;69.90318005365336;7059.498083131129;0.30272679474134667;2.273131655616476;0.3728997119194942
815392330#7;;0.04618111127176939;9.689748164589735;68.26575128059841;6283.700223283109;0.25843098915653495;2.2618680915442195;0.8161990536459061
56229470#1;;0.03343139876972453;5.50434622774557;71.2560185857312;8514.578359666833;0.5006244705450688;2.9872172996763533;0.5146213688838968
815392330#8;;0.03790017565884852;2.631987885791405;66.87697925443884;4436.222751987257;0.2439882373392137;1.6205197965859648;0.4773673953345884
815392330#7;;0.04618111127176939;9.689748164589735;68.26575128059841;6283.700223283109;0.25843098915653495;2.2618680915442195;0.8161990536459061
815392349#1;;0.01907668828691339;9.300633124390071;65.17333967010289;2552.4085576033613;0.09644904737316412;0.9358515015237227;0.4220454710775944
815392330#1;;0.03368364322285099;6.054823769930998;70.51392343318653;7471.308392726549;0.33293994733086196;2.4187185925385037;0.38839344337771675
815392330#7;;0.040563835606763216;9.675878602356505;67.90403521149605;5309.841589347771;0.19775381020770993;1.940840505560262;0.7990421313386762
56229470#1;;0.03343139876972453;5.452408025930498;73.27092553644054;10101.813323414535;0.6232920560301647;3.562002658050491;0.5590186030921316
815392330#8;;0.05740369159205798;2.632681160418158;64.93764369946021;1873.3883899878365;0.04773333425317419;0.6925941371386171;0.41804402670773244
815392330#7;;0.040563835606763216;9.675878602356505;67.90403521149605;5309.841589347771;0.19775381020770993;1.940840505560262;0.7990421313386762
815392349#1;;0.01907668828691339;9.32936984191515;63.22347176311763;0.0;0.0;0.0;0.0
815392330#1;;0.03368364322285099;6.01383852011707;68.17308112279487;6059.141106856136;0.26075362232144333;1.9936863954803914;0.37137778934099397
815392330#7;;0.03832004904966279;9.70573155059747;66.54541399571863;1854.4442745595275;0.042731125688863045;0.6864877473061186;0.3966481630516174
56229470#1;;0.03343139876972453;5.4017598846733685;73.3281883827194;10221.843081870966;0.6444970847424961;3.63012285247083;0.5728242397571365
815392330#8;;0.06652474720596062;2.6271186519405756;66.67977598857159;4181.657963612284;0.22540963597659086;1.5296891243719515;0.4733090536202058
815392330#7;;0.03832004904966279;9.70573155059747;66.54541399571863;1854.4442745595275;0.042731125688863045;0.6864877473061186;0.3966481630516174
815392349#1;;0.01907668828691339;9.305351939101213;66.76375740064829;4475.733281165266;0.23969041253535606;1.623391923562421;0.46477082650074353
815392330#1;;0.03368364322285099;5.967543183547195;69.2517218962239;6762.636927232004;0.30597972630180015;2.226909312905207;0.39041959789078007
815392330#7;;0.03832004904966279;9.685148036129315;68.02758572562196;5790.667892276235;0.22463957847715615;2.0922116524837087;0.8063992772699949
56229470#1;;0.03343139876972453;5.3725600016732065;69.20750108126502;6896.049583276572;0.4097282664830878;2.4692477919554396;0.5064669313084018
815392330#8;;0.06652474720596062;2.6347774015299796;63.614074911526004;0.0;0.0;0.0;0.0
815392330#7;;0.03832004904966279;9.685148036129315;68.02758572562196;5790.667892276235;0.22463957847715615;2.0922116524837087;0.8063992772699949
815392349#1;;0.01907668828691339;9.303713955792265;64.95422299371776;2255.946095426494;0.07426047572188108;0.8297735491011721;0.41509278197579447
815392330#1;;0.03368364322285099;5.914559848750517;70.6460475120955;7683.489443562464;0.36643521428405923;2.535475019125914;0.4149444498595013
815392330#7;;0.03832004904966279;9.669326251095944;67.96645833227434;5351.817789357483;0.19124882591149628;1.933228054956842;0.7976071520469747
56229470#1;;0.03343139876972453;5.323261807487092;73.55205871816742;10517.121314373164;0.6864456020198123;3.7761518680575676;0.5972610906992412
815392330#8;;0.06652474720596062;2.637591489094828;64.43910629718948;0.0;0.0;0.0;0.0
815392330#7;;0.03832004904966279;9.669326251095944;67.96645833227434;5351.817789357483;0.19124882591149628;1.933228054956842;0.7976071520469747
815392349#1;;0.01907668828691339;9.333879910245411;63.156026853243944;0.0;0.0;0.0;0.0
815392330#1;;0.03368364322285099;5.854737911170525;72.17086618744426;8715.316939704902;0.43720402183800466;2.888579428957259;0.443540330536337
815392330#7;;0.03832004904966279;9.693463642031341;66.58303778593104;1646.2737440715987;0.02375747813939326;0.6156991944379392;0.36300234414165344
56229470#1;;0.03343139876972453;5.290147292066906;70.38552199895032;7924.634867574454;0.5006316439037001;2.8638433777481755;0.5463943351649896
815392330#8;;0.06652474720596062;2.635213616008615;65.69034717739459;2990.9073599854914;0.13294491829912794;1.0967999886041626;0.4429103346763188
815392330#7;;0.03832004904966279;9.693463642031341;66.58303778593104;1646.2737440715987;0.02375747813939326;0.6156991944379392;0.36300234414165344
815392349#1;;0.01907668828691339;9.312595691001514;66.50107281164046;4196.624437645365;0.2185044423754599;1.5230193996403032;0.45775589365399716
815392330#1;;0.03368364322285099;5.840587230773444;64.71167101144789;3529.4778176440554;0.13071669303509828;1.2252876683794232;0.3529836231572493
815392330#7;;0.03832004904966279;9.699898438738668;67.99532039477808;4538.416333912112;0.23895858342690646;1.637065449625688;0.4564041815685001
56229470#1;;0.03343139876972453;5.247664996831885;72.57427831498687;9821.881539585216;0.6537262810725561;3.565447129113384;0.599138552335035
815392330#8;;0.06652474720596062;2.6353959126691544;65.03744127927673;2058.023482465757;0.061677526265508924;0.7594015454281272;0.42138984519904454
815392330#7;;0.03832004904966279;9.699898438738668;67.99532039477808;4538.416333912112;0.23895858342690646;1.637065449625688;0.4564041815685001
815392349#1;;0.01907668828691339;9.334745055453212;63.501215151215064;0.0;0.0;0.0;0.0
815392330#1;;0.03368364322285099;5.855497974576335;61.32977074763353;0.0;0.0;0.0;0.0
815392330#7;;0.03832004904966279;9.702520907781787;67.2210639932022;3772.8917782131266;0.08130786141514498;1.3876783555584042;0.7618446484277392
56229470#1;;0.03343139876972453;5.208348309144989;72.13506096375015;9488.312706561555;0.637861112618825;3.463432559776897;0.6006086519925553
815392330#8;;0.06652474720596062;2.6379040210070195;64.49991802969522;1210.2921339635213;0.0;0.453060409225979;0.4010892364871779
815392330#7;;0.03832004904966279;9.702520907781787;67.2210639932022;3772.8917782131266;0.08130786141514498;1.3876783555584042;0.7618446484277392
815392349#1;;0.01907668828691339;9.315741671017161;66.29379340775708;3968.026725087816;0.20133668092311577;1.4411207041475917;0.45231035415435566
815392330#1;;0.03368364322285099;5.8417492398967985;64.65101732953329;3481.261188855819;0.12777302437809693;1.2096441135093894;0.3519533329781329
815392330#7;;0.03832004904966279;9.70921950014899;67.25957712058091;3120.66256342091;0.12322050605316687;1.1190916643122222;0.3918271671884943
56229470#1;;0.03343139876972453;5.19325561702605;67.47739818865652;5016.3924981233395;0.29361724021014607;1.8389817635792058;0.49936044020324655
815392330#8;;0.06652474720596062;2.634569758583169;65.9599632536752;3340.698666071878;0.15975234440534292;1.2234190936296425;0.4511861101082725
815392330#7;;0.03832004904966279;9.70921950014899;67.25957712058091;3120.66256342091;0.12322050605316687;1.1190916643122222;0.3918271671884943
815392349#1;;0.01907668828691339;9.306366519022767;65.52145372589924;3023.536104127252;0.13140707771725588;1.1041512714834623;0.4320707758259385
815392330#1;;0.03368364322285099;5.865763856379177;60.599221483389144;0.0;0.0;0.0;0.0
815392330#7;;0.03832004904966279;9.664918174581544;68.97418471758121;7884.98864112662;0.375200752451277;2.827635317837613;0.8533606318979801
56229470#1;;0.03343139876972453;5.17980697348707;67.25958946006119;4738.630123023499;0.2735015396483217;1.7399573020230736;0.49547693249540953
815392330#8;;0.06652474720596062;2.6311688862428118;66.0051096463601;3374.746716123738;0.16283600938781262;1.2363303899187374;0.45318527427995103
815392330#7;;0.03832004904966279;9.664918174581544;68.97418471758121;7884.98864112662;0.375200752451277;2.827635317837613;0.8533606318979801
815392349#1;;0.01907668828691339;9.316668868249302;64.16070917356836;0.0;0.0;0.0;0.0
815392330#1;;0.03368364322285099;5.847193551625989;65.32756478200466;4030.137738993551;0.16007979589484783;1.3855347451279305;0.36101026327878083
815392330#7;;0.03832004904966279;9.647736649332641;68.08136571396923;5622.834684914753;0.2211756946258801;2.0519974804538594;0.8083647147435312
56229470#1;;0.03343139876972453;5.190267892898053;64.19726003471561;0.0;0.0;0.0;0.0
815392330#8;;0.06652474720596062;2.6380528219095756;63.70591719420844;0.0;0.0;0.0;0.0
815392330#7;;0.03832004904966279;9.647736649332641;68.08136571396923;5622.834684914753;0.2211756946258801;2.0519974804538594;0.8083647147435312
815392349#1;;0.01907668828691339;9.330888711652264;63.91054968185187;0.0;0.0;0.0;0.0
815392330#1;;0.03368364322285099;5.856306478331797;61.85853023459949;0.0;0.0;0.0;0.0
815392330#7;;0.03832004904966279;9.680592143453753;66.4974283321039;1763.2451642551225;0.03628967778265438;0.6541255404895749;0.39602491031728954
56229470#1;;0.03343139876972453;5.189955287609013;65.32361102178538;2212.187858145456;0.07556104231700736;0.8159206246851826;0.43422212771888813
815392330#8;;0.06652474720596062;2.6320880582147055;66.76534119238441;4308.030069034651;0.2341541675089271;1.5740754278970706;0.4743741679985614
815392330#7;;0.03832004904966279;9.680592143453753;66.4974283321039;1763.2451642551225;0.03628967778265438;0.6541255404895749;0.39602491031728954
815392349#1;;0.01907668828691339;9.314656071536705;66.05932916237607;3695.6688023399975;0.18112781510269033;1.3439141754845134;0.4463191037063511
815392330#1;;0.03368364322285099;5.860728472997162;62.32541663603599;1370.0393666390748;0.0018286558445351313;0.5306576404637321;0.3116840411677295
815392330#7;;0.03832004904966279;9.699368440653148;66.77834171556904;2170.6350163076304;0.058916102284075046;0.794722635291206;0.37194432157376395
56229470#1;;0.03343139876972453;5.1805986342048795;66.60571599000573;3953.3097762582015;0.21202770419802763;1.452673668033454;0.4768348300835047
815392330#8;;0.06652474720596062;2.6345266092171222;64.53943154772388;1234.4533591275954;0.0;0.46147895490386215;0.40272636301305575
815392330#7;;0.03832004904966279;9.699368440653148;66.77834171556904;2170.6350163076304;0.058916102284075046;0.794722635291206;0.37194432157376395
815392349#1;;0.01907668828691339;9.300637010726561;65.9058368982594;3489.130782332314;0.16634320785904935;1.2709138905819342;0.4430947856694462
815392330#1;;0.03368364322285099;5.855457170078083;63.4740031040576;2487.743020774246;0.06809232334569439;0.8892939154615456;0.3322883820505632
815392330#7;;0.03832004904966279;9.67599484839478;68.44729805736856;5963.004028325198;0.23146616220084174;2.1396263870045145;0.8091786319918595
56229470#1;;0.03343139876972453;5.174234824776776;66.18829976405925;3389.006965089615;0.16838364787327814;1.2468935091235687;0.46472375291923046
815392330#8;;0.06652474720596062;2.637473229479381;64.41300777619065;0.0;0.0;0.0;0.0
815392330#7;;0.03832004904966279;9.67599484839478;68.44729805736856;5963.004028325198;0.23146616220084174;2.1396263870045145;0.8091786319918595
815392349#1;;0.01907668828691339;9.328332494865515;63.26883911790831;0.0;0.0;0.0;0.0
815392330#1;;0.03368364322285099;5.858539106889637;62.47776839373736;1524.338499631961;0.010976070262784108;0.5801010943242003;0.31470792957340404
815392330#7;;0.03832004904966279;9.671143933412548;68.18154781631924;4601.1063380504465;0.24396836969547286;1.6599746133457889;0.45854744602323017
56229470#1;;0.03343139876972453;5.191512281390214;63.67035551406826;0.0;0.0;0.0;0.0
815392330#8;;0.06652474720596062;2.634495003850927;65.8606627234526;3211.2615832882843;0.1498709966063002;1.176606662722609;0.44823369445341044
815392330#7;;0.03832004904966279;9.671143933412548;68.18154781631924;4601.1063380504465;0.24396836969547286;1.6599746133457889;0.45854744602323017
815392349#1;;0.01907668828691339;9.332651486670605;64.49352706497756;1660.279412346762;0.029480918939234553;0.6170610139905903;0.3990776267845312
815392330#1;;0.03368364322285099;5.837923510774881;65.66611719308999;4283.597087786928;0.17588334904163205;1.4684572357388268;0.36691601074843194
815392330#7;;0.03832004904966279;9.705766478130425;66.43482497854535;1984.4653538594907;0.046473283451123386;0.7312516188213215;0.3687954242077936
56229470#1;;0.03343139876972453;5.17256719256831;68.24274925024923;5813.6137911217265;0.35858273559745707;2.134807074203629;0.5222761570509187
815392330#8;;0.06652474720596062;2.6359960904212247;64.73020218328246;1576.881550982518;0.024907479646672934;0.5854274433430199;0.4101275311236169
815392330#7;;0.03832004904966279;9.705766478130425;66.43482497854535;1984.4653538594907;0.046473283451123386;0.7312516188213215;0.3687954242077936
815392349#1;;0.01907668828691339;9.329743051733763;64.98935082295142;2372.206341797816;0.08231154801021963;0.8709459142320757;0.41524177240070353
815392330#1;;0.03368364322285099;5.837536667975001;62.93711463312859;1930.2550212015376;0.03544861398106776;0.7105127931048129;0.32466994293205886
815392330#7;;0.03832004904966279;9.703729633655346;67.35754943251115;4187.981610700932;0.11153914636207077;1.5345908707473872;0.7708413925573413
56229470#1;;0.03343139876972453;5.18103803020208;64.41136269884645;0.0;0.0;0.0;0.0
815392330#8;;0.06652474720596062;2.6376094658394384;64.69351094474929;1535.7542173773963;0.021705495948685122;0.5706449812412498;0.40865702365674506
815392330#7;;0.03832004904966279;9.703729633655346;67.35754943251115;4187.981610700932;0.11153914636207077;1.5345908707473872;0.7708413925573413
815392349#2;;0.00022406798212602907;14.092657098116016;65.91234399872678;3522.7101071061206;0.1682354751594284;1.282100148106857;0.4423838870085303
815392330#1;;0.03368364322285099;5.852087827258298;61.371591975409665;0.0;0.0;0.0;0.0
815392330#7;;0.03832004904966279;9.679563088287722;68.1605272862779;6113.320886792722;0.24819593068549897;2.2063709797335678;0.8139298879976197
56229470#1;;0.03343139876972453;5.177794674930906;65.74403658185088;2783.5820650920946;0.12075103796577089;1.0251072877433136;0.44980031533779485
815392330#8;;0.06652474720596062;2.6270989423921187;68.34981391514667;5997.014452763986;0.36489673536529027;2.188096759158635;0.5153238811610242
815392330#7;;0.03832004904966279;9.679563088287722;68.1605272862779;6113.320886792722;0.24819593068549897;2.2063709797335678;0.8139298879976197
815392349#2;;0.0038182898121248746;14.090068213086548;64.93867097437357;2259.883561110066;0.07433756321590015;0.8310702874998517;0.41425484330238405
815392330#1;;0.03368364322285099;5.855110352656736;62.494993532899564;1531.298589927228;0.011428096153256281;0.5822813547444416;0.3152657983619505
815392330#7;;0.03832004904966279;9.683017850460347;67.1962154340442;3764.9053672374803;0.0854914753865986;1.395393101796346;0.7646529563184175
56229470#1;;0.03343139876972453;5.174296113332826;65.79153758579727;2836.388764028256;0.12508389673167886;1.0446074669846281;0.4516734336916748
815392330#8;;0.06652474720596062;2.6349551577100776;63.5840720073698;0.0;0.0;0.0;0.0
815392330#7;;0.03832004904966279;9.683017850460347;67.1962154340442;3764.9053672374803;0.0854914753865986;1.395393101796346;0.7646529563184175
815392349#2;;0.007407114437705577;14.10079143890796;64.34468532844492;1387.267564669172;0.009346053562728399;0.519481075496681;0.39406204179870163
815392330#1;;0.03368364322285099;5.848247787825515;63.700062456365096;2676.822180318158;0.07958182192785013;0.9503862087690679;0.33663700315180317
815392330#7;;0.03832004904966279;9.673633241062575;67.71190776899604;4912.110169623046;0.16894928631718742;1.8005183972909742;0.7905445874646195
56229470#1;;0.03343139876972453;5.177011671542051;65.01718916779288;1635.5969581488766;0.03094387078379774;0.6051327141066776;0.42288066221225534
815392330#8;;0.06652474720596062;2.6270042053616907;67.45469879490668;5059.352518139167;0.29287364492587464;1.8480574796129288;0.49366303085193086
815392330#7;;0.03832004904966279;9.673633241062575;67.71190776899604;4912.110169623046;0.16894928631718742;1.8005183972909742;0.7905445874646195
815392349#2;;0.010988779701910943;14.115040948429833;64.18465200842238;1157.7097889841361;0.0;0.4377958497312589;0.3880904832172699
815392330#1;;0.03368364322285099;5.855901987729354;62.00442354157043;0.0;0.0;0.0;0.0
815392330#7;;0.03832004904966279;9.690613516540548;66.80082927197334;2013.3540471609329;0.04868801697881463;0.7412070298568322;0.37076825896553134
56229470#1;;0.03343139876972453;5.18960627451411;64.02155609699503;0.0;0.0;0.0;0.0
815392330#8;;0.06652474720596062;2.631139493124919;64.22804599567732;0.0;0.0;0.0;0.0
815392330#7;;0.03832004904966279;9.690613516540548;66.80082927197334;2013.3540471609329;0.04868801697881463;0.7412070298568322;0.37076825896553134
815392349#2;;0.012609704428528197;14.113192287455034;64.87233577831033;2206.528087851022;0.07004457529115136;0.8118643589960967;0.41162698041354234
815392330#1;;0.03368364322285099;5.849237278398507;63.67138141486408;2653.142427468987;0.07813581216917395;0.9427212874137383;0.3360794431941501
815392330#7;;0.03832004904966279;9.707199430097296;67.33267254717852;3532.2587476354215;0.1649939018792453;1.2800873214412674;0.4332009691096034
56229470#1;;0.03343139876972453;5.180508571202769;66.56665512901951;3903.8660782605502;0.20817077100180442;1.4346056560292846;0.475687857579373
815392330#8;;0.06652474720596062;2.631182093088162;65.10226075108143;2113.0905673224793;0.0661828095896783;0.7793886406789785;0.42407257702189355
815392330#7;;0.03832004904966279;9.707199430097296;67.33267254717852;3532.2587476354215;0.1649939018792453;1.2800873214412674;0.4332009691096034
815392349#2;;0.012609704428528197;14.120973633750344;64.43821625462611;1579.0581279171338;0.02344673078763731;0.5881182162792744;0.3971452029034495
815392330#1;;0.03368364322285099;5.845905218642731;63.26340508340603;2269.4817101569756;0.055445537379660875;0.8195239564187984;0.3296571860898809
815392330#7;;0.03832004904966279;9.692439280905866;68.29907044386943;4627.443562833757;0.22591087902056023;1.6350272685541578;0.42403659608625255
56229470#1;;0.03343139876972453;5.183267122742719;64.98867392654815;1626.4854782353943;0.030087300220946862;0.6019487728499296;0.4216084720866706
815392330#8;;0.06652474720596062;2.630173641847068;65.36931571078169;2500.1075422362233;0.09592465038710571;0.9196220025184562;0.43334777126602697
815392330#7;;0.03832004904966279;9.692439280905866;68.29907044386943;4627.443562833757;0.22591087902056023;1.6350272685541578;0.42403659608625255
815392349#2;;0.012609704428528197;14.073153920813718;67.48722335054514;5231.229756656477;0.2962121190592194;1.8938541033547436;0.4820551325130084
815392330#1;;0.03368364322285099;5.841491708397068;63.411135419062894;2397.6631293668834;0.06321605777590412;0.860912798518605;0.33254290767627664
815392330#7;;0.03832004904966279;9.663551094926424;68.53003841603106;6626.0662560115015;0.2915617227917173;2.4011071497626766;0.8282834121260245
56229470#1;;0.03343139876972453;5.185075427560701;65.08990369557004;1808.4942937592261;0.044249735380451516;0.6684908500042502;0.4255810072694674
815392330#8;;0.06652474720596062;2.6314047164981904;64.82444564682139;1676.8177842359578;0.03275095292193054;0.6213902256518898;0.4139339157172606
815392330#7;;0.03832004904966279;9.663551094926424;68.53003841603106;6626.0662560115015;0.2915617227917173;2.4011071497626766;0.8282834121260245
815392349#2;;0.012609704428528197;14.111970355993043;63.35666547588033;0.0;0.0;0.0;0.0
815392330#1;;0.03368364322285099;5.861617637645749;60.89073750010088;0.0;0.0;0.0;0.0
815392330#7;;0.03832004904966279;9.687049785527174;66.69788536423324;2189.3993232655075;0.060713913527567276;0.8014645090745006;0.3747568414370162
56229470#1;;0.03343139876972453;5.187878669014553;64.96622725563257;1617.335601742288;0.029268600558752432;0.598716844615297;0.4206159271842729
815392330#9;;0.0032263294118320173;1.7138002896643045;64.2597224383322;0.0;0.0;0.0;0.0
815392330#7;;0.03832004904966279;9.687049785527174;66.69788536423324;2189.3993232655075;0.060713913527567276;0.8014645090745006;0.3747568414370162
815392349#2;;0.012609704428528197;14.06166075652479;67.66729067874334;5406.816978005711;0.30985426117639325;1.9575899206263063;0.4868306940559135
815392330#1;;0.03368364322285099;5.846888454624867;64.77207712617559;3587.4552929693546;0.133780841016928;1.2432467410353343;0.35312760920797154
815392330#7;;0.03832004904966279;9.652680833793875;69.02333181729159;7158.623786737019;0.33300620216391263;2.5952162271558175;0.8416434634258733
56229470#1;;0.03343139876972453;5.190812120132868;64.94059759359965;1592.1090977084118;0.02723794360927175;0.5895801009642053;0.41953059037625207
815392330#9;;0.03322923945567392;1.7117589529904156;65.9241614443839;3276.375428460642;0.15517660471032474;1.2005556470276342;0.4505931737276954
815392330#7;;0.03832004904966279;9.652680833793875;69.02333181729159;7158.623786737019;0.33300620216391263;2.5952162271558175;0.8416434634258733
815392349#2;;0.012609704428528197;14.123984644307582;62.761683319838994;0.0;0.0;0.0;0.0
815392330#1;;0.03368364322285099;5.864908110848631;61.04287431064169;0.0;0.0;0.0;0.0
815392330#7;;0.03832004904966279;9.664708263197362;67.08810475823165;2563.009949342225;0.09491497371492008;0.9376812770614076;0.4139847748253301
56229470#1;;0.03343139876972453;5.18600934046971;65.92297157646983;3073.3965649885154;0.1429017607982715;1.1305748752840037;0.455140442175201
815392330#9;;0.06319383443428102;1.7128823666906754;64.6967465522838;1494.4692972818643;0.018696360950890424;0.5554978287473202;0.4089464430487125
815392330#7;;0.03832004904966279;9.664708263197362;67.08810475823165;2563.009949342225;0.09491497371492008;0.9376812770614076;0.4139847748253301
815392349#2;;0.012609704428528197;14.094118329390538;66.35698840550411;4040.3168092760716;0.20668939180538262;1.4669035907375916;0.4538803850296014
815392330#1;;0.03368364322285099;5.84595180157196;65.38909260851993;4076.842563655224;0.16294850605732375;1.4007267499584763;0.36202753521169545
815392330#7;;0.03832004904966279;9.646659979378011;68.05868015116383;5562.380114082951;0.2068704408746866;2.0075748211671636;0.804142130465197
56229470#1;;0.03343139876972453;5.184509532510698;65.492240638275;2442.8458467088285;0.09377998921238949;0.9002742953025217;0.44058934394372345
815392330#9;;0.09326208066593394;1.7098466638253733;66.39073224413467;3845.431352244273;0.19923635400636358;1.4072758210509564;0.4647896924646842
815392330#7;;0.03832004904966279;9.646659979378011;68.05868015116383;5562.380114082951;0.2068704408746866;2.0075748211671636;0.804142130465197
815392349#2;;0.012609704428528197;14.090267286364611;64.99733739023408;2342.505460986474;0.0804825687690488;0.8605838825143033;0.4160939892198945
815392330#1;;0.03368364322285099;5.861350137906873;61.269518349547454;0.0;0.0;0.0;0.0
815392330#7;;0.03832004904966279;9.671871205198471;66.56338961097633;1215.5884636717205;0.0;0.46020212406758976;0.38328642010871433
56229470#1;;0.03343139876972453;5.1707689071909915;67.34622757174854;4817.7143073801535;0.28071423129407164;1.770476916885549;0.4991175155699574
815392330#9;;0.10229132569558101;1.7087804098343728;65.552287245225;2736.892658580851;0.11436226912979237;1.0056627661507354;0.43974662498522293
815392330#7;;0.03832004904966279;9.671871205198471;66.56338961097633;1215.5884636717205;0.0;0.46020212406758976;0.38328642010871433
815392349#2;;0.012609704428528197;14.107043598057196;64.09834021621849;0.0;0.0;0.0;0.0
815392330#1;;0.03368364322285099;5.865607369312148;62.32794418687389;1389.3206582197968;0.002928609613580234;0.5369576567916979;0.3114166186406796
815392330#7;;0.03832004904966279;9.701826334021977;66.38811639521732;0.0;0.0;0.0;0.0
56229470#1;;0.03343139876972453;5.187492266546381;63.72351578169755;0.0;0.0;0.0;0.0
815392330#9;;0.10229132569558101;1.7137690696222192;63.60936052475948;0.0;0.0;0.0;0.0
815392330#7;;0.03832004904966279;9.701826334021977;66.38811639521732;0.0;0.0;0.0;0.0
815392349#2;;0.012609704428528197;14.099584499470197;65.15660691001483;2575.809265471989;0.09767670367954868;0.943787575582613;0.4207338105902767
815392330#1;;0.03368364322285099;5.854778542722888;64.2037507986373;3127.8951715280573;0.10605508080720126;1.0948317366398013;0.3438049491333771
815392330#7;;0.03832004904966279;9.703473162936971;67.22350319231293;3887.3455142092434;0.09158740608265556;1.4327580872776458;0.7648585017062377
56229470#1;;0.03343139876972453;5.176278448939994;66.91239863180702;4318.436316094949;0.24099841066944472;1.5868087154961064;0.48626073531544556
815392330#9;;0.10229132569558101;1.7097973701914;66.83480460977367;4373.213560900396;0.23974349249861412;1.5985827823637324;0.4770129462703212
815392330#7;;0.03832004904966279;9.703473162936971;67.22350319231293;3887.3455142092434;0.09158740608265556;1.4327580872776458;0.7648585017062377
815392349#2;;0.012609704428528197;14.080489041651173;65.77741937769866;3344.977012481083;0.1553294207729354;1.21902142964814;0.4392011447223249
815392330#1;;0.03368364322285099;5.839102726029746;64.93420521307084;3708.5905343510863;0.14149100889719501;1.2831225345056578;0.3564122169892724
815392330#7;;0.03832004904966279;9.66484423095859;68.89857465277872;7463.559658833605;0.35047924171635336;2.692403763645842;0.8459296619469046
56229470#1;;0.03343139876972453;5.176737873569704;65.28029203734482;2070.9828246342777;0.06503057401757165;0.7644282418190341;0.43319082782409774
815392330#9;;0.10229132569558101;1.7135684943775153;63.90501260325722;0.0;0.0;0.0;0.0
815392330#7;;0.03832004904966279;9.66484423095859;68.89857465277872;7463.559658833605;0.35047924171635336;2.692403763645842;0.8459296619469046
815392349#2;;0.012609704428528197;14.10949123227037;63.662583685649366;0.0;0.0;0.0;0.0
815392330#1;;0.03368364322285099;5.851867769532856;61.529796536077;0.0;0.0;0.0;0.0
815392330#7;;0.03832004904966279;9.685023223924832;66.7117235337932;1593.4353029312751;0.02381214724943765;0.5939891643903056;0.3918841217679365
56229470#1;;0.03343139876972453;5.184105257978897;64.50445359333429;0.0;0.0;0.0;0.0
815392330#9;;0.10229132569558101;1.7141272605548694;64.87685542992294;1811.0159752917039;0.04279592200991122;0.6700783695520842;0.41560279993009547
815392330#7;;0.03832004904966279;9.685023223924832;66.7117235337932;1593.4353029312751;0.02381214724943765;0.5939891643903056;0.3918841217679365
815392349#2;;0.012609704428528197;14.061368493539765;67.52575882976461;5263.677503308041;0.29917396602534;1.9063822774738899;0.48363114347770264
815392330#1;;0.03368364322285099;5.846294359620042;63.54152646015844;2529.079235890743;0.07087295102350008;0.9029870659272007;0.3342553235869819
815392330#7;;0.03832004904966279;9.670342076317285;67.93271217228371;5247.176675232501;0.18346483198938263;1.8958508770982843;0.7951843232465727
56229470#1;;0.03343139876972453;5.190124127235737;64.61513032775657;0.0;0.0;0.0;0.0
815392330#9;;0.10229132569558101;1.7090495194695814;67.39888070243848;5001.961159938418;0.2882526676457542;1.8269003433233424;0.491985472426497
815392330#7;;0.03832004904966279;9.670342076317285;67.93271217228371;5247.176675232501;0.18346483198938263;1.8958508770982843;0.7951843232465727
815392349#2;;0.012609704428528197;14.09063147994029;63.68030784388078;0.0;0.0;0.0;0.0
815392330#1;;0.03368364322285099;5.845068335007299;63.01216961226841;2025.4241496998347;0.040948399103682045;0.7410528203596101;0.3253945303576083
815392330#7;;0.03832004904966279;9.683164150023122;66.89339746771213;2920.716149826577;0.029869327385367742;1.0959365727911892;0.7460151556387935
56229470#1;;0.03343139876972453;5.176401695725727;67.3193318104343;4799.738749001225;0.2786652537771024;1.7629031939676119;0.49758464530615093
815392330#9;;0.10229132569558101;1.7142887799854671;63.54778792240374;0.0;0.0;0.0;0.0
815392330#7;;0.03832004904966279;9.683164150023122;66.89339746771213;2920.716149826577;0.029869327385367742;1.0959365727911892;0.7460151556387935
815392349#2;;0.012609704428528197;14.062537723232934;66.30199979114721;3946.8183069509596;0.200751690545995;1.4350054906502634;0.4539219098788402
815392330#1;;0.03368364322285099;5.847735987128024;62.55721890067858;1572.741693480297;0.013978177746097317;0.595490502847587;0.3169426578220779
815392330#7;;0.03832004904966279;9.685033171541601;67.5522712079749;3489.5777996793618;0.16247908607981498;1.2658076946595216;0.433700880899091
56229470#1;;0.03343139876972453;5.193096555605737;63.70355359959751;0.0;0.0;0.0;0.0
815392330#9;;0.10229132569558101;1.7084792927364372;67.79051442209696;5419.382497441857;0.32053152651853106;1.9786273808999963;0.5019839506496774
815392330#7;;0.03832004904966279;9.685033171541601;67.5522712079749;3489.5777996793618;0.16247908607981498;1.2658076946595216;0.433700880899091
815392349#2;;0.012609704428528197;14.084042156800159;63.95542433756705;0.0;0.0;0.0;0.0
815392330#1;;0.03368364322285099;5.852846681513841;62.27658901475141;1289.703989469654;0.0;0.5046586106631035;0.3112369501799942
815392330#7;;0.03832004904966279;9.679699478211612;67.53294422586156;4550.852773879589;0.1427825476329741;1.6731994841890219;0.7821908391020953
56229470#1;;0.03343139876972453;5.174089910230349;68.24697680660844;5820.3390050085345;0.35889296699324374;2.1369040033225435;0.5221219944823065
815392330#9;;0.10229132569558101;1.7157635217476588;63.13505376598283;0.0;0.0;0.0;0.0
815392330#7;;0.03832004904966279;9.679699478211612;67.53294422586156;4550.852773879589;0.1427825476329741;1.6731994841890219;0.7821908391020953
815392349#2;;0.012609704428528197;14.076035553092694;65.21626370786824;2619.211757287696;0.10133278291116093;0.9596591497288023;0.4231972953564839
815392330#1;;0.03368364322285099;5.837161366387406;64.94230673036138;3712.661847377683;0.1418608466068568;1.284665458968019;0.3567640512901642
815392330#7;;0.03832004904966279;9.673188179676734;68.2604166787419;4751.943331658902;0.2346501607235084;1.6781338040220213;0.4270839310390912
56229470#1;;0.03343139876972453;5.180305655657314;64.63239268700013;0.0;0.0;0.0;0.0
815392330#9;;0.10229132569558101;1.7157343196255634;65.07107276941122;2137.989767671916;0.06758287857691775;0.7882634909983994;0.4222925706173892
815392330#7;;0.03832004904966279;9.673188179676734;68.2604166787419;4751.943331658902;0.2346501607235084;1.6781338040220213;0.4270839310390912
815392349#2;;0.012609704428528197;14.100454417032735;63.82980218663607;0.0;0.0;0.0;0.0
815392330#1;;0.03368364322285099;5.858581549881745;60.805137633048176;0.0;0.0;0.0;0.0
815392330#7;;0.03832004904966279;9.68459900278532;66.93932188157285;3070.958177690819;0.036236046066317404;1.1530190192751661;0.7496945989341934
56229470#1;;0.03343139876972453;5.17953953674309;65.41924292022367;2305.4832197656992;0.0832679121703845;0.8501762628547522;0.4382286433796512
815392330#9;;0.10229132569558101;1.7142920832305242;65.64138237075417;2930.909393063163;0.12827402051822973;1.075010084070563;0.4412662106959485
815392330#7;;0.03832004904966279;9.68459900278532;66.93932188157285;3070.958177690819;0.036236046066317404;1.1530190192751661;0.7496945989341934
815392349#2;;0.012609704428528197;14.079282002764122;65.89118575232655;3481.7467564631434;0.16555336795927178;1.267955228819535;0.4423501547227016
815392330#1;;0.03368364322285099;5.851179749251835;63.760380817087054;2736.665603815113;0.08301701087443422;0.9694483962988681;0.3373099772663841
815392330#7;;0.03832004904966279;9.686811038344372;67.21983030520343;3853.464354241717;0.09032646783465204;1.4230637040969314;0.7658069692575219
56229470#1;;0.03343139876972453;5.181981872718292;65.0291659504935;1687.44874676597;0.034879599964325554;0.62420365488947;0.42325990859306045
815392330#9;;0.10229132569558101;1.7117386977003783;66.14914157393427;3564.1493978452277;0.17721240599131083;1.3047540617217537;0.45723938980782625
815392330#7;;0.03832004904966279;9.686811038344372;67.21983030520343;3853.464354241717;0.09032646783465204;1.4230637040969314;0.7658069692575219
815392349#2;;0.012609704428528197;14.098647473670182;64.01306212490182;0.0;0.0;0.0;0.0
815392330#1;;0.03368364322285099;5.8459704428204695;63.49655133773659;2487.1105632972594;0.06838835763275683;0.8895059885315817;0.3335470519322984
815392330#7;;0.03832004904966279;9.71333775470436;66.82793379100696;2645.3410005400287;0.10026269282491765;0.9662337324663683;0.4134688151119804
56229470#2;;0.00493681853890386;2.478939283380201;66.68985575336622;4032.7675730590227;0.2189982310685619;1.4827856155220416;0.48028238152711666
815392330#9;;0.10229132569558101;1.712286698040396;64.90167625689429;1818.5791258795105;0.043527963690992814;0.6727579418456174;0.4167130332045816
815392330#7;;0.03832004904966279;9.71333775470436;66.82793379100696;2645.3410005400287;0.10026269282491765;0.9662337324663683;0.4134688151119804
815392349#2;;0.012609704428528197;14.084020743762277;65.53746288564041;3050.4669736814108;0.13330436111383454;1.1136530060994596;0.43236347475977094
815392330#1;;0.03368364322285099;5.860803780277806;61.31946297624296;0.0;0.0;0.0;0.0
815392330#7;;0.03832004904966279;9.694964737777445;68.34989917943227;4605.114973290825;0.2242101157636396;1.6270597562924953;0.4232534087602995
56229470#2;;0.025888759278539005;2.479560307575861;65.19307563971778;1910.7390344470134;0.05258513660274058;0.7057776594088477;0.4299539026662675
815392330#7;;0.03832004904966279;9.694964737777445;68.34989917943227;4605.114973290825;0.2242101157636396;1.6270597562924953;0.4232534087602995
815392349#2;;0.012609704428528197;14.087755998058876;64.65701081499401;1845.6792545534845;0.043539383259630124;0.6830965264298451;0.40511326605780845
815392330#1;;0.03368364322285099;5.838371904137847;65.94039754531654;4493.186251203255;0.18835333026673293;1.5358850137052136;0.37061599260146744
815392330#7;;0.03832004904966279;9.673625321358278;68.12181013976426;5935.780080489858;0.24039807554175843;2.1552893985938453;0.8120630581643036
56229470#2;;0.04676579716543591;2.4841740681978632;64.29761874089426;0.0;0.0;0.0;0.0
815392330#7;;0.03832004904966279;9.673625321358278;68.12181013976426;5935.780080489858;0.24039807554175843;2.1552893985938453;0.8120630581643036
815392349#2;;0.012609704428528197;14.074379218927369;65.48695286033882;2972.6859694862164;0.1277237304120888;1.086090066438398;0.43124133051588803
815392330#1;;0.03368364322285099;5.841046677011667;62.57737062475293;1572.3258857364733;0.014039391763966264;0.5952704386097271;0.3177876867160963
815392330#7;;0.03832004904966279;9.694884943187455;66.77704039468387;2146.1106092440996;0.06397811592062534;0.7896966840276461;0.40291954349024595
56229470#2;;0.06762248171724845;2.4854307324778557;64.99427893550467;1652.325265617775;0.03204441676191754;0.6114495692284587;0.4217814890561704
815392330#7;;0.03832004904966279;9.694884943187455;66.77704039468387;2146.1106092440996;0.06397811592062534;0.7896966840276461;0.40291954349024595
815392349#2;;0.012609704428528197;14.121448726411273;63.11784169579891;0.0;0.0;0.0;0.0
815392330#1;;0.03368364322285099;5.864823678830673;60.618523066236484;0.0;0.0;0.0;0.0
815392330#7;;0.03832004904966279;9.651457743139815;68.96317281101481;7837.537607445635;0.37317622907620823;2.813646415543115;0.8538430839889533
56229470#2;;0.06975446428571427;2.486520343718221;65.02512365875631;1718.6830831125978;0.037163614840748406;0.6357316469368813;0.42295566289287445
815392330#7;;0.03832004904966279;9.651457743139815;68.96317281101481;7837.537607445635;0.37317622907620823;2.813646415543115;0.8538430839889533
815392349#2;;0.012609704428528197;14.091084757795024;66.39030543061392;4074.985848124511;0.20936917905082614;1.4794381074546838;0.4548628167611748
815392330#1;;0.03368364322285099;5.851764095909875;64.5205729094758;3388.248632482485;0.12165731358354617;1.1787130504155106;0.34887505607354474
815392330#7;;0.03832004904966279;9.689069779902349;66.22763066639838;0.0;0.0;0.0;0.0
56229470#2;;0.06975446428571427;2.4798199016957274;67.37193396267742;4855.146199132084;0.28326361264106703;1.7835839282619426;0.4993380715983173
815392330#7;;0.03832004904966279;9.689069779902349;66.22763066639838;0.0;0.0;0.0;0.0
815392349#2;;0.012609704428528197;14.074279985384294;65.66483565510195;3197.8848826036747;0.14452051984840436;1.1666254974878927;0.4363056840463864
815392330#1;;0.03368364322285099;5.8461804448504795;63.54318989493138;2530.347713885182;0.07095252436638741;0.9034002354783003;0.33429335496694884
815392330#7;;0.03832004904966279;9.699544605974566;66.96756607387104;2099.608692005991;0.05413730541172501;0.7705006221474057;0.3705646555271128
56229470#2;;0.06975446428571427;2.478306866758727;65.75894560418877;2773.821109535467;0.12036699593768807;1.0218648228987663;0.4507928415961497
815392330#7;;0.03832004904966279;9.699544605974566;66.96756607387104;2099.608692005991;0.05413730541172501;0.7705006221474057;0.3705646555271128
815392349#2;;0.012609704428528197;14.121832089120783;63.10489601618074;0.0;0.0;0.0;0.0
815392330#1;;0.03368364322285099;5.856149946077084;61.776141863722394;0.0;0.0;0.0;0.0
815392330#7;;0.03832004904966279;9.687852950744164;67.85528686738112;4972.327932227483;0.16316703950963796;1.798631139459334;0.787659976265418
56229470#2;;0.06975446428571427;2.4841296963341013;64.08244428923561;0.0;0.0;0.0;0.0
815392330#7;;0.03832004904966279;9.687852950744164;67.85528686738112;4972.327932227483;0.16316703950963796;1.798631139459334;0.787659976265418
815392349#2;;0.012609704428528197;14.11813503026781;64.95135423082604;2325.617305755995;0.0788026611715129;0.8542970018438434;0.4139798775813978
815392330#1;;0.03368364322285099;5.841246134646774;64.81630800310478;3615.8540229828213;0.13582432875308748;1.2530180785996128;0.3544403372028094
815392330#7;;0.03832004904966279;9.663337692057388;68.5178607819912;6282.910225184132;0.26994058208394256;2.2875512449040727;0.8217934576021578
56229470#2;;0.06975446428571427;2.4811929869828018;66.14367008416664;3339.452469910443;0.16430286250111997;1.228522754180605;0.46304589118138023
815392330#7;;0.03832004904966279;9.663337692057388;68.5178607819912;6282.910225184132;0.26994058208394256;2.2875512449040727;0.8217934576021578
815392349#2;;0.012609704428528197;14.063143424515289;67.97404053551864;5712.016867429494;0.3325801685841121;2.066691045268758;0.4935888192713745
815392330#1;;0.03368364322285099;5.861314857514625;60.89603601309033;0.0;0.0;0.0;0.0
815392330#7;;0.03832004904966279;9.669448389720067;67.16861453270846;2550.033663444126;0.08510097037410047;0.9247514185723494;0.3817798217438139
56229470#2;;0.06975446428571427;2.488303090712223;63.84057563945308;0.0;0.0;0.0;0.0
815392330#7;;0.03832004904966279;9.669448389720067;67.16861453270846;2550.033663444126;0.08510097037410047;0.9247514185723494;0.3817798217438139
815392349#2;;0.012609704428528197;14.077329907695884;64.23906024952957;1158.5967840165772;0.0;0.4374155571056064;0.3903238880845047
815392330#1;;0.03368364322285099;5.8615699674929695;62.78703218121696;1849.1950994109084;0.030140091716937153;0.6843009642281869;0.3201071097586633
27486971#0;;0.030624119556562746;163270.0;55.94027641010837;1521.0;0.0;0.6117;0.0
815392330#7;;0.03832004904966279;9.719377591729845;65.96536817669386;0.0;0.0;0.0;0.0
56229470#2;;0.06975446428571427;2.481771270531039;67.2961347209681;4777.146977369818;0.2766935344479928;1.754322208609693;0.49669815939458284
815392330#7;;0.03832004904966279;9.719377591729845;65.96536817669386;0.0;0.0;0.0;0.0
815392349#2;;0.012609704428528197;14.084520788495245;64.51322734582008;1619.0512885036833;0.02669551101584404;0.6020998727838875;0.40022770423772835
815392330#1;;0.03368364322285099;5.84550135624115;64.96852881265228;3744.2225789361514;0.14319353815101676;1.29381881286215;0.3561336692673226
27486971#0;;0.030624119556562746;658.7012160999745;66.9386827552369;3329.714541491216;0.00018336982922514188;0.6387738346356047;0.006480029378597883
815392330#7;;0.03832004904966279;9.712264267617812;67.57701415814329;4591.369914008832;0.13759790249494147;1.6697609358830072;0.7780116920358517
56229470#2;;0.06975446428571427;2.4830819123743213;65.00016652977801;1631.387102790443;0.030523703143434153;0.6036853780284797;0.42211700453584106
815392330#7;;0.03832004904966279;9.712264267617812;67.57701415814329;4591.369914008832;0.13759790249494147;1.6697609358830072;0.7780116920358517
815392349#2;;0.012609704428528197;14.094937985678163;64.36518823842444;1407.1988839734436;0.010859972067668908;0.5265224725881266;0.39485610041911445
815392330#1;;0.03368364322285099;5.8389205707171525;63.69391754170849;2651.683956141409;0.0784545081935459;0.9428083817252811;0.33745040049509467
27486971#0;;0.030624119556562746;330.44668406214413;66.9586713271656;3403.46588436525;0.0007250780234487816;0.6661315618173899;0.013040242860189715
815392330#7;;0.03832004904966279;9.675254995587117;68.69770297532173;7270.298612094048;0.3333784212934687;2.6174383944188913;0.8399367096225694
56229470#2;;0.06975446428571427;2.484628807371808;64.93305262519138;1536.3273797901475;0.023028535451962005;0.5690247104046962;0.41933695376950825
815392330#7;;0.03832004904966279;9.675254995587117;68.69770297532173;7270.298612094048;0.3333784212934687;2.6174383944188913;0.8399367096225694
815392349#2;;0.012609704428528197;14.106761372877397;64.29207714871703;1315.525509785397;0.003987676922782658;0.49395840786953193;0.3921037545162745
815392330#1;;0.03368364322285099;5.8432777043744375;62.38682958956824;1376.2392426195768;0.0023343297055025587;0.5322100667709085;0.3139866196312678
27486971#0;;0.030624119556562746;220.72660550637138;67.0242880508412;3485.1077556704654;0.0016238955790581927;0.6942129461484371;0.019706674788500824
815392330#7;;0.03832004904966279;9.693464607956352;67.00807665076152;2753.572909619013;0.10855727378174254;1.0049311367486315;0.4171686139963392
56229470#2;;0.06975446428571427;2.4782856955332497;67.26171768739219;4719.836512485166;0.2730179433950022;1.7346000801136208;0.49677311209163394
815392330#7;;0.03832004904966279;9.693464607956352;67.00807665076152;2753.572909619013;0.10855727378174254;1.0049311367486315;0.4171686139963392
815392349#2;;0.012609704428528197;14.094680738766396;65.39233400647908;2879.3856194729683;0.12033922178141664;1.0522762919936077;0.4278422552724938
815392330#1;;0.03368364322285099;5.861752948113974;61.01713047361442;0.0;0.0;0.0;0.0
27486971#0;;0.030624119556562746;171.53112247688824;65.63311066009905;3284.7219947734807;0.002328669757788566;0.7046035099796732;0.02545515197819808
815392330#7;;0.03832004904966279;9.673311067319082;68.23898453483022;5694.569617188499;0.21318661000334946;2.0475092883004393;0.8038954070466939
56229470#2;;0.06975446428571427;2.4829399411076523;64.29988386955999;0.0;0.0;0.0;0.0
815392330#7;;0.03832004904966279;9.673311067319082;68.23898453483022;5694.569617188499;0.21318661000334946;2.0475092883004393;0.8038954070466939
815392349#2;;0.012609704428528197;14.115359949061737;63.941961033486464;0.0;0.0;0.0;0.0
815392330#2;;0.008650951676510771;1.8328444726711008;63.87343002965861;2840.847862232962;0.08910206860533765;1.0027694770195534;0.33886531857315305
27486971#0;;0.030624119556562746;138.64315110983603;66.31985949526965;3472.0755498374438;0.003798583940175635;0.7356971936373667;0.031802045671445685
815392330#7;;0.03832004904966279;9.695818004367778;67.06990021576334;3079.609102510916;0.13253313104336756;1.120591654744865;0.42476712523188404
56229470#2;;0.06975446428571427;2.4802650441886733;66.07401587256122;3237.006914445593;0.1564178630365228;1.1911907638452643;0.4609856664203473
815392330#7;;0.03832004904966279;9.695818004367778;67.06990021576334;3079.609102510916;0.13253313104336756;1.120591654744865;0.42476712523188404
815392349#2;;0.012609704428528197;14.120850169644262;64.53544943516651;1728.042235756603;0.034486138007463106;0.6412313232691297;0.40047698940480964
815392330#2;;0.03322377074941637;1.836323355045085;61.64173413501672;0.0;0.0;0.0;0.0
27486971#0;;0.030624119556562746;115.68415150659253;66.7587501110606;3620.9355046257415;0.005655663503082531;0.7676676127416711;0.0384857406417531
815392330#7;;0.03832004904966279;9.700530131416901;67.15537735511434;3592.8678633076297;0.07449611789975691;1.3249880287825384;0.7581922020840741
56229470#2;;0.06975446428571427;2.478196577045247;65.91565086093028;2998.2472984612546;0.13798535826447644;1.1040751735374934;0.45613632704535
815392330#7;;0.03832004904966279;9.700530131416901;67.15537735511434;3592.8678633076297;0.07449611789975691;1.3249880287825384;0.7581922020840741
815392349#2;;0.012609704428528197;14.061953074964551;68.23916825939172;5969.3361187589935;0.3518636244266205;2.158891387131583;0.4994654523749174
815392330#2;;0.05797225780579615;1.8304187313476092;65.37536810514496;4065.882751764057;0.16231644548938845;1.3972403120962604;0.36187035057413375
27486971#0;;0.030624119556562746;98.69985208135645;67.25551424190995;3790.6188771358334;0.008084687859163265;0.8043829631399277;0.04559530456803244
815392330#7;;0.03832004904966279;9.702445740610779;67.22333302769185;3851.4599660909134;0.08813619352979746;1.418045096753604;0.763906204571384
56229470#2;;0.06975446428571427;2.4807367785784042;64.74193212926644;1136.275020569714;0.0;0.4223929741651471;0.4112702026049955
815392330#7;;0.03832004904966279;9.702445740610779;67.22333302769185;3851.4599660909134;0.08813619352979746;1.418045096753604;0.763906204571384
815392349#2;;0.012609704428528197;14.080471555873848;64.06951792167399;0.0;0.0;0.0;0.0
815392330#2;;0.08261802833645288;1.8338666620478172;61.67566185169097;0.0;0.0;0.0;0.0
27486971#0;;0.030624119556562746;87.67022543864172;65.80948892993733;3535.71885156828;0.008813546126778555;0.7998977668116729;0.051291405906840365
815392330#7;;0.03832004904966279;9.724532338228537;66.63898292895541;1918.2108037898802;0.041795031984121336;0.7086000337224693;0.3662873590386243
56229470#2;;0.06975446428571427;2.478499784676848;65.96135773662104;3065.4699939017733;0.14321823255628297;1.1286544279925312;0.45760931864553533
815392330#7;;0.03832004904966279;9.724532338228537;66.63898292895541;1918.2108037898802;0.041795031984121336;0.7086000337224693;0.3662873590386243
815392349#2;;0.012609704428528197;14.088921053675767;64.4544643924076;1536.2619425125126;0.020499369508177684;0.5725559443804386;0.3981070289837256
815392330#2;;0.10741875621901116;1.8286701096850886;65.06359997363572;3813.746043431135;0.1476958658194552;1.3168573574613884;0.35815760018223447
27486971#0;;0.030624119556562746;77.23127324947518;67.82541950514532;4048.523306951286;0.013723677672425315;0.873783498401727;0.0594080706803589
815392330#7;;0.03832004904966279;9.655821623196033;70.08207670776036;10021.458181556009;0.5280141679845238;3.5762955357529833;0.9001199682681157
56229470#2;;0.06975446428571427;2.4824048541726547;64.44733254447718;0.0;0.0;0.0;0.0
815392330#7;;0.03832004904966279;9.655821623196033;70.08207670776036;10021.458181556009;0.5280141679845238;3.5762955357529833;0.9001199682681157
815392349#2;;0.012609704428528197;14.094186837878793;64.58182631285092;1744.7421729521836;0.03596704225153523;0.647062629018524;0.4024608758903204
815392330#2;;0.10757314974182444;1.8320289187699614;61.720896130423064;0.0;0.0;0.0;0.0
27486971#0;;0.030624119556562746;71.76583201091609;63.905781141279206;3190.9093706667873;0.010267234876847147;0.7939889385989507;0.06262052942973302
815392330#7;;0.03832004904966279;9.674546437536318;66.7950371231891;1883.5045981123249;0.04502425364306313;0.696757284784212;0.39828907553324727
56229470#2;;0.06975446428571427;2.4797761702060517;66.06447772687956;3219.8067288515826;0.15514043530425778;1.184973401016524;0.46076672182002265
815392330#7;;0.03832004904966279;9.674546437536318;66.7950371231891;1883.5045981123249;0.04502425364306313;0.696757284784212;0.39828907553324727
815392349#2;;0.012609704428528197;14.104960041821851;64.33691994534695;1384.0903851043327;0.009087516873392786;0.5184015782406574;0.393743570275924
815392330#2;;0.10757314974182444;1.8285084270881398;64.31070597852982;3193.2600122670856;0.1107266811392121;1.1171441868997352;0.34708769960004265
27486971#0;;0.030624119556562746;67.21646653176505;63.660875814403894;3157.6745693153634;0.011225725840784873;0.7995389798390256;0.06698291835935591
815392330#7;;0.03832004904966279;9.67971281648118;67.22529452536561;2773.621580624816;0.10008535690722901;1.001000380408192;0.38576422218714473
56229470#2;;0.06975446428571427;2.481502530855497;64.91657884991851;1464.4672561215905;0.017538218707421678;0.5425432043241436;0.418740717089576
815392330#7;;0.03832004904966279;9.67971281648118;67.22529452536561;2773.621580624816;0.10008535690722901;1.001000380408192;0.38576422218714473
815392349#2;;0.012609704428528197;14.124722018891227;63.9625415532518;0.0;0.0;0.0;0.0
815392330#2;;0.10757314974182444;1.8367105340425136;60.45606554713728;0.0;0.0;0.0;0.0
27486971#0;;0.030624119556562746;62.252140432842396;65.48148098577656;3629.376263317914;0.01640031109059936;0.8694452405046379;0.0736738993242735
815392330#7;;0.03832004904966279;9.6819648211324;67.23004308934186;3862.0817304511165;0.09184019977303437;1.4279866262662015;0.7666550005108789
56229470#2;;0.06975446428571427;2.4889841561849817;63.77880494803592;0.0;0.0;0.0;0.0
815392330#7;;0.03832004904966279;9.6819648211324;67.23004308934186;3862.0817304511165;0.09184019977303437;1.4279866262662015;0.7666550005108789
815392349#2;;0.012609704428528197;14.060843996761232;68.58323148508794;6296.99860058675;0.3764047688751371;2.27627563583324;0.5069208070006556
815392330#2;;0.10757314974182444;1.8333444716772118;64.19223524833838;3118.5481059542853;0.10548857202564203;1.0918104636861052;0.3436037589608417
27486971#0;;0.030624119556562746;57.474286652130964;66.63713321628059;3964.6188340947474;0.021637339923262073;0.929660950783933;0.08103873702250429
815392330#7;;0.03832004904966279;9.703469048655622;66.63099665378209;1295.6161704502135;0.0018957802913085048;0.48896117238785913;0.3834140744818316
56229470#2;;0.06975446428571427;2.4824144978671785;67.3035567534953;4788.847579476457;0.2774573621764296;1.758367093425833;0.49671048311728605
815392330#7;;0.03832004904966279;9.703469048655622;66.63099665378209;1295.6161704502135;0.0018957802913085048;0.48896117238785913;0.3834140744818316
815392349#2;;0.012609704428528197;14.076347836821512;64.18931524353512;0.0;0.0;0.0;0.0
815392330#2;;0.10757314974182444;1.8313982953086207;63.615135961595;2601.523596156699;0.07508577023165157;0.9261540267512676;0.3352133888835662
27486971#0;;0.030624119556562746;54.11947004496338;64.87208998299435;3554.3103237773694;0.019849912518111433;0.8874062102255881;0.08518305868905855
815392330#7;;0.03832004904966279;9.661195026883647;68.89299196794046;7708.200075586804;0.36238190411289894;2.7650937271966263;0.8498025175676255
815392330#7;;0.03832004904966279;9.661195026883647;68.89299196794046;7708.200075586804;0.36238190411289894;2.7650937271966263;0.8498025175676255
815392349#2;;0.012609704428528197;14.087573020609828;64.34257295075908;1354.0167982286475;0.00694282055091696;0.5074278420803296;0.39410225851896585
815392330#2;;0.10757314974182444;1.8445608080192755;59.56469899732818;0.0;0.0;0.0;0.0
27486971#0;;0.030624119556562746;50.65705261066261;66.27567737605385;3962.7193302419964;0.026461003375725423;0.9602970903832574;0.09266646410463164
815392330#7;;0.033597996634486225;9.37796867229549;63.459352060274796;0.0;0.0;0.0;0.0
815392330#8;;0.015064752504849333;2.8002245350491335;62.53055530279185;0.0;0.0;0.0;0.0
815392349#2;;0.012609704428528197;14.091450464673844;64.64570224863253;1835.9612268384365;0.04277861222403405;0.6796336246777634;0.4046704681326341
815392330#2;;0.10757314974182444;1.8781004315630225;58.11816419135967;0.0;0.0;0.0;0.0
27486971#0;;0.030624119556562746;47.88018644158575;65.5100397708814;3797.4280209544686;0.026971249654288036;0.9496958854105781;0.09780755805710459
815392330#7;;0.02864597404882386;9.386767599025774;64.01744261350088;1225.20114680253;0.0;0.4643109034810747;0.3810164316722311
815392330#8;;0.032258470093386414;2.8031389938803644;63.24570170432668;0.0;0.0;0.0;0.0
815392349#2;;0.012609704428528197;14.085686732922602;65.0943817838409;2469.051243296593;0.08997545433648689;0.9058469146709803;0.4192179081568939
815392330#2;;0.10757314974182444;1.9106062796936771;57.63144719693443;0.0;0.0;0.0;0.0
27486971#0;;0.030624119556562746;44.54195822645421;68.62129343932355;4719.606295208385;0.0423239611271685;1.114471820971782;0.10926311908104636
815392330#7;;0.023686443292992517;9.380773431882258;65.02249571421041;2631.819986543223;0.09903706051673997;0.9612263901719955;0.4123442527404306
815392330#8;;0.04947825649628367;2.801092109545063;64.39963838816327;2567.6017377850167;0.08566959798316998;0.930107808086176;0.379911565873134
815392349#2;;0.012609704428528197;14.070898611221537;65.56448829445222;3066.972724693396;0.13483530551260609;1.1198998377038625;0.43358492668401016
815392330#2;;0.10757314974182444;1.944627858861925;57.08897054424591;0.0;0.0;0.0;0.0
27486971#0;;0.030624119556562746;42.557312493265904;64.99377460949319;3731.1386895170835;0.03144617707140121;0.9679393248425046;0.11056520686225745
815392330#7;;0.019160024524831395;9.353477135398187;66.8699669455842;4687.591362275021;0.25015329916570844;1.6903889771988356;0.4602016497912614
815392330#8;;0.06652474720596062;2.7964549437707644;65.12268509509622;3318.710044415588;0.13690095042714776;1.187135935878615;0.39661830635306333
815392349#2;;0.012609704428528197;14.094504681014975;63.866382922305654;0.0;0.0;0.0;0.0
815392330#2;;0.10757314974182444;1.9819420340409366;56.471198276623284;0.0;0.0;0.0;0.0
27486971#0;;0.030624119556562746;40.32715664578181;66.88241855438827;4324.380488656656;0.04321635958263363;1.0828486856446373;0.11980138213227208
:11876407422_0;;0.37222204087328237;0.007188325966549142;63.14751342553074;0.0;0.0;0.0;0.0
815392330#8;;0.06652474720596062;2.8020517811754195;62.73959048673202;0.0;0.0;0.0;0.0
815392349#2;;0.012609704428528197;14.09584356069584;64.75169862241165;2001.6416822477656;0.05505284662835824;0.7388089106235718;0.40811310557136365
815392330#2;;0.10757314974182444;2.020716218321966;55.85398395859109;0.0;0.0;0.0;0.0
27486971#0;;0.030624119556562746;38.64062174284797;65.41316733023113;3921.8883589592697;0.03953013607993221;1.0258154582990928;0.12343941813902168
815392330#8;;0.08484162382916421;2.783332857942909;69.29830467166389;8382.686068831663;0.4142335988503889;3.0099730775535987;0.8652068155451332
815392330#8;;0.08484162382916421;2.783332857942909;69.29830467166389;8382.686068831663;0.4142335988503889;3.0099730775535987;0.8652068155451332
815392349#2;;0.012609704428528197;14.074147042177918;65.92718758392488;3519.0708842835193;0.16847721522844789;1.2814892511842284;0.44352830313648295
815392330#2;;0.10757314974182444;2.0610378112500096;55.20996960977325;0.0;0.0;0.0;0.0
27486971#0;;0.030624119556562746;37.14636053128781;65.19481400989427;3883.7965014560527;0.04127943208492336;1.0300235898362868;0.1285400583498067
815392330#8;;0.10335924088330353;2.791118956333847;66.85400977228618;2868.470543123102;0.10667002141308822;1.0336161708411251;0.38818997027516083
815392330#8;;0.10335924088330353;2.791118956333847;66.85400977228618;2868.470543123102;0.10667002141308822;1.0336161708411251;0.38818997027516083
815392349#2;;0.012609704428528197;14.070300054526138;65.02498870246379;2347.212979497538;0.08114183677137589;0.8624559113166036;0.41744906920824887
815392330#2;;0.10757314974182444;2.102884108254633;54.54033699947117;0.0;0.0;0.0;0.0
27486971#0;;0.030624119556562746;36.05223480602899;63.67303231434403;3424.296866128376;0.03486370318030262;0.9534838025882615;0.13020193541732394
815392330#8;;0.12203194630441061;2.7884681819995714;69.03442492994712;5837.470581064199;0.33490230655779446;2.0990069712338784;0.486436933890886
815392330#8;;0.12203194630441061;2.7884681819995714;69.03442492994712;5837.470581064199;0.33490230655779446;2.0990069712338784;0.486436933890886
815392349#2;;0.012609704428528197;14.116812922297116;63.13888010939338;0.0;0.0;0.0;0.0
815392330#2;;0.10757314974182444;2.1465870055311562;53.83361467283348;0.0;0.0;0.0;0.0
27486971#0;;0.030624119556562746;34.531755192765324;66.61885716303301;4395.748952976439;0.05583511454366187;1.1480995961341633;0.14189804954905424
815392330#8;;0.13304949441192124;2.7927564310053232;66.84794623409445;2018.5751783196208;0.04851389024520379;0.7427979774851559;0.36809941269685886
815392330#8;;0.13304949441192124;2.7927564310053232;66.84794623409445;2018.5751783196208;0.04851389024520379;0.7427979774851559;0.36809941269685886
815392349#2;;0.012609704428528197;14.113925960840476;64.91937912387635;2273.935344385299;0.0750335337640771;0.8359020106374117;0.4130872013381408
815392330#2;;0.10757314974182444;2.1921449539514843;53.09360776222101;0.0;0.0;0.0;0.0
27486971#0;;0.030624119556562746;33.3971857326526;65.01031487423967;3899.9947612551637;0.048634085343082986;1.0634739411580547;0.14406975012213105
815392330#8;;0.13304949441192124;2.789293655900796;67.73301507475975;5109.752063257396;0.18083978077726803;1.864843183925746;0.7932587627896708
815392330#8;;0.13304949441192124;2.789293655900796;67.73301507475975;5109.752063257396;0.18083978077726803;1.864843183925746;0.7932587627896708
815392349#2;;0.012609704428528197;14.108804627640003;65.03151546954977;2420.6702030635547;0.0859986959469064;0.8882965520424424;0.41668473442525034
815392330#2;;0.10757314974182444;2.239678626274577;52.31512635830075;0.0;0.0;0.0;0.0
27486971#0;;0.030624119556562746;32.41172437856115;64.5620144554236;3769.670067055812;0.048061602543260855;1.0464126346180478;0.14791906678806793
815392330#8;;0.13304949441192124;2.786836225288407;67.85378229808073;3867.576892324559;0.17412737340684636;1.374780441130084;0.40796524515748517
815392330#8;;0.13304949441192124;2.786836225288407;67.85378229808073;3867.576892324559;0.17412737340684636;1.374780441130084;0.40796524515748517
815392349#2;;0.012609704428528197;14.123120256998952;64.17096629655167;1154.103482481731;0.0;0.43665902703551474;0.3875375496122978
815392330#2;;0.10757314974182444;2.2866826208015483;51.59810322639386;0.0;0.0;0.0;0.0
27486971#0;;0.030624119556562746;31.459370116360063;64.7977021071421;3868.3406409073614;0.05235105267688809;1.0747335035939594;0.15334206566925834
815392330#8;;0.13304949441192124;2.7811033109966505;68.05526005226874;5812.624599573038;0.23133115003462257;2.110870588499436;0.8107436553775303
815392330#8;;0.13304949441192124;2.7811033109966505;68.05526005226874;5812.624599573038;0.23133115003462257;2.110870588499436;0.8107436553775303
815392349#2;;0.012609704428528197;14.077876412354874;67.31498728922381;5057.94539497738;0.28308040218544883;1.8315342559907415;0.4778265870383483
815392330#2;;0.10757314974182444;2.3384529494060233;50.67268962638642;0.0;0.0;0.0;0.0
27486971#0;;0.030624119556562746;30.35650984085418;66.43622569102138;4465.08782733183;0.06887698946103461;1.2089330738968944;0.16343421035569858
815392330#8;;0.13304949441192124;2.7919898016234534;66.31594588900784;1664.974677298916;0.025005892288609024;0.6221041655760716;0.363237817058555
815392330#8;;0.13304949441192124;2.7919898016234534;66.31594588900784;1664.974677298916;0.025005892288609024;0.6221041655760716;0.363237817058555
815392349#2;;0.012609704428528197;14.103205544681567;63.79457662360447;0.0;0.0;0.0;0.0
815392330#2;;0.10757314974182444;2.392621731796065;49.75558623592264;0.0;0.0;0.0;0.0
27486971#0;;0.030624119556562746;29.450565302792292;65.51669319537947;4167.829268207869;0.06475395610065013;1.1576453175813493;0.16668743414499046
815392330#8;;0.13304949441192124;2.799259886567817;66.57854151422477;1680.6926770544842;0.029795520819153765;0.6251747042260766;0.3909547383012688
815392330#8;;0.13304949441192124;2.799259886567817;66.57854151422477;1680.6926770544842;0.029795520819153765;0.6251747042260766;0.3909547383012688
815392349#2;;0.012609704428528197;14.090038322603572;65.45404252873104;2952.3192410417328;0.1258638248949988;1.0784336261915397;0.42977446443992645
815392330#2;;0.10757314974182444;2.4493595964640384;48.78107411846636;0.0;0.0;0.0;0.0
27486971#0;;0.030624119556562746;28.71640243666091;64.56942663439295;3841.951434582106;0.058990655888224545;1.0963346749170544;0.16880723237191236
815392330#8;;0.13304949441192124;2.791452287114631;68.37944654583919;6435.982970541136;0.2765145855239846;2.332013885926819;0.821465542566357
815392330#8;;0.13304949441192124;2.791452287114631;68.37944654583919;6435.982970541136;0.2765145855239846;2.332013885926819;0.821465542566357
815392349#2;;0.012609704428528197;14.113636868228086;63.84017542456422;0.0;0.0;0.0;0.0
:301754863_2;;0.040601104211278494;1.429992240488767;47.74296379753579;0.0;0.0;0.0;0.0
27486971#0;;0.030624119556562746;27.51266147419231;69.29133736536288;5624.51182475111;0.10975573822872778;1.5025028572129315;0.19087341402611752
815392330#8;;0.13304949441192124;2.793467983685273;67.321168706058;3290.914929056909;0.13513723794954308;1.1778106644384514;0.39635349125482144
815392330#8;;0.13304949441192124;2.793467983685273;67.321168706058;3290.914929056909;0.13513723794954308;1.1778106644384514;0.39635349125482144
815392349#2;;0.012609704428528197;14.112765479911168;64.82811717324849;2142.9977129475874;0.06533810141157516;0.7892057985383181;0.41023415317127676
:301754863_2;;0.10959430329569085;1.4494182227678887;55.647607004389116;0.0;0.0;0.0;0.0
27486971#0;;0.030624119556562746;26.741947702487018;66.01586862407375;4434.808146529627;0.08148317164415941;1.2510556719249455;0.18702643891516757
815392330#8;;0.13304949441192124;2.7827453854923463;69.2250327278701;7411.698283831176;0.3517338695709374;2.6856818736888997;0.8465468251497117
815392330#8;;0.13304949441192124;2.7827453854923463;69.2250327278701;7411.698283831176;0.3517338695709374;2.6856818736888997;0.8465468251497117
815392349#2;;0.012609704428528197;14.109918071482795;64.9231026645564;2272.275115924262;0.07496897462173711;0.8353414363759839;0.4132987684479359
:301754863_2;;0.1791928215922026;1.4368121972650083;59.75886489804631;2158.3985027428334;0.012366125228590026;0.7207363038562674;0.12573700510952848
27486971#0;;0.030624119556562746;25.681932048976858;69.6185253346446;5875.02800818999;0.12790011232030507;1.598563183563044;0.2078947591631191
815392330#8;;0.13304949441192124;2.794512992847772;66.13214568835681;0.0;0.0;0.0;0.0
815392330#8;;0.13304949441192124;2.794512992847772;66.13214568835681;0.0;0.0;0.0;0.0
815392349#2;;0.012609704428528197;14.08345480702666;66.17836939520708;3825.5547624717246;0.19104662436861675;1.3906777522214617;0.4497861699792742
:301754863_2;;0.24785449013557945;1.4564166895656672;55.6327789633039;0.0;0.0;0.0;0.0
27486971#0;;0.030624119556562746;24.795545969509906;68.64999004790693;5558.748418673467;0.1245265999000949;1.545274920537202;0.2131036160940845
815392330#8;;0.13304949441192124;2.786767705503713;68.4197673428894;6291.254379590289;0.25645105422648584;2.258157691199274;0.8167223464069486
815392330#8;;0.13304949441192124;2.786767705503713;68.4197673428894;6291.254379590289;0.25645105422648584;2.258157691199274;0.8167223464069486
815392349#2;;0.012609704428528197;14.07414653584194;65.28282588678336;2705.4061915792413;0.10779562189861128;0.9905133830433526;0.42525317709656624
:301754863_2;;0.3175216073643491;1.4353974152773472;60.87121052346295;2524.9968611694694;0.01919559560335936;0.7894732177808229;0.12791650384260006
27486971#0;;0.030624119556562746;23.966037447470494;68.78085183276245;5669.757099899957;0.1338808718638372;1.5910668098992247;0.22217455891848736
815392330#8;;0.13304949441192124;2.7945412631977913;66.52566506441258;1474.9015807603014;0.014978472632188225;0.5522806494053745;0.3876777693943508
815392330#8;;0.13304949441192124;2.7945412631977913;66.52566506441258;1474.9015807603014;0.014978472632188225;0.5522806494053745;0.3876777693943508
815392349#2;;0.012609704428528197;14.091248668189747;64.10776297353611;0.0;0.0;0.0;0.0
:301754863_2;;0.386985216198805;1.439602716845848;57.56450037284451;1418.5616527750499;0.0;0.5822943320290194;0.121362694313071
27486971#0;;0.030624119556562746;23.140322080194437;69.54541920784433;6051.02259045785;0.15295056668877438;1.7050710915497487;0.23460052571110493
815392330#8;;0.13304949441192124;2.7996493111818217;66.7594980437235;1781.4141069375257;0.03726210622738984;0.6606919469894035;0.39413501695078174
815392330#8;;0.13304949441192124;2.7996493111818217;66.7594980437235;1781.4141069375257;0.03726210622738984;0.6606919469894035;0.39413501695078174
815392349#2;;0.012609704428528197;14.06863854306265;65.98526530322137;3582.315947505;0.1733502884083612;1.3043194538548248;0.44531540066933606
:301754863_2;;0.4569245827146421;1.4298099193871876;59.415053477863104;2041.5869268901854;0.010277844640447351;0.6991204479098903;0.12571781119946351
27486971#0;;0.030624119556562746;22.352099104902944;69.90447397490259;6275.041130997468;0.16787800333022504;1.7835405649066667;0.2459493600867586
815392330#8;;0.13304949441192124;2.777773631204146;70.42964786612973;10611.015424056946;0.5661381369386953;3.7731901588425565;0.9125089318985207
815392330#8;;0.13304949441192124;2.777773631204146;70.42964786612973;10611.015424056946;0.5661381369386953;3.7731901588425565;0.9125089318985207
815392349#2;;0.012609704428528197;14.065779558084737;64.9850566769366;2283.185628003228;0.0764312982426518;0.8395892282565779;0.41629275177722824
:301754863_2;;0.5268639492304792;1.4298099193871876;58.12567344239217;1605.2448374890157;0.0021256554398816872;0.6171686773394705;0.12326265937699697
27486971#0;;0.030624119556562746;21.829037579636427;66.83754692471356;4975.209255120828;0.12661478061815035;1.4695925341785816;0.2383512426369815
815392330#8;;0.13304949441192124;2.7834602894976412;66.70657042522983;2333.5991285911487;0.0;0.89438933788832;0.735521558880585
815392330#8;;0.13304949441192124;2.7834602894976412;66.70657042522983;2333.5991285911487;0.0;0.89438933788832;0.735521558880585
815392349#2;;0.012609704428528197;14.071181464717462;64.60776079765832;1737.6051932363066;0.03564589229550734;0.6444020637226684;0.4036961675346837
:301754863_2;;0.5968033157463163;1.4298099193871876;58.12567344239217;1605.2448374890157;0.0021256554398816872;0.6171686773394705;0.12326265937699697
27486971#0;;0.030624119556562746;21.259766669934265;68.00028448441692;5530.755185680648;0.15163851199754194;1.6259173809780179;0.2514210802580071
815392330#8;;0.13304949441192124;2.788872661843295;66.76279371740682;1995.0345181015316;0.04738178692754923;0.7349220555181033;0.3700524193447968
815392330#8;;0.13304949441192124;2.788872661843295;66.76279371740682;1995.0345181015316;0.04738178692754923;0.7349220555181033;0.3700524193447968
815392349#2;;0.012609704428528197;14.06494139385945;65.14625448411928;2506.3759658546187;0.09311030811254377;0.9194598760967692;0.42136454121943256
:301754863_2;;0.6667426822621534;1.4298099193871876;58.12567344239217;1605.2448374890157;0.0021256554398816872;0.6171686773394705;0.12326265937699697
27486971#0;;0.030624119556562746;20.750746756434825;67.58715115772134;5376.014341649798;0.15056906099012934;1.5994875764463075;0.25631180736155346
815392330#8;;0.13304949441192124;2.78884118164805;67.3096012000066;4069.9062212412646;0.106736138256064;1.500967478365927;0.7710547471036076
815392330#8;;0.13304949441192124;2.78884118164805;67.3096012000066;4069.9062212412646;0.106736138256064;1.500967478365927;0.7710547471036076
815392349#2;;0.012609704428528197;14.106312470038679;63.29220468604065;0.0;0.0;0.0;0.0
:301754863_2;;0.7366820487779905;1.4298099193871876;58.12567344239217;1605.2448374890157;0.0021256554398816872;0.6171686773394705;0.12326265937699697
27486971#0;;0.030624119556562746;20.37517688903899;65.85324738384702;4575.39283848791;0.12290761790875143;1.3980468534606607;0.2519994272710107
815392330#8;;0.13304949441192124;2.792592457304871;67.39505414872865;3545.1336603237046;0.16644660811840128;1.2853594265368455;0.43469940958538467
815392330#8;;0.13304949441192124;2.792592457304871;67.39505414872865;3545.1336603237046;0.16644660811840128;1.2853594265368455;0.43469940958538467
815392349#2;;0.012609704428528197;14.093696760446852;65.4208123891743;2914.7451101587494;0.12298970604491044;1.0649267241896243;0.42869735862137226
:301754863_2;;0.7541478129713424;1.4298099193871876;58.12567344239217;1605.2448374890157;0.0021256554398816872;0.6171686773394705;0.12326265937699697
27486971#0;;0.030624119556562746;19.945446711179006;67.08191361044092;5184.274325910617;0.15074938659677453;1.570357349390668;0.2651735535831532
815392330#8;;0.13304949441192124;2.789011723346294;67.72745899727089;5095.844604490845;0.1762184690749603;1.8515105425058866;0.7919427519149158
815392330#8;;0.13304949441192124;2.789011723346294;67.72745899727089;5095.844604490845;0.1762184690749603;1.8515105425058866;0.7919427519149158
815392349#2;;0.012609704428528197;14.122108631500844;63.66449381865478;0.0;0.0;0.0;0.0
:301754863_2;;0.7541478129713424;1.4298099193871876;58.12567344239217;1605.2448374890157;0.0021256554398816872;0.6171686773394705;0.12326265937699697
27486971#0;;0.030624119556562746;19.5877955683377;66.19876969964176;4766.6248549505635;0.1371662716865888;1.4671050813660895;0.2652339673546526
815392330#8;;0.13304949441192124;2.7970947079705106;66.50527566173841;1801.1859627645297;0.03395476460170872;0.6687005628751788;0.3641977584872491
815392330#8;;0.13304949441192124;2.7970947079705106;66.50527566173841;1801.1859627645297;0.03395476460170872;0.6687005628751788;0.3641977584872491
815392349#2;;0.012609704428528197;14.124139934202232;64.68177539947814;1952.4129408736217;0.05107310719090559;0.721220245708978;0.4052830904845931
:301754863_2;;0.7541478129713424;1.4298099193871876;58.12567344239217;1605.2448374890157;0.0021256554398816872;0.6171686773394705;0.12326265937699697
27486971#0;;0.030624119556562746;19.014849640439564;70.59171220895331;6969.813357654422;0.23606998690088518;2.086911444318114;0.3020063317164209
815392330#8;;0.13304949441192124;2.789708586325147;68.35739182709864;6325.091156624835;0.2695994252691068;2.2952679870322856;0.8198708561354019
815392330#8;;0.13304949441192124;2.789708586325147;68.35739182709864;6325.091156624835;0.2695994252691068;2.2952679870322856;0.8198708561354019
815392349#2;;0.012609704428528197;14.091348818860766;66.53174159763364;4233.074369882448;0.2211219399747862;1.5358948621499793;0.45838706482813046
27485708;;0.5449699169903832;0.043131520946823154;58.12567344239217;1605.2448374890157;0.0021256554398816872;0.6171686773394705;0.12326265937699697
27486971#0;;0.030624119556562746;18.937000368069747;61.969622083316594;2470.9650818494592;0.045203119361337495;0.8504315103433611;0.24550687624263623
815392330#8;;0.11789145409078533;2.694246627056211;64.88212877769867;2387.8924086267716;0.08191604423402653;0.8754674897064436;0.4094390054980841
815392330#9;;0.01778392615664025;1.8241408807354054;63.00016156979861;0.0;0.0;0.0;0.0
815392349#2;;0.012609704428528197;14.11218083793814;63.94080355224468;0.0;0.0;0.0;0.0
:251674120_3;;0.03987451895310217;2.0410929866056025;69.00417818361586;5210.3406214085335;0.07506934999735812;1.3185261971693676;0.15205280250594777
27486971#0;;0.030624119556562746;18.794516800762707;63.09480649049843;3111.107770385948;0.07326727837936742;1.0284956167413093;0.25577956171486144
815392330#0;;0.12613521695257315;2.8538516918646506;55.9402874701336;1521.0;0.0;0.6117;0.0
815392330#8;;0.10059336866227021;2.7012832391473314;63.211663759348156;0.0;0.0;0.0;0.0
815392330#9;;0.0443822097247089;1.8176922361198449;66.72219481201691;4837.445821844898;0.2400035825984333;1.7065672546427053;0.4280814776131908
815392349#2;;0.012609704428528197;14.076655911412788;66.71653559688441;4423.54046009102;0.2358376738812647;1.6047910910349201;0.4636694699531818
:251674120_3;;0.09111278491716492;1.9516663594770647;67.85802210620137;4893.238157631486;0.07326872678188495;1.275833998855732;0.15757433874993135
27486971#0;;0.030624119556562746;18.834443902784127;60.23451025745437;1347.1956570993952;0.0;0.5404377532619701;0.23237397990402392
815392330#0;;0.12613521695257315;2.8015511184424993;67.4462258844492;3417.1608157349037;0.0002099445151150002;0.6413511816010328;0.006784873956414906
:13234245493_0;;3.0884269118337087;0.019339740165164133;67.42221893926899;5235.812799695107;0.2907562969686812;1.8855264448071298;0.4730658421718322
815392330#9;;0.07089208575907852;1.8206179270289626;62.958736921367176;0.0;0.0;0.0;0.0
815392349#2;;0.012609704428528197;14.104091228883103;63.72198780090933;0.0;0.0;0.0;0.0
:251674120_3;;0.14432415567418092;1.8792975745097673;66.76760187729546;4566.789314669308;0.06994354462534168;1.2250354906726841;0.16191183035095708
27486971#0;;0.030624119556562746;18.758680590191133;62.012788838943116;2473.9563778673805;0.04593756147560847;0.8523881298353911;0.24801124916016085
815392330#0;;0.12613521695257315;2.752572230026802;67.20919332099498;3451.7933213539113;0.0007933054599133816;0.6693315659943777;0.013502661117719528
815392330#9;;0.12324753803809689;1.812936129500423;67.00099594827077;3200.329812630168;0.046267861352708745;1.199907823510527;0.7531885244765962
815392330#9;;0.12324753803809689;1.812936129500423;67.00099594827077;3200.329812630168;0.046267861352708745;1.199907823510527;0.7531885244765962
815392349#2;;0.012609704428528197;14.099422647417818;65.02312480138089;2393.6363985682897;0.08414146635886174;0.8787516209023066;0.4166668214367757
:251674120_3;;0.19942610307728525;1.814817891433837;66.49614187396628;4508.9175024461965;0.07212974920065336;1.2265695525812508;0.16769395973432735
27486971#0;;0.030624119556562746;18.86246330185316;59.36706468267057;0.0;0.0;0.0;0.0
815392330#0;;0.12613521695257315;2.7104431644255302;66.06491017824622;3310.53005647141;0.001461626871516669;0.6863951596779424;0.019533224992182897
815392330#9;;0.1568707699565791;1.8145297705028276;67.05170098119336;3341.9555724704765;0.05674211577596786;1.2506346677732874;0.755662918036855
815392330#9;;0.1568707699565791;1.8145297705028276;67.05170098119336;3341.9555724704765;0.05674211577596786;1.2506346677732874;0.755662918036855
815392349#2;;0.012609704428528197;14.061381548634921;66.89225373211288;4601.702084443669;0.24971624612256707;1.669451594381379;0.46873546445355874
:251674120_3;;0.2558734696045018;1.7715618309985144;64.227417054118;3712.1779882949595;0.05503179757903634;1.0658778846964485;0.16619574822674513
27486971#0;;0.030624119556562746;18.905086355223126;60.17640371265115;1323.9237676550465;0.0;0.5342235488968832;0.2311654722766088
815392330#0;;0.12613521695257315;2.671529660149189;65.67037311087576;3290.7674312886493;0.002319077608636668;0.7045852401192939;0.02535044834221264
815392330#9;;0.18543209241906716;1.811522472936093;68.68408103786757;5222.123470599896;0.26655312303231415;1.8389628498946187;0.43667509770410323
815392330#9;;0.18543209241906716;1.811522472936093;68.68408103786757;5222.123470599896;0.26655312303231415;1.8389628498946187;0.43667509770410323
815392349#2;;0.012609704428528197;14.113078145822769;63.014565385282765;0.0;0.0;0.0;0.0
:251674120_3;;0.3140821157199252;1.717957840862806;66.08191619317523;4413.574676055899;0.0754812822482089;1.2272211014261474;0.1771400642483831
27486971#0;;0.030624119556562746;18.919727939606073;60.57039590681693;1592.6208949278637;0.007718719826274908;0.6083560820535296;0.23443710811874802
815392330#0;;0.12613521695257315;2.6277591286545454;67.2664123256765;3661.305799137235;0.00427946237784542;0.7495793899362878;0.03240418020916016
815392330#9;;0.20458265139116202;1.8130448350291575;67.84492278581654;4285.586824824426;0.2210988074678628;1.5484922139390256;0.4520170501636857
815392330#9;;0.20458265139116202;1.8130448350291575;67.84492278581654;4285.586824824426;0.2210988074678628;1.5484922139390256;0.4520170501636857
815392349#2;;0.012609704428528197;14.065365317879799;67.49287916898001;5232.522003509266;0.2966638312842177;1.8949210243574026;0.482643070245403
:251674120_3;;0.3738833788375665;1.6722054817350536;65.43577503086033;4195.652534018848;0.07258221245047887;1.1892869546242633;0.18060021296977677
27486971#0;;0.030624119556562746;18.899592374858145;61.090973805008026;1925.6865648794542;0.021992502665610914;0.7002287062334341;0.23899193807719413
815392330#0;;0.12613521695257315;2.594690183146865;64.92638359997785;3245.4530863498853;0.0045049012332347895;0.737667654142094;0.037509945620615257
815392330#9;;0.20458265139116202;1.8164725885570514;66.71841253002921;1464.60026046979;0.011194942719092639;0.5540378403621753;0.3566531617274508
815392330#9;;0.20458265139116202;1.8164725885570514;66.71841253002921;1464.60026046979;0.011194942719092639;0.5540378403621753;0.3566531617274508
815392349#2;;0.012609704428528197;14.11952003457939;62.94704112241974;0.0;0.0;0.0;0.0
:251674120_3;;0.43517428675500736;1.6315633655598727;65.06926952442558;4073.1113770435313;0.07174010739375478;1.1704607139254304;0.1844047104287346
27486971#0;;0.030624119556562746;18.941154844022808;60.180995126774036;1335.541908124566;0.0;0.5375361455644739;0.23085431220478947
815392330#0;;0.12613521695257315;2.5577516479269353;66.2599666110284;3569.848872162309;0.0069457110296352285;0.7814155421089991;0.044037360839591956
815392330#9;;0.20458265139116202;1.8112056127824057;68.33676775571244;6447.680042811893;0.2710074751005589;2.3205568410146515;0.8216104009454104
815392330#9;;0.20458265139116202;1.8112056127824057;68.33676775571244;6447.680042811893;0.2710074751005589;2.3205568410146515;0.8216104009454104
815392349#2;;0.012609704428528197;14.102276010549568;65.64789680196951;3212.848374150158;0.14495122678116584;1.171136566176957;0.4348158301591906
:251674120_3;;0.4988057891482235;1.5715486235424978;68.8181496402108;5563.4041595044555;0.11869136764605727;1.5261918725657269;0.2049308458361871
27486971#0;;0.030624119556562746;18.983836761738008;60.153323033923094;1326.5672936932747;0.0;0.5351933570415447;0.23019627633356063
815392330#0;;0.12613521695257315;2.5169025172922788;67.71689544478852;3948.75813936883;0.010591425284427509;0.838708452316438;0.05175302438544626
815392330#9;;0.20458265139116202;1.811549729788463;67.26320189646037;3856.7183084024023;0.08845613725473928;1.4187421660534427;0.7664814467323436
815392330#9;;0.20458265139116202;1.811549729788463;67.26320189646037;3856.7183084024023;0.08845613725473928;1.4187421660534427;0.7664814467323436
815392349#2;;0.012609704428528197;14.105811391649272;64.64080831723543;1856.7813557275442;0.04417937485531226;0.6870990466256559;0.40426287967757085
:251674120_3;;0.501002004008016;1.5170316856994766;68.68825730398419;5572.427726800679;0.12478786652155009;1.547980972718219;0.21301743316261168
27486971#0;;0.030624119556562746;18.835587535252106;63.16976202785654;3156.8730010624136;0.07502139065796992;1.0406691673131059;0.2557800915953052
815392330#0;;0.12613521695257315;2.4817706077551835;66.54857760638046;3752.6544589168325;0.011814202332262585;0.8400056505225375;0.057999603750761776
815392330#9;;0.20458265139116202;1.818265146715782;66.23419211810189;0.0;0.0;0.0;0.0
815392330#9;;0.20458265139116202;1.818265146715782;66.23419211810189;0.0;0.0;0.0;0.0
815392349#2;;0.012609704428528197;14.07466405178405;66.46042187128998;4138.452743838444;0.21465189392374534;1.5029605553892607;0.4574045143587816
:251674120_3;;0.501002004008016;1.4772191399845038;66.58833868619287;4760.741540354321;0.10384594041954777;1.3689548040488524;0.21157439768135702
27486971#0;;0.030624119556562746;18.815410378711196;61.12130189298378;1930.149522229779;0.022343696179078203;0.70161820034147;0.2401744014746414
815392330#0;;0.12613521695257315;2.4464956958815742;66.96309954092817;3907.3889935697403;0.015070563068342282;0.8770667592006227;0.06506477355859297
815392330#9;;0.20458265139116202;1.806231753417868;69.87895248098569;9650.685089926958;0.5017355258385676;3.446432504368506;0.8932343183819622
815392330#9;;0.20458265139116202;1.806231753417868;69.87895248098569;9650.685089926958;0.5017355258385676;3.446432504368506;0.8932343183819622
815392349#2;;0.012609704428528197;14.091329276535772;64.12421552111513;0.0;0.0;0.0;0.0
:251674120_3;;0.501002004008016;1.4632122501819294;61.97386500048415;2802.698024681085;0.04292836555274157;0.9025146982221444;0.19500404636768554
27486971#0;;0.030624119556562746;18.95940973750616;58.848067804613976;0.0;0.0;0.0;0.0
815392330#0;;0.12613521695257315;2.4133237562279355;66.71915689703464;3907.9273642084877;0.01755704611696831;0.8966391988957327;0.07170952618792399
815392330#9;;0.20458265139116202;1.8135950746570335;66.24771311081446;0.0;0.0;0.0;0.0
815392330#9;;0.20458265139116202;1.8135950746570335;66.24771311081446;0.0;0.0;0.0;0.0
815392349#2;;0.012609704428528197;14.081664670016943;65.28986061561123;2726.1450651749774;0.10919618716316735;0.9977909501850641;0.42523935634552246
:251674120_3;;0.501002004008016;1.4433177256205574;63.200398477411554;3337.6414106898856;0.06107862935655924;1.0344354085700258;0.2030534673884616
27486971#0;;0.030624119556562746;18.945917158133476;60.97534853894597;1860.3812400379409;0.019119089074036665;0.6821509630302567;0.23753828162799742
815392330#0;;0.12613521695257315;2.3763876583886168;68.25283029638153;4354.03645083661;0.024363936234546166;0.9762443390662587;0.0805324753651897
815392330#9;;0.20458265139116202;1.8122855230752992;67.65322147095274;4718.850408702327;0.15639809055518966;1.735675563933679;0.7866355026691418
815392330#9;;0.20458265139116202;1.8122855230752992;67.65322147095274;4718.850408702327;0.15639809055518966;1.735675563933679;0.7866355026691418
815392349#2;;0.012609704428528197;14.112354175881748;63.60382986389049;0.0;0.0;0.0;0.0
:251674120_3;;0.501002004008016;1.4573074457319946;57.30727260674441;0.0;0.0;0.0;0.0
27486971#0;;0.030624119556562746;18.939183348935593;60.87717608817857;1796.3301677127881;0.016396182017731915;0.6645092558047865;0.2368035672290796
815392330#0;;0.12613521695257315;2.351928111220347;64.73561779614997;3509.869141580618;0.018877474262888327;0.8778051868478907;0.08349106291236438
815392330#9;;0.20458265139116202;1.8198905057989359;66.31892418769853;1924.414352126576;0.04225405834085772;0.7107222219392573;0.3666490506695359
815392330#9;;0.20458265139116202;1.8198905057989359;66.31892418769853;1924.414352126576;0.04225405834085772;0.7107222219392573;0.3666490506695359
815392349#2;;0.012609704428528197;14.110225961561547;64.88934352621605;2225.359845150512;0.07148325547497122;0.8186015386866248;0.4122312413040857
:251674120_3;;0.501002004008016;1.4436925454858138;62.022825459700705;2814.827566681949;0.044139647104000305;0.9076661163577552;0.19790269908854607
27486971#0;;0.030624119556562746;18.96581196744692;60.38439660217486;1478.7039548127968;0.002819729398956682;0.5770295218243364;0.23237775274508676
815392330#0;;0.12613521695257315;2.3270031502749067;65.11937362321657;3642.15933856779;0.022123268253564834;0.9084111491597053;0.08927439710431585
815392330#9;;0.20458265139116202;1.8154592525441042;68.15731260887507;6037.669959782985;0.2409466167927598;2.1759526998750633;0.8107256059613968
815392330#9;;0.20458265139116202;1.8154592525441042;68.15731260887507;6037.669959782985;0.2409466167927598;2.1759526998750633;0.8107256059613968
815392349#2;;0.012609704428528197;14.07947364881572;66.43020124117592;4108.972090527854;0.2122905824884491;1.4921723704742593;0.4564146531310791
:251674120_3;;0.501002004008016;1.4544801584314662;57.79341374369658;0.0;0.0;0.0;0.0
27486971#0;;0.030624119556562746;18.89930351600167;61.80618782971238;2367.974172130159;0.040922149288352375;0.8222543250688642;0.24469655750921995
815392330#0;;0.12613521695257315;2.29229525735392;68.61675444217285;4637.045962947925;0.03673621336075457;1.0760802861613048;0.10055459497816444
815392330#9;;0.20458265139116202;1.8138535689306352;67.58931464983394;4793.621599373296;0.15716652209051146;1.751623729452084;0.7861808901475202
815392330#9;;0.20458265139116202;1.8138535689306352;67.58931464983394;4793.621599373296;0.15716652209051146;1.751623729452084;0.7861808901475202
815392349#2;;0.012609704428528197;14.092606120808112;64.25942877544111;1229.0603092007923;0.0;0.46286630922346517;0.3910041281287066
:11876446088_0;;0.23040221762763818;0.16032262489650972;59.53131681622432;1659.7541416517768;0.006663888597204482;0.6277422370769941;0.18519655046230682
27486971#0;;0.030624119556562746;18.749644210065878;63.24047112884416;3190.4040638102438;0.07692715119083475;1.0509930582071159;0.25746111496875096
815392330#0;;0.12613521695257315;2.2664539500814724;66.03754717191529;3981.400535660453;0.03170676468375009;0.9918801890920733;0.10430899909392158
815392330#9;;0.20458265139116202;1.81190567806645;67.65902183140322;4940.013773162955;0.16650234219046878;1.7999654646901266;0.7898260850747101
815392330#9;;0.20458265139116202;1.81190567806645;67.65902183140322;4940.013773162955;0.16650234219046878;1.7999654646901266;0.7898260850747101
815392349#2;;0.012609704428528197;14.098675968757583;64.54121698046285;1691.7808520535732;0.03198971511427891;0.6281745223943387;0.4010036769524286
:11876446088_0;;0.8526457291444102;0.16070878707315317;58.94848626866991;1375.516512603537;0.0;0.5592702543269934;0.18199961843411777
27486971#0;;0.030624119556562746;18.889845911995373;58.90870255339106;0.0;0.0;0.0;0.0
815392330#0;;0.12613521695257315;2.2390518799098746;66.86550575991807;4263.525534201898;0.03860710880829449;1.0538324746370886;0.11211747748423043
815392330#9;;0.20458265139116202;1.8149747325808303;66.78494205145653;2640.943369388187;0.011966638940752235;1.0034774149349073;0.7401531589794804
815392330#9;;0.20458265139116202;1.8149747325808303;66.78494205145653;2640.943369388187;0.011966638940752235;1.0034774149349073;0.7401531589794804
815392349#2;;0.012609704428528197;14.094052317562943;65.02848347160247;2392.1082275126105;0.08411328726124459;0.8782632570892186;0.41696860150273873
-27486971#0;;0.0032087534010950803;23.80123045732966;60.11030346805566;1939.8260624447778;0.01563475971003308;0.6953069467258841;0.18787035733022447
27486971#0;;0.030624119556562746;18.768753297596177;62.75006940373373;2910.835988251697;0.0647577978511341;0.973326154735835;0.25354907700883317
815392330#0;;0.12613521695257315;2.2077055158359524;68.60385594144695;4836.38820352382;0.05136724527870964;1.1720331070845804;0.12270340476515401
815392330#9;;0.10229132569558101;1.7507822168337097;67.24960367097447;5065.667236990142;0.27822908754159137;1.8250834419845692;0.4692111941838385
815392349#2;;0.012609704428528197;14.071813512916131;65.9602518400737;3556.035046244431;0.17129952396336282;1.2947968734513902;0.44451359728920065
-27486971#0;;0.007381452976344272;23.96530068763171;57.89408171758338;0.0;0.0;0.0;0.0
27486971#0;;0.030624119556562746;18.943292965128858;58.498175795890745;0.0;0.0;0.0;0.0
815392330#0;;0.12613521695257315;2.1805551522869195;67.48227158617692;4562.9816732907475;0.051111722053879066;1.1441655941236113;0.12863565939032587
815392349#2;;0.012609704428528197;14.108313290362961;63.42973695954578;0.0;0.0;0.0;0.0
-27486971#0;;0.011617320701439802;23.607913771137586;63.57222811785788;3500.050738809992;0.06635796753217826;1.0738677359263344;0.20469015655781353
27486971#0;;0.030624119556562746;18.8510200178876;62.23820142811478;2619.998976190701;0.051891439925467936;0.8921507746241543;0.24861647711589427
815392330#0;;0.12613521695257315;2.1553267924879465;67.10310800605885;4498.465871116448;0.0537758365524652;1.1498767444370923;0.13516806063776723
815392349#2;;0.012609704428528197;14.065173202604408;67.20221719249642;4932.900895389586;0.2742993476851217;1.7877244644102686;0.475918830181551
-27486971#0;;0.01584281133115856;23.665890842753043;58.97176654240036;1367.5723128381396;0.0;0.5570040035282661;0.1834288111927249
27486971#0;;0.030624119556562746;18.989769270540272;58.90422378049336;0.0;0.0;0.0;0.0
815392330#0;;0.12613521695257315;2.128520956936552;68.02359363268414;4848.282642729727;0.06463391331310409;1.2346593041332883;0.14468697240700984
815392349#2;;0.012609704428528197;14.120596123779961;62.916260762081066;0.0;0.0;0.0;0.0
-27486971#0;;0.020081873056739304;23.59012594616094;60.39833438776763;2062.3662269441834;0.019829819621553613;0.7253755186865423;0.19082087266433337
27486971#0;;0.030624119556562746;18.92948464998303;61.69626364572835;2305.6022921857257;0.038164785415160656;0.8048968499137487;0.24348251233459456
815392330#0;;0.12613521695257315;2.104887832133792;67.13361056769578;4610.652638985228;0.06396714503564672;1.2059611073244736;0.15013780653079067
815392349#2;;0.012609704428528197;14.075219893647102;67.32761926407971;5069.298065984505;0.2840431938312623;1.8357891846779335;0.4782705043425861
-27486971#0;;0.024263171056128324;23.916018426481962;56.46558319507996;0.0;0.0;0.0;0.0
27486971#0;;0.030624119556562746;18.99084119907126;59.89476467069714;0.0;0.0;0.0;0.0
815392330#0;;0.12613521695257315;2.0766774594852753;69.27913029209012;5396.533075603159;0.08608526267467033;1.3848575791469546;0.16372701778414248
815392349#2;;0.012609704428528197;14.109705720126877;63.488545265370284;0.0;0.0;0.0;0.0
-27486971#0;;0.028463330823120428;23.808618135403407;60.68325857120637;2210.2575348372575;0.024287504828118013;0.7605214073094002;0.1904177743123681
27486971#0;;0.030624119556562746;18.885385798967643;62.43616977027741;2740.0907572001324;0.056905308191188705;0.9250380698002664;0.24968745206879916
815392330#0;;0.12613521695257315;2.057350986061845;66.03717153893687;4325.566222003265;0.06564191895130166;1.1799663081946365;0.1624348632619779
815392349#2;;0.012609704428528197;14.104789929378121;65.02735516202138;2408.3506182831384;0.08514877857215589;0.8839454669698651;0.41666035503401766
-27486971#0;;0.030622243998040175;23.70220532157476;60.702067758190836;2212.8249422865288;0.024532721119866367;0.761493720153047;0.19133765783829887
27486971#0;;0.030624119556562746;18.896045803207194;60.635641950837154;1630.8068029898764;0.009376222160047722;0.6188714133051411;0.23523752060325848
815392330#0;;0.12613521695257315;2.040969150020142;65.04853161329952;3998.6568183511354;0.06050060808023442;1.1212316171568795;0.16508784197057652
815392349#2;;0.012609704428528197;14.097054259685802;65.17358504071753;2594.672176026435;0.09912401999918918;0.9505609119875711;0.4213158380931114
-27486971#0;;0.030622243998040175;23.872931105997033;57.8403918751704;0.0;0.0;0.0;0.0
27486971#0;;0.030624119556562746;18.81042900177354;62.14887249604867;2562.124322071948;0.04955510304235909;0.8764479238208212;0.2484335414842222
815392330#0;;0.2522704339051463;3.041085194238205;64.68581952146354;5175.442967974388;0.054001529443410634;1.6666482002671343;0.16666866339487107
815392330#0;;0.2522704339051463;3.041085194238205;64.68581952146354;5175.442967974388;0.054001529443410634;1.6666482002671343;0.16666866339487107
815392349#2;;0.012609704428528197;14.108704357116517;64.29636186765607;1326.9213452970919;0.004824382899246207;0.498052993779397;0.39224367702544527
-27486971#0;;0.030622243998040175;23.98723839721158;58.36682411708766;0.0;0.0;0.0;0.0
27486971#0;;0.030624119556562746;18.916272855077047;59.32793570787564;0.0;0.0;0.0;0.0
815392330#0;;0.2522704339051463;2.97698233200868;69.55572757256255;7639.814004006171;0.07171478299387025;1.8326708544983368;0.18313251142770345
815392330#0;;0.2522704339051463;2.97698233200868;69.55572757256255;7639.814004006171;0.07171478299387025;1.8326708544983368;0.18313251142770345
815392349#2;;0.012609704428528197;14.105072931233588;64.9664296129105;2324.517082321311;0.07891910551406686;0.8540237174985778;0.4147678677395914
-27486971#0;;0.030622243998040175;23.806366685317634;61.487476806623256;2579.62389526608;0.03612120618205948;0.8496230442451652;0.19399948740915104
27486971#0;;0.030624119556562746;18.77783548351769;63.03558643237227;3075.9583849529886;0.07183780842835794;1.0189569400561183;0.2555640864973045
815392330#0;;0.2522704339051463;2.9116944900139172;70.17857766787039;8401.239892538008;0.09834078635715891;2.0538265569457503;0.20306101803542048
815392330#0;;0.2522704339051463;2.9116944900139172;70.17857766787039;8401.239892538008;0.09834078635715891;2.0538265569457503;0.20306101803542048
815392349#2;;0.012609704428528197;14.119565467511961;64.16895233229991;1142.273384723057;0.0;0.43237545363803825;0.3874813007866166
-27486971#0;;0.030622243998040175;23.59500643972476;61.90329459060389;2760.055534273544;0.04243019581264194;0.8945589089314258;0.19758795450480285
27486971#0;;0.030624119556562746;18.829325551325297;60.074098674562634;0.0;0.0;0.0;0.0
815392330#0;;0.2522704339051463;2.8556715049252572;69.35016315733444;7632.637841622008;0.0752626238395478;1.8766245366840635;0.2067326369317894
815392330#0;;0.2522704339051463;2.8556715049252572;69.35016315733444;7632.637841622008;0.0752626238395478;1.8766245366840635;0.2067326369317894
815392349#2;;0.012609704428528197;14.116526773314078;64.92283195909653;2283.206540570739;0.07568283915136925;0.8391875917516065;0.4131329179022008
-27486971#0;;0.030622243998040175;23.777417884780284;57.73964010312116;0.0;0.0;0.0;0.0
27486971#0;;0.030624119556562746;18.770382599924964;61.739511284570774;2309.3464339280335;0.038793840835668794;0.8067237929208274;0.24570860809216633
815392330#0;;0.2522704339051463;2.7912786306500275;71.32130414330288;9339.402245694686;0.13394115292539238;2.329415516873331;0.23725791069797214
815392330#0;;0.2522704339051463;2.7912786306500275;71.32130414330288;9339.402245694686;0.13394115292539238;2.329415516873331;0.23725791069797214
815392349#2;;0.012609704428528197;14.084058150800423;66.52373146798256;4217.70693614992;0.2202334371285315;1.530797273605665;0.4585412806610614
-27486971#0;;0.030622243998040175;23.685848785360953;60.545020733067936;2138.0922217083603;0.02214848923096191;0.7434667520885714;0.1907503459431419
27486971#0;;0.030624119556562746;18.790377336782704;60.53295828737564;1540.2224619706137;0.005586583144755125;0.593737073455813;0.23544984674977437
815392330#0;;0.2522704339051463;2.7294390956023165;71.57469201094514;9619.443093433814;0.15000005774905742;2.43440590719265;0.25504278307055883
815392330#0;;0.2522704339051463;2.7294390956023165;71.57469201094514;9619.443093433814;0.15000005774905742;2.43440590719265;0.25504278307055883
815392349#2;;0.012609704428528197;14.119388757440792;63.44927618627429;0.0;0.0;0.0;0.0
-27486971#0;;0.030622243998040175;23.835319360458065;58.0456446610647;0.0;0.0;0.0;0.0
27486971#0;;0.030624119556562746;18.75469955830601;61.38121268486075;2084.4045645325755;0.029123771029496807;0.7444743543146716;0.24299901283503506
815392330#0;;0.2522704339051463;2.6794138209980525;69.85241293727572;8687.188615772231;0.13255663052110797;2.276193335261641;0.26071256517639035
815392330#0;;0.2522704339051463;2.6794138209980525;69.85241293727572;8687.188615772231;0.13255663052110797;2.276193335261641;0.26071256517639035
815392349#2;;0.012609704428528197;14.079193089478828;66.99691223736133;4726.790495381636;0.2583433075167258;1.7130520719990854;0.4703003622152492
-27486971#0;;0.030622243998040175;23.59127864071904;62.27586137498036;2927.656873927272;0.047871406396463374;0.9352325012502561;0.19925671309331364
27486971#0;;0.030624119556562746;18.788170770825943;60.33965014560839;1408.5647856605242;0.0;0.5572900924259547;0.23376973026336156
815392330#0;;0.2522704339051463;2.626693398074699;70.8286654379812;9400.433884397129;0.15719800903816133;2.4518133259811528;0.2801198094362864
815392330#0;;0.2522704339051463;2.626693398074699;70.8286654379812;9400.433884397129;0.15719800903816133;2.4518133259811528;0.2801198094362864
815392349#2;;0.012609704428528197;14.094660831333725;64.16544540595636;0.0;0.0;0.0;0.0
-27486971#0;;0.030622243998040175;23.856382359939975;56.98487539493943;0.0;0.0;0.0;0.0
27486971#0;;0.030624119556562746;18.90670586530115;59.170191323631435;0.0;0.0;0.0;0.0
815392330#0;;0.2522704339051463;2.5804902737288637;69.99458351246462;8961.746169908314;0.151843700593253;2.3897801128949054;0.28942996547201955
815392330#0;;0.2522704339051463;2.5804902737288637;69.99458351246462;8961.746169908314;0.151843700593253;2.3897801128949054;0.28942996547201955
815392349#2;;0.012609704428528197;14.114940595358352;63.957073346788306;0.0;0.0;0.0;0.0
-27486971#0;;0.030622243998040175;23.873382743574627;59.355533016760106;1580.1109541783703;0.004080530043658126;0.6085695231248215;0.1838210279245155
27486971#0;;0.030624119556562746;18.847323026650777;61.71523309027374;2305.5403042685994;0.03840236399199566;0.8052868736147218;0.24460137106714108
815392330#0;;0.2522704339051463;2.536525467650356;69.74612442849;8790.478583087353;0.14323011427179486;2.3332518196583174;0.29758583451427284
815392330#0;;0.2522704339051463;2.536525467650356;69.74612442849;8790.478583087353;0.14323011427179486;2.3332518196583174;0.29758583451427284
815392349#2;;0.012609704428528197;14.093567664169234;65.88140604474192;3486.7116033961165;0.1655328509280655;1.269209180327735;0.44151731518835763
-27486971#0;;0.030622243998040175;23.787515712546465;60.45659902199995;2102.884984898489;0.02087705327957346;0.7346794258668022;0.18955782306494717
27486971#0;;0.030624119556562746;18.76562820095235;62.105354071665325;2530.540783723971;0.04835623531146114;0.8680174192031668;0.2486498732153381
:705679202_0;;0.021275965764060083;0.03506980197494186;70.13302164189427;6516.161938149751;0.19131797151719795;1.889621263909603;0.26617330471459766
815392330#0;;0.25186251932440246;2.4663419828458344;63.94945370801576;3185.771205824667;0.009544536528922823;0.787621186788308;0.059954345673621956
815392349#2;;0.012609704428528197;14.086462907532377;65.15780738509025;2556.717213253312;0.09648917459629819;0.9371621278048934;0.42113469404158654
-27486971#0;;0.030622243998040175;23.70628018002361;60.42771302171076;2084.032014472368;0.0203787127056113;0.7303352287577721;0.1900540763057009
27486971#0;;0.030624119556562746;18.950280764272065;58.384304602516046;0.0;0.0;0.0;0.0
815392330#1;;0.0028972853712232764;6.800117969329235;66.34979661731505;4806.383208785048;0.13034379814004407;1.4547126230750647;0.25218400091973114
815392330#0;;0.23183468616285613;2.444789346433238;63.07930564145525;3006.2261661956272;0.00946671186059043;0.7761335831303476;0.06367618933163197
815392349#2;;0.012609704428528197;14.081905371240376;65.04229826264945;2390.959854301729;0.08422114675371027;0.877981821750484;0.41770381663232037
-27486971#0;;0.030622243998040175;23.97328514290076;56.96141425049507;0.0;0.0;0.0;0.0
27486971#0;;0.030624119556562746;18.895576760358345;61.62266359692555;2255.9562352581393;0.03613836347458281;0.7913660425376877;0.24330330753283272
815392330#1;;0.008339172540485563;6.75712051968769;65.63534540766496;4473.643562382862;0.12018641458682108;1.3745564493804572;0.25297545862568116
815392330#0;;0.2114564386501091;2.4234245393183187;63.19295837581898;3051.980714314403;0.010777206401203316;0.7892504398833059;0.067854051646685
815392349#2;;0.012609704428528197;14.113055738451585;63.58809417368349;0.0;0.0;0.0;0.0
-27486971#0;;0.030622243998040175;23.73956182307893;62.10064090263855;2853.37309838535;0.045066330934717326;0.9161371671375763;0.19722376732056673
27486971#0;;0.030624119556562746;18.820137351086426;61.9811662652925;2462.922872662095;0.045252342354649235;0.8489454020464058;0.24701295562066658
815392330#1;;0.013952638454736942;6.6796777876789495;70.6262793065514;6909.881730253587;0.22489553380673832;2.0463415830565452;0.29158091248179463
815392330#0;;0.19043567981278628;2.401085530094758;63.66036039953562;3185.7834447018404;0.012931878575810254;0.814094043106443;0.07253593945822727
815392349#2;;0.012609704428528197;14.077838432696653;66.69629217177865;4402.425423326206;0.23421984581290128;1.5971727005845668;0.4631137116559686
-27486971#0;;0.030622243998040175;23.86535653027529;58.270109102963644;0.0;0.0;0.0;0.0
27486971#0;;0.030624119556562746;18.832691284279168;60.62804812600427;1612.731719014644;0.008667656829085636;0.6138380182935742;0.23583382565203878
815392330#1;;0.019735669164599838;6.604868523796683;70.61414959813959;6980.1174405217735;0.2364349373493037;2.089543367251428;0.30205732077424435
815392330#0;;0.16877995129179615;2.3681997308507046;67.13278300496393;4090.8443264212033;0.0228510313638027;0.9470182582306587;0.08160897879674507
815392349#2;;0.012609704428528197;14.121261278646616;63.21455591704492;0.0;0.0;0.0;0.0
-27486971#0;;0.030622243998040175;24.022932825512196;57.94951508852273;0.0;0.0;0.0;0.0
27486971#0;;0.030624119556562746;18.96748374363838;58.95678916430076;0.0;0.0;0.0;0.0
815392330#1;;0.025691740781631448;6.530233670741669;70.95373408908155;7225.65244460641;0.25607208128066966;2.1823056816591895;0.3151296502270361
815392330#0;;0.14647623608412277;2.3449973807218645;64.41249324338598;3435.5582454433174;0.018668676195236045;0.8708111389079923;0.08475349196495997
815392349#2;;0.012609704428528197;14.061656921298047;68.28781684123865;6016.042188641028;0.35536876785011384;2.17563594145893;0.5005382807462715
-27486971#0;;0.030622243998040175;23.66547357193197;63.543919157569356;3487.9229376954027;0.0657456006659411;1.0702827042602325;0.20404337282995455
27486971#0;;0.030624119556562746;18.977270596945466;60.62274112165894;1638.7369220902146;0.009627416946982442;0.6211006288513435;0.23428324490695157
815392330#1;;0.03177834446207767;6.475040113118996;68.37754760061331;5959.856834094426;0.20584265278503389;1.8429187016701545;0.3054112117181257
815392330#0;;0.12613521695257315;2.3172367707816752;66.11139945344794;3917.8446788013207;0.025894619961585787;0.9532826565340972;0.0923235608434532
815392349#2;;0.012609704428528197;14.073580670269733;64.33377586150728;1307.5198307499898;0.0035464702910075058;0.4906045685236144;0.39388981832143133
-27486971#0;;0.030622243998040175;23.87693150490045;57.46270308733265;0.0;0.0;0.0;0.0
27486971#0;;0.030624119556562746;18.797522159759946;63.727384608640875;3466.7632021694544;0.08857273161800297;1.1268818922685275;0.260350325614634
815392330#1;;0.03368364322285099;6.415563995811704;69.26520507656258;6465.469940467324;0.23531790964792984;2.003278679738528;0.3202298093009297
815392330#0;;0.12613521695257315;2.2900172910826835;66.23181471941868;3995.5055388110745;0.0294378150405689;0.9804449732097523;0.09881592028119318
815392349#2;;0.012609704428528197;14.111435081625615;63.38537268564675;0.0;0.0;0.0;0.0
-27486971#0;;0.030622243998040175;23.951239270643292;58.7640344445103;0.0;0.0;0.0;0.0
27486971#0;;0.030624119556562746;18.941267033481456;58.85504107886574;0.0;0.0;0.0;0.0
815392330#1;;0.03368364322285099;6.3660818862772866;67.99519951959905;5813.832726459153;0.20998334034463123;1.8290116110205445;0.31763509212451996
815392330#0;;0.12613521695257315;2.2691081469760848;64.38503794540138;3517.695227985934;0.025542099080941495;0.917654324286724;0.10190527582604142
815392349#2;;0.012609704428528197;14.106752828313681;65.01356229246524;2392.606230621529;0.08394844572163904;0.8783054848131374;0.4161856103906358
-27486971#0;;0.030622243998040175;23.917743411638085;59.86998007983683;1833.575699733747;0.01213123797121056;0.6695597838864817;0.1858971656986312
27486971#0;;0.030624119556562746;18.89948893712939;61.42081417029764;2132.367451926489;0.030838157502367132;0.757250875066628;0.24165725419075396
815392330#1;;0.03368364322285099;6.299019954889508;70.97606642937349;7486.605434723326;0.2986556058589922;2.3370962944452742;0.3513012445465406
815392330#0;;0.12613521695257315;2.249234335665998;64.22738128800486;3495.9192548267683;0.026975552482822077;0.9232864164213901;0.10646756641614907
815392349#2;;0.012609704428528197;14.08349040787532;65.99957065548165;3616.130200424638;0.17544743908948396;1.3158297447809717;0.4450861845919213
-27486971#0;;0.030622243998040175;23.97860094657741;58.89386765712978;1360.668177335198;0.0;0.5559260832926181;0.18088684873204708
27486971#0;;0.030624119556562746;18.93817434176459;60.22213613231446;1362.9493743935413;0.0;0.5450801301977588;0.2312447109902493
815392330#1;;0.03368364322285099;6.2355379314015424;70.73698738630841;7422.091645040924;0.30430622749172287;2.3403543425868234;0.3597425167219998
815392330#0;;0.12613521695257315;2.228264748100959;64.79949360316209;3685.317377428406;0.03158037983290201;0.9643365808848023;0.11229869668136136
815392349#2;;0.012609704428528197;14.064940060295255;65.77068679743655;3317.383092001685;0.1536716796424927;1.209661773351002;0.43960356747530843
-27486971#0;;0.030622243998040175;23.825207188211532;61.17909206097998;2439.9825243139862;0.031612517066576744;0.8158519047822735;0.19249261794121644
27486971#0;;0.030624119556562746;19.021408079613536;59.59495689838928;0.0;0.0;0.0;0.0
815392330#1;;0.03368364322285099;6.175458369012781;70.49758784828522;7346.979504729258;0.30890448170763735;2.3387335932795024;0.3676443469343107
815392330#0;;0.12613521695257315;2.19805975612139;68.33438876210144;4779.844200001005;0.05197974226105225;1.1696131437847734;0.1250044687256556
815392349#2;;0.012609704428528197;14.100111443309185;63.48114683867073;0.0;0.0;0.0;0.0
-27486971#0;;0.030622243998040175;23.686869560799302;61.056497090292474;2376.83114123539;0.02984375283583949;0.801224602279837;0.19305972360678575
27486971#0;;0.030624119556562746;18.919272007170086;62.366516769301754;2703.055342357466;0.055183064785957185;0.9145378350407204;0.24873748654203537
815392330#1;;0.03368364322285099;6.110154738927475;71.68651797483489;8100.327005783617;0.3582590892079704;2.5912376762384044;0.38974992409365383
815392330#0;;0.12613521695257315;2.1808502738464486;63.94829008972361;3484.502073910412;0.03310767352600559;0.9519744325573889;0.12314728932338517
815392349#2;;0.012609704428528197;14.09925744354009;64.84603867623163;2144.4553244006174;0.06562585298355215;0.7897911221223702;0.4111001125035569
-27486971#0;;0.030622243998040175;23.91518618219385;57.30716186722041;0.0;0.0;0.0;0.0
27486971#0;;0.030624119556562746;18.927682013114566;60.658408389479284;1652.1597329283577;0.010254591929720606;0.6247757788515963;0.23509982395463497
815392330#1;;0.03368364322285099;6.068144159147103;68.10335677902611;5998.179392814093;0.251154602673521;1.960504167659709;0.36224208654631673
815392330#0;;0.12613521695257315;2.1529927589422457;68.08868878277347;4811.463339080462;0.05976618672686206;1.2092542684039813;0.13750957948285245
815392349#2;;0.012609704428528197;14.111060817628195;64.28696648328126;1317.010330495387;0.004077777251162977;0.4945513747425505;0.39188295933321454
-27486971#0;;0.030622243998040175;23.850503997235016;60.21423465444204;1992.660452576821;0.017271486388825162;0.707955996557908;0.18797391071445785
27486971#0;;0.030624119556562746;19.001072097178017;59.73027108485144;0.0;0.0;0.0;0.0
815392330#1;;0.03368364322285099;6.027366816975394;68.08133327919526;5997.02252853139;0.2557511612668515;1.970816424757912;0.3683041125387315
815392330#0;;0.12613521695257315;2.134399453331962;64.90711900716512;3836.8733770553563;0.04444851576538357;1.039000486766961;0.13722299646711175
815392349#2;;0.012609704428528197;14.111544955616882;64.76833757402088;2054.9427898686954;0.05882163107176103;0.7577999950314331;0.40834196922565374
-27486971#0;;0.030622243998040175;23.835716376106895;59.691882895115;1741.2536563141023;0.009248957528527127;0.6473886721163984;0.1856744896016825
27486971#0;;0.030624119556562746;18.774635627833597;64.55514991409595;3919.064001583725;0.10822715404593665;1.2524667152006739;0.266564566654923
815392330#1;;0.03368364322285099;5.969566065690111;71.18358439503916;7962.733642281028;0.37350875128226707;2.6030410474527406;0.4105181632974576
815392330#0;;0.12613521695257315;2.1063189145189374;68.8046615477162;5157.04876350261;0.07487428576577965;1.3118718248424104;0.15307653284804024
815392349#2;;0.012609704428528197;14.067463715367857;67.25789013719326;4992.341895907513;0.2786391290692674;1.8088290115512233;0.47709286220251673
-27486971#0;;0.030622243998040175;23.755272127458955;60.4065689637931;2077.236771281804;0.020096355528444132;0.7285700311757574;0.18957870131547944
27486971#0;;0.030624119556562746;18.842854157548068;59.84088055025164;0.0;0.0;0.0;0.0
815392330#1;;0.03368364322285099;5.933115354647313;67.78488926040097;5824.0642282200015;0.2568121911200454;1.940767085676801;0.3797033225129641
815392330#0;;0.12613521695257315;2.0865624677737693;65.86735685860785;4220.818158590535;0.05872038735073104;1.1406548575739643;0.15303508811311362
815392349#2;;0.012609704428528197;14.091220115327491;63.8656709511053;0.0;0.0;0.0;0.0
-27486971#0;;0.030622243998040175;23.766857997111657;59.43114874770763;1607.7607408031968;0.005012179521215611;0.6151862116182254;0.18494381184790987
27486971#0;;0.030624119556562746;18.90244176853044;59.94247380582436;0.0;0.0;0.0;0.0
815392330#1;;0.03368364322285099;5.896994001899938;67.88485660164996;5895.0940951320445;0.26508815838668665;1.9724325136790326;0.38654412159988927
815392330#0;;0.2522704339051463;3.1058245123328057;65.14436468384243;5324.800756304376;0.05185513004800362;1.6769246849227541;0.1549499255517939
815392330#0;;0.2522704339051463;3.1058245123328057;65.14436468384243;5324.800756304376;0.05185513004800362;1.6769246849227541;0.1549499255517939
815392349#2;;0.012609704428528197;14.114284634666001;63.85806496750775;0.0;0.0;0.0;0.0
-27486971#0;;0.030622243998040175;23.781674597227592;59.3949368824517;1591.224400007744;0.004474925491578177;0.6112007972221539;0.18466440321698166
27486971#0;;0.030624119556562746;19.012286882603053;59.25481367483827;0.0;0.0;0.0;0.0
815392330#1;;0.03368364322285099;5.858298200444702;68.48136135992713;6305.646098449665;0.293934371139336;2.113999617090934;0.399954602371778
815392330#0;;0.2522704339051463;3.0382316764593855;69.57326633238984;7583.101664186707;0.06334140154333763;1.7943253023546437;0.16965571299177046
815392330#0;;0.2522704339051463;3.0382316764593855;69.57326633238984;7583.101664186707;0.06334140154333763;1.7943253023546437;0.16965571299177046
815392349#2;;0.012609704428528197;14.101740557139879;65.40580647142822;2906.7852347105027;0.12222670865113958;1.061900380798866;0.4280029171044605
-27486971#0;;0.030622243998040175;23.81716210017187;59.176198723915505;1485.9654220001069;0.001090175233115537;0.5858358092044877;0.18336396499806618
27486971#0;;0.030624119556562746;18.760177734929602;65.02047762181508;4168.850170064329;0.11912102969364316;1.3219323839593164;0.2700321724516295
815392349#0;;0.04037467700258398;8.915766738660906;55.9402874701336;1521.0;0.0;0.6117;0.0
815392330#1;;0.03368364322285099;5.800372084439776;72.1425272410176;8767.583206824553;0.45062823180369044;2.9288631867201462;0.4543436380996153
815392330#0;;0.2522704339051463;2.964145427714882;71.01578091640722;8774.890938849021;0.09615167005933073;2.0816089683368824;0.1925325825010717
815392330#0;;0.2522704339051463;2.964145427714882;71.01578091640722;8774.890938849021;0.09615167005933073;2.0816089683368824;0.1925325825010717
815392349#2;;0.012609704428528197;14.075598865999225;66.17178586394802;3809.7205552138657;0.19010868811005116;1.3853649622670883;0.4499587775178586
-27486971#0;;0.030622243998040175;23.918294195165313;58.503906695694866;0.0;0.0;0.0;0.0
27486971#0;;0.030624119556562746;18.95939764918129;58.22458013067548;0.0;0.0;0.0;0.0
815392349#0;;0.04037467700258398;8.752631318835457;67.42774075688381;3413.9697454707407;0.0002089342911037365;0.6412552242491444;0.006773757948325544
815392330#1;;0.03368364322285099;5.759061567195174;69.39109554631858;6964.834152170323;0.3474724072229104;2.3572981104091832;0.4285066210210432
815392330#0;;0.2522704339051463;2.90583067445904;69.21162707367378;7648.32578272938;0.07186621685819149;1.8751651555071884;0.1958951381081913
815392330#0;;0.2522704339051463;2.90583067445904;69.21162707367378;7648.32578272938;0.07186621685819149;1.8751651555071884;0.1958951381081913
815392349#2;;0.012609704428528197;14.06501737510583;65.35893778350399;2792.523984653211;0.11447666065014053;1.0218504109138622;0.4277949215283819
-27486971#0;;0.030622243998040175;23.81752508233451;60.609182752041015;2176.2344143728283;0.02318493418961652;0.7522877359965212;0.1900152565382936
27486971#0;;0.030624119556562746;18.96058568338009;60.75341332711591;1720.5214706441036;0.013131995058102992;0.6436152378965408;0.23554952077898458
815392349#0;;0.04037467700258398;8.605359043878725;66.78186579517566;3374.8106561114105;0.0007333329630546308;0.6660056070922769;0.01322334224838889
815392330#1;;0.03368364322285099;5.706503622271464;71.69498195200087;8584.725170453336;0.4573053193077759;2.9090607263637525;0.4683573883395657
815392330#0;;0.2522704339051463;2.852445934856172;69.00456800094449;7431.999190326287;0.06665627934604933;1.8398545282388392;0.2044832883526689
815392330#0;;0.2522704339051463;2.852445934856172;69.00456800094449;7431.999190326287;0.06665627934604933;1.8398545282388392;0.2044832883526689
815392349#2;;0.012609704428528197;14.107520556994684;63.25918360880585;0.0;0.0;0.0;0.0
-27486971#0;;0.030622243998040175;23.625743226352693;61.671419906794625;2656.0064088507893;0.03898672924343181;0.8691393263403615;0.1963034390977114
27486971#0;;0.030624119556562746;18.91595551232581;61.458517343097554;2158.2147035268886;0.03190296962081854;0.7643203227134862;0.24176848332506484
815392349#0;;0.04037467700258398;8.469432940363896;66.37716157573993;3366.133442034384;0.0014958734715229953;0.6884513883537772;0.0194674067942709
815392330#1;;0.03368364322285099;5.67042915685392;68.89023871996203;6637.779175623979;0.33990538257568753;2.276957605910407;0.4377285885987415
815392330#0;;0.2522704339051463;2.79621729459896;69.78420316952553;8424.110790006514;0.10420666599552988;2.1298973226659994;0.22699546379429436
815392330#0;;0.2522704339051463;2.79621729459896;69.78420316952553;8424.110790006514;0.10420666599552988;2.1298973226659994;0.22699546379429436
815392349#2;;0.012609704428528197;14.085822416385122;65.91033871472094;3512.41026860048;0.1676579185788973;1.2786747493590709;0.44260527384097353
-27486971#0;;0.030622243998040175;23.947174158139283;56.50102162006961;0.0;0.0;0.0;0.0
27486971#0;;0.030624119556562746;18.923526909452587;60.6719582646669;1660.2036586284853;0.010603000654070372;0.626991813269136;0.23525750219457017
815392349#0;;0.04037467700258398;8.32829266036284;67.21226633300655;3588.716872308042;0.0028794609208877787;0.7235843890391237;0.02635137983340026
815392330#1;;0.03368364322285099;5.636791105161073;68.61655981156473;6438.486234386821;0.3318668269039013;2.220365640160109;0.43977563459689806
815392330#0;;0.2522704339051463;2.738568947894983;70.39525449271177;8750.580131593608;0.10833663315826622;2.174939178022313;0.24019709181959223
815392330#0;;0.2522704339051463;2.738568947894983;70.39525449271177;8750.580131593608;0.10833663315826622;2.174939178022313;0.24019709181959223
815392349#2;;0.012609704428528197;14.080631878792216;65.07410531394247;2432.856071313897;0.08736313902257926;0.8929714364991082;0.4187238251585228
-27486971#0;;0.030622243998040175;23.627163759463045;63.13087101211806;3307.2843003585845;0.06004893885743919;1.0269413166592725;0.20263521281744012
27486971#0;;0.030624119556562746;18.969343129482795;60.11383075893511;1296.119962135395;0.0;0.526766354729934;0.22998957264924724
815392349#0;;0.04037467700258398;8.187559711854504;67.65299169504564;3748.8710620285806;0.004728935513460874;0.7594426170420256;0.03359454459645074
815392330#1;;0.03368364322285099;5.586781453024902;71.89887405025577;8863.569552659876;0.49902297820651953;3.0536023343155945;0.4968680370051132
815392330#0;;0.2522704339051463;2.6949309446941854;68.3926248336326;7612.558696966886;0.08861701017723309;1.9925852283985594;0.2436592656343904
815392330#0;;0.2522704339051463;2.6949309446941854;68.3926248336326;7612.558696966886;0.08861701017723309;1.9925852283985594;0.2436592656343904
815392349#2;;0.012609704428528197;14.07940806955867;64.89051074312029;2172.5873586542916;0.06798709745511843;0.7999428253971324;0.4129593326197438
-27486971#0;;0.030622243998040175;23.90204843148055;56.89718165617569;0.0;0.0;0.0;0.0
27486971#0;;0.030624119556562746;18.833777488375596;62.95811682408725;3036.4111254943473;0.06985372991119498;1.0073911673210925;0.2542469829782026
815392349#0;;0.04037467700258398;8.058776011456473;67.13593259331367;3715.732533104383;0.006407717409162263;0.7811692557717043;0.0404376786195357
815392330#1;;0.03368364322285099;5.5430127399065725;70.94870873975;8217.180755294821;0.46463870834396476;2.852744047730879;0.4925300022519927
815392330#0;;0.2522704339051463;2.6556852230709143;67.95369242798385;7516.464604950517;0.09614341289375176;2.027288631834007;0.25467617613501803
815392330#0;;0.2522704339051463;2.6556852230709143;67.95369242798385;7516.464604950517;0.09614341289375176;2.027288631834007;0.25467617613501803
815392349#3;;0.02204171220932515;1.8558522308375163;63.32432158764711;0.0;0.0;0.0;0.0
-27486971#0;;0.030622243998040175;23.883539539214198;59.72081451618454;1759.1414691205612;0.009786322836743168;0.6516745022798134;0.18545951284388953
27486971#0;;0.030624119556562746;18.99313943846373;58.66066840671169;0.0;0.0;0.0;0.0
815392349#0;;0.04037467700258398;7.964547043252311;64.57336255500593;3227.970450846535;0.006111334938137428;0.7564554939116839;0.04512456142111303
815392330#1;;0.03368364322285099;5.497627187514238;71.5140680774694;8677.824480988415;0.5048264123952559;3.028897608590068;0.5109829499337741
815392330#0;;0.2522704339051463;2.6019424483563727;71.39535939420696;9778.505206546955;0.16409747153250392;2.545257091981432;0.28761108237527055
815392330#0;;0.2522704339051463;2.6019424483563727;71.39535939420696;9778.505206546955;0.16409747153250392;2.545257091981432;0.28761108237527055
815392349#3;;0.049397782497131004;1.8516423878656627;66.49345507233176;4186.656196947154;0.21781984320807443;1.5195457656617504;0.4576454659841922
-27486971#0;;0.030622243998040175;23.919854892092683;59.1502747316833;1482.9255099682873;0.0009680071123984255;0.5852205006550637;0.18251864182746017
27486971#0;;0.030624119556562746;19.011444594745004;60.48945545011145;1558.1514046795155;0.006166340376512909;0.5989583174619312;0.23281028091853123
815392349#0;;0.04037467700258398;7.859908147616182;65.76211791595463;3526.2699996547544;0.008801358403590975;0.7992956433372035;0.05138228484403526
815392330#1;;0.03368364322285099;5.466481384733268;68.96489086313628;6710.28930518224;0.375114459878453;2.3630065462714285;0.4763423223696352
815392330#0;;0.2522704339051463;2.5676793029127847;67.6324386162255;7338.072417085759;0.09642134741525916;2.0126325197596087;0.2754248913611982
815392330#0;;0.2522704339051463;2.5676793029127847;67.6324386162255;7338.072417085759;0.09642134741525916;2.0126325197596087;0.2754248913611982
815392349#3;;0.0767218099800235;1.8527416531306165;64.4492145098072;1541.7943922539628;0.020865848398312917;0.574593083646079;0.3978462861688838
-27486971#0;;0.030622243998040175;23.670462537410888;62.304802458749016;2942.674849682039;0.04813252097800558;0.9382538536531664;0.19869896844290724
27486971#0;;0.030624119556562746;19.02212784695672;60.59574357865526;1630.0466433633003;0.00921016607003601;0.6187341484544567;0.233592687078646
815392349#0;;0.04037467700258398;7.759514840081101;65.70446635673754;3560.3388780497944;0.010685873246705039;0.8190646168418128;0.057324449169358756
815392330#1;;0.03368364322285099;5.4246294629129475;71.23055499208104;8527.019067968075;0.5093378034778676;3.00755162795591;0.5227976007756301
815392330#0;;0.2522704339051463;2.530307328852635;69.12483354604352;8395.736674428352;0.14625073572733538;2.338788536672361;0.29969789621288717
815392330#0;;0.2522704339051463;2.530307328852635;69.12483354604352;8395.736674428352;0.14625073572733538;2.338788536672361;0.29969789621288717
815392349#3;;0.09593246354566386;1.8560054521238807;63.78826315107763;0.0;0.0;0.0;0.0
-27486971#0;;0.030622243998040175;23.94363447973497;56.90964291491533;0.0;0.0;0.0;0.0
27486971#0;;0.030624119556562746;18.7863596444438;64.7116882678998;4003.7645231024917;0.11179135853310469;1.2756992602031518;0.2674867563915305
815392349#0;;0.04037467700258398;7.6831439893934155;63.78347326751787;3155.240357631953;0.00970497137508499;0.7871720729568303;0.06121847249742124
815392330#1;;0.03568134028452342;6.374393942926041;70.74851397995627;11304.507096111578;0.49508849543823114;3.7460721932580503;0.7213009049394049
815392330#1;;0.03568134028452342;6.374393942926041;70.74851397995627;11304.507096111578;0.49508849543823114;3.7460721932580503;0.7213009049394049
815392330#0;;0.23520337659347487;2.406826297839954;67.07945449959867;4006.2050783276186;0.018806792499966387;0.9124952650849626;0.0732611769644483
815392349#3;;0.09593246354566386;1.8539434634544132;65.56329164103227;3110.3958502960927;0.1372889862720204;1.1345054193675244;0.4323808482966372
-27486971#0;;0.030622243998040175;23.658775366092467;62.71333678619715;3123.851919271272;0.05401569822727323;0.9822108886976976;0.2005644258317601
27486971#0;;0.030624119556562746;18.841710349961545;60.017209534968394;0.0;0.0;0.0;0.0
815392349#0;;0.04037467700258398;7.591923886882812;65.3986404679945;3567.2058526451983;0.013959415238911872;0.8469848062970969;0.06762229511961314
815392330#1;;0.04084986858629149;6.302629404822206;72.6317768128923;13181.220870008896;0.5749693654709859;4.255738239077253;0.7565233920500309
815392330#1;;0.04084986858629149;6.302629404822206;72.6317768128923;13181.220870008896;0.5749693654709859;4.255738239077253;0.7565233920500309
815392330#0;;0.21584877666626873;2.381541239257463;64.70959452064241;3465.7189242337176;0.016394994926099034;0.8580225608027889;0.07717396366469759
815392349#3;;0.09593246354566386;1.8528890794445314;65.18834010534916;2613.5419003209568;0.10053757314737094;0.9573081483229817;0.4217757916786934
-27486971#0;;0.030622243998040175;23.759240908571176;58.531369681321166;0.0;0.0;0.0;0.0
27486971#0;;0.030624119556562746;18.86793143048393;60.41948404279685;1480.8496136615727;0.0029756512800936784;0.5774441240431665;0.23366851622102933
815392349#0;;0.04037467700258398;7.5259366732850985;63.23705881309465;3075.589961990097;0.011671313664512276;0.7974636163285532;0.07072183548626419
815392330#1;;0.04616005154519555;6.230618421923282;72.9611561887745;14240.882097266247;0.6896917408640749;4.72748563505751;0.8026124756749405
815392330#1;;0.04616005154519555;6.230618421923282;72.9611561887745;14240.882097266247;0.6896917408640749;4.72748563505751;0.8026124756749405
815392330#0;;0.19596372221572084;2.348770171601111;67.31985855755879;4175.272620660066;0.02547256455890902;0.970622641622833;0.08608009895246034
815392349#3;;0.09593246354566386;1.8756743806533078;61.482068259913056;0.0;0.0;0.0;0.0
-27486971#0;;0.030622243998040175;23.757525229833128;59.57125565003088;1675.8443566224473;0.007202994304048304;0.631625248967209;0.18567776409821615
27486971#0;;0.030624119556562746;18.96243469973251;59.462500401830205;0.0;0.0;0.0;0.0
815392349#0;;0.04037467700258398;7.442878910246945;65.09126245657534;3559.1713898910352;0.017119316166706984;0.8696677853654057;0.07723385195989355
815392330#1;;0.051592713829855655;6.163842405263999;72.86898087704355;14103.223566589342;0.7094915258916835;4.752962328548249;0.8195528726363953
815392330#1;;0.051592713829855655;6.163842405263999;72.86898087704355;14103.223566589342;0.7094915258916835;4.752962328548249;0.8195528726363953
815392330#0;;0.17562001914975345;2.3135992771849905;68.49170553012122;4554.281158033984;0.03316999224290957;1.0482154256468337;0.09523171705858499
815392349#3;;0.09593246354566386;1.9049676709974;60.97931685290047;0.0;0.0;0.0;0.0
-27486971#0;;0.030622243998040175;23.91419513916134;57.96898590493298;0.0;0.0;0.0;0.0
27486971#0;;0.030624119556562746;18.98243691733239;60.47396286304395;1541.873309230253;0.005498220207168336;0.5944447897007391;0.2329744755436168
815392349#0;;0.04037467700258398;7.350731721746201;66.27041829074442;3899.9857999727565;0.022477815029558354;0.9304888349628435;0.0843903825535192
815392330#1;;0.05712087789046829;6.1032906577229245;72.91540931571811;13846.481205927625;0.7288781060004899;4.756298563519698;0.8355986507924781
815392330#1;;0.05712087789046829;6.1032906577229245;72.91540931571811;13846.481205927625;0.7288781060004899;4.756298563519698;0.8355986507924781
815392330#0;;0.15491869036172773;2.285336023987372;66.62131512608501;4109.690679374787;0.03128921235120744;1.000617265927754;0.10032055030760155
815392349#3;;0.09593246354566386;1.936823265146339;60.51246984357681;0.0;0.0;0.0;0.0
-27486971#0;;0.030622243998040175;23.649237244983766;62.49041182131815;3024.8296495803993;0.05084689671942609;0.9583157319770188;0.19968659616092316
27486971#0;;0.030624119556562746;19.017687521797512;60.247507651969165;1398.1879037008011;0.0;0.5549868675250211;0.2306838934385008
815392349#0;;0.04037467700258398;7.2531063902631;67.16049146293949;4186.353418143095;0.028321784879521854;0.9894258406892775;0.0921877822091638
815392330#1;;0.06281909739284884;6.035767040038431;73.18467973828662;14258.693643576982;0.6912995733494303;4.72397712982918;0.8358106838314195
815392330#1;;0.06281909739284884;6.035767040038431;73.18467973828662;14258.693643576982;0.6912995733494303;4.72397712982918;0.8358106838314195
815392330#0;;0.13358055456623405;2.253594061103595;68.14235583852987;4595.411808508782;0.04127488276782914;1.0978249976632555;0.10986118284157134
815392349#3;;0.09593246354566386;1.9688647528500993;60.065280330783246;0.0;0.0;0.0;0.0
-27486971#0;;0.030622243998040175;23.775705079323306;58.2741376305738;0.0;0.0;0.0;0.0
27486971#0;;0.030624119556562746;18.96066167359256;61.63305316427143;2271.6288793914414;0.03662596268254947;0.7953867342942362;0.24262411405350687
815392349#0;;0.04037467700258398;7.148472622143945;68.27836702075095;4554.893043248195;0.03628717526322953;1.0666354717212403;0.10125440767276737
815392330#1;;0.06736728644570197;5.973580193733606;73.11963838663887;14584.646386532855;0.7788801793170818;4.998095175810086;0.8731212507646942
815392330#1;;0.06736728644570197;5.973580193733606;73.11963838663887;14584.646386532855;0.7788801793170818;4.998095175810086;0.8731212507646942
815392330#0;;0.12613521695257315;2.2295945502212744;65.81820458882828;3978.738348257292;0.03567464471903571;1.0124832361963296;0.11324723357001784
815392349#3;;0.09593246354566386;2.002912307539545;59.57524932617652;0.0;0.0;0.0;0.0
-27486971#0;;0.030622243998040175;23.795194986274513;59.34421029062838;1567.3795366870525;0.003704847837472012;0.6054542283866989;0.18432529624328076
27486971#0;;0.030624119556562746;18.968374410435683;60.655660658650405;1658.475160652591;0.010478065117551684;0.6265307031262448;0.23465178936485467
815392349#0;;0.04037467700258398;7.061418648229884;66.77498373108612;4197.995081202582;0.03518945722655269;1.0298357325608243;0.1066333091945841
815392330#1;;0.06736728644570197;5.9239779002070945;71.9495344576176;12850.569186218474;0.6853024539396793;4.46581303021847;0.8538487825065981
815392330#1;;0.06736728644570197;5.9239779002070945;71.9495344576176;12850.569186218474;0.6853024539396793;4.46581303021847;0.8538487825065981
815392330#0;;0.12613521695257315;2.2088121293951866;64.92961872116565;3748.5864039754106;0.03450623726918275;0.9848081138222968;0.11738390816921936
815392349#3;;0.09593246354566386;2.033828914223168;59.18673357681482;0.0;0.0;0.0;0.0
-27486971#0;;0.030622243998040175;23.941370712982398;58.06584906789241;0.0;0.0;0.0;0.0
27486971#0;;0.030624119556562746;18.77741055241423;63.933256583021986;3579.6153670419517;0.09356472710963366;1.1584233062828069;0.2621129507285157
815392349#0;;0.04037467700258398;6.988847009245448;65.47759812164558;3869.0664818632454;0.0333012117317246;0.9901963632050504;0.11094130081050987
815392330#1;;0.06736728644570197;5.890302692165564;70.24429814367834;8822.930593240588;0.33193489025467104;2.8954984186423474;0.7534482777257694
815392330#1;;0.06736728644570197;5.890302692165564;70.24429814367834;8822.930593240588;0.33193489025467104;2.8954984186423474;0.7534482777257694
815392330#0;;0.12613521695257315;2.1870913752055907;65.48331249702792;3944.7587292073354;0.04003353300317967;1.030459516608738;0.12383795040090725
815392349#3;;0.09593246354566386;2.0701811284699563;58.62408679652712;0.0;0.0;0.0;0.0
-27486971#0;;0.030622243998040175;23.76832154657806;61.41376412258198;2544.5478127626275;0.035078000766595;0.8413656797969847;0.19398695303158647
27486971#0;;0.030624119556562746;18.949478291697005;58.52471226283975;0.0;0.0;0.0;0.0
815392349#0;;0.04037467700258398;6.923583734036143;64.89279462815004;3728.130566531563;0.03343108785608684;0.9775894568833783;0.11545996774072584
815392330#1;;0.06736728644570197;5.86712830384745;68.99716522067456;7180.6686525524765;0.2371667377210411;2.379469099425478;0.7290791017115732
815392330#1;;0.06736728644570197;5.86712830384745;68.99716522067456;7180.6686525524765;0.2371667377210411;2.379469099425478;0.7290791017115732
815392330#0;;0.12613521695257315;2.165813690128142;65.55365181500885;3997.9257192704936;0.043505415158659015;1.0518442927345444;0.1296756432129049
815392349#3;;0.09593246354566386;2.10785649555318;58.09185162482608;0.0;0.0;0.0;0.0
-27486971#0;;0.030622243998040175;23.840589020122927;58.800591224214564;0.0;0.0;0.0;0.0
27486971#0;;0.030624119556562746;18.83619475593387;62.58767519702402;2823.227717059547;0.060680923618446556;0.9484378756693551;0.25145346399357227
815392349#0;;0.04037467700258398;6.85810310012375;65.13021678241321;3826.6355546837012;0.037195522235492676;1.005342557397616;0.12118043208390332
815392330#1;;0.06736728644570197;5.828386290188154;70.89265640495334;10143.104875089604;0.4336928916623708;3.3747023322195826;0.795376891368679
815392330#1;;0.06736728644570197;5.828386290188154;70.89265640495334;10143.104875089604;0.4336928916623708;3.3747023322195826;0.795376891368679
815392330#0;;0.12613521695257315;2.1385116190595315;68.0756824939458;4841.418505648205;0.06277120292518956;1.225784064513909;0.1417772827477221
815392349#3;;0.09593246354566386;2.146928594996846;57.539783484717745;0.0;0.0;0.0;0.0
-27486971#0;;0.030622243998040175;23.78736523031207;60.107461244418545;1937.4743797766257;0.015573875726472248;0.694762192921171;0.1879618861463668
27486971#0;;0.030624119556562746;18.840173603311598;60.75148265685111;1695.67303265461;0.012223129015439985;0.6367668606912295;0.23680868818160347
815392349#0;;0.04037467700258398;6.782826668381119;66.50603257634057;4283.207356312182;0.047733463276198394;1.1003044783374665;0.12974490545589895
815392330#1;;0.06736728644570197;5.803780844743329;71.16046072672506;7048.279052911562;0.27280845965704764;2.197223566702072;0.3399564232269492
815392330#1;;0.06736728644570197;5.803780844743329;71.16046072672506;7048.279052911562;0.27280845965704764;2.197223566702072;0.3399564232269492
815392330#0;;0.12613521695257315;2.112208714725481;68.05103672982693;4895.6162646343755;0.06846869878018486;1.256204230838834;0.14972821863010952
815392349#3;;0.09593246354566386;2.187476564964096;56.96634564269222;0.0;0.0;0.0;0.0
-27486971#0;;0.030622243998040175;24.009498303310366;57.35601727071723;0.0;0.0;0.0;0.0
27486971#0;;0.030624119556562746;18.78894192349324;61.610545713592245;2232.7368442371;0.03543659879366437;0.7854249970690388;0.2444581146418546
815392349#0;;0.04037467700258398;6.710907602088056;66.38454922893894;4286.665040448312;0.05100651491016978;1.115434666033485;0.13600278134542343
815392330#1;;0.06736728644570197;5.777281007094897;69.98782232551514;7922.811415803684;0.2802975244756946;2.6143813063642822;0.7585733617333335
815392330#1;;0.06736728644570197;5.777281007094897;69.98782232551514;7922.811415803684;0.2802975244756946;2.6143813063642822;0.7585733617333335
815392330#0;;0.12613521695257315;2.08711367020306;67.92333880071895;4912.411907498182;0.0734562068334772;1.278764214612086;0.15733708528133172
815392349#3;;0.09593246354566386;2.2295856372781198;56.36982055266445;0.0;0.0;0.0;0.0
-27486971#0;;0.030622243998040175;23.87520531977298;60.95559994574005;2339.9203573005984;0.028324026870995264;0.7915236871340621;0.19110797152528267
27486971#0;;0.030624119556562746;18.788644500362746;60.83175319657792;1738.0488075501737;0.014114930705986403;0.6484941095048482;0.23804061315865993
815392349#0;;0.04037467700258398;6.619924670937617;69.01977723786325;5193.330368725681;0.07312456809884518;1.3083764170843382;0.1495106227574046
815392330#1;;0.06736728644570197;5.747005541622183;70.05737943573538;9067.812608176064;0.3809538180173997;3.0599023878040406;0.7946243380412338
815392330#1;;0.06736728644570197;5.747005541622183;70.05737943573538;9067.812608176064;0.3809538180173997;3.0599023878040406;0.7946243380412338
815392330#0;;0.12613521695257315;2.059697868662432;69.21525037540445;5423.075558678026;0.09043066600328523;1.4052443188968553;0.16930437154660086
815392349#3;;0.09593246354566386;2.2733477354510896;55.74828212199667;0.0;0.0;0.0;0.0
-27486971#0;;0.030622243998040175;23.98199091638445;58.440524789151176;0.0;0.0;0.0;0.0
27486971#0;;0.030624119556562746;18.975759313188735;58.35203551092089;0.0;0.0;0.0;0.0
815392349#0;;0.04037467700258398;6.536582726874028;68.4631539910667;5080.379324398022;0.07603482390882625;1.3082048860252793;0.15683922365892894
815392330#1;;0.06736728644570197;5.729279248185874;68.77901110709678;6662.005455995439;0.21959250122537569;2.2453670992644756;0.7493878142069801
815392330#1;;0.06736728644570197;5.729279248185874;68.77901110709678;6662.005455995439;0.21959250122537569;2.2453670992644756;0.7493878142069801
815392330#0;;0.12613521695257315;2.0379675137930198;67.2380050229467;4784.6227937390695;0.07993901730275876;1.2892441865431876;0.17171972263844854
815392349#3;;0.09593246354566386;2.3188621445514874;55.099563149180916;0.0;0.0;0.0;0.0
-27486971#0;;0.030622243998040175;23.98691118142783;59.458305925499666;1640.4137146936948;0.005946721219795201;0.6231113635340775;0.18349393745382508
27486971#0;;0.030624119556562746;18.899514885817105;61.960112833387555;2460.528104282572;0.044882582080260115;0.8477882079949934;0.24588660909943302
815392349#0;;0.04037467700258398;6.465140500282996;67.28650336568563;4735.622654478287;0.07286971120384778;1.2561843139634727;0.16155981332142413
815392330#1;;0.06736728644570197;5.698636062409263;70.75611842782943;9096.387970724529;0.37025800799948444;3.0385273133179407;0.8006563196911158
815392330#1;;0.06736728644570197;5.698636062409263;70.75611842782943;9096.387970724529;0.37025800799948444;3.0385273133179407;0.8006563196911158
815392330#0;;0.12613521695257315;2.0162421248445543;67.52079640983803;4932.895155946094;0.08797816278388806;1.3372227168644626;0.1798443967352108
815392349#3;;0.09593246354566386;2.366236263183344;54.42121723253136;0.0;0.0;0.0;0.0
-27486971#0;;0.030622243998040175;23.68250106666151;62.92623856780715;3218.0953274098056;0.05697977887755825;1.0048026296967048;0.20126708226487605
27486971#0;;0.030624119556562746;18.95312135067131;60.01073157207591;0.0;0.0;0.0;0.0
815392349#0;;0.04037467700258398;6.388547297559069;68.26843717405451;5132.9420807135075;0.08687842840490323;1.3573333691587444;0.17201383627886563
815392330#1;;0.06736728644570197;5.6645913117827185;71.49630905205599;9882.257466094636;0.42357872731756874;3.3058503376572825;0.8233497717524042
815392330#1;;0.06736728644570197;5.6645913117827185;71.49630905205599;9882.257466094636;0.42357872731756874;3.3058503376572825;0.8233497717524042
815392330#0;;0.12613521695257315;1.9904531412388513;69.59048443142883;5762.82462103739;0.1158108791421423;1.541691061122798;0.19517169269086165
815392349#3;;0.09593246354566386;2.415586449565095;53.710474561351724;0.0;0.0;0.0;0.0
-27486971#0;;0.030622243998040175;23.699696017042744;59.38553535272547;1579.0297445414253;0.004118043636247808;0.6082109080808007;0.18520952145095051
27486971#0;;0.030624119556562746;18.87282006375641;62.03619035674866;2502.618584770109;0.04677645277587973;0.8595761245172648;0.2467973348404701
815392349#0;;0.04037467700258398;6.328368409384076;66.39033393244671;4504.0517364342195;0.07536493070293941;1.2380382067784694;0.17355961328759548
815392330#1;;0.06736728644570197;5.643630978834233;69.22106629412126;7731.947796739064;0.3105902707303121;2.651954329425448;0.7934547032176347
815392330#1;;0.06736728644570197;5.643630978834233;69.22106629412126;7731.947796739064;0.3105902707303121;2.651954329425448;0.7934547032176347
815392330#0;;0.12613521695257315;1.9763354915705573;64.82229666655945;3982.44694295807;0.07004135458650373;1.1527588444664614;0.18527244202355853
815392349#3;;0.09593246354566386;2.4670389757384297;52.964191373303464;0.0;0.0;0.0;0.0
-27486971#0;;0.030622243998040175;23.647255970521595;60.13216131116005;1939.1080141190114;0.01577400436197781;0.6953865297756785;0.18913977714733873
27486971#0;;0.030624119556562746;18.89752510677433;60.432285718996056;1495.9459650348233;0.003602180697495256;0.5816628236874432;0.23347974377223732
815392349#0;;0.04037467700258398;6.282767055183877;64.64665442234119;3883.463047065956;0.06205543471612725;1.1124630683840875;0.1734192012357348
815392330#1;;0.06736728644570197;5.598767694110202;73.14296520243184;12549.174853267601;0.620489840506081;4.251780908622584;0.8957714221905873
815392330#1;;0.06736728644570197;5.598767694110202;73.14296520243184;12549.174853267601;0.620489840506081;4.251780908622584;0.8957714221905873
815392330#0;;0.12613521695257315;1.9535009504610206;68.87827967623258;5600.5750135640465;0.12108686054885573;1.5392571468304102;0.20705772844183862
815392349#3;;0.09593246354566386;2.520731106380381;52.17879376601844;0.0;0.0;0.0;0.0
-27486971#0;;0.030622243998040175;23.834275407043915;57.6915002644012;0.0;0.0;0.0;0.0
27486971#0;;0.030624119556562746;18.95985222248098;59.88980944898942;0.0;0.0;0.0;0.0
815392349#0;;0.04037467700258398;6.23147955523547;65.5830439258464;4253.194130290135;0.07437631206038141;1.2029416060751372;0.18155314301713105
815392330#1;;0.06736728644570197;5.57198445201868;71.0189097996829;8845.869599525271;0.3674908559041109;2.98464871090342;0.8249826548454995
815392330#1;;0.06736728644570197;5.57198445201868;71.0189097996829;8845.869599525271;0.3674908559041109;2.98464871090342;0.8249826548454995
815392330#0;;0.12613521695257315;1.9384119025630795;65.67473163574248;4361.360941014352;0.08771604402687297;1.2620489826926378;0.201334444622644
:251674120_0;;0.05779711478649739;1.2609403198907507;51.35018669817975;0.0;0.0;0.0;0.0
-27486971#0;;0.030622243998040175;23.663490626238385;61.42354228570839;2544.5088114503583;0.0352993536128796;0.8419183440962457;0.19488992717183443
27486971#0;;0.030624119556562746;18.960792771861925;60.75697424523892;1722.867887416349;0.013231753257823253;0.6442613899218352;0.23557694543648908
815392349#0;;0.04037467700258398;6.157596445013232;68.9712475744885;5587.107301635748;0.11608609632453734;1.5202678385459802;0.20062680077310152
815392330#1;;0.06736728644570197;5.554993031394407;69.5555117497444;5856.505813791062;0.26067780071389873;1.9554241892446391;0.382957513716954
815392330#1;;0.06736728644570197;5.554993031394407;69.5555117497444;5856.505813791062;0.26067780071389873;1.9554241892446391;0.382957513716954
815392330#0;;0.12613521695257315;1.9254927262571928;64.86862696152832;4043.9794850244275;0.08037040945291642;1.1946230862005986;0.2028851044234062
:251674120_0;;0.1360509809111461;1.2778921343095355;56.24406786969264;0.0;0.0;0.0;0.0
-27486971#0;;0.030622243998040175;23.785926126583664;58.312192497374475;0.0;0.0;0.0;0.0
27486971#0;;0.030624119556562746;18.866253973327577;62.267931897638114;2639.310259605201;0.05266179768218329;0.8973689551684818;0.24865366308112563
815392349#0;;0.04037467700258398;6.1136277404787505;65.01912365492127;4078.0357592176347;0.07596813683485776;1.185219395724817;0.19250091767858285
815392330#1;;0.06736728644570197;5.526395646262982;70.81150359776731;9727.905234475178;0.454889508085495;3.3496826898510643;0.8606537543625039
815392330#1;;0.06736728644570197;5.526395646262982;70.81150359776731;9727.905234475178;0.454889508085495;3.3496826898510643;0.8606537543625039
815392330#0;;0.12613521695257315;1.9104974204029872;65.97166535585693;4519.205146856021;0.09824041983595866;1.3174572398328166;0.2127035843170415
:251674120_0;;0.21557748667437243;1.2574423965983021;63.21915850797624;3354.7154676127416;0.05481820765634848;1.018038734097427;0.18579695276191577
-27486971#0;;0.030622243998040175;23.66333691763336;60.89022260601944;2298.434081730599;0.027356221191735086;0.7823479008321186;0.1924989677072992
27486971#0;;0.030624119556562746;18.910315319817407;60.15482315964044;1310.3168841595368;0.0;0.5304868408725494;0.23092333677857116
815392349#0;;0.04037467700258398;6.037671465672787;69.85846367731499;6049.704172696878;0.1404764943543065;1.664293645851548;0.21890983920100807
815392330#1;;0.06736728644570197;5.503857644521079;72.5482362650279;8604.401393610655;0.4378788527944949;2.869466568801675;0.44858733996577427
815392330#1;;0.06736728644570197;5.503857644521079;72.5482362650279;8604.401393610655;0.4378788527944949;2.869466568801675;0.44858733996577427
815392330#0;;0.12613521695257315;1.8891728528600689;69.17921586937442;5907.936367407178;0.14922795955319743;1.673224207121001;0.2344998537275676
:251674120_0;;0.29520183517905796;1.2558972459801718;59.502146439746596;1782.1635991698;0.009293250312088507;0.6560297578932263;0.17230037795317477
-27486971#0;;0.030622243998040175;23.718143492828712;58.99568706316664;1385.226260058357;0.0;0.5613696458357075;0.18318147401025336
27486971#0;;0.030624119556562746;18.96827376974596;59.9470253522111;0.0;0.0;0.0;0.0
815392349#0;;0.04037467700258398;5.966929510752187;69.46277464822022;5962.329319326484;0.14462524893620246;1.666080542458631;0.2268343335758275
815392330#1;;0.06736728644570197;5.477963906963013;70.6735374620414;9405.52009836481;0.44281678491555443;3.2614483850077667;0.8671094434291657
815392330#1;;0.06736728644570197;5.477963906963013;70.6735374620414;9405.52009836481;0.44281678491555443;3.2614483850077667;0.8671094434291657
815392330#0;;0.12613521695257315;1.8705020553068255;68.21353062293586;5547.3150855038675;0.14253914021775815;1.6010959192473457;0.2382551052962527
:251674120_0;;0.37365276581262963;1.2746821381518045;55.96211412120314;0.0;0.0;0.0;0.0
-27486971#0;;0.030622243998040175;23.815976993892356;58.54984368496703;0.0;0.0;0.0;0.0
27486971#0;;0.030624119556562746;18.88177177745011;62.131549346363016;2560.4694249595545;0.04922409159738564;0.8754863608866926;0.24742023233696872
815392349#0;;0.04037467700258398;5.8958081625688115;69.88579673553656;6210.723158713987;0.1600102513606618;1.7498129847462522;0.23835342342446203
815392330#1;;0.06736728644570197;5.451478231073691;71.91804725685087;9417.56160846633;0.4293662310327197;3.231228781712695;0.8686761741305365
815392330#1;;0.06736728644570197;5.451478231073691;71.91804725685087;9417.56160846633;0.4293662310327197;3.231228781712695;0.8686761741305365
815392330#0;;0.12613521695257315;1.857432049192399;65.73972110184516;4479.888837905723;0.10833926243404414;1.3422146294845456;0.23206898179134675
:251674120_0;;0.4526630809083545;1.2656575268538688;60.893106575809085;2395.280275090437;0.026774180294501584;0.796482855917574;0.176222633648608
-27486971#0;;0.030622243998040175;23.776979585818616;59.95893273533873;1865.5718568775283;0.013278077546499279;0.6774226921020114;0.1873528524190766
27486971#0;;0.030624119556562746;18.848148156112252;61.314652556583795;2058.001114342111;0.027770945667312537;0.7368839613940699;0.24138899815826614
815392349#0;;0.04037467700258398;5.857722529725141;65.11875554862473;4187.79478515385;0.09444454684031943;1.2580589713038681;0.22236907002777911
815392330#1;;0.06736728644570197;5.418619526524569;71.10690039121961;11800.00374366769;0.6582380535442369;4.199074448404787;0.9447367550312252
815392330#1;;0.06736728644570197;5.418619526524569;71.10690039121961;11800.00374366769;0.6582380535442369;4.199074448404787;0.9447367550312252
:705679202_0;;0.3755784524395061;0.03532119419457767;66.93004036699163;5037.731313293133;0.13218928988067588;1.495265061012659;0.24410017410878732
:251674120_0;;0.5309724579475859;1.2769862790493423;57.152754292250236;0.0;0.0;0.0;0.0
-27486971#0;;0.030622243998040175;23.808497546850692;59.21828617396399;1506.111036458565;0.0017375019906064864;0.5906850191100685;0.18362746323994772
27486971#0;;0.030624119556562746;18.972033919298703;59.08898181670136;0.0;0.0;0.0;0.0
815392349#0;;0.04037467700258398;5.797532522992467;68.72107918489294;5806.498222589944;0.15613911938869923;1.6800088341969734;0.2470034319740647
815392330#1;;0.0720283407318276;6.049699889784909;72.98575185341166;13017.14191324378;0.5311421542907683;4.144553780894263;0.7074191265152462
815392330#1;;0.0720283407318276;6.049699889784909;72.98575185341166;13017.14191324378;0.5311421542907683;4.144553780894263;0.7074191265152462
815392330#1;;0.0720283407318276;6.049699889784909;72.98575185341166;13017.14191324378;0.5311421542907683;4.144553780894263;0.7074191265152462
:251674120_0;;0.6100668840267902;1.264311595103566;61.61413580844738;2697.048618495774;0.03549259363409114;0.8658323847163867;0.17903216234448577
-27486971#0;;0.030622243998040175;23.7862823563126;59.77996369800231;1779.9424444438528;0.010523933338086986;0.6567465975383806;0.18644960762008625
27486971#0;;0.030624119556562746;18.94555016395741;61.17051813879136;1983.7586123717142;0.024384445409277485;0.7161440125920179;0.23912867006885613
815392349#0;;0.04037467700258398;5.760481849104128;65.33327210917774;4305.522013295588;0.10498173837104645;1.3062003090812202;0.23539147698309765
815392330#1;;0.07744550730688712;5.998392271352247;73.06983480750499;16621.631636500482;0.7593655329825699;5.58302552708772;1.201258724370332
815392330#1;;0.07744550730688712;5.998392271352247;73.06983480750499;16621.631636500482;0.7593655329825699;5.58302552708772;1.201258724370332
815392330#1;;0.07744550730688712;5.998392271352247;73.06983480750499;16621.631636500482;0.7593655329825699;5.58302552708772;1.201258724370332
:251674120_0;;0.6257822277847309;1.2649530797855835;59.06120094785219;1596.1995392200733;0.0038359159896260743;0.6132536676715575;0.1694106128493209
-27486971#0;;0.030622243998040175;23.85299071293072;58.854424992815815;1327.7234105738783;0.0;0.5477520954433855;0.18155587911004048
27486971#0;;0.030624119556562746;18.814344478413922;62.89541111281323;2998.833997145914;0.06833318643049112;0.997211119165668;0.2540385104308965
815392349#0;;0.04037467700258398;5.701732624785732;68.97408949209932;6004.721509679433;0.17346113498150958;1.7607553790418538;0.2621418981093372
815392330#1;;0.08301953559090802;5.957366622051441;73.07711645864086;13369.53172288695;0.575830803114292;4.316144174452271;0.7427326363992595
815392330#1;;0.08301953559090802;5.957366622051441;73.07711645864086;13369.53172288695;0.575830803114292;4.316144174452271;0.7427326363992595
815392330#1;;0.08301953559090802;5.957366622051441;73.07711645864086;13369.53172288695;0.575830803114292;4.316144174452271;0.7427326363992595
:251674120_0;;0.6257822277847309;1.26630500650593;58.926044819441174;1537.015498627114;0.002128583315889259;0.5996975906931207;0.1687119482107045
-27486971#0;;0.030622243998040175;24.009344890201767;57.96238591388538;0.0;0.0;0.0;0.0
27486971#0;;0.030624119556562746;18.763456770694948;61.61523952060669;2231.785708083902;0.03546596870557996;0.7852732005271561;0.2447958371333292
815392349#0;;0.04037467700258398;5.6640018824629905;65.81935964899625;4556.548608312546;0.12140409173614154;1.3909525533800866;0.25047166731464654
815392330#1;;0.08871045485605515;5.913004929323436;73.98569111387398;14505.609537023189;0.6950560221096725;4.812796130573238;0.7904061109464562
815392330#1;;0.08871045485605515;5.913004929323436;73.98569111387398;14505.609537023189;0.6950560221096725;4.812796130573238;0.7904061109464562
815392330#1;;0.08871045485605515;5.913004929323436;73.98569111387398;14505.609537023189;0.6950560221096725;4.812796130573238;0.7904061109464562
:251674120_0;;0.6257822277847309;1.2707473359101769;58.354008879596826;0.0;0.0;0.0;0.0
-27486971#0;;0.030622243998040175;23.715470701492368;62.79123177448209;3159.1947334248016;0.05497447470090395;0.9902490186133731;0.2003997485888453
27486971#0;;0.030624119556562746;18.821413361511464;59.98684265103236;0.0;0.0;0.0;0.0
815392349#0;;0.04037467700258398;5.626521494252455;65.93283995010998;4620.9795217275205;0.1268458401934453;1.416007854445264;0.25614913912983284
815392330#2;;0.02835281622793361;1.6127990628750206;65.26020971822842;2110.4266306803124;0.06764864636048798;0.7787750169885003;0.43190483409163477
815392330#1;;0.08498777944054352;6.2367831635168605;73.2860455296425;14673.602166448683;0.7024485326925145;4.85474264357054;0.8046254645831104
815392330#1;;0.08498777944054352;6.2367831635168605;73.2860455296425;14673.602166448683;0.7024485326925145;4.85474264357054;0.8046254645831104
:251674120_0;;0.6257822277847309;1.2798586632171172;57.52308430776122;0.0;0.0;0.0;0.0
-27486971#0;;0.030622243998040175;23.5914041725644;60.927699302868064;2311.939148108875;0.027916486563256127;0.7859013988501378;0.19324598279618455
27486971#0;;0.030624119556562746;18.82149069255196;60.81530523503473;1733.754992394256;0.013884720688265084;0.6472969192190946;0.23754875542684425
815392349#0;;0.04037467700258398;5.5909443019496115;65.77605213511751;4551.927977806405;0.12687930869503905;1.4050860884732481;0.26004706606367717
815392330#2;;0.06057814829415133;1.6100686463419671;66.51841974244833;3843.620410136452;0.20343955296370556;1.4125474193983822;0.47422172993187567
815392330#1;;0.08086023175910666;6.16622674975801;73.05514916519574;14463.92073074689;0.703216660379939;4.81785649203098;0.8164321369038235
815392330#1;;0.08086023175910666;6.16622674975801;73.05514916519574;14463.92073074689;0.703216660379939;4.81785649203098;0.8164321369038235
-27486971#1;;0.14439003486585555;0.03180770589983321;60.88686358640048;2396.0961151302567;0.026641319328812512;0.7962552434605658;0.17549496829046324
-27486971#0;;0.030622243998040175;23.854888373770745;56.99912586783285;0.0;0.0;0.0;0.0
27486971#0;;0.030624119556562746;18.84575721552181;60.454242430887874;1499.3778096565684;0.003786148053761311;0.5825239370296433;0.23419623873344655
815392349#0;;0.04037467700258398;5.55682861720748;65.68109242479886;4510.167520295883;0.1278478350086579;1.4009065282026008;0.2641175915834399
815392330#2;;0.09278247457154343;1.610613368055592;65.1060142594286;1819.8535767738422;0.045208826862323866;0.6726113442851819;0.42628421316483134
815392330#1;;0.07132491634272876;6.1006462113895035;73.59279512278165;14553.346875484158;0.7527845301827913;4.955341883554535;0.8424149428444057
815392330#1;;0.07132491634272876;6.1006462113895035;73.59279512278165;14553.346875484158;0.7527845301827913;4.955341883554535;0.8424149428444057
:11876446088_0;;0.4361136046174631;0.16901054638113303;68.33197238239168;5413.651576664427;0.11824399690255974;1.504875871670701;0.209123633474038
-27486971#0;;0.030622243998040175;23.99980201019197;58.07166610223113;0.0;0.0;0.0;0.0
27486971#0;;0.030624119556562746;18.901310758416653;59.99809458360555;0.0;0.0;0.0;0.0
815392349#0;;0.04037467700258398;5.5099370091488025;67.98753177969883;5686.822080582108;0.18154556201371552;1.7341003660770125;0.28556625856332934
815392330#2;;0.10757314974182444;1.6086301928421145;66.18331327291993;3389.5643234941185;0.1682882462650655;1.2469323325911084;0.46438637601253696
815392330#1;;0.06736728644570197;6.025920845357237;74.32965068923384;16188.305293987522;0.8474058672462992;5.465419960989852;0.8837824436954448
815392330#1;;0.06736728644570197;6.025920845357237;74.32965068923384;16188.305293987522;0.8474058672462992;5.465419960989852;0.8837824436954448
-27486971#0;;0.03096742363777339;24.066555529522716;70.42013778424186;7826.088161717928;0.1548424478644311;2.333669897737128;0.40880192292762707
-27486971#0;;0.03096742363777339;24.066555529522716;70.42013778424186;7826.088161717928;0.1548424478644311;2.333669897737128;0.40880192292762707
27486971#0;;0.030624119556562746;18.944768322372408;60.153521974107306;1317.5665427679119;0.0;0.5325942873521737;0.2305772261422527
815392349#0;;0.04037467700258398;5.476281978957762;65.9381720265867;4654.354867619431;0.1405131880840313;1.4575337721531176;0.2770564566640137
815392330#2;;0.10757314974182444;1.6094695158329677;65.01194624515526;1638.2087718394273;0.03110581570378946;0.6061307226629153;0.42263350015095086
815392330#1;;0.06736728644570197;5.949594182541507;74.96974801829275;17088.35395103745;0.9262885668114489;5.811382854118349;0.9210446226584561
815392330#1;;0.06736728644570197;5.949594182541507;74.96974801829275;17088.35395103745;0.9262885668114489;5.811382854118349;0.9210446226584561
-27486971#0;;0.03524839939236537;23.672858600105357;69.18140470429188;7372.344766740505;0.14646689193368853;2.244097915945481;0.41248044071604184
-27486971#0;;0.03524839939236537;23.672858600105357;69.18140470429188;7372.344766740505;0.14646689193368853;2.244097915945481;0.41248044071604184
27486971#0;;0.030624119556562746;18.802098300423843;63.093893799526896;3111.1983495215336;0.07323186471371448;1.0284325764089202;0.2556712971702245
815392349#0;;0.04037467700258398;5.434555479490925;67.4750612160332;5470.036175340878;0.18023814347022432;1.6953558935907431;0.2938625122509122
815392330#2;;0.10757314974182444;1.6100692737901356;65.09224073351598;1786.2702781958071;0.04263363529647069;0.6603116962155055;0.42579233263018945
815392330#1;;0.06736728644570197;5.9080056823221945;70.73274927062276;10594.421565143537;0.46722389819630167;3.549963107131065;0.7902414900661239
815392330#1;;0.06736728644570197;5.9080056823221945;70.73274927062276;10594.421565143537;0.46722389819630167;3.549963107131065;0.7902414900661239
-27486971#0;;0.03966228597132629;23.30177664582952;69.02105098312214;7357.901077369499;0.15168024082352896;2.2583829769968893;0.42009739312926864
-27486971#0;;0.03966228597132629;23.30177664582952;69.02105098312214;7357.901077369499;0.15168024082352896;2.2583829769968893;0.42009739312926864
27486971#0;;0.030624119556562746;19.019144575432037;58.025872256565904;0.0;0.0;0.0;0.0
815392349#0;;0.04037467700258398;5.374350778192167;71.03030077382842;7360.154679057292;0.2733940870806253;2.2504907483315724;0.32904833079999707
815392330#2;;0.10757314974182444;1.6071104731108474;66.66867151184276;4002.91261993178;0.216752949938993;1.4719856628540817;0.4797772339109254
815392330#1;;0.06736728644570197;5.8683824844895796;70.81631857396331;10330.337329159156;0.44817089637735974;3.4560741377802233;0.7916965995231199
815392330#1;;0.06736728644570197;5.8683824844895796;70.81631857396331;10330.337329159156;0.44817089637735974;3.4560741377802233;0.7916965995231199
-27486971#0;;0.04417725349651108;22.946526533478355;67.59080056818638;7334.674505808465;0.1526015583014018;2.256647470021604;0.4263509604291871
-27486971#0;;0.04417725349651108;22.946526533478355;67.59080056818638;7334.674505808465;0.1526015583014018;2.256647470021604;0.4263509604291871
27486971#0;;0.030624119556562746;18.76489478203075;65.05517496038729;4187.425484682048;0.11988449032243359;1.326981595721489;0.27020113641331944
815392349#0;;0.04037467700258398;5.338919622550919;66.83669534974965;5165.915405054324;0.17635361820195486;1.6343425511296221;0.30410118316227575
815392330#2;;0.10757314974182444;1.6128940617731198;63.59026881184651;0.0;0.0;0.0;0.0
815392330#1;;0.06736728644570197;5.8235788439845795;72.24899007843368;11242.170076135184;0.4951156694608054;3.7292121324992826;0.8140812452569175
815392330#1;;0.06736728644570197;5.8235788439845795;72.24899007843368;11242.170076135184;0.4951156694608054;3.7292121324992826;0.8140812452569175
-27486971#0;;0.04883745412516523;22.536573178392363;70.03572574972279;8255.141152352311;0.19374789251853924;2.5156224530772042;0.44588760020305435
-27486971#0;;0.04883745412516523;22.536573178392363;70.03572574972279;8255.141152352311;0.19374789251853924;2.5156224530772042;0.44588760020305435
27486971#0;;0.030624119556562746;19.023188371480554;57.6210928459934;0.0;0.0;0.0;0.0
815392349#0;;0.04037467700258398;5.288791038041298;69.7063956298862;6761.262705918725;0.2582121796295985;2.1116049311264735;0.33491305058320425
815392330#2;;0.10757314974182444;1.606762972684343;68.39625101234918;5972.4298937525855;0.3713917270874004;2.193566696193252;0.5265309941494419
815392330#1;;0.06736728644570197;5.786745355330404;72.3340073238592;9716.414700336889;0.38357047222494084;3.1892790713717307;0.7873347586268709
815392330#1;;0.06736728644570197;5.786745355330404;72.3340073238592;9716.414700336889;0.38357047222494084;3.1892790713717307;0.7873347586268709
-27486971#0;;0.0535836549447285;22.307309969206017;66.57422186141613;6223.341368427541;0.12311203109728115;2.0053427480883266;0.42873096249480186
-27486971#0;;0.0535836549447285;22.307309969206017;66.57422186141613;6223.341368427541;0.12311203109728115;2.0053427480883266;0.42873096249480186
27486971#0;;0.030624119556562746;18.83103629193021;63.920643337201774;3575.250285954454;0.09302974083890016;1.156386497737129;0.2612619364768911
815392349#0;;0.04037467700258398;5.249131795214911;68.01314039083793;5857.773629884661;0.21965774940861263;1.8605841433752888;0.3282650153005894
815392330#2;;0.10757314974182444;1.6093441827168369;64.43668383067919;0.0;0.0;0.0;0.0
815392330#1;;0.06736728644570197;5.764652353578568;69.01761989307005;7635.972629723354;0.2940318962088557;2.605584563335037;0.7645380963975106
815392330#1;;0.06736728644570197;5.764652353578568;69.01761989307005;7635.972629723354;0.2940318962088557;2.605584563335037;0.7645380963975106
-27486971#0;;0.05840968473286963;22.062985173616344;66.5226938708619;6480.478928041047;0.13307809932097453;2.0716096367933803;0.43621342951811753
-27486971#0;;0.05840968473286963;22.062985173616344;66.5226938708619;6480.478928041047;0.13307809932097453;2.0716096367933803;0.43621342951811753
27486971#0;;0.030624119556562746;19.00989907274062;58.436060919818104;0.0;0.0;0.0;0.0
815392349#0;;0.04037467700258398;5.193118239391839;71.37264911781158;7786.984106678072;0.3242917400351144;2.452967949612365;0.3669272974869157
815392330#2;;0.10757314974182444;1.610923733320973;64.73628473067433;1179.9279401027957;0.0;0.4387557212779761;0.4110654828362541
815392330#1;;0.06736728644570197;5.752729407000769;69.19145086866078;5877.004449923264;0.24559691622432178;1.925508156658583;0.36160406027179554
815392330#1;;0.06736728644570197;5.752729407000769;69.19145086866078;5877.004449923264;0.24559691622432178;1.925508156658583;0.36160406027179554
-27486971#0;;0.06124448799608035;21.972108788879574;66.3622868956318;4577.481432881457;0.12322260022413617;1.3992400815418051;0.2524189920892064
-27486971#0;;0.06124448799608035;21.972108788879574;66.3622868956318;4577.481432881457;0.12322260022413617;1.3992400815418051;0.2524189920892064
27486971#0;;0.030624119556562746;18.749581510205346;65.17497367363045;4251.144632320652;0.12276343819847144;1.3449546189140051;0.2712661992526469
815392349#0;;0.04037467700258398;5.138976307633933;71.35437625333503;7851.363143198716;0.3373755663777312;2.4965706157888468;0.377940024538716
815392330#2;;0.10757314974182444;1.6067676299720965;67.28790925646956;4748.491904850451;0.2753543302397261;1.7452315485844296;0.4976054779111566
815392330#1;;0.06736728644570197;5.723116468875536;71.0248279019801;8925.706025485448;0.36025098179838483;2.9936307073154236;0.7923390849120999
815392330#1;;0.06736728644570197;5.723116468875536;71.0248279019801;8925.706025485448;0.36025098179838483;2.9936307073154236;0.7923390849120999
-27486971#0;;0.06124448799608035;21.569464543541372;70.13131746728949;8875.660058481639;0.23423500336991934;2.7256184798314287;0.47607927512616366
-27486971#0;;0.06124448799608035;21.569464543541372;70.13131746728949;8875.660058481639;0.23423500336991934;2.7256184798314287;0.47607927512616366
27486971#0;;0.030624119556562746;18.763461891326706;60.6305807604917;1599.8556935333424;0.008183821007969418;0.6102202818567747;0.23657935043940406
815392349#0;;0.04037467700258398;5.089047854035856;70.8429051943417;7621.463770510088;0.3343086187231261;2.4487433016423195;0.38368333192764315
815392330#2;;0.10757314974182444;1.6097389989179463;64.3168689898385;0.0;0.0;0.0;0.0
815392330#1;;0.06736728644570197;5.6846212630911905;71.3268170893049;11174.918287534329;0.5378115404673365;3.820160557591304;0.8533151474265119
815392330#1;;0.06736728644570197;5.6846212630911905;71.3268170893049;11174.918287534329;0.5378115404673365;3.820160557591304;0.8533151474265119
-27486971#0;;0.06124448799608035;21.263366907729594;68.83724106234261;7818.607346622524;0.20054500893865704;2.468325954957954;0.4719834674724449
-27486971#0;;0.06124448799608035;21.263366907729594;68.83724106234261;7818.607346622524;0.20054500893865704;2.468325954957954;0.4719834674724449
27486971#0;;0.030624119556562746;18.74400481748048;61.135733946639576;1926.6054366656765;0.022327873304384595;0.7007703385107755;0.24109074854195542
815392349#0;;0.04037467700258398;5.041190853418041;70.72756670158915;7610.929477099102;0.3424063415637653;2.4662341248848665;0.3926472444067126
815392330#2;;0.10757314974182444;1.6092544394257684;65.52414361943488;2459.0955203316794;0.0953449735993337;0.906393624310515;0.4420923524475794
815392330#1;;0.06736728644570197;5.64902717408212;72.32659143299698;10465.940085574779;0.4732718844259583;3.537471210818264;0.840880729326509
815392330#1;;0.06736728644570197;5.64902717408212;72.32659143299698;10465.940085574779;0.4732718844259583;3.537471210818264;0.840880729326509
-27486971#0;;0.06124448799608035;21.27633281965436;64.46351573469232;3475.58844794571;0.08692164142088336;1.1244865591662219;0.25562949461092394
-27486971#0;;0.06124448799608035;21.27633281965436;64.46351573469232;3475.58844794571;0.08692164142088336;1.1244865591662219;0.25562949461092394
27486971#0;;0.030624119556562746;18.833497267583592;59.559466157370444;0.0;0.0;0.0;0.0
815392349#0;;0.04037467700258398;4.994169770557478;70.85098233055734;7741.679558271299;0.3583863573644387;2.527494633091061;0.4040035352032568
815392330#2;;0.10757314974182444;1.6077682440325105;65.96942052809815;3085.1603163477876;0.14463446100023863;1.1357313116349719;0.45771339351302054
815392330#1;;0.06736728644570197;5.618145201622567;71.15160771733889;9844.049890664794;0.44993868604758064;3.369109640329824;0.8400165072628397
815392330#1;;0.06736728644570197;5.618145201622567;71.15160771733889;9844.049890664794;0.44993868604758064;3.369109640329824;0.8400165072628397
-27486971#0;;0.06124448799608035;21.168047053968877;64.62930329915298;4826.236423923698;0.0689946979169998;1.6299506180167493;0.4342989523187778
-27486971#0;;0.06124448799608035;21.168047053968877;64.62930329915298;4826.236423923698;0.0689946979169998;1.6299506180167493;0.4342989523187778
27486971#0;;0.030624119556562746;18.756793406643915;62.02873754314098;2483.3307154839185;0.04634894296623257;0.8549975024511405;0.24815954573509105
815392349#0;;0.04037467700258398;4.944661299785098;71.68076472710052;8317.812678333525;0.400958588802767;2.731781006698453;0.4238609621011659
:301754863_0;;0.025199210676265266;0.7730268757026981;63.78326623048316;0.0;0.0;0.0;0.0
815392330#1;;0.06736728644570197;5.632693827630379;65.90330765487776;1766.553817561151;0.02534448443325394;0.6578015948400892;0.3192863538012625
815392330#1;;0.06736728644570197;5.632693827630379;65.90330765487776;1766.553817561151;0.02534448443325394;0.6578015948400892;0.3192863538012625
-27486971#0;;0.06124448799608035;21.26312674080202;62.03403543826763;0.0;0.0;0.0;0.0
-27486971#0;;0.06124448799608035;21.26312674080202;62.03403543826763;0.0;0.0;0.0;0.0
27486971#0;;0.030624119556562746;19.00707726030512;57.699811969142175;0.0;0.0;0.0;0.0
815392349#0;;0.04037467700258398;4.894579066027519;72.1386736958455;8679.17121612761;0.43280683621747534;2.871803025878768;0.44072786030271266
:301754863_0;;0.09267377271527416;0.7703123441899394;68.12015741065612;5680.074532699869;0.3483433214711284;2.0862944048189536;0.5194617584135596
815392330#1;;0.06736728644570197;5.624235336197363;68.20828142527064;6032.963467018252;0.2546505546238003;2.219242880909343;0.7799716755433768
815392330#1;;0.06736728644570197;5.624235336197363;68.20828142527064;6032.963467018252;0.2546505546238003;2.219242880909343;0.7799716755433768
-27486971#0;;0.06124448799608035;21.335293896298275;62.28595933189604;0.0;0.0;0.0;0.0
-27486971#0;;0.06124448799608035;21.335293896298275;62.28595933189604;0.0;0.0;0.0;0.0
27486971#0;;0.030624119556562746;18.76202189274437;64.8935646123809;4100.967875711064;0.11617507563458274;1.3030896876666416;0.26912111721246385
815392349#0;;0.04037467700258398;4.848936488122051;71.49682290538182;8333.73807140153;0.42221282860168535;2.783350755945822;0.4443101868447076
:301754863_0;;0.16003721896091994;0.7709722491535075;64.83599950971735;1304.438187264651;0.005047683668801484;0.4838977233329451;0.415352880733001
815392330#1;;0.06736728644570197;5.611816474333046;68.11189526996378;6492.386597671813;0.25834780360770626;2.309547974684233;0.7835907303804458
815392330#1;;0.06736728644570197;5.611816474333046;68.11189526996378;6492.386597671813;0.25834780360770626;2.309547974684233;0.7835907303804458
-27486971#0;;0.06124448799608035;21.263927015199737;64.18865519347452;4438.2273840089165;0.06275314603748268;1.5568720684410673;0.4304973493292663
-27486971#0;;0.06124448799608035;21.263927015199737;64.18865519347452;4438.2273840089165;0.06275314603748268;1.5568720684410673;0.4304973493292663
27486971#0;;0.030624119556562746;18.957698010747976;58.262883019153634;0.0;0.0;0.0;0.0
815392349#0;;0.04037467700258398;4.80484363238442;71.45375745060763;8363.742681280419;0.4336448868995231;2.814589019772191;0.45442905758105623
:301754863_0;;0.2244165170556553;0.7708723274691557;65.42601890553806;2290.240846170232;0.08227984730113488;0.8446885097639929;0.43872147055725985
815392330#1;;0.06736728644570197;5.617916945053757;66.7712217754023;2699.3879432304434;0.10757728116922699;0.9885751590816814;0.42588470090459496
815392330#1;;0.06736728644570197;5.617916945053757;66.7712217754023;2699.3879432304434;0.10757728116922699;0.9885751590816814;0.42588470090459496
-27486971#0;;0.06124448799608035;21.171668059410806;64.46797578620534;4735.25322763655;0.07384339376691013;1.6330037749798691;0.4356937599651929
-27486971#0;;0.06124448799608035;21.171668059410806;64.46797578620534;4735.25322763655;0.07384339376691013;1.6330037749798691;0.4356937599651929
27486971#0;;0.030624119556562746;19.018431516100453;59.89590787879732;0.0;0.0;0.0;0.0
815392349#0;;0.04037467700258398;4.7651565162143115;70.7503358589214;7934.2628755289;0.4154445412059036;2.692278077207886;0.4550716677578751
:301754863_0;;0.2244165170556553;0.7725672994206778;64.13506103869385;0.0;0.0;0.0;0.0
815392330#1;;0.06736728644570197;5.614857930924595;67.97616673705667;4659.545573552397;0.198376429118;1.5896549342787334;0.37377001571404955
815392330#1;;0.06736728644570197;5.614857930924595;67.97616673705667;4659.545573552397;0.198376429118;1.5896549342787334;0.37377001571404955
-27486971#0;;0.06124448799608035;21.30561082575899;61.60339132396963;0.0;0.0;0.0;0.0
-27486971#0;;0.06124448799608035;21.30561082575899;61.60339132396963;0.0;0.0;0.0;0.0
27486971#0;;0.030624119556562746;19.000295636664244;61.025954613392386;1902.0770935017285;0.020800622932704394;0.6935493375093977;0.2373579174423889
815392349#0;;0.04037467700258398;4.735386071335248;68.79533493648715;6567.080535872376;0.3345939498525297;2.2517954392267576;0.4353894100648154
:301754863_0;;0.2244165170556553;0.7706971484561985;67.13933337782069;4582.4242032148395;0.26196418709732616;1.6838572399784615;0.4930272008209492
815392330#1;;0.06736728644570197;5.6246226695188675;66.55923897013822;2564.7185136501816;0.09691931120993769;0.9398836714771697;0.42072376585489507
815392330#1;;0.06736728644570197;5.6246226695188675;66.55923897013822;2564.7185136501816;0.09691931120993769;0.9398836714771697;0.42072376585489507
-27486971#0;;0.06124448799608035;21.346787233041834;62.84956632292521;2177.8183028150293;0.023151030646786;0.7524901658120828;0.18954684509278746
-27486971#0;;0.06124448799608035;21.346787233041834;62.84956632292521;2177.8183028150293;0.023151030646786;0.7524901658120828;0.18954684509278746
27486971#0;;0.030624119556562746;18.815913144050317;63.79603841950634;3505.787136681044;0.09013847976143123;1.1374076254799097;0.26058533891326563
815392349#0;;0.04037467700258398;4.740131951969044;62.76395504603957;1190.277483319779;0.0;0.4663040680532331;0.33144471265073916
:301754863_0;;0.2244165170556553;0.7708276724725744;65.23957778739982;1991.5639869895542;0.058892998660555446;0.7353673552325228;0.431726892712572
815392330#1;;0.06736728644570197;5.608360733929008;68.54060311818121;7242.367912254829;0.3047490111383162;2.554911554707284;0.7982508669658317
815392330#1;;0.06736728644570197;5.608360733929008;68.54060311818121;7242.367912254829;0.3047490111383162;2.554911554707284;0.7982508669658317
-27486971#0;;0.06124448799608035;21.176474905560934;66.12696758810696;5938.073941533788;0.1268097792810077;1.9697556005451076;0.4515522265263676
-27486971#0;;0.06124448799608035;21.176474905560934;66.12696758810696;5938.073941533788;0.1268097792810077;1.9697556005451076;0.4515522265263676
27486971#0;;0.030624119556562746;18.94608814613656;59.017642576066166;0.0;0.0;0.0;0.0
815392349#0;;0.04037467700258398;4.743834493427011;62.8816543113129;1353.7227242885863;0.002287881438739682;0.5206553472765353;0.3339796129580169
:301754863_0;;0.2244165170556553;0.772784490771604;63.986650285540456;0.0;0.0;0.0;0.0
815392330#1;;0.06736728644570197;5.619687796657947;66.0657560794356;1543.5807652262924;0.012337658648454042;0.5860040272540263;0.3173922356054852
815392330#1;;0.06736728644570197;5.619687796657947;66.0657560794356;1543.5807652262924;0.012337658648454042;0.5860040272540263;0.3173922356054852
-27486971#0;;0.06124448799608035;21.2030788500192;63.65588833599918;2899.586650690142;0.04690324509556976;0.9282651134163964;0.19879577565531545
-27486971#0;;0.06124448799608035;21.2030788500192;63.65588833599918;2899.586650690142;0.04690324509556976;0.9282651134163964;0.19879577565531545
27486971#0;;0.030624119556562746;18.968476749171124;60.44404499598882;1519.0681841287933;0.004537903536221034;0.5881478218470322;0.23286152907165153
815392349#0;;0.04037467700258398;4.731170218068054;65.45964144241645;3920.2360602948156;0.1663036783296524;1.3734025719606489;0.3853724006114545
815392330#3;;0.059163766322036106;0.8280336102831211;64.9574662290147;1617.740265057372;0.02924539852524763;0.5989232919243656;0.42021682770097446
815392330#1;;0.06736728644570197;5.612519761117664;68.7164708937888;5525.931670281801;0.3187419056727276;2.0002023425185156;0.4894939446186611
815392330#1;;0.06736728644570197;5.612519761117664;68.7164708937888;5525.931670281801;0.3187419056727276;2.0002023425185156;0.4894939446186611
-27486971#0;;0.06124448799608035;21.2433110741286;63.2963359486825;2550.7772341168375;0.047861209592948345;0.8709603016807633;0.24364600344436177
-27486971#0;;0.06124448799608035;21.2433110741286;63.2963359486825;2550.7772341168375;0.047861209592948345;0.8709603016807633;0.24364600344436177
27486971#0;;0.030624119556562746;18.93516545576937;61.277860875533996;2049.2088634134843;0.02720023117290138;0.7342062453687304;0.24010830931450303
815392349#0;;0.04037467700258398;4.744696057455651;61.776258809706405;0.0;0.0;0.0;0.0
815392330#3;;0.12179467052704206;0.8275029592909499;65.71958018466485;2790.1231894029693;0.12074864073881736;1.027046170108856;0.4483117485143775
815392330#1;;0.06736728644570197;5.609450757264099;67.269634315475;4422.762857392;0.11036885994387703;1.5845041982638737;0.7394987482919961
815392330#1;;0.06736728644570197;5.609450757264099;67.269634315475;4422.762857392;0.11036885994387703;1.5845041982638737;0.7394987482919961
-27486971#0;;0.06124448799608035;21.305656078117764;62.59678246547554;1807.966840289018;0.016585601915939656;0.6675390226609844;0.23433360169374481
-27486971#0;;0.06124448799608035;21.305656078117764;62.59678246547554;1807.966840289018;0.016585601915939656;0.6675390226609844;0.23433360169374481
27486971#0;;0.030624119556562746;18.950916231833684;60.544704938506506;1582.0979124247438;0.007239862740812657;0.6054848300878348;0.23389737115646447
815392349#0;;0.04037467700258398;4.742453528072407;63.70904720245703;2279.5122672511843;0.061098089742100514;0.8275883730136866;0.3519083722317311
815392330#3;;0.18481229562752247;0.8248632921187575;67.82607599411281;5359.038202360699;0.3232224041122833;1.9688143920510892;0.5119740048522783
815392330#1;;0.06736728644570197;5.63668190367282;65.06949992758895;0.0;0.0;0.0;0.0
815392330#1;;0.06736728644570197;5.63668190367282;65.06949992758895;0.0;0.0;0.0;0.0
-27486971#0;;0.06124448799608035;21.1456907285414;65.29911492448777;5566.79180073906;0.09814377505220148;1.8259534190916944;0.44353321200566803
-27486971#0;;0.06124448799608035;21.1456907285414;65.29911492448777;5566.79180073906;0.09814377505220148;1.8259534190916944;0.44353321200566803
27486971#0;;0.030624119556562746;18.776752722883323;63.64371748591415;3419.0336500532917;0.08664217287116849;1.1139678978019407;0.260036609822438
815392349#0;;0.04037467700258398;4.744500962828289;63.09627176112021;1611.3606128285703;0.018626773581881306;0.6060683077471745;0.33879553745671454
815392330#3;;0.2095557418273261;0.8252903172585944;65.03635096033723;1643.6559859766314;0.03166627325570101;0.6079914567473833;0.42373206798459984
815392330#1;;0.06736728644570197;5.619115783727101;69.20385788796472;7945.37090832425;0.38468988097626117;2.8725402387115375;0.8201763948370756
815392330#1;;0.06736728644570197;5.619115783727101;69.20385788796472;7945.37090832425;0.38468988097626117;2.8725402387115375;0.8201763948370756
-27486971#0;;0.06124448799608035;21.35823074984077;60.77727277347344;0.0;0.0;0.0;0.0
-27486971#0;;0.06124448799608035;21.35823074984077;60.77727277347344;0.0;0.0;0.0;0.0
27486971#0;;0.030624119556562746;18.80577729186239;60.39799554047433;1452.4127263032356;0.0017929509551056506;0.5694638271610931;0.23410908470531652
815392349#0;;0.04037467700258398;4.745016432637796;63.303330845771065;1849.443748786422;0.033718852460284804;0.6849759415636677;0.3432597258982248
815392330#3;;0.2095557418273261;0.8268409608465366;64.29077596131938;0.0;0.0;0.0;0.0
815392330#1;;0.06736728644570197;5.625792443349662;66.72710446810869;3152.0147159294534;0.1078172912327858;1.1031244459215812;0.34513347522629695
815392330#1;;0.06736728644570197;5.625792443349662;66.72710446810869;3152.0147159294534;0.1078172912327858;1.1031244459215812;0.34513347522629695
-27486971#0;;0.06124448799608035;21.185792707935313;65.42527490929433;5769.538819264782;0.10820162489354984;1.886631120007949;0.44575092906285174
-27486971#0;;0.06124448799608035;21.185792707935313;65.42527490929433;5769.538819264782;0.10820162489354984;1.886631120007949;0.44575092906285174
27486971#0;;0.030624119556562746;18.770710090167288;61.365741567294464;2077.3169784390752;0.02878019089596112;0.7424608470923868;0.24268862117935364
815392349#0;;0.04037467700258398;4.7306220031999064;65.7740788851022;4191.907208965716;0.1837040760489244;1.4638108203202755;0.39069949678800187
815392330#3;;0.2095557418273261;0.8248818301831885;67.10718420116005;4536.739290549673;0.2586959991624693;1.6676010128417853;0.4925220109982037
815392330#1;;0.06736728644570197;5.6213506474239185;67.53437658428587;5063.452185323526;0.1795122983318472;1.8656385738124828;0.7579084923001489
815392330#1;;0.06736728644570197;5.6213506474239185;67.53437658428587;5063.452185323526;0.1795122983318472;1.8656385738124828;0.7579084923001489
-27486971#0;;0.06124448799608035;21.31731965794134;61.750862584416566;1499.5472618578049;0.0015285624247982441;0.5890970232208514;0.18360104323924156
-27486971#0;;0.06124448799608035;21.31731965794134;61.750862584416566;1499.5472618578049;0.0015285624247982441;0.5890970232208514;0.18360104323924156
27486971#0;;0.030624119556562746;18.87256447910084;59.3893775837791;0.0;0.0;0.0;0.0
815392349#0;;0.04037467700258398;4.745129510343169;61.681778469486645;0.0;0.0;0.0;0.0
815392330#3;;0.2095557418273261;0.827160515235446;63.908737502920474;0.0;0.0;0.0;0.0
815392330#1;;0.06736728644570197;5.616247656649706;67.39008477284625;4966.50628653788;0.15576215588051798;1.7911323830422519;0.7517816894541867
815392330#1;;0.06736728644570197;5.616247656649706;67.39008477284625;4966.50628653788;0.15576215588051798;1.7911323830422519;0.7517816894541867
-27486971#0;;0.06124448799608035;21.288635963396736;63.588345398386686;3830.891917315739;0.03887985570139632;1.3962859029829522;0.42280620241939054
-27486971#0;;0.06124448799608035;21.288635963396736;63.588345398386686;3830.891917315739;0.03887985570139632;1.3962859029829522;0.42280620241939054
27486971#0;;0.030624119556562746;18.928948854439884;59.97917026250775;0.0;0.0;0.0;0.0
815392349#0;;0.04037467700258398;4.736336633135217;64.7680668741369;3306.4446751574546;0.12674720653443783;1.1687867405474235;0.37264329689811304
815392330#3;;0.2095557418273261;0.8255172699503069;66.77589703322725;4146.523178094591;0.22770482899385652;1.524137977064849;0.4825407009657443
815392330#1;;0.06736728644570197;5.612685067541444;67.34024188168497;4791.295975850343;0.1545740092587703;1.7564933668393552;0.7521516630955347
815392330#1;;0.06736728644570197;5.612685067541444;67.34024188168497;4791.295975850343;0.1545740092587703;1.7564933668393552;0.7521516630955347
-27486971#0;;0.06124448799608035;21.218371066565002;64.06182811691232;4325.814177785186;0.05217697898035005;1.5070683746597846;0.4282102359128129
-27486971#0;;0.06124448799608035;21.218371066565002;64.06182811691232;4325.814177785186;0.05217697898035005;1.5070683746597846;0.4282102359128129
27486971#0;;0.030624119556562746;18.79357352834846;62.975900911188766;3043.150560313995;0.07034394662922958;1.0096984397255744;0.25491130606137624
815392349#0;;0.04037467700258398;4.728653387326033;64.61577203783654;3144.1642070795824;0.11691498443917764;1.1156635155903512;0.37089653121099597
:258126454_1;;0.06658562313311006;0.76825815441296;64.67008032992453;0.0;0.0;0.0;0.0
815392330#2;;0.023151988653237646;1.6547545706757658;63.47730174846532;0.0;0.0;0.0;0.0
815392330#1;;0.05944419002558282;5.859110543746539;61.24660721269237;0.0;0.0;0.0;0.0
-27486971#0;;0.06124448799608035;21.274880940148662;62.49265375056309;1382.8478763234618;0.0;0.5513834274334797;0.22747375307186377
-27486971#0;;0.06124448799608035;21.274880940148662;62.49265375056309;1382.8478763234618;0.0;0.5513834274334797;0.22747375307186377
27486971#0;;0.030624119556562746;18.754072432521856;61.44081836686857;2121.7291511064814;0.030737627572060396;0.7548186332968082;0.24349316179073258
815392349#0;;0.04037467700258398;4.736392042837321;62.41958920011379;0.0;0.0;0.0;0.0
:258126454_1;;0.1338206837157381;0.7700657209546535;64.043084035499;0.0;0.0;0.0;0.0
815392330#2;;0.05392962620980662;1.648493168188229;67.8690163958346;5608.629383901329;0.32485186757999607;2.029681183592211;0.4912543248032178
815392330#1;;0.04980699928434514;5.8486947739630715;64.16796214292191;3087.0637793297483;0.10393821969993099;1.0822157110165995;0.3439171410397432
-27486971#0;;0.06124448799608035;21.275873559786298;63.14081931671191;3369.727648971413;0.018416672679999704;1.266562523825969;0.41689285038262447
-27486971#0;;0.06124448799608035;21.275873559786298;63.14081931671191;3369.727648971413;0.018416672679999704;1.266562523825969;0.41689285038262447
27486971#0;;0.030624119556562746;18.901413115980283;58.82099294124223;0.0;0.0;0.0;0.0
815392349#0;;0.04037467700258398;4.736252820138056;63.42970297937471;1954.680407856275;0.04064944437120389;0.7199434482400233;0.34672691167874825
:258126454_1;;0.2012696893229697;0.7687991111218078;66.46851142343647;3790.8517371071252;0.19903994493921062;1.3928870553638504;0.4723689322291424
815392330#2;;0.08461364348633227;1.6510412596580788;63.9457286774731;0.0;0.0;0.0;0.0
815392330#1;;0.040199123219854964;5.8625149437805915;61.40209781509641;0.0;0.0;0.0;0.0
-27486971#0;;0.06124448799608035;21.39399741498059;62.03598856996777;1577.9398316840168;0.0067664601831427355;0.6046646227888022;0.2296242255319959
-27486971#0;;0.06124448799608035;21.39399741498059;62.03598856996777;1577.9398316840168;0.0067664601831427355;0.6046646227888022;0.2296242255319959
27486971#0;;0.030624119556562746;18.766599938129765;62.98057822712714;3043.5149201663526;0.07049476107457195;1.010098022761021;0.25530466239332555
815392349#0;;0.04037467700258398;4.730637083887254;64.27345893046648;2817.1456342427023;0.0958984033694075;1.006743953767265;0.36425313990368663
:258126454_1;;0.2254283137962128;0.7682481357027172;65.79727266749015;2871.6598466402947;0.12749617469331956;1.057191156211092;0.45142432495549717
815392330#2;;0.10757314974182444;1.6545635885320233;63.620732536364486;0.0;0.0;0.0;0.0
815392330#1;;0.03368364322285099;5.8492491213751805;64.55784759533627;3415.321154628226;0.12340929643791172;1.1876636658929192;0.3497127588659582
-27486971#0;;0.06124448799608035;21.240815019674532;65.51694482331254;5624.984267718708;0.11103150137832307;1.8760301745972165;0.4455110967431185
-27486971#0;;0.06124448799608035;21.240815019674532;65.51694482331254;5624.984267718708;0.11103150137832307;1.8760301745972165;0.4455110967431185
27486971#0;;0.030624119556562746;18.8011912579495;60.31983267209107;1398.0108570495438;0.0;0.5544013099551099;0.23346328689320883
815392349#0;;0.04037467700258398;4.73213167032611;63.219666342956806;1699.660409879383;0.024493917917589023;0.6352288197691035;0.34251228464897465
:258126454_1;;0.2254283137962128;0.7679247167212853;65.6037558322687;2578.774197848354;0.10470906664019458;0.9501725229627993;0.44491537388906827
815392330#2;;0.10757314974182444;1.650044904620868;66.89993551385803;4621.541639790794;0.25060509280637244;1.6755966060779264;0.46812582470757697
815392330#1;;0.03368364322285099;5.865716872754469;61.16603854037011;0.0;0.0;0.0;0.0
-27486971#0;;0.06124448799608035;21.25271691714064;63.76398135471322;2934.3346726516497;0.047758996822735246;0.9359474839720417;0.19829030493946906
-27486971#0;;0.06124448799608035;21.25271691714064;63.76398135471322;2934.3346726516497;0.047758996822735246;0.9359474839720417;0.19829030493946906
27486971#0;;0.030624119556562746;18.96517056620201;58.61341633459575;0.0;0.0;0.0;0.0
815392349#1;;0.0009364395492552006;10.017146991737556;63.29970325673696;1795.3256223721569;0.03057795370569767;0.667025098042485;0.34420482278320697
:258126454_1;;0.2254283137962128;0.7672525747709728;65.93415250446154;3036.646985813672;0.1408176884446955;1.117955590988038;0.45652617587163535
815392330#2;;0.10757314974182444;1.6550486283081964;63.237572906772996;0.0;0.0;0.0;0.0
815392330#1;;0.03368364322285099;5.854450230487586;64.26439252485734;3178.6184520181223;0.10907829125836617;1.1111438565268315;0.34475584883677196
-27486971#0;;0.06124448799608035;21.287890073187825;62.782709439407114;1699.4611855949322;0.011868999714824854;0.6378147671540134;0.23143889263731923
-27486971#0;;0.06124448799608035;21.287890073187825;62.782709439407114;1699.4611855949322;0.011868999714824854;0.6378147671540134;0.23143889263731923
27486971#0;;0.030624119556562746;18.779886616636233;63.833445245465235;3524.5915450362486;0.09117562189971103;1.1431500660935727;0.26136149236027106
815392349#1;;0.005598844270944683;10.03823692150451;62.145640296168374;0.0;0.0;0.0;0.0
:258126454_1;;0.2254283137962128;0.7673805806773297;65.24079918555805;1994.0469149746427;0.0590846672088398;0.7362762789160509;0.43177076702728184
815392330#2;;0.10757314974182444;1.6485629206993253;67.99541996187473;5733.2873557254825;0.3341325136197279;2.0742391229130748;0.49401477205728905
815392330#1;;0.03368364322285099;5.8446678061165125;64.095985688179;3018.1436694369704;0.10003755272619208;1.0603727084864034;0.34323958336188387
-27486971#0;;0.06124448799608035;21.296019707497827;63.88928378652479;2984.5072172570294;0.06624884523121279;0.9900066129072707;0.24949887919859987
-27486971#0;;0.06124448799608035;21.296019707497827;63.88928378652479;2984.5072172570294;0.06624884523121279;0.9900066129072707;0.24949887919859987
27486971#0;;0.030624119556562746;18.988930361276687;58.114844593457235;0.0;0.0;0.0;0.0
815392349#1;;0.010254425195470072;10.045117715904038;62.93058327890368;1424.1398118954376;0.006726028209574769;0.5440667801849812;0.3349394892006377
815392330#4;;0.101560360303387;0.2978170183817063;64.78313651140238;1235.537996517796;0.0;0.45887192850927727;0.4130801182338696
815392330#2;;0.10757314974182444;1.6504867142995447;64.1491169157492;0.0;0.0;0.0;0.0
815392330#1;;0.03368364322285099;5.862488109456871;61.06658989129821;0.0;0.0;0.0;0.0
-27486971#0;;0.06124448799608035;21.24162592879529;64.72893157911071;3435.224445180181;0.06400737512782165;1.0574167345594683;0.20343942540229348
-27486971#0;;0.06124448799608035;21.24162592879529;64.72893157911071;3435.224445180181;0.06400737512782165;1.0574167345594683;0.20343942540229348
27486971#0;;0.030624119556562746;18.817494880624814;63.57310810468188;3382.1247760691745;0.08480822908680813;1.1031831572836606;0.25895973429216085
815392349#1;;0.01493383470233493;10.021131044981196;65.20880264214401;3705.084184626109;0.15225728697411212;1.3013549158434414;0.3805530239045197
815392330#4;;0.27550251739234216;0.29810365681583445;64.74378564808126;1198.853744522168;0.0;0.4457086689429227;0.4113923107321164
815392330#2;;0.10757314974182444;1.6497253696474525;65.1461414962171;2520.5418083400696;0.09401519006343834;0.9244087877978596;0.4211244862387655
815392330#1;;0.03368364322285099;5.853133592373542;64.01094592533755;2959.9793009027603;0.09618022024708116;1.0410458453404146;0.34103353300429273
-27486971#0;;0.06124448799608035;21.347090429433297;62.28777209501025;1817.1071512276148;0.01680477212803608;0.6699383750127187;0.23304793398749463
-27486971#0;;0.06124448799608035;21.347090429433297;62.28777209501025;1817.1071512276148;0.01680477212803608;0.6699383750127187;0.23304793398749463
27486971#0;;0.030624119556562746;18.91487686740117;59.43678298743342;0.0;0.0;0.0;0.0
815392349#1;;0.01907668828691339;10.026431628772281;63.063334757467906;1540.628230110041;0.014256379606016757;0.5824810783950727;0.3385968452666915
815392330#4;;0.44951730035522713;0.2980391312288865;65.45002438412483;2371.4651727713067;0.08827008323855035;0.8742243609787271;0.4391567710524557
815392330#2;;0.10757314974182444;1.6512176664293368;64.28375372645658;1255.0566381169267;0.0;0.4720526162315556;0.39194676518218974
815392330#1;;0.03368364322285099;5.860404263743607;62.02912916125154;0.0;0.0;0.0;0.0
-27486971#0;;0.06124448799608035;21.15036758573425;65.78058389325355;6091.646521286294;0.11894685654730083;1.9656523921696478;0.4496939452899112
-27486971#0;;0.06124448799608035;21.15036758573425;65.78058389325355;6091.646521286294;0.11894685654730083;1.9656523921696478;0.4496939452899112
27486971#0;;0.030624119556562746;18.847586453667446;61.83992208167549;2381.3472687916337;0.04165675412238956;0.8262325243417957;0.24557810562733534
815392349#1;;0.01907668828691339;10.029041042143625;63.22962201035718;1739.339458133434;0.026878868929745395;0.6484528488387934;0.342203921758408
815392330#5;;0.0028124607899194065;11.82104789713154;64.39663830460591;0.0;0.0;0.0;0.0
815392330#2;;0.10757314974182444;1.654636912025829;63.648498765716035;0.0;0.0;0.0;0.0
815392330#1;;0.03368364322285099;5.861270060919578;62.71778722586951;1779.0842246642326;0.02600187499820367;0.661822740439908;0.3188976502874567
-27486971#0;;0.06124448799608035;21.17636022284598;62.99535869596325;1955.5558748786661;0.0228864241844004;0.7080563890872078;0.2367584956154817
-27486971#0;;0.06124448799608035;21.17636022284598;62.99535869596325;1955.5558748786661;0.0228864241844004;0.7080563890872078;0.2367584956154817
27486971#0;;0.030624119556562746;18.881747421811664;60.30226971089774;1404.581714763336;0.0;0.5564161736215255;0.23250523273605234
815392349#1;;0.01907668828691339;10.006331106556283;65.13390801101998;3623.636121975578;0.14762741121579043;1.2752441978965772;0.380264457678982
815392330#5;;0.0072047491938952175;11.805170024391554;66.23609573393098;3490.574389054367;0.17557289446456725;1.2831267899592123;0.4652487794274583
815392330#2;;0.10757314974182444;1.6537550068014117;65.14774600445963;2577.3199863584146;0.09763638042141651;0.9441979474899099;0.4202271935369486
815392330#1;;0.03368364322285099;5.841649816300401;65.503289671459;4161.32004653504;0.1683014816975275;1.4285263482649482;0.36417137271818323
-27486971#0;;0.06124448799608035;21.331169968628963;61.36412252192134;0.0;0.0;0.0;0.0
-27486971#0;;0.06124448799608035;21.331169968628963;61.36412252192134;0.0;0.0;0.0;0.0
27486971#0;;0.030624119556562746;18.7735471327644;62.53422330473577;2785.5810658913288;0.059331434039361766;0.9385914701262481;0.25185295047544665
815392349#1;;0.01907668828691339;10.029383132995774;62.06406821889701;0.0;0.0;0.0;0.0
815392330#5;;0.011610640749381305;11.786242789813052;66.46625833463324;3761.189966414663;0.19739240166966776;1.3829303701932587;0.4731676849507734
815392330#2;;0.10757314974182444;1.6551296545820946;64.27790635356901;1322.3385477672296;0.004431414711553554;0.4965802952361023;0.39148142808618064
815392330#1;;0.03368364322285099;5.842770776938859;62.74657889278049;1753.1592520120005;0.024787513055222955;0.6534800541786998;0.32081139896325384
-27486971#0;;0.06124448799608035;21.137390597886025;65.95189730854624;6179.743403573084;0.13019083410044888;2.0137882731862717;0.4533551515440854
-27486971#0;;0.06124448799608035;21.137390597886025;65.95189730854624;6179.743403573084;0.13019083410044888;2.0137882731862717;0.4533551515440854
27486971#0;;0.030624119556562746;18.8234676221199;60.097565340012935;0.0;0.0;0.0;0.0
815392349#1;;0.01907668828691339;10.02696262603746;63.56758445067961;2111.1010210201157;0.050565395733507296;0.771851825464001;0.3494922778746697
815392330#5;;0.014681700728212356;11.774359397041152;66.03991218821731;3172.7443289171956;0.15166939057022116;1.1679820680009652;0.46024605093070864
815392330#2;;0.10757314974182444;1.648466653943148;68.09829332805931;5833.358761994595;0.34164904422044634;2.1101255434222894;0.4963261781036064
815392330#1;;0.03368364322285099;5.843117886538791;62.834248652417486;1843.1514719842896;0.03014062120702675;0.6824357947055939;0.3223806511245577
-27486971#0;;0.06124448799608035;21.24863972649239;61.855749083279726;0.0;0.0;0.0;0.0
-27486971#0;;0.06124448799608035;21.24863972649239;61.855749083279726;0.0;0.0;0.0;0.0
27486971#0;;0.030624119556562746;18.955539721460116;58.99242651816284;0.0;0.0;0.0;0.0
815392349#1;;0.01907668828691339;10.039297814717054;62.61737236099468;0.0;0.0;0.0;0.0
815392330#5;;0.014681700728212356;11.777687221475805;65.17870382649762;1879.1198899746;0.05014699254319511;0.6941915083835786;0.42943327703098105
815392330#2;;0.10757314974182444;1.6500654331708524;64.26141501959088;1194.614141817073;0.0;0.4502815141414207;0.39117100729302856
815392330#1;;0.03368364322285099;5.850861602669593;62.011183153929316;0.0;0.0;0.0;0.0
-27486971#0;;0.06124448799608035;21.12228460449717;64.83072767625168;5130.887711189673;0.08333864822024825;1.7180361140380849;0.4395414351683069
-27486971#0;;0.06124448799608035;21.12228460449717;64.83072767625168;5130.887711189673;0.08333864822024825;1.7180361140380849;0.4395414351683069
27486971#0;;0.030624119556562746;18.83900329804074;62.63984365087465;2853.7857547581357;0.06198154277370989;0.9568579091433205;0.25180916484636556
815392349#1;;0.01907668828691339;10.025500737145494;64.39186254665196;2950.9383194013617;0.10406600062694381;1.0506902033606325;0.3657137027634848
815392330#5;;0.014681700728212356;11.821612873783307;63.541086007520384;0.0;0.0;0.0;0.0
815392330#2;;0.10757314974182444;1.6553440175183316;63.17076358089479;0.0;0.0;0.0;0.0
815392330#1;;0.03368364322285099;5.85858406076516;61.989181891655065;0.0;0.0;0.0;0.0
-27486971#0;;0.06124448799608035;21.23346455808433;61.894073885549574;0.0;0.0;0.0;0.0
-27486971#0;;0.06124448799608035;21.23346455808433;61.894073885549574;0.0;0.0;0.0;0.0
27486971#0;;0.030624119556562746;18.962476286263257;59.096226540704286;0.0;0.0;0.0;0.0
815392349#1;;0.01907668828691339;10.009971553975873;64.55496279232139;3088.5338986459096;0.11329633591244484;1.0970677953379968;0.3696528198871355
815392330#5;;0.014681700728212356;11.802591587619627;66.44369538329684;3756.4511992073403;0.1964216292189177;1.3804051212092856;0.4717109932195813
:301754863_0;;0.028646308679211866;0.7909626049728161;67.29137916717264;5032.984238751814;0.2812639290840171;1.8226840430601894;0.47733829457171445
815392330#1;;0.03368364322285099;5.8442808406722975;64.72061529398287;3541.9465072836697;0.13123419034511802;1.228899011100713;0.3526827257208197
-27486971#0;;0.06124448799608035;21.219143243886386;63.395227454618194;3621.8935108998485;0.030343280553603653;1.339424523378638;0.42163521796448195
-27486971#0;;0.06124448799608035;21.219143243886386;63.395227454618194;3621.8935108998485;0.030343280553603653;1.339424523378638;0.42163521796448195
27486971#0;;0.030624119556562746;18.856483520382046;62.458533572682086;2750.082634370262;0.0574533000220437;0.9280447077676092;0.250221606101782
815392349#1;;0.01907668828691339;10.021655369283152;62.68778328008602;0.0;0.0;0.0;0.0
815392330#5;;0.014681700728212356;11.796439842940888;65.66220956543597;2676.767528047129;0.11224961318944376;0.9859176867775502;0.44679905351498705
:301754863_0;;0.092612612677586;0.7917078894805458;64.25765198362329;1220.2665119450558;0.0;0.45968313092885815;0.3909532854974525
815392330#1;;0.03368364322285099;5.8442976450940485;62.8687847150102;1881.260550881485;0.03238595614341253;0.6946901415957015;0.32291104781668933
-27486971#0;;0.06124448799608035;21.26641026969634;62.61309660083565;1743.395365947846;0.009327333753013842;0.6479111122183671;0.18580980432840638
-27486971#0;;0.06124448799608035;21.26641026969634;62.61309660083565;1743.395365947846;0.009327333753013842;0.6479111122183671;0.18580980432840638
27486971#0;;0.030624119556562746;18.860341344990594;60.74670973586705;1696.559939594566;0.012235779288764658;0.6370127937743312;0.23655434709740344
815392349#1;;0.01907668828691339;10.041854770562013;62.18441071641842;0.0;0.0;0.0;0.0
815392330#5;;0.014681700728212356;11.791024371097599;65.62925821100077;2616.766016014295;0.107680935530819;0.9640695446194165;0.44580885689515515
:301754863_0;;0.1566014270565233;0.7915668192450604;64.93845074232786;2255.306700412711;0.07403253910131152;0.8294534069656279;0.4143048527566589
815392330#1;;0.03368364322285099;5.840544323161492;63.33227566979416;2321.420107949461;0.05870228446773933;0.8364054641168048;0.33130073319136016
-27486971#0;;0.06124448799608035;21.261141438849695;63.33587772045648;2302.2253980033192;0.02742013570744471;0.7831324177957647;0.19224326649081216
-27486971#0;;0.06124448799608035;21.261141438849695;63.33587772045648;2302.2253980033192;0.02742013570744471;0.7831324177957647;0.19224326649081216
27486971#0;;0.030624119556562746;18.79304251277964;61.86277830578295;2387.7545487177067;0.042105112812847685;0.8283111127000622;0.2464136051255325
815392349#1;;0.01907668828691339;10.016644028636671;65.31935544034788;3799.420039035309;0.15845155901503924;1.33300214136399;0.38275339544319903
815392330#5;;0.014681700728212356;11.782397293037924;65.83023350099994;2892.303169522486;0.12946159248425665;1.065071626565357;0.4529837018641006
:301754863_0;;0.22027631883331397;0.7935386892130065;63.45180505541322;0.0;0.0;0.0;0.0
815392330#1;;0.03368364322285099;5.849138079031675;61.93195604812391;0.0;0.0;0.0;0.0
-27486971#0;;0.06124448799608035;21.174715394568935;64.35799314142662;4640.972359660028;0.0694100594774638;1.6059230411289376;0.43427893987194327
-27486971#0;;0.06124448799608035;21.174715394568935;64.35799314142662;4640.972359660028;0.0694100594774638;1.6059230411289376;0.43427893987194327
27486971#0;;0.030624119556562746;19.01633719526305;57.962757892487666;0.0;0.0;0.0;0.0
815392349#1;;0.01907668828691339;10.043432119355765;61.85789195574743;0.0;0.0;0.0;0.0
815392330#5;;0.014681700728212356;11.797235583201934;64.6002216832567;0.0;0.0;0.0;0.0
:301754863_0;;0.2244165170556553;0.7925051882664028;65.70576148265636;3286.6663805396197;0.1503834032064813;1.197420841853119;0.43633407905993554
815392330#1;;0.03368364322285099;5.8425120326933495;63.68812689011433;2654.0622975287215;0.07845487386278346;0.943380331793922;0.3370061086161675
-27486971#0;;0.06124448799608035;21.206712239683792;62.78637254433697;2947.2329555659353;0.0032517114563580234;1.158965817367839;0.4137107785175169
-27486971#0;;0.06124448799608035;21.206712239683792;62.78637254433697;2947.2329555659353;0.0032517114563580234;1.158965817367839;0.4137107785175169
27486971#0;;0.030624119556562746;18.9447041880204;61.868128354808334;2411.2830451305476;0.042630388598444015;0.8339391969524519;0.24463442152642267
815392349#1;;0.01907668828691339;10.054729928056364;62.6486200268577;0.0;0.0;0.0;0.0
815392330#5;;0.014681700728212356;11.777306041254176;66.54815963362734;3853.0420136346784;0.20492329994414493;1.4169976315938912;0.47607367314570925
:301754863_0;;0.2244165170556553;0.7934752720247477;64.05984149929382;0.0;0.0;0.0;0.0
815392330#1;;0.03368364322285099;5.838028635879826;63.43093041451156;2407.988061336266;0.06394693859654074;0.8643700996222748;0.3331916911240116
-27486971#0;;0.06124448799608035;21.284233836924734;62.93869327490875;2381.6308748018173;0.04078623254831601;0.8247274924277748;0.24171858255050757
-27486971#0;;0.06124448799608035;21.284233836924734;62.93869327490875;2381.6308748018173;0.04078623254831601;0.8247274924277748;0.24171858255050757
27486971#0;;0.030624119556562746;18.86763809757315;61.986793003824175;2472.424469614415;0.04549956781931432;0.8512719509194242;0.24647896738799804
815392349#1;;0.01907668828691339;10.012689451023856;66.80501525076696;5044.969851586558;0.2381528367032474;1.7473585201457555;0.4070520179734367
815392330#5;;0.014681700728212356;11.786071583983018;64.89602083128591;1416.6654176502848;0.013826342635884635;0.5249931196312998;0.41789627475126007
:301754863_0;;0.2244165170556553;0.7923626608554816;65.78461007018353;3379.679805394295;0.15735729379638272;1.2307034761163829;0.43858077488491426
815392330#1;;0.03368364322285099;5.851665121463266;61.45277204612804;0.0;0.0;0.0;0.0
-27486971#0;;0.06124448799608035;21.346463663313788;62.46098142961515;1776.5363180725453;0.01028646216771973;0.6558152736666264;0.1850383904256537
-27486971#0;;0.06124448799608035;21.346463663313788;62.46098142961515;1776.5363180725453;0.01028646216771973;0.6558152736666264;0.1850383904256537
27486971#0;;0.030624119556562746;18.775644064152146;62.26784346658522;2628.7395848448377;0.05255645129416631;0.8951413455635593;0.2497854997035652
815392349#1;;0.01907668828691339;10.035833555760695;62.04729327772463;0.0;0.0;0.0;0.0
815392330#5;;0.014681700728212356;11.815801229489587;63.98711116937982;0.0;0.0;0.0;0.0
:301754863_0;;0.2244165170556553;0.7905400791062193;66.544011619637;4227.0833014380005;0.22144817944499448;1.534941644142429;0.45975993994865777
815392330#1;;0.03368364322285099;5.852250522756318;62.77813900262318;1813.3459254273534;0.028194796213083788;0.6728272338985138;0.3206675053204085
-27486971#0;;0.06124448799608035;21.337848953804563;63.24289082160385;3476.9725060468927;0.020893976947215696;1.2896014971549523;0.41641432818494356
-27486971#0;;0.06124448799608035;21.337848953804563;63.24289082160385;3476.9725060468927;0.020893976947215696;1.2896014971549523;0.41641432818494356
27486971#0;;0.030624119556562746;18.808935451687283;60.33606144322042;1410.913875997016;4.6768837651603445e-06;0.5579901673649187;0.233529903964565
815392349#1;;0.01907668828691339;10.039031294683747;63.17313859278245;1695.0265401810202;0.023959281045732354;0.6337881252974263;0.34058149945257343
815392330#5;;0.014681700728212356;11.77408547947204;68.1386578111712;5699.60458534661;0.34990532966016796;2.0934975034028978;0.5199673039795424
815392330#3;;0.037206859390645115;0.8474245049147127;64.25131704956223;1192.8301119033342;0.0;0.44975603471455006;0.3907571941052401
815392330#1;;0.03368364322285099;5.845147179637712;63.74121171046663;2707.270976295456;0.08151715331156123;0.9603512758018109;0.3376026679059342
-27486971#0;;0.06124448799608035;21.20152091355432;65.01655418910836;5199.358410841367;0.08235260435877591;1.7248745177369296;0.4376342438834079
-27486971#0;;0.06124448799608035;21.20152091355432;65.01655418910836;5199.358410841367;0.08235260435877591;1.7248745177369296;0.4376342438834079
27486971#0;;0.030624119556562746;19.269572609743346;56.105523345363395;0.0;0.0;0.0;0.0
815392349#1;;0.01907668828691339;10.00613297268518;65.99821220336621;4378.459740683762;0.19590969362904162;1.5263704312081487;0.39482020588504324
815392330#5;;0.014681700728212356;11.77293941709553;65.42243974776478;2260.6637493896365;0.08014701459636674;0.8339333485639374;0.4388075516195358
815392330#3;;0.09709756448219331;0.8467021236310588;65.42199170536632;2883.906742276354;0.12117400373977827;1.0544167891857037;0.4294640965985471
815392330#1;;0.03368364322285099;5.856740522706108;61.62133092831861;0.0;0.0;0.0;0.0
-27486971#0;;0.06124448799608035;21.072969335370885;65.24056368928059;5325.203946931721;0.10038556744019154;1.7995009016991013;0.44567660071838766
-27486971#0;;0.06124448799608035;21.072969335370885;65.24056368928059;5325.203946931721;0.10038556744019154;1.7995009016991013;0.44567660071838766
27486971#0;;0.030624119556562746;20.185150722796358;54.476715533384585;0.0;0.0;0.0;0.0
815392349#1;;0.01907668828691339;10.009989744150527;63.18519616877171;1648.5149635432997;0.02127956236362654;0.6181991673874387;0.3419392533428329
815392330#5;;0.014681700728212356;11.823482236990863;63.369806445282734;0.0;0.0;0.0;0.0
815392330#3;;0.15688117945547023;0.8474705542555898;64.28594296363363;1252.2994488884594;0.0;0.47102298202441684;0.3920459987492062
815392330#1;;0.03368364322285099;5.8474850544421235;64.01627842700167;2954.2539370228646;0.096103827668085;1.0396176378020126;0.3417069770781848
-27486971#0;;0.06124448799608035;21.296933674465254;60.924888163572504;0.0;0.0;0.0;0.0
-27486971#0;;0.06124448799608035;21.296933674465254;60.924888163572504;0.0;0.0;0.0;0.0
27486971#0;;0.030624119556562746;21.3742815658747;53.63273193867899;0.0;0.0;0.0;0.0
815392349#1;;0.01907668828691339;10.046165817220894;61.44550217224057;0.0;0.0;0.0;0.0
815392330#5;;0.014681700728212356;11.77694171746216;68.51838130338616;6102.577525362204;0.381328928943204;2.2407700377560547;0.5292268555130076
815392330#3;;0.2095557418273261;0.8498322574694713;63.328624895469275;0.0;0.0;0.0;0.0
815392330#1;;0.03368364322285099;5.846653912016671;62.960521040484146;1979.01892345859;0.0381510137745745;0.7261080178605256;0.3243562351407188
-27486971#0;;0.06124448799608035;21.37080752678758;62.47118033035839;1992.4601582925156;0.017164109135648753;0.7077324914449529;0.18723770579156956
-27486971#0;;0.06124448799608035;21.37080752678758;62.47118033035839;1992.4601582925156;0.017164109135648753;0.7077324914449529;0.18723770579156956
27486971#0;;0.030624119556562746;22.71228908637429;52.8824579314799;0.0;0.0;0.0;0.0
815392349#1;;0.01907668828691339;10.049014332967975;63.177008170928076;1719.7506124193428;0.025425495826960538;0.6420169778749406;0.34028206902716457
815392330#5;;0.014681700728212356;11.783771802370287;64.9932548777115;1580.9886658204507;0.026714494822910273;0.5850976601844476;0.4219418052407511
815392330#3;;0.2095557418273261;0.8487937510854697;65.64366632080392;3212.0694942733808;0.1448080339721076;1.1707535603710446;0.43457100737948146
815392330#1;;0.03368364322285099;5.857561777994685;61.682649581962686;0.0;0.0;0.0;0.0
-27486971#0;;0.06124448799608035;21.13226147818069;66.62526346660779;6809.7464672336955;0.15460196788974562;2.179429253977645;0.4608086335559183
-27486971#0;;0.06124448799608035;21.13226147818069;66.62526346660779;6809.7464672336955;0.15460196788974562;2.179429253977645;0.4608086335559183
27486971#0;;0.030624119556562746;24.228998906598786;52.0926602080802;0.0;0.0;0.0;0.0
815392349#1;;0.01907668828691339;10.038069093430776;64.15350607910446;2734.3718808636477;0.08996176694949966;0.9783833610716128;0.36053062525669005
815392330#0;;0.12613521695257315;2.8538516918646506;55.9402874701336;1521.0;0.0;0.6117;0.0
815392330#5;;0.014681700728212356;11.777886250347503;65.67833740716702;2661.8157631241506;0.11150826842743373;0.9807859374049795;0.4478989107298338
815392330#3;;0.2095557418273261;0.8483692645453508;65.1382199033874;2549.6520164314734;0.09574809569032702;0.9344616352655004;0.4202030988672907
815392330#1;;0.03368364322285099;5.845232329501426;64.44119617808727;3312.3383925426333;0.1175146131557139;1.1549486023277828;0.348433314237954
-27486971#0;;0.06124448799608035;21.182108119924;62.6075667447965;1752.5013113377029;0.00969033550568494;0.6501559846996763;0.18670819470089606
-27486971#0;;0.06124448799608035;21.182108119924;62.6075667447965;1752.5013113377029;0.00969033550568494;0.6501559846996763;0.18670819470089606
27486971#0;;0.030624119556562746;25.95134540337764;51.27123995277198;0.0;0.0;0.0;0.0
815392349#1;;0.01907668828691339;10.038942330043426;63.324365473382784;1865.9862265722388;0.034813046823069745;0.6904648884423031;0.3438568815570928
815392330#0;;0.12613521695257315;2.8016355423465016;67.42730630843698;3413.8947526820657;0.00020891058727868814;0.6412529709022989;0.006773496705565068
815392330#5;;0.014681700728212356;11.77607972244721;65.45309554681451;2315.955449309883;0.08442644185133041;0.8541601884815445;0.4398718927359172
815392330#3;;0.2095557418273261;0.8471800133848146;65.81548180635507;3389.5998987730018;0.15869483118715974;1.23502485986343;0.44030366434155854
815392330#1;;0.03368364322285099;5.84836596689072;62.50383215942465;1518.6286926272805;0.010754583063096318;0.5781052290718105;0.3158940846160817
-27486971#0;;0.06124448799608035;21.133534248685567;63.80509464572797;4069.9005639847883;0.04505898048487278;1.4482703520987208;0.42778309695757677
-27486971#0;;0.06124448799608035;21.133534248685567;63.80509464572797;4069.9005639847883;0.04505898048487278;1.4482703520987208;0.42778309695757677
27486971#0;;0.030624119556562746;24.921434011718116;70.05150047065514;6104.277356086492;0.14013072449316819;1.6704163445432314;0.21689127052224016
815392349#1;;0.01907668828691339;10.023492982445472;64.52236416028842;3073.977365349953;0.11196069369215583;1.0916277927136937;0.368240966262751
815392330#0;;0.12613521695257315;2.7535462753331843;67.00189583974966;3414.3521565499045;0.0007631769288457244;0.6676818837216671;0.013361062964176674
815392330#5;;0.014681700728212356;11.781416402920804;65.07093724337216;1707.9672664835646;0.03668656105274733;0.6315521124795012;0.42511315383165593
815392330#3;;0.2095557418273261;0.8465064082119068;65.38575773181259;2831.8479469813046;0.11735672780499457;1.0358642183530606;0.42850317649179465
815392330#1;;0.03368364322285099;5.850589752465978;62.597677340304294;1623.986732806215;0.016983940583688927;0.6119916147308051;0.317495875351198
-27486971#0;;0.06124448799608035;21.177461324660975;62.924680918406665;2086.272818713992;0.028493411543706132;0.7440237614089154;0.23890513492192786
-27486971#0;;0.06124448799608035;21.177461324660975;62.924680918406665;2086.272818713992;0.028493411543706132;0.7440237614089154;0.23890513492192786
27486971#0;;0.030624119556562746;25.05228496417924;58.093565311221234;0.0;0.0;0.0;0.0
815392349#1;;0.01907668828691339;10.024622639099144;63.33425129285548;1849.246868115016;0.033925936450578634;0.6849335266536903;0.3446554360403882
815392330#0;;0.12613521695257315;2.7071543118398114;67.07745672475765;3498.439862744079;0.0016890501231989691;0.696103139082817;0.02006494295029193
815392330#5;;0.014681700728212356;11.80547050061602;64.21043065070333;0.0;0.0;0.0;0.0
:258126454_1;;0.01596549601615469;0.7896700821082361;63.06327383819904;0.0;0.0;0.0;0.0
815392330#2;;0.0034907022683949834;1.8348753453696953;61.82644161418898;0.0;0.0;0.0;0.0
-27486971#0;;0.06124448799608035;21.35264692022711;61.1845746634889;0.0;0.0;0.0;0.0
-27486971#0;;0.06124448799608035;21.35264692022711;61.1845746634889;0.0;0.0;0.0;0.0
27486971#0;;0.030624119556562746;26.910404686204608;50.831651072489635;0.0;0.0;0.0;0.0
815392349#1;;0.01907668828691339;10.019486976011935;63.76960819747855;2313.996916291574;0.06362262082827673;0.8393336226347279;0.35398205138210176
815392330#0;;0.12613521695257315;2.665844522609806;66.29286339922811;3415.5664677325653;0.002637180615455349;0.7141298414227039;0.02627292390620872
815392330#5;;0.014681700728212356;11.77274636849175;67.45459763095334;4940.960261736425;0.2904601110688249;1.8157393276728477;0.5021602410989264
:258126454_1;;0.08033594814316139;0.7874360626451218;66.9840127711763;4711.725558981849;0.25729724398901416;1.7077913060469356;0.4700959672265791
815392330#2;;0.0280699298707142;1.8361072795124784;62.36824757897723;1426.2963935241887;0.005126172486105345;0.5487650382012454;0.3122939254168344
-27486971#0;;0.06124448799608035;21.242265139459352;64.71569904784155;4981.71699095419;0.08340383764461744;1.6982721879690836;0.43715410394278886
-27486971#0;;0.06124448799608035;21.242265139459352;64.71569904784155;4981.71699095419;0.08340383764461744;1.6982721879690836;0.43715410394278886
27486971#0;;0.030624119556562746;29.066237981047397;49.92423211049577;0.0;0.0;0.0;0.0
815392349#1;;0.01907668828691339;10.026784813964854;62.939116994388264;1392.8951747534602;0.00484935669116196;0.5334442908357833;0.3357374670133788
815392330#0;;0.12613521695257315;2.621117423380877;67.57060796706554;3732.072729372092;0.004679160256037719;0.7581080723196231;0.033525473034209226
815392330#5;;0.014681700728212356;11.815958107279377;63.570309973066344;0.0;0.0;0.0;0.0
:258126454_1;;0.144322978541215;0.7898206900352803;63.238071995155885;0.0;0.0;0.0;0.0
815392330#2;;0.05284888768926317;1.82939839804147;65.77212448681023;4368.58449561329;0.18058863383709528;1.495108778415827;0.3677759986867691
-27486971#0;;0.06124448799608035;21.24462056256435;63.2205709304807;2199.0008909343064;0.02396739014776829;0.7578931581837367;0.19053445021458087
-27486971#0;;0.06124448799608035;21.24462056256435;63.2205709304807;2199.0008909343064;0.02396739014776829;0.7578931581837367;0.19053445021458087
:11876446088_1;;0.07232810724368412;0.21288248693191825;48.9604536209304;0.0;0.0;0.0;0.0
815392349#1;;0.01907668828691339;10.031913374485722;63.06390575647876;1553.1855377199906;0.01501192196026982;0.5866999092864373;0.3384161866109511
815392330#0;;0.12613521695257315;2.586729076372227;65.33135097770364;3337.537360115211;0.00503497257823839;0.7482672605393463;0.03890300295625118
815392330#5;;0.014681700728212356;11.807662212177506;65.76776149439222;2852.3321401389603;0.1256887224483511;1.0498497331029941;0.4500483308257397
:258126454_1;;0.20849738877645216;0.7886535106608088;65.84597629813689;3450.556276324216;0.16269621057964245;1.2561008518959724;0.4403463619390655
815392330#2;;0.07749452812411466;1.8338710372672649;61.37999748979211;0.0;0.0;0.0;0.0
-27486971#0;;0.06124448799608035;21.250646378058573;63.09419380261532;3262.1267377044396;0.014907550967617002;1.23099103831573;0.41547933754830857
-27486971#0;;0.06124448799608035;21.250646378058573;63.09419380261532;3262.1267377044396;0.014907550967617002;1.23099103831573;0.41547933754830857
:11876446088_1;;0.5011617436073204;0.23319066304585165;47.93426986079449;0.0;0.0;0.0;0.0
815392349#1;;0.01907668828691339;10.009513234202895;65.1021521110764;3597.9710703947376;0.1458663883362847;1.2665065041257906;0.37949604419300437
815392330#0;;0.12613521695257315;2.5561166204718266;64.63274393862912;3232.354849145504;0.00586470330507743;0.7538652522910709;0.043972330405739835
815392330#5;;0.014681700728212356;11.809588028405965;65.19790408816644;1992.5348259531254;0.058571788790845195;0.7357330585432804;0.42969828463465065
:258126454_1;;0.2254283137962128;0.7880394590197588;65.34620277758903;2809.8273013544126;0.11530054354948431;1.0275706607098887;0.4267069944964156
815392330#2;;0.10206531979179571;1.8363917233867493;61.93708508892342;0.0;0.0;0.0;0.0
-27486971#0;;0.06124448799608035;21.25571423153123;63.1934814142173;2205.701209756062;0.024414999412070718;0.7600105097501372;0.1918861989722109
-27486971#0;;0.06124448799608035;21.25571423153123;63.1934814142173;2205.701209756062;0.024414999412070718;0.7600105097501372;0.1918861989722109
:11876446088_1;;0.8890862890618658;0.25778208976909756;46.839384023836104;0.0;0.0;0.0;0.0
815392349#1;;0.01907668828691339;10.033304808773382;62.02031189917318;0.0;0.0;0.0;0.0
815392330#0;;0.12613521695257315;2.5228939595984525;65.62235416926214;3485.9537553306905;0.008278730311338675;0.7919704040790262;0.05007152273409199
815392330#5;;0.014681700728212356;11.817784736064901;64.87055370678338;1464.857350773592;0.01734490542172202;0.5431019094442042;0.4167005221112755
:258126454_1;;0.2254283137962128;0.7876714382738683;65.13939309069883;2523.766719012593;0.0941220556586615;0.9254564281408844;0.4207095951398466
815392330#2;;0.10757314974182444;1.8354870687326963;63.15879970016621;2210.10711362802;0.051461415225015156;0.8000049272136373;0.32649154871859976
-27486971#0;;0.06124448799608035;21.100006975521335;65.92275072780163;5748.548446604997;0.1194039320481268;1.919436086395946;0.45085338554521265
-27486971#0;;0.06124448799608035;21.100006975521335;65.92275072780163;5748.548446604997;0.1194039320481268;1.919436086395946;0.45085338554521265
:251674120_6;;0.01278627793748453;1.2234194442479638;45.66989635055378;0.0;0.0;0.0;0.0
815392349#1;;0.01907668828691339;10.011741901731012;65.02953561552465;3534.138108581977;0.1417053394326432;1.245143398597376;0.3780762541090245
815392330#0;;0.12613521695257315;2.485578382949791;67.10723080820742;3871.2801400740996;0.01219441850964691;0.8500479250415851;0.057468383750989706
815392330#5;;0.014681700728212356;11.788594847857194;67.16763661589702;4624.745589693577;0.26489361259391697;1.6987620018796323;0.4933289428538112
:258126454_1;;0.2254283137962128;0.786622516702865;65.7846201428568;3331.81563149032;0.15480619343316052;1.2148981866305137;0.4400730323481822
815392330#2;;0.10757314974182444;1.8312898997530334;64.57985449368246;3432.328256892474;0.12446522953790487;1.193209386593652;0.3501274492906085
-27486971#0;;0.06124448799608035;21.2289447567012;62.04480989181736;1633.0617071387608;0.009281590301679354;0.6195920996871309;0.23293946880319888
-27486971#0;;0.06124448799608035;21.2289447567012;62.04480989181736;1633.0617071387608;0.009281590301679354;0.6195920996871309;0.23293946880319888
:251674120_6;;0.09322515289452009;1.2431799929252172;55.14192756572505;0.0;0.0;0.0;0.0
815392349#1;;0.01907668828691339;10.028960237954339;62.365470266761214;0.0;0.0;0.0;0.0
815392330#0;;0.12613521695257315;2.453148297532091;66.09035865810279;3694.3054667665942;0.013293808865785269;0.8494742017504275;0.06336783392872544
815392330#5;;0.014681700728212356;11.777401606815753;65.99257776097195;3112.4464604814334;0.14685195492190467;1.1458046742696573;0.4585778049621166
:258126454_1;;0.2254283137962128;0.788662544439051;63.44342133267689;0.0;0.0;0.0;0.0
815392330#2;;0.10757314974182444;1.8348673141737604;61.62701645619695;0.0;0.0;0.0;0.0
-27486971#0;;0.06124448799608035;21.31403919944068;62.142829530050214;0.0;0.0;0.0;0.0
-27486971#0;;0.06124448799608035;21.31403919944068;62.142829530050214;0.0;0.0;0.0;0.0
:251674120_6;;0.17246748216910315;1.2619517991891616;55.29832835458034;0.0;0.0;0.0;0.0
815392349#1;;0.01907668828691339;10.043385270580762;62.491473726662406;0.0;0.0;0.0;0.0
815392330#0;;0.12613521695257315;2.4306148979644755;63.47358532739736;3111.847196148348;0.010834930925183728;0.7935741237305269;0.06659023493333259
815392330#5;;0.014681700728212356;11.812619494341057;63.81103339996944;0.0;0.0;0.0;0.0
815392330#4;;0.07805354445758114;0.30503943240966824;66.6895274174548;4383.77497019889;0.23332186458759352;1.5912761766383619;0.4636200784846208
815392330#2;;0.10757314974182444;1.8329074393402547;63.605223919266464;2602.878325529885;0.0749832138435868;0.926344010048324;0.3345884530422619
-27486971#0;;0.06124448799608035;21.149386089404956;65.7063022176832;5534.405796212362;0.09082234861825098;1.7980669689630528;0.4412415287618951
-27486971#0;;0.06124448799608035;21.149386089404956;65.7063022176832;5534.405796212362;0.09082234861825098;1.7980669689630528;0.4412415287618951
:251674120_6;;0.25384348857862266;1.2288634502012359;61.88578984717491;2830.5950208184295;0.018467340635963073;0.8182426388529817;0.1056860063396926
815392349#1;;0.01907668828691339;10.018894616590565;65.25499155167972;3744.2389553942858;0.15484159054776803;1.3145121239095308;0.381498193446538
815392330#0;;0.12613521695257315;2.4076035951548644;63.803642164938054;3213.861222272928;0.012782199297473991;0.81492282079096;0.07130582475131164
815392330#5;;0.014681700728212356;11.81822168729227;64.9965086574805;1682.6041217713448;0.034303220501178656;0.6225961458369287;0.4217767848548576
815392330#4;;0.2441681167830795;0.305225894415778;64.47023560116253;1526.854913029684;0.01990909557823419;0.5690389533101574;0.3988488276495646
815392330#2;;0.10757314974182444;1.8287570640463466;64.58636210065323;3425.8307539199604;0.12455029000858589;1.1919442771179514;0.3511526008765764
-27486971#0;;0.06124448799608035;21.383301984218818;60.723048714272764;0.0;0.0;0.0;0.0
-27486971#0;;0.06124448799608035;21.383301984218818;60.723048714272764;0.0;0.0;0.0;0.0
:251674120_6;;0.3343063165530501;1.2428099100839685;55.86929828607051;0.0;0.0;0.0;0.0
815392349#1;;0.01907668828691339;10.041628509560898;62.056621596647815;0.0;0.0;0.0;0.0
815392330#0;;0.12613521695257315;2.371925019543723;67.93000184430358;4283.001041647601;0.024188816747410743;0.969971942624752;0.08131338316685324
815392330#5;;0.014681700728212356;11.802168824926337;66.25245151328399;3507.335797590938;0.17698190345314876;1.289376255714006;0.4658864975926385
815392330#4;;0.40961482221883316;0.30584936917688565;63.68169605198834;0.0;0.0;0.0;0.0
815392330#2;;0.10757314974182444;1.8306338025300521;62.20415907509868;0.0;0.0;0.0;0.0
-27486971#0;;0.06124448799608035;21.2269781487724;65.51047146577636;5408.9775709980795;0.08644193780614161;1.7671054320483341;0.4383538107696767
-27486971#0;;0.06124448799608035;21.2269781487724;65.51047146577636;5408.9775709980795;0.08644193780614161;1.7671054320483341;0.4383538107696767
:251674120_6;;0.41542333853796903;1.2327868744810653;58.92637317594879;1967.3339174580672;0.006428671683244;0.6768487561055889;0.10173635024770185
815392349#1;;0.01907668828691339;10.045799667741733;63.098466528881836;1623.0252422091703;0.019327923650217686;0.6099632434978146;0.3386841326762445
815392330#0;;0.12613521695257315;2.3394670162724633;67.33110665964385;4196.262903550534;0.02660223910782003;0.9794721125132436;0.08820638198076225
815392330#5;;0.016298717640880856;11.852978034502671;68.43198510247406;3789.8078371641086;0.18861326537601553;1.378229395397788;0.44948815450656754
815392330#5;;0.016298717640880856;11.852978034502671;68.43198510247406;3789.8078371641086;0.18861326537601553;1.378229395397788;0.44948815450656754
815392330#2;;0.10757314974182444;1.831354586176523;62.594952928737406;1615.1097742609998;0.016483473013764807;0.6091199627249296;0.31758166537240584
-27486971#0;;0.06124448799608035;21.214129096943555;63.330712897374994;3532.3780328771404;0.022621757023599857;1.3022805332907816;0.41938631636010876
-27486971#0;;0.06124448799608035;21.214129096943555;63.330712897374994;3532.3780328771404;0.022621757023599857;1.3022805332907816;0.41938631636010876
:251674120_6;;0.4952115302465512;1.2533182900702815;55.06677873328052;0.0;0.0;0.0;0.0
815392349#1;;0.01907668828691339;10.007970845378523;66.43225169920504;4740.717083626278;0.21897839344937392;1.646696400527471;0.4016301669368019
815392330#0;;0.12613521695257315;2.3071869574500736;67.65618854377982;4346.371670211595;0.031624100836949706;1.0221825165257754;0.09603614760421365
815392330#5;;0.02048213027708241;11.866870022598583;67.5466223566694;1551.8293856822042;0.02405683865681836;0.5749385116599374;0.4182265159847452
815392330#5;;0.02048213027708241;11.866870022598583;67.5466223566694;1551.8293856822042;0.02405683865681836;0.5749385116599374;0.4182265159847452
815392330#2;;0.10757314974182444;1.8306810821632726;63.118030002917536;2132.1785801003302;0.04726205631768021;0.7753567505696665;0.3271165602103564
-27486971#0;;0.06124448799608035;21.260226870187285;62.72407645243004;1798.5515309224884;0.0160087470946714;0.6648609621919487;0.2326444478515515
-27486971#0;;0.06124448799608035;21.260226870187285;62.72407645243004;1798.5515309224884;0.0160087470946714;0.6648609621919487;0.2326444478515515
:251674120_6;;0.5762926058787815;1.2333334162164127;60.19352192008665;2338.8731768042508;0.011562711329882262;0.7374736172484614;0.10323756952675554
815392349#1;;0.01907668828691339;10.031902939678025;62.01612000082583;0.0;0.0;0.0;0.0
815392330#0;;0.12613521695257315;2.287162640241602;63.929974340526925;3372.2308755275367;0.022283934084929822;0.887123769940845;0.09723844456926484
815392330#5;;0.02466927892404229;11.83412952011593;69.98351499270436;8349.484010845907;0.4534503815590499;3.06445640383542;0.9427357790298534
815392330#5;;0.02466927892404229;11.83412952011593;69.98351499270436;8349.484010845907;0.4534503815590499;3.06445640383542;0.9427357790298534
815392330#2;;0.10757314974182444;1.8283054506245167;63.824233900792606;2768.781175742291;0.08543921597766402;0.9805141792269958;0.3395522619060486
-27486971#0;;0.06124448799608035;21.15776017390794;65.19069458412608;5000.0025305620065;0.09418958086122389;1.7259672876888923;0.44124627308445896
-27486971#0;;0.06124448799608035;21.15776017390794;65.19069458412608;5000.0025305620065;0.09418958086122389;1.7259672876888923;0.44124627308445896
:251674120_6;;0.6565610978401423;1.2458188456827815;56.05489937298941;0.0;0.0;0.0;0.0
815392349#1;;0.01907668828691339;10.036029137959858;63.119489795081165;1626.9029013091479;0.019661865599112222;0.6111841412225454;0.3395104218660789
815392330#0;;0.12613521695257315;2.2637123784654225;65.27666305800756;3773.3934523833664;0.029309147746739327;0.9605687434160295;0.10415352522728205
815392330#5;;0.028848623065487983;11.86914491044998;66.95046634727434;1217.7092072607416;0.0;0.45892806717426327;0.39034953290652247
815392330#5;;0.028848623065487983;11.86914491044998;66.95046634727434;1217.7092072607416;0.0;0.45892806717426327;0.39034953290652247
815392330#2;;0.10757314974182444;1.8293178272721276;62.51229828832247;1507.1830969147168;0.010144140340991793;0.5743213221133036;0.31647595042999477
-27486971#0;;0.06124448799608035;21.298662453516332;61.60550989819936;1338.4146236974234;0.0;0.550302523892534;0.18175716134436135
-27486971#0;;0.06124448799608035;21.298662453516332;61.60550989819936;1338.4146236974234;0.0;0.550302523892534;0.18175716134436135
:251674120_6;;0.7361316224482021;1.2567467726594679;56.25416898789499;0.0;0.0;0.0;0.0
815392349#1;;0.01907668828691339;10.05324407317134;62.3201962398755;0.0;0.0;0.0;0.0
815392330#0;;0.12613521695257315;2.2390825694001064;65.92944282640177;3995.5544954425645;0.03485666402995206;1.0098518702473538;0.1109814735945277
815392330#5;;0.02936340145642471;11.835929140717097;69.78061157058;8369.254794877515;0.45218849162733266;3.0655045564591576;0.9421639077027528
815392330#5;;0.02936340145642471;11.835929140717097;69.78061157058;8369.254794877515;0.45218849162733266;3.0655045564591576;0.9421639077027528
815392330#2;;0.10757314974182444;1.8317249954921089;62.01997229219823;0.0;0.0;0.0;0.0
-27486971#0;;0.06124448799608035;21.227026678274886;64.09112535154128;4397.516198211054;0.05823050016155265;1.536487803276981;0.42986712302265884
-27486971#0;;0.06124448799608035;21.227026678274886;64.09112535154128;4397.516198211054;0.05823050016155265;1.536487803276981;0.42986712302265884
:251674120_6;;0.8169528351383;1.2372989302133044;60.10349275259807;2312.944522371066;0.011147604228707489;0.7329837484631283;0.10278745949258201
815392349#1;;0.01907668828691339;10.018774253033639;66.10919648700299;4479.542780701975;0.20173856595054282;1.5588127787940864;0.3956308912525457
815392330#0;;0.12613521695257315;2.2068597857138434;68.9186245778181;4931.320886187157;0.05296361605208289;1.1889930699598839;0.12336896025566117
815392330#5;;0.02936340145642471;11.84652500236105;67.76075387619548;2512.737811920763;0.09338613306869861;0.9215812543756837;0.4207767069134456
815392330#5;;0.02936340145642471;11.84652500236105;67.76075387619548;2512.737811920763;0.09338613306869861;0.9215812543756837;0.4207767069134456
815392330#2;;0.10757314974182444;1.83018560220738;63.46299449275492;2453.8277737746043;0.06644417946388195;0.8788460405197227;0.33308897526045744
-27486971#0;;0.06124448799608035;21.351723451260924;61.73247421519903;0.0;0.0;0.0;0.0
-27486971#0;;0.06124448799608035;21.351723451260924;61.73247421519903;0.0;0.0;0.0;0.0
:251674120_6;;0.8986909507699915;1.2234194442479638;59.460786444366924;2122.8106411837784;0.008685221427213986;0.7026789854510912;0.10319309372736779
815392349#1;;0.01907668828691339;10.039205592324993;62.1774675854735;0.0;0.0;0.0;0.0
815392330#0;;0.12613521695257315;2.182929452276239;66.31129389873078;4202.670906538162;0.04479499043081008;1.0785431055520216;0.12620135394328635
815392330#5;;0.02936340145642471;11.826790733799097;69.2791962446508;6760.304788937648;0.3319481569951907;2.4891145133413835;0.9069214369769452
815392330#5;;0.02936340145642471;11.826790733799097;69.2791962446508;6760.304788937648;0.3319481569951907;2.4891145133413835;0.9069214369769452
815392330#2;;0.10757314974182444;1.828690895010332;63.46038017555095;2440.4039387079597;0.06580832960709984;0.8747231025809292;0.3334877471906012
-27486971#0;;0.06124448799608035;21.149087822233266;65.9101153574232;6244.849946852006;0.12922077844973381;2.0198008927384468;0.4528211576615929
-27486971#0;;0.06124448799608035;21.149087822233266;65.9101153574232;6244.849946852006;0.12922077844973381;2.0198008927384468;0.4528211576615929
:251674120_6;;0.9804290664016831;1.2234194442479638;57.659045578442445;1587.178418816971;0.0011858007104405702;0.6147507114900406;0.1009345327461099
815392349#1;;0.01907668828691339;10.038497759666807;63.43018216525746;1982.3076652071018;0.042203660792112095;0.7290308219354403;0.34611571047814466
815392330#0;;0.12613521695257315;2.16500057705374;64.35684028393787;3626.991482098655;0.03714503976969089;0.9848704734549807;0.1279452618091478
815392330#5;;0.02936340145642471;11.878028739605105;66.45117624733703;0.0;0.0;0.0;0.0
815392330#5;;0.02936340145642471;11.878028739605105;66.45117624733703;0.0;0.0;0.0;0.0
815392330#2;;0.10757314974182444;1.8298466270735734;62.45701091553606;1453.8526450733266;0.006950210867093125;0.5571932485967873;0.3153052615869848
-27486971#0;;0.06124448799608035;21.32054742383873;61.19114767563761;0.0;0.0;0.0;0.0
-27486971#0;;0.06124448799608035;21.32054742383873;61.19114767563761;0.0;0.0;0.0;0.0
:11876446088_0;;0.08210976372350938;0.28817160357018423;57.659045578442445;1587.178418816971;0.0011858007104405702;0.6147507114900406;0.1009345327461099
815392349#1;;0.01907668828691339;10.025949716752239;64.29649371461218;2858.6187962524255;0.09817545550775685;1.0200239285352324;0.3639062198095691
815392330#0;;0.12613521695257315;2.145576923675799;65.09603850059169;3882.8835403724247;0.043942986646295146;1.0417548730002184;0.13446012799793475
815392330#5;;0.02936340145642471;11.84645312443584;69.66089614031044;8151.583645173897;0.4348016752332251;2.9855563365962423;0.9358174885702651
815392330#5;;0.02936340145642471;11.84645312443584;69.66089614031044;8151.583645173897;0.4348016752332251;2.9855563365962423;0.9358174885702651
815392330#2;;0.10757314974182444;1.8362277507900822;60.86317093676172;0.0;0.0;0.0;0.0
-27486971#0;;0.06124448799608035;21.257647716998484;64.49621131254284;3187.5966083115245;0.07508125096725005;1.0462763518857268;0.25278967739541447
-27486971#0;;0.06124448799608035;21.257647716998484;64.49621131254284;3187.5966083115245;0.07508125096725005;1.0462763518857268;0.25278967739541447
:11876446088_0;;0.4423235356702871;0.27761292817748046;63.928619720331945;3439.8821983741295;0.028724493705218783;0.9268535387005392;0.11312104856793383
815392349#1;;0.01907668828691339;10.034499281329836;62.84883381381733;1300.8279555049412;0.0;0.503021667022559;0.333387998408793
815392330#0;;0.12613521695257315;2.12163019181747;67.04412797211268;4547.499180492639;0.05994837564908991;1.1821133559814734;0.14490970067749026
815392330#5;;0.02936340145642471;11.832822947221642;68.81591607606997;5868.617480482132;0.25327753534538966;2.1433312111380127;0.8825857363950735
815392330#5;;0.02936340145642471;11.832822947221642;68.81591607606997;5868.617480482132;0.25327753534538966;2.1433312111380127;0.8825857363950735
815392330#2;;0.10757314974182444;1.8281498045233238;66.46227978862125;4882.7175172499465;0.2115894192712911;1.6613192012370686;0.377605807248197
-27486971#0;;0.06124448799608035;21.345786387717336;62.18114628611932;1660.2228947215965;0.00656457005120294;0.6278689434250034;0.18353066714429064
-27486971#0;;0.06124448799608035;21.345786387717336;62.18114628611932;1660.2228947215965;0.00656457005120294;0.6278689434250034;0.18353066714429064
:11876446088_0;;0.8202179582526447;0.26462417549495915;66.15744781471801;4132.899099323995;0.041925810763613194;1.0580369817222468;0.1223192666946122
815392349#1;;0.01907668828691339;10.05225292732924;62.29318779919914;0.0;0.0;0.0;0.0
815392330#0;;0.12613521695257315;2.1034349587653978;65.0833761868585;3933.709216865404;0.05029755030849367;1.0740623261016369;0.14637291631570898
815392330#5;;0.02936340145642471;11.827144580232266;68.346345931761;4946.570045679309;0.18677909828537753;1.8184006487044564;0.8631598774010188
815392330#5;;0.02936340145642471;11.827144580232266;68.346345931761;4946.570045679309;0.18677909828537753;1.8184006487044564;0.8631598774010188
:301754863_0;;0.046537863946786995;0.8795539915323879;60.78943723831956;0.0;0.0;0.0;0.0
-27486971#0;;0.06271533135554058;24.848610297327753;69.13770839558984;7566.9234322603525;0.10233647349927694;2.1030272293580667;0.33009530682895954
-27486971#0;;0.06271533135554058;24.848610297327753;69.13770839558984;7566.9234322603525;0.10233647349927694;2.1030272293580667;0.33009530682895954
-27486971#0;;0.06271533135554058;24.848610297327753;69.13770839558984;7566.9234322603525;0.10233647349927694;2.1030272293580667;0.33009530682895954
815392349#1;;0.01907668828691339;10.048789416190932;63.59813108492983;2181.948474192753;0.054703670069006706;0.7950854569356137;0.34911629940090394
815392330#0;;0.12613521695257315;2.0856994146831136;65.09713024761265;3960.913268795634;0.05326195008750975;1.0890628815677625;0.15160416092192067
815392330#5;;0.02936340145642471;11.837383233575125;67.70396793855018;2979.9423240118786;0.03579940567055888;1.1059538958209003;0.8166047330703904
815392330#5;;0.02936340145642471;11.837383233575125;67.70396793855018;2979.9423240118786;0.03579940567055888;1.1059538958209003;0.8166047330703904
:301754863_0;;0.09820717291065145;0.8770989835893777;65.01651293889825;3780.3808813817186;0.14546843363819312;1.305676245069443;0.3570472589446158
-27486971#0;;0.06549793093287247;24.52058218106093;68.29040887780971;9310.259460300047;0.15001601865948783;2.873897450419732;0.5789730281499856
-27486971#0;;0.06549793093287247;24.52058218106093;68.29040887780971;9310.259460300047;0.15001601865948783;2.873897450419732;0.5789730281499856
-27486971#0;;0.06549793093287247;24.52058218106093;68.29040887780971;9310.259460300047;0.15001601865948783;2.873897450419732;0.5789730281499856
815392349#1;;0.01907668828691339;10.030397371973882;64.73856777336407;3285.9250688521715;0.12523503994860308;1.1616508663393912;0.37172434310690267
815392330#0;;0.12613521695257315;2.069808260670145;64.54883290483052;3790.7497479936383;0.051660698177291284;1.0629336782313608;0.15507737095986412
815392330#5;;0.02936340145642471;11.851052913049816;68.01759019477171;3517.2729941670837;0.17840844673838688;1.2938142863001665;0.4676910264817143
815392330#5;;0.02936340145642471;11.851052913049816;68.01759019477171;3517.2729941670837;0.17840844673838688;1.2938142863001665;0.4676910264817143
:301754863_0;;0.14972342164934083;0.8782780628242661;61.997936939317114;0.0;0.0;0.0;0.0
-27486971#0;;0.06843255995226692;24.26460994679954;69.7104551731195;6608.94561038367;0.07460131279671904;1.873107129265515;0.3790086245144552
-27486971#0;;0.06843255995226692;24.26460994679954;69.7104551731195;6608.94561038367;0.07460131279671904;1.873107129265515;0.3790086245144552
-27486971#0;;0.06843255995226692;24.26460994679954;69.7104551731195;6608.94561038367;0.07460131279671904;1.873107129265515;0.3790086245144552
815392349#1;;0.01907668828691339;10.015425358942027;64.50133629339685;3043.8101212538063;0.11027718786792062;1.081959342416175;0.3683359824123187
815392330#0;;0.12613521695257315;2.0428650737045007;69.27449943318896;5492.00209427126;0.09588897513739056;1.4345912508542005;0.17525561103903736
815392330#5;;0.02936340145642471;11.837925138656702;68.81133642372325;5795.289857699175;0.2469192294525008;2.115341189888626;0.8801325332398537
815392330#5;;0.02936340145642471;11.837925138656702;68.81133642372325;5795.289857699175;0.2469192294525008;2.115341189888626;0.8801325332398537
:301754863_0;;0.20134668733288674;0.8774533388590864;63.5324620110144;2520.159472819005;0.07035259802195183;0.9001317372130606;0.3341333341601017
-27486971#0;;0.07147282212054414;24.138812079886645;67.19683935688904;5815.2667188664;0.06236839063951816;1.748747253331382;0.3332514281598429
-27486971#0;;0.07147282212054414;24.138812079886645;67.19683935688904;5815.2667188664;0.06236839063951816;1.748747253331382;0.3332514281598429
-27486971#0;;0.07147282212054414;24.138812079886645;67.19683935688904;5815.2667188664;0.06236839063951816;1.748747253331382;0.3332514281598429
815392349#1;;0.01907668828691339;10.032991151215942;62.3392935859189;0.0;0.0;0.0;0.0
815392330#0;;0.12613521695257315;2.0278307919806364;64.64689899067112;3867.562467198338;0.05921863995293836;1.1003583006599025;0.16812425200645642
815392330#5;;0.02936340145642471;11.869380993787766;66.98327809931692;0.0;0.0;0.0;0.0
815392330#5;;0.02936340145642471;11.869380993787766;66.98327809931692;0.0;0.0;0.0;0.0
:301754863_0;;0.2244165170556553;0.8791636488525272;61.63762662043197;0.0;0.0;0.0;0.0
-27486971#0;;0.07461418622489455;23.8011736893731;68.449674349156;9862.49566729237;0.1709937586033065;3.024065122085026;0.6016193165519802
-27486971#0;;0.07461418622489455;23.8011736893731;68.449674349156;9862.49566729237;0.1709937586033065;3.024065122085026;0.6016193165519802
-27486971#0;;0.07461418622489455;23.8011736893731;68.449674349156;9862.49566729237;0.1709937586033065;3.024065122085026;0.6016193165519802
815392349#1;;0.01907668828691339;10.018716652653534;64.44144248772358;2990.212845749274;0.1067618469410922;1.0640100379906938;0.367031552715027
815392330#0;;0.12613521695257315;2.0097928868669896;66.07879018936698;4416.316105540063;0.07599312200125054;1.2294023708979314;0.17795368167080552
815392330#5;;0.02936340145642471;11.870690224963342;68.01707556433739;4092.570990389156;0.12189001223240475;1.5123529643295912;0.8390239745660433
815392330#5;;0.02936340145642471;11.870690224963342;68.01707556433739;4092.570990389156;0.12189001223240475;1.5123529643295912;0.8390239745660433
:301754863_0;;0.2244165170556553;0.8790639749713185;62.90916497860284;1956.3481788371862;0.03657930729040633;0.7187083987558497;0.3226394507276756
-27486971#0;;0.0779144420679859;23.65254386369175;70.12062923237929;5538.209555228631;0.09388842528969997;1.4322482030209769;0.17124479027014164
-27486971#0;;0.0779144420679859;23.65254386369175;70.12062923237929;5538.209555228631;0.09388842528969997;1.4322482030209769;0.17124479027014164
-27486971#0;;0.0779144420679859;23.65254386369175;70.12062923237929;5538.209555228631;0.09388842528969997;1.4322482030209769;0.17124479027014164
815392349#1;;0.01907668828691339;10.044182003792328;61.91887147150404;0.0;0.0;0.0;0.0
815392330#0;;0.12613521695257315;1.9873845489302389;68.20193670945156;5252.3405112563905;0.10276492447489759;1.4305512765992094;0.19208205989370894
815392330#5;;0.02936340145642471;11.863237719593899;68.69740037340273;4355.078032085509;0.23033145685848538;1.579682921511121;0.4613714789160522
815392330#5;;0.02936340145642471;11.863237719593899;68.69740037340273;4355.078032085509;0.23033145685848538;1.579682921511121;0.4613714789160522
:301754863_0;;0.2244165170556553;0.8770514478248209;64.59783872131412;3439.6828023199;0.12520260577959458;1.196099881888876;0.35098305465706897
-27486971#0;;0.08130535587411877;23.39441888364726;67.86670860273036;8949.260406719637;0.1472361151800528;2.8263235295788065;0.6041489357082342
-27486971#0;;0.08130535587411877;23.39441888364726;67.86670860273036;8949.260406719637;0.1472361151800528;2.8263235295788065;0.6041489357082342
-27486971#0;;0.08130535587411877;23.39441888364726;67.86670860273036;8949.260406719637;0.1472361151800528;2.8263235295788065;0.6041489357082342
815392349#1;;0.01907668828691339;10.021946223366388;65.06368841543762;3575.3663556350043;0.14395894472435586;1.2582185493521858;0.37799305252168935
815392330#0;;0.12613521695257315;2.026326923810326;50.315897451788906;0.0;0.0;0.0;0.0
815392330#5;;0.02936340145642471;11.853910421363292;68.48825025004403;5398.558159144655;0.22199222104206168;1.984693845590268;0.8709327302238687
815392330#5;;0.02936340145642471;11.853910421363292;68.48825025004403;5398.558159144655;0.22199222104206168;1.984693845590268;0.8709327302238687
:301754863_0;;0.2244165170556553;0.8788290952410747;61.603178915106255;0.0;0.0;0.0;0.0
-27486971#0;;0.08485066290244576;23.08856117673068;70.40790107138345;9414.56414547545;0.13632056668998807;2.8511558241797683;0.6084117479075914
-27486971#0;;0.08485066290244576;23.08856117673068;70.40790107138345;9414.56414547545;0.13632056668998807;2.8511558241797683;0.6084117479075914
-27486971#0;;0.08485066290244576;23.08856117673068;70.40790107138345;9414.56414547545;0.13632056668998807;2.8511558241797683;0.6084117479075914
815392349#1;;0.01907668828691339;10.022334174738196;63.38744711480171;1904.482324573546;0.037473739539787373;0.7032804778532955;0.3458945317760808
815392330#0;;0.12613521695257315;2.0740364122151065;49.08222593431724;0.0;0.0;0.0;0.0
815392330#5;;0.02936340145642471;11.846926266159128;69.16341708721927;5305.557195027771;0.3189099319030304;1.9490360232644348;0.5105269122553714
815392330#5;;0.02936340145642471;11.846926266159128;69.16341708721927;5305.557195027771;0.3189099319030304;1.9490360232644348;0.5105269122553714
:301754863_0;;0.2244165170556553;0.87986847016283;62.05904593497646;0.0;0.0;0.0;0.0
-27486971#0;;0.08850711439176183;22.98174245952093;67.70612809855197;4558.752449901955;0.08228884700593214;1.2698188254665415;0.18358046896884403
-27486971#0;;0.08850711439176183;22.98174245952093;67.70612809855197;4558.752449901955;0.08228884700593214;1.2698188254665415;0.18358046896884403
-27486971#0;;0.08850711439176183;22.98174245952093;67.70612809855197;4558.752449901955;0.08228884700593214;1.2698188254665415;0.18358046896884403
815392349#1;;0.01907668828691339;10.011613290726453;64.18766371022197;2731.0636812492507;0.09041297170582938;0.9781405422515929;0.3626384158214122
815392330#0;;0.12613521695257315;2.1240466943388903;48.06406643519631;0.0;0.0;0.0;0.0
815392330#5;;0.02936340145642471;11.855805558725661;68.07413944344624;3581.235212907769;0.17256030403420008;1.3029647251218166;0.4436280097852883
815392330#5;;0.02936340145642471;11.855805558725661;68.07413944344624;3581.235212907769;0.17256030403420008;1.3029647251218166;0.4436280097852883
815392330#3;;0.009372766897514305;0.941159288937091;63.6795610650507;2672.934196092677;0.07907387213088471;0.9487508714628896;0.3356241253488858
-27486971#0;;0.09186673199412053;22.793540255623984;67.9087058651628;6760.394753358734;0.12054892558314495;2.062869862099472;0.42854594969968896
-27486971#0;;0.09186673199412053;22.793540255623984;67.9087058651628;6760.394753358734;0.12054892558314495;2.062869862099472;0.42854594969968896
-27486971#0;;0.09186673199412053;22.793540255623984;67.9087058651628;6760.394753358734;0.12054892558314495;2.062869862099472;0.42854594969968896
815392349#1;;0.01907668828691339;10.038913875760858;61.84270174317394;0.0;0.0;0.0;0.0
815392330#0;;0.12613521695257315;2.1765283164131994;46.97798108625916;0.0;0.0;0.0;0.0
815392330#5;;0.02936340145642471;11.867338641715977;67.63744793202436;1769.3284677085871;0.04113342020203943;0.6542139142032553;0.42428266795606084
815392330#5;;0.02936340145642471;11.867338641715977;67.63744793202436;1769.3284677085871;0.04113342020203943;0.6542139142032553;0.42428266795606084
815392330#3;;0.05722449739741826;0.9428063891312766;61.72036628683181;0.0;0.0;0.0;0.0
-27486971#0;;0.09186673199412053;22.721824480565907;66.74960523864014;4077.1229527133264;0.07461967873775491;1.1806516733100452;0.1898935359878989
-27486971#0;;0.09186673199412053;22.721824480565907;66.74960523864014;4077.1229527133264;0.07461967873775491;1.1806516733100452;0.1898935359878989
-27486971#0;;0.09186673199412053;22.721824480565907;66.74960523864014;4077.1229527133264;0.07461967873775491;1.1806516733100452;0.1898935359878989
815392349#1;;0.01907668828691339;10.017851203466686;64.97679662866491;3492.2026365650245;0.138806600885618;1.2308399332754592;0.3767469009673736
815392330#0;;0.12613521695257315;2.2316691073375985;45.81796726458129;0.0;0.0;0.0;0.0
815392330#5;;0.02936340145642471;11.843714884572677;69.2394107530818;7179.947746043829;0.3603778696621725;2.6335756333766156;0.9136926805790061
815392330#5;;0.02936340145642471;11.843714884572677;69.2394107530818;7179.947746043829;0.3603778696621725;2.6335756333766156;0.9136926805790061
815392330#3;;0.10513806684720167;0.9422570329561689;63.22270482888474;2270.6538237077452;0.05503375556574533;0.8194100299923965;0.32754464628402363
-27486971#0;;0.09186673199412053;22.447112063769364;68.94713159065003;9667.74266132011;0.17242043461220274;3.009047311401339;0.6358288813002018
-27486971#0;;0.09186673199412053;22.447112063769364;68.94713159065003;9667.74266132011;0.17242043461220274;3.009047311401339;0.6358288813002018
-27486971#0;;0.09186673199412053;22.447112063769364;68.94713159065003;9667.74266132011;0.17242043461220274;3.009047311401339;0.6358288813002018
815392349#1;;0.01907668828691339;10.039291531775861;62.12587677668397;0.0;0.0;0.0;0.0
815392330#0;;0.12613521695257315;2.289676424803929;44.57962398601165;0.0;0.0;0.0;0.0
815392330#5;;0.02936340145642471;11.843830082906779;68.6315374106806;4518.569986613054;0.24348452629140477;1.6396644416187272;0.46682705777647876
815392330#5;;0.02936340145642471;11.843830082906779;68.6315374106806;4518.569986613054;0.24348452629140477;1.6396644416187272;0.46682705777647876
815392330#3;;0.15315331147259634;0.9413551756382877;63.513715261160435;2526.121776358531;0.07033065723022469;0.901567412439057;0.3328410269457024
-27486971#0;;0.09186673199412053;22.17387373303496;68.27141070345829;9981.30592668224;0.19691257752607383;3.1309134983358824;0.6506099386956943
-27486971#0;;0.09186673199412053;22.17387373303496;68.27141070345829;9981.30592668224;0.19691257752607383;3.1309134983358824;0.6506099386956943
-27486971#0;;0.09186673199412053;22.17387373303496;68.27141070345829;9981.30592668224;0.19691257752607383;3.1309134983358824;0.6506099386956943
815392349#1;;0.01907668828691339;10.00951297344439;65.72041655623416;4143.94077693725;0.18075724672386753;1.448073938416886;0.3900039594809191
815392330#0;;0.12613521695257315;2.3507797610670385;43.26292734359819;0.0;0.0;0.0;0.0
815392330#5;;0.02936340145642471;11.863305540468946;67.3904245616292;1564.2723787703237;0.025046096783337753;0.5794510942028589;0.41868585436397515
815392330#5;;0.02936340145642471;11.863305540468946;67.3904245616292;1564.2723787703237;0.025046096783337753;0.5794510942028589;0.41868585436397515
815392330#3;;0.20139427024237108;0.9393592516089339;64.45740099789379;3324.013749073764;0.11827647168949806;1.1588187169445505;0.3488116716154813
-27486971#0;;0.09186673199412053;21.92820449482627;70.85610434399133;8168.97955000056;0.1692544145169873;2.426896079150073;0.4190405874840871
-27486971#0;;0.09186673199412053;21.92820449482627;70.85610434399133;8168.97955000056;0.1692544145169873;2.426896079150073;0.4190405874840871
-27486971#0;;0.09186673199412053;21.92820449482627;70.85610434399133;8168.97955000056;0.1692544145169873;2.426896079150073;0.4190405874840871
815392349#1;;0.01907668828691339;10.040662179438298;61.66643199937998;0.0;0.0;0.0;0.0
815392330#0;;0.12613521695257315;2.415233777387876;41.8777733830246;0.0;0.0;0.0;0.0
815392330#5;;0.02936340145642471;11.835890630316621;69.63207137271041;7685.713690338273;0.4018587938162568;2.8225058103095524;0.9270109735115276
815392330#5;;0.02936340145642471;11.835890630316621;69.63207137271041;7685.713690338273;0.4018587938162568;2.8225058103095524;0.9270109735115276
815392330#3;;0.2095557418273261;0.939489537539458;62.77555140160345;1788.8604303046027;0.026876323870285244;0.6649667430123211;0.32118501407203015
-27486971#0;;0.09186673199412053;21.80414854351957;70.0729374252394;6018.608734329747;0.15349742212705628;1.7022521383341398;0.23633352413473235
-27486971#0;;0.09186673199412053;21.80414854351957;70.0729374252394;6018.608734329747;0.15349742212705628;1.7022521383341398;0.23633352413473235
-27486971#0;;0.09186673199412053;21.80414854351957;70.0729374252394;6018.608734329747;0.15349742212705628;1.7022521383341398;0.23633352413473235
815392349#1;;0.01907668828691339;10.007168809951535;66.04820142285321;4421.269832806845;0.1985963254326183;1.540517407588947;0.3955518120225611
815392330#0;;0.12613521695257315;2.483321851742162;40.454172072461475;0.0;0.0;0.0;0.0
815392330#5;;0.02936340145642471;11.859538095443247;67.24043354385469;0.0;0.0;0.0;0.0
815392330#5;;0.02936340145642471;11.859538095443247;67.24043354385469;0.0;0.0;0.0;0.0
815392330#3;;0.2095557418273261;0.9421933797183942;61.15001005729656;0.0;0.0;0.0;0.0
-27486971#0;;0.09186673199412053;21.607792874603053;70.35811618984822;7606.8182957466015;0.16675115480210959;2.3282163887107092;0.475511774721319
-27486971#0;;0.09186673199412053;21.607792874603053;70.35811618984822;7606.8182957466015;0.16675115480210959;2.3282163887107092;0.475511774721319
-27486971#0;;0.09186673199412053;21.607792874603053;70.35811618984822;7606.8182957466015;0.16675115480210959;2.3282163887107092;0.475511774721319
815392349#1;;0.01907668828691339;10.051267955462787;61.13854915305473;0.0;0.0;0.0;0.0
815392330#0;;0.12613521695257315;2.5553602440194316;39.05794111333091;0.0;0.0;0.0;0.0
815392330#5;;0.02936340145642471;11.878943686756577;67.35620512662187;1598.1557692678134;0.024868573787308897;0.5949193724726854;0.3976256973276709
815392330#5;;0.02936340145642471;11.878943686756577;67.35620512662187;1598.1557692678134;0.024868573787308897;0.5949193724726854;0.3976256973276709
815392330#3;;0.2095557418273261;0.9396346141490918;64.94613018209022;3726.5514700434032;0.14212657391785533;1.2881069504499827;0.3557828321032295
-27486971#0;;0.09186673199412053;21.429453285057697;68.31330118344738;8600.603800223293;0.15342137454062624;2.7981510013725095;0.6586069961950638
-27486971#0;;0.09186673199412053;21.429453285057697;68.31330118344738;8600.603800223293;0.15342137454062624;2.7981510013725095;0.6586069961950638
-27486971#0;;0.09186673199412053;21.429453285057697;68.31330118344738;8600.603800223293;0.15342137454062624;2.7981510013725095;0.6586069961950638
815392349#1;;0.01907668828691339;10.010532581902737;66.69024821419782;4951.8023808277485;0.23232634701858962;1.7166234032060537;0.40545851116981235
815392330#0;;0.12613521695257315;2.631703007847482;37.804897145065375;0.0;0.0;0.0;0.0
815392330#5;;0.02936340145642471;11.841479310277487;69.86038188884827;8815.964753053224;0.48125750451105204;3.216034255526237;0.9503295158937426
815392330#5;;0.02936340145642471;11.841479310277487;69.86038188884827;8815.964753053224;0.48125750451105204;3.216034255526237;0.9503295158937426
815392330#3;;0.2095557418273261;0.9389382855568678;63.40125671359455;2388.2426006461023;0.06265742824238577;0.8578839170267647;0.33238500136341376
-27486971#0;;0.09186673199412053;21.166193720005406;69.38413248632482;10486.859374422853;0.2270264593998269;3.294130783262526;0.6886250006838586
-27486971#0;;0.09186673199412053;21.166193720005406;69.38413248632482;10486.859374422853;0.2270264593998269;3.294130783262526;0.6886250006838586
-27486971#0;;0.09186673199412053;21.166193720005406;69.38413248632482;10486.859374422853;0.2270264593998269;3.294130783262526;0.6886250006838586
815392349#1;;0.01907668828691339;10.024295265648082;62.564232880307806;0.0;0.0;0.0;0.0
815392330#0;;0.12613521695257315;2.712355034831252;36.934314539647644;0.0;0.0;0.0;0.0
815392330#5;;0.02936340145642471;11.844624529490154;67.96904170416568;3868.4878730266905;0.10488297359179127;1.4303449722731219;0.8366467492948929
815392330#5;;0.02936340145642471;11.844624529490154;67.96904170416568;3868.4878730266905;0.10488297359179127;1.4303449722731219;0.8366467492948929
815392330#3;;0.2095557418273261;0.9425495025653376;60.712635712494944;0.0;0.0;0.0;0.0
-27486971#0;;0.09186673199412053;21.015835834005223;68.76367232677083;7585.833908771627;0.18520291370560976;2.380234766194494;0.4972861441257729
-27486971#0;;0.09186673199412053;21.015835834005223;68.76367232677083;7585.833908771627;0.18520291370560976;2.380234766194494;0.4972861441257729
-27486971#0;;0.09186673199412053;21.015835834005223;68.76367232677083;7585.833908771627;0.18520291370560976;2.380234766194494;0.4972861441257729
815392349#1;;0.01907668828691339;10.022494305708916;63.533835923249654;2066.405650284284;0.047789222071054335;0.7570550957076967;0.34898924948771815
815392330#0;;0.12613521695257315;2.7916900510382154;37.82816586546124;0.0;0.0;0.55488311793014;0.007875472468921134
815392330#5;;0.02936340145642471;11.873767432548648;67.0835149771757;0.0;0.0;0.0;0.0
815392330#5;;0.02936340145642471;11.873767432548648;67.0835149771757;0.0;0.0;0.0;0.0
815392330#3;;0.2095557418273261;0.9420598308580425;63.18122167917663;2228.682384614089;0.05258894629393142;0.8059890231331388;0.3269589994744794
-27486971#0;;0.09186673199412053;20.940049672434338;68.7379552737762;5533.194920515316;0.1620654410865645;1.6562590064244234;0.26570372007536625
-27486971#0;;0.09186673199412053;20.940049672434338;68.7379552737762;5533.194920515316;0.1620654410865645;1.6562590064244234;0.26570372007536625
-27486971#0;;0.09186673199412053;20.940049672434338;68.7379552737762;5533.194920515316;0.1620654410865645;1.6562590064244234;0.26570372007536625
815392349#1;;0.01907668828691339;10.022645929729213;63.402533486913384;1921.9166848005932;0.038580518118646226;0.7090693896787335;0.34620460572506684
815392330#0;;0.12613521695257315;2.852459763528033;42.63276410511907;0.0;0.0;0.6108099626451161;0.00017543696352061792
815392330#5;;0.02936340145642471;11.834633573243426;70.06922828789708;8996.168521868916;0.4928558646984111;3.276041682791199;0.9545460472253957
815392330#5;;0.02936340145642471;11.834633573243426;70.06922828789708;8996.168521868916;0.4928558646984111;3.276041682791199;0.9545460472253957
:258126454_1;;0.03957832519333755;0.8840593852691995;59.036890360152555;0.0;0.0;0.0;0.0
-27486971#0;;0.09186673199412053;20.615510725809585;71.0090474773911;12379.262916300868;0.31608458350436464;3.8367154262410885;0.7325840948276234
-27486971#0;;0.09186673199412053;20.615510725809585;71.0090474773911;12379.262916300868;0.31608458350436464;3.8367154262410885;0.7325840948276234
-27486971#0;;0.09186673199412053;20.615510725809585;71.0090474773911;12379.262916300868;0.31608458350436464;3.8367154262410885;0.7325840948276234
815392349#1;;0.01907668828691339;10.043657548302992;62.139407960018346;0.0;0.0;0.0;0.0
815392330#0;;0.12613521695257315;2.8538386496014563;55.64487419800696;1474.3279987195115;0.0;0.6116998150602521;1.6434554877644608e-06
815392330#5;;0.02936340145642471;11.862132052835326;67.18934259272073;1458.7922987569532;0.01699865431934585;0.5406485011137885;0.4177255086682339
815392330#5;;0.02936340145642471;11.862132052835326;67.18934259272073;1458.7922987569532;0.01699865431934585;0.5406485011137885;0.4177255086682339
:258126454_1;;0.08804005794208528;0.9002057286133923;57.98582656664443;0.0;0.0;0.0;0.0
-27486971#0;;0.09186673199412053;20.66153830959056;66.72307058854925;4447.1243533059605;0.12611975866828945;1.3860898556592123;0.2648691871509508
-27486971#0;;0.09186673199412053;20.66153830959056;66.72307058854925;4447.1243533059605;0.12611975866828945;1.3860898556592123;0.2648691871509508
-27486971#0;;0.09186673199412053;20.66153830959056;66.72307058854925;4447.1243533059605;0.12611975866828945;1.3860898556592123;0.2648691871509508
815392349#1;;0.01907668828691339;10.043704465344222;63.370118353466765;1925.8870505307589;0.03855223794263426;0.7103043354796138;0.344629312224253
815392330#0;;0.12613521695257315;2.8538516918646506;55.93749442881386;1520.5587618256498;0.0;0.6117;0.0
815392330#5;;0.02936340145642471;11.857370869254028;68.27300462000974;4809.517108152415;0.17475887281618824;1.766775051127975;0.856346876684192
815392330#5;;0.02936340145642471;11.857370869254028;68.27300462000974;4809.517108152415;0.17475887281618824;1.766775051127975;0.856346876684192
:258126454_1;;0.13447293586666706;0.9169528335334458;57.42971823591408;0.0;0.0;0.0;0.0
-27486971#0;;0.09186673199412053;20.37938716196378;70.71071573788485;11701.35848523965;0.2975228166598337;3.6789090436948726;0.7346584577039965
-27486971#0;;0.09186673199412053;20.37938716196378;70.71071573788485;11701.35848523965;0.2975228166598337;3.6789090436948726;0.7346584577039965
-27486971#0;;0.09186673199412053;20.37938716196378;70.71071573788485;11701.35848523965;0.2975228166598337;3.6789090436948726;0.7346584577039965
815392349#1;;0.01907668828691339;10.039175811528935;63.69000134275641;2262.8814121361465;0.060004531477629006;0.822041213687146;0.3514263190315127
815392330#0;;0.12613521695257315;2.8538516918646506;55.9402874701336;1521.0;0.0;0.6117;0.0
815392330#5;;0.02936340145642471;11.844739624576844;68.63297179068363;5778.4269418596905;0.249048231931691;2.1172238082560826;0.8800522102855024
815392330#5;;0.02936340145642471;11.844739624576844;68.63297179068363;5778.4269418596905;0.249048231931691;2.1172238082560826;0.8800522102855024
:258126454_1;;0.17887695896708294;0.9343348646756939;56.85192035657265;0.0;0.0;0.0;0.0
-27486971#0;;0.09186673199412053;20.425906058804767;65.11429262171066;4218.689148848672;0.05878897320271189;1.499871835270511;0.47964154739871345
-27486971#0;;0.09186673199412053;20.425906058804767;65.11429262171066;4218.689148848672;0.05878897320271189;1.499871835270511;0.47964154739871345
-27486971#0;;0.09186673199412053;20.425906058804767;65.11429262171066;4218.689148848672;0.05878897320271189;1.499871835270511;0.47964154739871345
815392349#1;;0.01907668828691339;10.024197697305476;64.48470086808236;3038.788030392569;0.10969823018727845;1.0799121858253176;0.3675070543448667
815392330#0;;0.12613521695257315;2.8538516918646506;55.9402874701336;1521.0;0.0;0.6117;0.0
815392330#5;;0.02936340145642471;11.838598819523664;68.5045353202157;4944.981473484069;0.18704321596670925;1.8089036957562352;0.8606290070965225
815392330#5;;0.02936340145642471;11.838598819523664;68.5045353202157;4944.981473484069;0.18704321596670925;1.8089036957562352;0.8606290070965225
:258126454_1;;0.22125212724333293;0.9523886272832738;56.25067704312254;0.0;0.0;0.0;0.0
-27486971#0;;0.09186673199412053;20.43667850179557;65.93747264075331;3566.9671778398783;0.06845620650764965;1.0898880338881685;0.20518310904010256
-27486971#0;;0.09186673199412053;20.43667850179557;65.93747264075331;3566.9671778398783;0.06845620650764965;1.0898880338881685;0.20518310904010256
-27486971#0;;0.09186673199412053;20.43667850179557;65.93747264075331;3566.9671778398783;0.06845620650764965;1.0898880338881685;0.20518310904010256
815392349#1;;0.01907668828691339;10.017401563675545;63.89109478630017;2437.6670875629525;0.07155148976539008;0.8804636016761185;0.35652560063229105
815392330#0;;0.12613521695257315;2.8538516918646506;55.9402874701336;1521.0;0.0;0.6117;0.0
815392330#5;;0.02936340145642471;11.844320566898975;68.0341520939039;3053.240634548026;0.14164247548012834;1.1235377829112727;0.4555603514262946
815392330#5;;0.02936340145642471;11.844320566898975;68.0341520939039;3053.240634548026;0.14164247548012834;1.1235377829112727;0.4555603514262946
:258126454_1;;0.2254283137962128;0.9692584400596542;55.75095508625076;0.0;0.0;0.0;0.0
-27486971#0;;0.09186673199412053;20.435819319720473;65.16927979822378;5159.434213138852;0.03571519978256358;1.9331873342865602;0.6539589588586956
-27486971#0;;0.09186673199412053;20.435819319720473;65.16927979822378;5159.434213138852;0.03571519978256358;1.9331873342865602;0.6539589588586956
-27486971#0;;0.09186673199412053;20.435819319720473;65.16927979822378;5159.434213138852;0.03571519978256358;1.9331873342865602;0.6539589588586956
815392349#1;;0.01907668828691339;10.02220694357427;63.1023040455259;1577.4194459391877;0.016633957751260222;0.59465920447573;0.33962781316392365
815392330#0;;0.12613521695257315;2.8538516918646506;55.9402874701336;1521.0;0.0;0.6117;0.0
815392330#5;;0.02936340145642471;11.86528299607866;67.43520011266274;2047.2728444397928;0.06300334855919529;0.7557406034765075;0.43178451819191443
815392330#5;;0.02936340145642471;11.86528299607866;67.43520011266274;2047.2728444397928;0.06300334855919529;0.7557406034765075;0.43178451819191443
:258126454_1;;0.2254283137962128;0.9887010954545827;55.035965221004304;0.0;0.0;0.0;0.0
-27486971#0;;0.09186673199412053;20.40053071027551;66.21302239513044;5657.363884642685;0.12011513624472135;1.8961280809500463;0.49788270265104817
-27486971#0;;0.09186673199412053;20.40053071027551;66.21302239513044;5657.363884642685;0.12011513624472135;1.8961280809500463;0.49788270265104817
-27486971#0;;0.09186673199412053;20.40053071027551;66.21302239513044;5657.363884642685;0.12011513624472135;1.8961280809500463;0.49788270265104817
815392349#1;;0.01907668828691339;10.035130152922935;62.59152942116771;0.0;0.0;0.0;0.0
815392330#0;;0.12613521695257315;2.8538516918646506;55.9402874701336;1521.0;0.0;0.6117;0.0
815392330#5;;0.02936340145642471;11.866814288621782;68.13685965660723;3270.8852813283224;0.14924467560868904;1.1918303117428357;0.4360677711550354
815392330#5;;0.02936340145642471;11.866814288621782;68.13685965660723;3270.8852813283224;0.14924467560868904;1.1918303117428357;0.4360677711550354
:258126454_1;;0.2254283137962128;1.0089397301434102;54.35464413748682;0.0;0.0;0.0;0.0
-27486971#0;;0.09186673199412053;20.355681324116034;65.81126713555824;6118.028369938067;0.06941120798349053;2.173091880955924;0.6667432992002571
-27486971#0;;0.09186673199412053;20.355681324116034;65.81126713555824;6118.028369938067;0.06941120798349053;2.173091880955924;0.6667432992002571
-27486971#0;;0.09186673199412053;20.355681324116034;65.81126713555824;6118.028369938067;0.06941120798349053;2.173091880955924;0.6667432992002571
815392349#1;;0.01907668828691339;10.005421442391707;65.72301700549947;4143.1273003263295;0.18089138156096066;1.4481386777222518;0.39035047459744365
815392330#0;;0.12613521695257315;2.8538516918646506;55.9402874701336;1521.0;0.0;0.6117;0.0
815392330#5;;0.02936340145642471;11.854865693550297;68.97288563981635;4708.161760574604;0.27155187780606904;1.7294801313126373;0.49552418841345036
815392330#5;;0.02936340145642471;11.854865693550297;68.97288563981635;4708.161760574604;0.27155187780606904;1.7294801313126373;0.49552418841345036
:258126454_1;;0.2254283137962128;1.0297127237307797;53.66188736195798;0.0;0.0;0.0;0.0
-27486971#0;;0.09186673199412053;20.33439567989424;65.54392180861159;4458.228738275809;0.06164083161678416;1.5540065028869365;0.4365713761639194
-27486971#0;;0.09186673199412053;20.33439567989424;65.54392180861159;4458.228738275809;0.06164083161678416;1.5540065028869365;0.4365713761639194
-27486971#0;;0.09186673199412053;20.33439567989424;65.54392180861159;4458.228738275809;0.06164083161678416;1.5540065028869365;0.4365713761639194
815392349#1;;0.01907668828691339;10.050266258858272;61.11474963933133;0.0;0.0;0.0;0.0
815392330#0;;0.12613521695257315;2.8538516918646506;55.9402874701336;1521.0;0.0;0.6117;0.0
815392330#5;;0.02936340145642471;11.83246910145838;69.16642782455405;6956.889509831226;0.3374795200290121;2.539262706380822;0.9079853233063324
815392330#5;;0.02936340145642471;11.83246910145838;69.16642782455405;6956.889509831226;0.3374795200290121;2.539262706380822;0.9079853233063324
:258126454_1;;0.2254283137962128;1.051683846689538;52.901905821840316;0.0;0.0;0.0;0.0
-27486971#0;;0.09186673199412053;20.40740141290689;64.29568002297864;1673.3068702202756;0.010828949741657958;0.6306658184204057;0.23171400084445745
-27486971#0;;0.09186673199412053;20.40740141290689;64.29568002297864;1673.3068702202756;0.010828949741657958;0.6306658184204057;0.23171400084445745
-27486971#0;;0.09186673199412053;20.40740141290689;64.29568002297864;1673.3068702202756;0.010828949741657958;0.6306658184204057;0.23171400084445745
815392349#1;;0.01907668828691339;10.012113701339176;66.45226165061499;4759.199631105345;0.2199347385184883;1.652414560501891;0.40160839943291654
815392330#0;;0.12613521695257315;2.8538516918646506;55.9402874701336;1521.0;0.0;0.6117;0.0
815392330#5;;0.02936340145642471;11.87216732778481;66.80453885200814;0.0;0.0;0.0;0.0
815392330#5;;0.02936340145642471;11.87216732778481;66.80453885200814;0.0;0.0;0.0;0.0
:258126454_1;;0.2254283137962128;1.0746130133446148;52.11315958467342;0.0;0.0;0.0;0.0
-27486971#0;;0.09186673199412053;20.4612221490135;64.49431710302788;1946.649992604734;0.015971365468361864;0.6971400994684472;0.18885364122604775
-27486971#0;;0.09186673199412053;20.4612221490135;64.49431710302788;1946.649992604734;0.015971365468361864;0.6971400994684472;0.18885364122604775
-27486971#0;;0.09186673199412053;20.4612221490135;64.49431710302788;1946.649992604734;0.015971365468361864;0.6971400994684472;0.18885364122604775
815392349#1;;0.01907668828691339;10.046894588283402;61.50067623809187;0.0;0.0;0.0;0.0
815392330#0;;0.12613521695257315;2.8538516918646506;55.9402874701336;1521.0;0.0;0.6117;0.0
815392330#5;;0.02936340145642471;11.845998883600254;69.64291036304868;7536.197048512593;0.3910748903646186;2.770318920427546;0.9226970291460175
815392330#5;;0.02936340145642471;11.845998883600254;69.64291036304868;7536.197048512593;0.3910748903646186;2.770318920427546;0.9226970291460175
:258126454_1;;0.2254283137962128;1.0985642831185396;51.2808824138192;0.0;0.0;0.0;0.0
-27486971#0;;0.09186673199412053;20.404745837989534;66.39945366516847;5722.964806135706;0.1226882732922151;1.9136249658959312;0.4983102998550435
-27486971#0;;0.09186673199412053;20.404745837989534;66.39945366516847;5722.964806135706;0.1226882732922151;1.9136249658959312;0.4983102998550435
-27486971#0;;0.09186673199412053;20.404745837989534;66.39945366516847;5722.964806135706;0.1226882732922151;1.9136249658959312;0.4983102998550435
815392349#1;;0.01907668828691339;10.037053562679805;64.07403651752362;2653.81234684095;0.08487084853882954;0.9517035890822846;0.35907290479350756
815392330#0;;0.12613521695257315;2.8538516918646506;55.9402874701336;1521.0;0.0;0.6117;0.0
815392330#5;;0.02936340145642471;11.840890555537168;68.34857881701555;4904.760819608269;0.18583244493062573;1.8089007474779955;0.8614273693731547
815392330#5;;0.02936340145642471;11.840890555537168;68.34857881701555;4904.760819608269;0.18583244493062573;1.8089007474779955;0.8614273693731547
:258126454_1;;0.2254283137962128;1.123607556722039;50.400420112650934;0.0;0.0;0.0;0.0
-27486971#0;;0.09186673199412053;20.353875769260842;66.35315802145817;5612.688974058971;0.11090981169891714;1.8719361697194008;0.45119543405759266
-27486971#0;;0.09186673199412053;20.353875769260842;66.35315802145817;5612.688974058971;0.11090981169891714;1.8719361697194008;0.45119543405759266
-27486971#0;;0.09186673199412053;20.353875769260842;66.35315802145817;5612.688974058971;0.11090981169891714;1.8719361697194008;0.45119543405759266
815392349#1;;0.01907668828691339;10.036578365130548;63.41821001131149;1965.5776509257012;0.04116819352799733;0.7234945078606034;0.3459465339237511
815392330#0;;0.12613521695257315;2.8538516918646506;55.9402874701336;1521.0;0.0;0.6117;0.0
815392330#5;;0.02936340145642471;11.833838439382482;68.86242476293008;4709.3019280574135;0.257537684833592;1.7076096818710407;0.4707767112345308
815392330#5;;0.02936340145642471;11.833838439382482;68.86242476293008;4709.3019280574135;0.257537684833592;1.7076096818710407;0.4707767112345308
815392330#4;;0.03434968058470088;0.44582712418328824;49.46653590886874;0.0;0.0;0.0;0.0
-27486971#0;;0.09186673199412053;20.402970254854495;65.72015140397357;3541.3292731836345;0.0902260896752958;1.1437848828925246;0.2576999573434142
-27486971#0;;0.09186673199412053;20.402970254854495;65.72015140397357;3541.3292731836345;0.0902260896752958;1.1437848828925246;0.2576999573434142
-27486971#0;;0.09186673199412053;20.402970254854495;65.72015140397357;3541.3292731836345;0.0902260896752958;1.1437848828925246;0.2576999573434142
815392349#1;;0.01907668828691339;10.035394902321075;63.46792503329218;2017.9399281964995;0.04451140001492593;0.7408667311638172;0.3470413868349418
815392330#0;;0.12613521695257315;2.8538516918646506;55.9402874701336;1521.0;0.0;0.6117;0.0
815392330#5;;0.02936340145642471;11.83400444815105;68.23759440725381;3249.1932289847678;0.15738115400276165;1.1956608062834408;0.4612964609823976
815392330#5;;0.02936340145642471;11.83400444815105;68.23759440725381;3249.1932289847678;0.15738115400276165;1.1956608062834408;0.4612964609823976
815392330#4;;0.0919076838300369;0.45647586785076977;48.473431149640234;0.0;0.0;0.0;0.0
-27486971#0;;0.09186673199412053;20.355160939705733;65.87280302388837;6135.38463441941;0.06687850036485901;2.1674920878897264;0.66598661440472
-27486971#0;;0.09186673199412053;20.355160939705733;65.87280302388837;6135.38463441941;0.06687850036485901;2.1674920878897264;0.66598661440472
-27486971#0;;0.09186673199412053;20.355160939705733;65.87280302388837;6135.38463441941;0.06687850036485901;2.1674920878897264;0.66598661440472
815392349#1;;0.01907668828691339;10.053337766970705;62.281072898539676;0.0;0.0;0.0;0.0
815392330#0;;0.12613521695257315;2.8538516918646506;55.9402874701336;1521.0;0.0;0.6117;0.0
815392330#5;;0.02936340145642471;11.837798692643023;68.00757235058923;3820.3937475134335;0.10643997623582759;1.417945328041323;0.8369866603721678
815392330#5;;0.02936340145642471;11.837798692643023;68.00757235058923;3820.3937475134335;0.10643997623582759;1.417945328041323;0.8369866603721678
815392330#4;;0.14428321862276783;0.4675362407813017;47.44691071904077;0.0;0.0;0.0;0.0
-27486971#0;;0.09186673199412053;20.376184358772317;65.57654966265007;3261.6943048123703;0.07953771922790562;1.0696708920594669;0.2571674139373906
-27486971#0;;0.09186673199412053;20.376184358772317;65.57654966265007;3261.6943048123703;0.07953771922790562;1.0696708920594669;0.2571674139373906
-27486971#0;;0.09186673199412053;20.376184358772317;65.57654966265007;3261.6943048123703;0.07953771922790562;1.0696708920594669;0.2571674139373906
815392349#1;;0.01907668828691339;10.029900196370045;65.14586506231666;3656.9898103444725;0.14885567402914915;1.2848113793488118;0.3788750595071121
815392330#0;;0.12613521695257315;2.8538516918646506;55.9402874701336;1521.0;0.0;0.6117;0.0
815392330#5;;0.02936340145642471;11.867185655009186;67.0468266630952;0.0;0.0;0.0;0.0
815392330#5;;0.02936340145642471;11.867185655009186;67.0468266630952;0.0;0.0;0.0;0.0
815392330#4;;0.19169852757914663;0.4786362232716933;46.51308950594701;0.0;0.0;0.0;0.0
-27486971#0;;0.09186673199412053;20.325012488692078;65.95618612286171;6387.449206159775;0.08720827338784583;2.2673851050728473;0.6731176279509254
-27486971#0;;0.09186673199412053;20.325012488692078;65.95618612286171;6387.449206159775;0.08720827338784583;2.2673851050728473;0.6731176279509254
-27486971#0;;0.09186673199412053;20.325012488692078;65.95618612286171;6387.449206159775;0.08720827338784583;2.2673851050728473;0.6731176279509254
815392349#1;;0.01907668828691339;10.037370793614171;62.90887253216099;1380.5257612149983;0.004003636829531157;0.5294995065113728;0.3346949715631914
815392330#0;;0.12613521695257315;2.8538516918646506;55.9402874701336;1521.0;0.0;0.6117;0.0
815392330#5;;0.02936340145642471;11.839973343196524;69.55048709950533;7651.518949254148;0.39874346015837764;2.8091529270041664;0.9256459893915794
815392330#5;;0.02936340145642471;11.839973343196524;69.55048709950533;7651.518949254148;0.39874346015837764;2.8091529270041664;0.9256459893915794
815392330#4;;0.2338812783959905;0.4909315643687211;45.15424862856888;0.0;0.0;0.0;0.0
-27486971#0;;0.09186673199412053;20.3083483426146;65.41596529321771;5513.721272588204;0.0487123335419535;2.022582433401383;0.6620710726671634
-27486971#0;;0.09186673199412053;20.3083483426146;65.41596529321771;5513.721272588204;0.0487123335419535;2.022582433401383;0.6620710726671634
-27486971#0;;0.09186673199412053;20.3083483426146;65.41596529321771;5513.721272588204;0.0487123335419535;2.022582433401383;0.6620710726671634
815392349#1;;0.01907668828691339;10.036930667408459;63.41520862901131;1962.929130799546;0.04099508217075492;0.7226143776227895;0.3458682076161124
815392330#0;;0.12613521695257315;2.8538516918646506;55.9402874701336;1521.0;0.0;0.6117;0.0
815392330#5;;0.02936340145642471;11.879169349655605;66.906154672407;1442.3359776480245;0.013342441248363715;0.5393260015082838;0.3943483492231256
815392330#5;;0.02936340145642471;11.879169349655605;66.906154672407;1442.3359776480245;0.013342441248363715;0.5393260015082838;0.3943483492231256
815392330#4;;0.27083147107329947;0.5038752527090242;43.8728293800615;0.0;0.0;0.0;0.0
-27486971#0;;0.09186673199412053;20.316497884050612;65.09597169611456;3779.9713407660433;0.03409301967672672;1.3727510961229703;0.42485050080053605
-27486971#0;;0.09186673199412053;20.316497884050612;65.09597169611456;3779.9713407660433;0.03409301967672672;1.3727510961229703;0.42485050080053605
-27486971#0;;0.09186673199412053;20.316497884050612;65.09597169611456;3779.9713407660433;0.03409301967672672;1.3727510961229703;0.42485050080053605
815392349#1;;0.01907668828691339;10.019854651382557;64.65588744923421;3196.4014643044266;0.11987507619080288;1.1324578415071604;0.3708958709557231
815392330#0;;0.12613521695257315;2.8538516918646506;55.9402874701336;1521.0;0.0;0.6117;0.0
815392330#5;;0.02936340145642471;11.85788814520628;69.06667406723622;6866.08310984352;0.33480917407256783;2.517190577186543;0.9044944113762179
815392330#5;;0.02936340145642471;11.85788814520628;69.06667406723622;6866.08310984352;0.33480917407256783;2.517190577186543;0.9044944113762179
815392330#4;;0.30254910561107357;0.5175199591138145;42.51669015038271;0.0;0.0;0.0;0.0
-27486971#0;;0.09186673199412053;20.36692470773532;64.81785913445651;3849.584523464279;0.04159247723103375;1.405597091170794;0.42973213816984757
-27486971#0;;0.09186673199412053;20.36692470773532;64.81785913445651;3849.584523464279;0.04159247723103375;1.405597091170794;0.42973213816984757
-27486971#0;;0.09186673199412053;20.36692470773532;64.81785913445651;3849.584523464279;0.04159247723103375;1.405597091170794;0.42973213816984757
815392349#1;;0.01907668828691339;10.014198858305676;63.81623223835597;2354.3387163968873;0.06629858815782755;0.8528358945834181;0.35518279687635534
815392330#0;;0.12613521695257315;2.8538516918646506;55.9402874701336;1521.0;0.0;0.6117;0.0
815392330#5;;0.02936340145642471;11.851493278079936;68.48499764319038;4968.640314710187;0.18381648299943015;1.8171424131308356;0.8596904103787515
815392330#5;;0.02936340145642471;11.851493278079936;68.48499764319038;4968.640314710187;0.18381648299943015;1.8171424131308356;0.8596904103787515
815392330#4;;0.3290341820093128;0.531924218403575;41.10503181872321;0.0;0.0;0.0;0.0
-27486971#0;;0.09186673199412053;20.406132584712843;64.69462617476191;3355.141662278465;0.01965975440558713;1.2683624087549021;0.4179921570865427
-27486971#0;;0.09186673199412053;20.406132584712843;64.69462617476191;3355.141662278465;0.01965975440558713;1.2683624087549021;0.4179921570865427
-27486971#0;;0.09186673199412053;20.406132584712843;64.69462617476191;3355.141662278465;0.01965975440558713;1.2683624087549021;0.4179921570865427
815392349#1;;0.01907668828691339;10.052667942772201;61.34246789678268;0.0;0.0;0.0;0.0
815392330#0;;0.12613521695257315;2.8538516918646506;55.9402874701336;1521.0;0.0;0.6117;0.0
815392330#5;;0.02936340145642471;11.829140960916178;69.18790005420016;7036.689840431238;0.3498056426181423;2.581935123586779;0.9120472399929967
815392330#5;;0.02936340145642471;11.829140960916178;69.18790005420016;7036.689840431238;0.3498056426181423;2.581935123586779;0.9120472399929967
815392330#4;;0.3502867002680171;0.5471532688328653;39.68514960561307;0.0;0.0;0.0;0.0
-27486971#0;;0.09186673199412053;20.433085575344265;64.8511685501035;3473.5946308469747;0.02507961166333033;1.3021550453509132;0.41969429040149775
-27486971#0;;0.09186673199412053;20.433085575344265;64.8511685501035;3473.5946308469747;0.02507961166333033;1.3021550453509132;0.41969429040149775
-27486971#0;;0.09186673199412053;20.433085575344265;64.8511685501035;3473.5946308469747;0.02507961166333033;1.3021550453509132;0.41969429040149775
815392349#1;;0.01907668828691339;10.024804988397428;65.52517394702822;3986.9170358490173;0.17006253597477727;1.3946847872653294;0.3856413857671129
815392330#0;;0.12613521695257315;2.8538516918646506;55.9402874701336;1521.0;0.0;0.6117;0.0
815392330#5;;0.02936340145642471;11.831156839249742;68.19920366706651;3272.5045622306543;0.1595348285526746;1.2045653703990755;0.46270732748375415
815392330#5;;0.02936340145642471;11.831156839249742;68.19920366706651;3272.5045622306543;0.1595348285526746;1.2045653703990755;0.46270732748375415
815392330#4;;0.3663066603871865;0.5632800399739136;38.349193587800414;0.0;0.0;0.0;0.0
-27486971#0;;0.09186673199412053;20.302377974816725;67.1279299360518;8272.256764875447;0.163200356278108;2.7721227842899694;0.696741979301701
-27486971#0;;0.09186673199412053;20.302377974816725;67.1279299360518;8272.256764875447;0.163200356278108;2.7721227842899694;0.696741979301701
-27486971#0;;0.09186673199412053;20.302377974816725;67.1279299360518;8272.256764875447;0.163200356278108;2.7721227842899694;0.696741979301701
815392349#1;;0.01907668828691339;10.033611696528943;62.835031478682886;1281.7887595050252;0.0;0.49669015348836476;0.3330907453381873
815392330#0;;0.12613521695257315;2.8538516918646506;55.9402874701336;1521.0;0.0;0.6117;0.0
815392330#5;;0.02936340145642471;11.859632076784942;67.35508933454392;2436.3373035989066;0.08754316016571811;0.8941594475029346;0.418497793667483
815392330#5;;0.02936340145642471;11.859632076784942;67.35508933454392;2436.3373035989066;0.08754316016571811;0.8941594475029346;0.418497793667483
815392330#4;;0.3772234027007941;0.5799509667235845;37.67491263164499;0.0;0.0;0.0;0.0
-27486971#0;;0.09186673199412053;20.452414332440505;63.556955641720336;1303.6305004874137;0.0;0.5284916988981118;0.23143042331331595
-27486971#0;;0.09186673199412053;20.452414332440505;63.556955641720336;1303.6305004874137;0.0;0.5284916988981118;0.23143042331331595
-27486971#0;;0.09186673199412053;20.452414332440505;63.556955641720336;1303.6305004874137;0.0;0.5284916988981118;0.23143042331331595
815392349#1;;0.01907668828691339;10.013671846293855;64.89485327028247;3412.526982856207;0.13387019185746013;1.2046014857427174;0.37557235469682854
815392330#0;;0.12613521695257315;2.8538516918646506;55.9402874701336;1521.0;0.0;0.6117;0.0
815392330#5;;0.02936340145642471;11.835217108037234;69.34100741136564;7295.185671968;0.3702247620230942;2.6772190318777516;0.9175534968034955
815392330#5;;0.02936340145642471;11.835217108037234;69.34100741136564;7295.185671968;0.3702247620230942;2.6772190318777516;0.9175534968034955
815392330#4;;0.3829075868748668;0.5981011052568962;36.506249452758304;0.0;0.0;0.5133266084121698;0.012296825480470843
-27486971#0;;0.09186673199412053;20.403068070892974;66.004899719047;5063.451430591258;0.08559333704236284;1.7164600265433938;0.43799903445015226
-27486971#0;;0.09186673199412053;20.403068070892974;66.004899719047;5063.451430591258;0.08559333704236284;1.7164600265433938;0.43799903445015226
-27486971#0;;0.09186673199412053;20.403068070892974;66.004899719047;5063.451430591258;0.08559333704236284;1.7164600265433938;0.43799903445015226
815392349#1;;0.01907668828691339;10.052987898505732;61.309393694831925;0.0;0.0;0.0;0.0
815392330#0;;0.12613521695257315;2.8538516918646506;55.9402874701336;1521.0;0.0;0.6117;0.0
815392330#5;;0.02936340145642471;11.84516991539158;67.86904886459266;2936.9955521843367;0.12526563739182106;1.0735471160704435;0.43104629032878533
815392330#5;;0.02936340145642471;11.84516991539158;67.86904886459266;2936.9955521843367;0.12526563739182106;1.0735471160704435;0.43104629032878533
815392330#4;;0.3835885281691391;0.6165510571320916;37.03194280347124;0.0;0.0;0.6007265733431503;0.0015112240033561004
-27486971#0;;0.09186673199412053;20.284974484658665;67.06686550469416;7753.449214015813;0.12870488675900715;2.5892893175228577;0.6869219699372042
-27486971#0;;0.09186673199412053;20.284974484658665;67.06686550469416;7753.449214015813;0.12870488675900715;2.5892893175228577;0.6869219699372042
-27486971#0;;0.09186673199412053;20.284974484658665;67.06686550469416;7753.449214015813;0.12870488675900715;2.5892893175228577;0.6869219699372042
815392349#1;;0.01907668828691339;10.229549872888365;59.13260431457604;0.0;0.0;0.0;0.0
815392330#0;;0.12613521695257315;2.8538516918646506;55.9402874701336;1521.0;0.0;0.6117;0.0
815392330#5;;0.02936340145642471;11.836475335821934;68.80363475366866;4415.912053544685;0.24856358755279756;1.6223786855207296;0.48843423288738114
815392330#5;;0.02936340145642471;11.836475335821934;68.80363475366866;4415.912053544685;0.24856358755279756;1.6223786855207296;0.48843423288738114
815392330#4;;0.38360440744467444;0.6190896011724408;53.42420809097525;1123.3530306630744;0.0;0.6116661064826538;3.535568523812811e-05
-27486971#0;;0.09186673199412053;20.43426053055478;63.33385665024652;0.0;0.0;0.0;0.0
-27486971#0;;0.09186673199412053;20.43426053055478;63.33385665024652;0.0;0.0;0.0;0.0
-27486971#0;;0.09186673199412053;20.43426053055478;63.33385665024652;0.0;0.0;0.0;0.0
815392349#1;;0.01907668828691339;10.412424683723657;58.61863688796588;0.0;0.0;0.0;0.0
815392330#0;;0.12613521695257315;2.8538516918646506;55.9402874701336;1521.0;0.0;0.6117;0.0
815392330#5;;0.02936340145642471;11.827810701534126;68.54267739478976;5356.296133794915;0.22130123089212214;1.9737855973859693;0.8734910081284317
815392330#5;;0.02936340145642471;11.827810701534126;68.54267739478976;5356.296133794915;0.22130123089212214;1.9737855973859693;0.8734910081284317
815392330#4;;0.38360464304376307;0.6191495648011305;55.88109946658602;1511.6487089905988;0.0;0.6116999881723207;5.245708433035503e-07
-27486971#0;;0.09186673199412053;20.378782558237305;66.0081676097682;6478.22424978493;0.09056314467146999;2.2913024691442527;0.6723604392322015
-27486971#0;;0.09186673199412053;20.378782558237305;66.0081676097682;6478.22424978493;0.09056314467146999;2.2913024691442527;0.6723604392322015
-27486971#0;;0.09186673199412053;20.378782558237305;66.0081676097682;6478.22424978493;0.09056314467146999;2.2913024691442527;0.6723604392322015
815392349#1;;0.01907668828691339;10.601957059620323;58.086202371369566;0.0;0.0;0.0;0.0
815392330#0;;0.12613521695257315;2.8538516918646506;55.9402874701336;1521.0;0.0;0.6117;0.0
815392330#5;;0.02936340145642471;11.83573918513707;67.85451025870907;2553.448821278877;0.09641785216344047;0.9361349123906836;0.42167848206257785
815392330#5;;0.02936340145642471;11.83573918513707;67.85451025870907;2553.448821278877;0.09641785216344047;0.9361349123906836;0.42167848206257785
815392330#4;;0.38360464304376307;0.6191504679625629;55.939395965452725;1520.8591621631906;0.0;0.6117;0.0
-27486971#0;;0.09186673199412053;20.32429673033721;65.91233356365339;6386.273876557753;0.08239599362697586;2.2516943364343383;0.6716845198509703
-27486971#0;;0.09186673199412053;20.32429673033721;65.91233356365339;6386.273876557753;0.08239599362697586;2.2516943364343383;0.6716845198509703
-27486971#0;;0.09186673199412053;20.32429673033721;65.91233356365339;6386.273876557753;0.08239599362697586;2.2516943364343383;0.6716845198509703
815392349#1;;0.01907668828691339;10.79851729425429;57.53391971792301;0.0;0.0;0.0;0.0
815392330#0;;0.12613521695257315;2.8538516918646506;55.9402874701336;1521.0;0.0;0.6117;0.0
815392330#5;;0.02936340145642471;11.828497226030883;68.46136891192343;5174.000913756176;0.2068145157001714;1.9066479146980262;0.869053681325914
815392330#5;;0.02936340145642471;11.828497226030883;68.46136891192343;5174.000913756176;0.2068145157001714;1.9066479146980262;0.869053681325914
815392330#4;;0.38360464304376307;0.6191504679625629;55.9402874701336;1521.0;0.0;0.6117;0.0
-27486971#0;;0.09186673199412053;20.383523038142677;64.43987567003803;1614.0919898423585;0.008696270879872283;0.6142347579131419;0.23547335002986336
-27486971#0;;0.09186673199412053;20.383523038142677;64.43987567003803;1614.0919898423585;0.008696270879872283;0.6142347579131419;0.23547335002986336
-27486971#0;;0.09186673199412053;20.383523038142677;64.43987567003803;1614.0919898423585;0.008696270879872283;0.6142347579131419;0.23547335002986336
815392349#1;;0.01907668828691339;11.002503661017423;56.96025043786031;0.0;0.0;0.0;0.0
815392330#0;;0.12613521695257315;2.8538516918646506;55.9402874701336;1521.0;0.0;0.6117;0.0
815392330#5;;0.02936340145642471;11.830478708200253;68.16376342435075;3255.6729238409575;0.14916879969390057;1.187710299753047;0.4384919668100438
815392330#5;;0.02936340145642471;11.830478708200253;68.16376342435075;3255.6729238409575;0.14916879969390057;1.187710299753047;0.4384919668100438
815392330#4;;0.38360464304376307;0.6191504679625629;55.9402874701336;1521.0;0.0;0.6117;0.0
-27486971#0;;0.09186673199412053;20.357328905010732;65.69544440739803;4533.19096640138;0.06869246229741147;1.5870162864310857;0.4383001002307694
-27486971#0;;0.09186673199412053;20.357328905010732;65.69544440739803;4533.19096640138;0.06869246229741147;1.5870162864310857;0.4383001002307694
-27486971#0;;0.09186673199412053;20.357328905010732;65.69544440739803;4533.19096640138;0.06869246229741147;1.5870162864310857;0.4383001002307694
815392349#1;;0.01907668828691339;11.214345106615097;56.36347496227056;0.0;0.0;0.0;0.0
815392330#0;;0.12613521695257315;2.8538516918646506;55.9402874701336;1521.0;0.0;0.6117;0.0
815392330#5;;0.02936340145642471;11.838657749840763;67.78412525732199;3252.6420863265253;0.05806279266289542;1.207848488561592;0.8231745547493596
815392330#5;;0.02936340145642471;11.838657749840763;67.78412525732199;3252.6420863265253;0.05806279266289542;1.207848488561592;0.8231745547493596
815392330#4;;0.38360464304376307;0.6191504679625629;55.9402874701336;1521.0;0.0;0.6117;0.0
-27486971#0;;0.09186673199412053;20.409734735974414;64.70664782713493;3589.686550040361;0.03430366127424539;1.338420037309608;0.42120559616087344
-27486971#0;;0.09186673199412053;20.409734735974414;64.70664782713493;3589.686550040361;0.03430366127424539;1.338420037309608;0.42120559616087344
-27486971#0;;0.09186673199412053;20.409734735974414;64.70664782713493;3589.686550040361;0.03430366127424539;1.338420037309608;0.42120559616087344
815392349#1;;0.01907668828691339;11.4345042619468;55.74166486243708;0.0;0.0;0.0;0.0
815392330#0;;0.12613521695257315;2.8538516918646506;55.9402874701336;1521.0;0.0;0.6117;0.0
815392330#5;;0.02936340145642471;11.880142578756477;66.77768394244009;0.0;0.0;0.0;0.0
815392330#5;;0.02936340145642471;11.880142578756477;66.77768394244009;0.0;0.0;0.0;0.0
815392330#4;;0.38360464304376307;0.6191504679625629;55.9402874701336;1521.0;0.0;0.6117;0.0
-27486971#0;;0.09186673199412053;20.48060226624274;64.32572406482984;1755.7192309113777;0.01433456623799282;0.6532101171397673;0.23320869783883735
-27486971#0;;0.09186673199412053;20.48060226624274;64.32572406482984;1755.7192309113777;0.01433456623799282;0.6532101171397673;0.23320869783883735
-27486971#0;;0.09186673199412053;20.48060226624274;64.32572406482984;1755.7192309113777;0.01433456623799282;0.6532101171397673;0.23320869783883735
815392349#1;;0.01907668828691339;11.663480814744974;55.092650233449454;0.0;0.0;0.0;0.0
815392330#0;;0.12613521695257315;2.8538516918646506;55.9402874701336;1521.0;0.0;0.6117;0.0
815392330#5;;0.02936340145642471;11.847197421541358;69.7078615677677;8224.122852844755;0.433309929713379;2.996145004969248;0.9352835085624138
815392330#5;;0.02936340145642471;11.847197421541358;69.7078615677677;8224.122852844755;0.433309929713379;2.996145004969248;0.9352835085624138
815392330#4;;0.38360464304376307;0.6191504679625629;55.9402874701336;1521.0;0.0;0.6117;0.0
-27486971#0;;0.09186673199412053;20.313930384580683;67.82872210169681;8926.844323589858;0.1783480346377892;2.911418274679637;0.7009158964663511
-27486971#0;;0.09186673199412053;20.313930384580683;67.82872210169681;8926.844323589858;0.1783480346377892;2.911418274679637;0.7009158964663511
-27486971#0;;0.09186673199412053;20.313930384580683;67.82872210169681;8926.844323589858;0.1783480346377892;2.911418274679637;0.7009158964663511
815392349#1;;0.01907668828691339;11.901815295717922;54.41398154181262;0.0;0.0;0.0;0.0
815392330#0;;0.12613521695257315;2.8538516918646506;55.9402874701336;1521.0;0.0;0.6117;0.0
815392330#5;;0.02936340145642471;11.943799444983489;66.45861671909203;1498.3329910404477;0.017673963238481395;0.5590094395114201;0.39723353220310703
815392330#5;;0.02936340145642471;11.943799444983489;66.45861671909203;1498.3329910404477;0.017673963238481395;0.5590094395114201;0.39723353220310703
815392330#4;;0.38360464304376307;0.6191504679625629;55.9402874701336;1521.0;0.0;0.6117;0.0
-27486971#0;;0.09186673199412053;20.36498617002412;64.55982158229298;3281.732509847414;0.014902858074717674;1.2425304056659159;0.41791877467368566
-27486971#0;;0.09186673199412053;20.36498617002412;64.55982158229298;3281.732509847414;0.014902858074717674;1.2425304056659159;0.41791877467368566
-27486971#0;;0.09186673199412053;20.36498617002412;64.55982158229298;3281.732509847414;0.014902858074717674;1.2425304056659159;0.41791877467368566
815392349#1;;0.01907668828691339;12.150093338578166;53.70288535073036;0.0;0.0;0.0;0.0
815392330#0;;0.12613521695257315;2.8538516918646506;55.9402874701336;1521.0;0.0;0.6117;0.0
815392330#5;;0.02936340145642471;12.062299912898734;67.04582816044356;3073.680272355114;0.13525504038818434;1.1222057624099602;0.4335084573560919
815392330#5;;0.02936340145642471;12.062299912898734;67.04582816044356;3073.680272355114;0.13525504038818434;1.1222057624099602;0.4335084573560919
815392330#4;;0.38360464304376307;0.6191504679625629;55.9402874701336;1521.0;0.0;0.6117;0.0
-27486971#0;;0.09186673199412053;20.470284930413396;64.61866944270098;2624.6486419443863;0.051152684701792184;0.8915548943385423;0.24524235533855224
-27486971#0;;0.09186673199412053;20.470284930413396;64.61866944270098;2624.6486419443863;0.051152684701792184;0.8915548943385423;0.24524235533855224
-27486971#0;;0.09186673199412053;20.470284930413396;64.61866944270098;2624.6486419443863;0.051152684701792184;0.8915548943385423;0.24524235533855224
815392349#1;;0.01907668828691339;12.404919473917788;52.98053120479996;0.0;0.0;0.0;0.0
815392330#0;;0.12613521695257315;2.8538516918646506;55.9402874701336;1521.0;0.0;0.6117;0.0
815392330#5;;0.02936340145642471;12.215317427472877;65.39889122522685;0.0;0.0;0.0;0.0
815392330#5;;0.02936340145642471;12.215317427472877;65.39889122522685;0.0;0.0;0.0;0.0
815392330#4;;0.38360464304376307;0.6191504679625629;55.9402874701336;1521.0;0.0;0.6117;0.0
-27486971#0;;0.09186673199412053;20.46316538014086;66.12802207763784;5384.348691316393;0.10470928026466664;1.8212284725220775;0.44647204703855026
-27486971#0;;0.09186673199412053;20.46316538014086;66.12802207763784;5384.348691316393;0.10470928026466664;1.8212284725220775;0.44647204703855026
-27486971#0;;0.09186673199412053;20.46316538014086;66.12802207763784;5384.348691316393;0.10470928026466664;1.8212284725220775;0.44647204703855026
815392349#1;;0.01907668828691339;12.67486922373968;52.18268729289165;0.0;0.0;0.0;0.0
815392330#0;;0.12613521695257315;2.8538516918646506;55.9402874701336;1521.0;0.0;0.6117;0.0
815392330#5;;0.02936340145642471;12.351223936728449;66.07238746353458;1753.0123773051787;0.036345521830538234;0.6501290036900964;0.4010952043822119
815392330#5;;0.02936340145642471;12.351223936728449;66.07238746353458;1753.0123773051787;0.036345521830538234;0.6501290036900964;0.4010952043822119
815392330#4;;0.38360464304376307;0.6191504679625629;55.9402874701336;1521.0;0.0;0.6117;0.0
-27486971#0;;0.09186673199412053;20.37088170794436;66.53023489784464;7146.942577534083;0.10565132619556714;2.432036072406494;0.6771584198906301
-27486971#0;;0.09186673199412053;20.37088170794436;66.53023489784464;7146.942577534083;0.10565132619556714;2.432036072406494;0.6771584198906301
-27486971#0;;0.09186673199412053;20.37088170794436;66.53023489784464;7146.942577534083;0.10565132619556714;2.432036072406494;0.6771584198906301
815392349#1;;0.01907668828691339;12.947058080684569;51.42188454518834;0.0;0.0;0.0;0.0
815392330#0;;0.12613521695257315;2.8538516918646506;55.9402874701336;1521.0;0.0;0.6117;0.0
815392330#5;;0.02936340145642471;12.452357327935994;68.7846855843513;5852.913593059223;0.34312705892544076;2.1171544815192167;0.4967906702742724
815392330#5;;0.02936340145642471;12.452357327935994;68.7846855843513;5852.913593059223;0.34312705892544076;2.1171544815192167;0.4967906702742724
815392330#4;;0.38360464304376307;0.6191504679625629;55.9402874701336;1521.0;0.0;0.6117;0.0
-27486971#0;;0.09186673199412053;20.44767349160323;65.21854265157879;3261.2771968399584;0.07788642105956985;1.065768794344359;0.2529132871808721
-27486971#0;;0.09186673199412053;20.44767349160323;65.21854265157879;3261.2771968399584;0.07788642105956985;1.065768794344359;0.2529132871808721
-27486971#0;;0.09186673199412053;20.44767349160323;65.21854265157879;3261.2771968399584;0.07788642105956985;1.065768794344359;0.2529132871808721
815392349#1;;0.01907668828691339;13.241398874792356;50.50877338031989;0.0;0.0;0.0;0.0
815392330#0;;0.12613521695257315;2.8538516918646506;55.9402874701336;1521.0;0.0;0.6117;0.0
815392330#5;;0.02936340145642471;12.622999489361517;64.70885018419426;0.0;0.0;0.0;0.0
815392330#5;;0.02936340145642471;12.622999489361517;64.70885018419426;0.0;0.0;0.0;0.0
815392330#4;;0.38360464304376307;0.6191504679625629;55.9402874701336;1521.0;0.0;0.6117;0.0
-27486971#0;;0.09186673199412053;20.427225930457944;66.06019741166972;5229.202042212439;0.098266078398293;1.7787185826577825;0.4454377695259212
-27486971#0;;0.09186673199412053;20.427225930457944;66.06019741166972;5229.202042212439;0.098266078398293;1.7787185826577825;0.4454377695259212
-27486971#0;;0.09186673199412053;20.427225930457944;66.06019741166972;5229.202042212439;0.098266078398293;1.7787185826577825;0.4454377695259212
815392349#1;;0.01907668828691339;13.549434198085258;49.581594689701944;0.0;0.0;0.0;0.0
815392330#0;;0.12613521695257315;2.8538516918646506;55.9402874701336;1521.0;0.0;0.6117;0.0
815392330#5;;0.02936340145642471;12.743681894182581;67.3379113599671;4284.728830924987;0.22531299971605848;1.5548860051668443;0.4602141032519272
815392330#5;;0.02936340145642471;12.743681894182581;67.3379113599671;4284.728830924987;0.22531299971605848;1.5548860051668443;0.4602141032519272
815392330#4;;0.38360464304376307;0.6191504679625629;55.9402874701336;1521.0;0.0;0.6117;0.0
-27486971#0;;0.09186673199412053;20.42927301139943;65.42052693665386;4258.907864753257;0.044759979740728026;1.4742902883020554;0.42435085897831726
-27486971#0;;0.09186673199412053;20.42927301139943;65.42052693665386;4258.907864753257;0.044759979740728026;1.4742902883020554;0.42435085897831726
-27486971#0;;0.09186673199412053;20.42927301139943;65.42052693665386;4258.907864753257;0.044759979740728026;1.4742902883020554;0.42435085897831726
815392349#1;;0.01907668828691339;13.868147655841469;48.6300950054493;0.0;0.0;0.0;0.0
815392330#0;;0.12613521695257315;2.8538516918646506;55.9402874701336;1521.0;0.0;0.6117;0.0
815392330#5;;0.02936340145642471;12.879803645909176;66.33648700360592;2961.242076544843;0.12700075962804108;1.0821406262376043;0.4313690396387761
815392330#5;;0.02936340145642471;12.879803645909176;66.33648700360592;2961.242076544843;0.12700075962804108;1.0821406262376043;0.4313690396387761
815392330#4;;0.38360464304376307;0.6191504679625629;55.9402874701336;1521.0;0.0;0.6117;0.0
-27486971#0;;0.09186673199412053;20.376835010722708;66.82440118314179;6146.214210324375;0.14112577772061982;2.030761676600662;0.5059074982116386
-27486971#0;;0.09186673199412053;20.376835010722708;66.82440118314179;6146.214210324375;0.14112577772061982;2.030761676600662;0.5059074982116386
-27486971#0;;0.09186673199412053;20.376835010722708;66.82440118314179;6146.214210324375;0.14112577772061982;2.030761676600662;0.5059074982116386
815392349#1;;0.01907668828691339;14.206405723387553;47.5586779013406;0.0;0.0;0.0;0.0
815392330#0;;0.12613521695257315;2.8538516918646506;55.9402874701336;1521.0;0.0;0.6117;0.0
815392330#5;;0.02936340145642471;13.02807788538107;65.69518256638274;2047.9384551644346;0.05882506485782591;0.7554075529560988;0.4107963917363281
815392330#5;;0.02936340145642471;13.02807788538107;65.69518256638274;2047.9384551644346;0.05882506485782591;0.7554075529560988;0.4107963917363281
815392330#4;;0.38360464304376307;0.6191504679625629;55.9402874701336;1521.0;0.0;0.6117;0.0
-27486971#0;;0.09186673199412053;20.363378816010144;66.13522078573743;3588.2203570046595;0.069227167826609;1.0952849176261648;0.20558308817275284
-27486971#0;;0.09186673199412053;20.363378816010144;66.13522078573743;3588.2203570046595;0.069227167826609;1.0952849176261648;0.20558308817275284
-27486971#0;;0.09186673199412053;20.363378816010144;66.13522078573743;3588.2203570046595;0.069227167826609;1.0952849176261648;0.20558308817275284
815392349#1;;0.01907668828691339;14.561577235720204;46.438281962027546;0.0;0.0;0.0;0.0
815392330#0;;0.12613521695257315;2.8538516918646506;55.9402874701336;1521.0;0.0;0.6117;0.0
815392330#5;;0.02936340145642471;13.204434019385356;64.46833576924563;0.0;0.0;0.0;0.0
815392330#5;;0.02936340145642471;13.204434019385356;64.46833576924563;0.0;0.0;0.0;0.0
815392330#4;;0.38360464304376307;0.6191504679625629;55.9402874701336;1521.0;0.0;0.6117;0.0
-27486971#0;;0.09186673199412053;20.365093211497065;66.28075055501515;5987.7511602501945;0.1352756933133638;1.9896019377943737;0.5049312205663083
-27486971#0;;0.09186673199412053;20.365093211497065;66.28075055501515;5987.7511602501945;0.1352756933133638;1.9896019377943737;0.5049312205663083
-27486971#0;;0.09186673199412053;20.365093211497065;66.28075055501515;5987.7511602501945;0.1352756933133638;1.9896019377943737;0.5049312205663083
815392349#1;;0.01907668828691339;14.934963269769916;45.241550060430214;0.0;0.0;0.0;0.0
815392330#0;;0.12613521695257315;2.8538516918646506;55.9402874701336;1521.0;0.0;0.6117;0.0
815392330#5;;0.02936340145642471;13.334126061147341;67.26267818977365;4519.759895900747;0.24329905601274882;1.6396535968848183;0.4663542141710974
815392330#5;;0.02936340145642471;13.334126061147341;67.26267818977365;4519.759895900747;0.24329905601274882;1.6396535968848183;0.4663542141710974
815392330#4;;0.38360464304376307;0.6191504679625629;55.9402874701336;1521.0;0.0;0.6117;0.0
-27486971#0;;0.09186673199412053;20.377326565700326;65.4481814990523;3025.1443603571324;0.05052450945915741;0.9574619820750784;0.19869688911473413
-27486971#0;;0.09186673199412053;20.377326565700326;65.4481814990523;3025.1443603571324;0.05052450945915741;0.9574619820750784;0.19869688911473413
-27486971#0;;0.09186673199412053;20.377326565700326;65.4481814990523;3025.1443603571324;0.05052450945915741;0.9574619820750784;0.19869688911473413
815392349#1;;0.01907668828691339;15.328001862548465;43.96567696644336;0.0;0.0;0.0;0.0
815392330#0;;0.12613521695257315;2.8538516918646506;55.9402874701336;1521.0;0.0;0.6117;0.0
815392330#5;;0.02936340145642471;13.522516046940538;64.12142244236938;0.0;0.0;0.0;0.0
815392330#5;;0.02936340145642471;13.522516046940538;64.12142244236938;0.0;0.0;0.0;0.0
815392330#4;;0.38360464304376307;0.6191504679625629;55.9402874701336;1521.0;0.0;0.6117;0.0
-27486971#0;;0.09186673199412053;20.456891033985244;64.21219071037397;1486.0715992540488;0.003015507545855438;0.5793716082454642;0.2301718938052236
-27486971#0;;0.09186673199412053;20.456891033985244;64.21219071037397;1486.0715992540488;0.003015507545855438;0.5793716082454642;0.2301718938052236
-27486971#0;;0.09186673199412053;20.456891033985244;64.21219071037397;1486.0715992540488;0.003015507545855438;0.5793716082454642;0.2301718938052236
815392349#1;;0.01907668828691339;15.742286519908511;42.61440730404569;0.0;0.0;0.0;0.0
815392330#0;;0.12613521695257315;2.8538516918646506;55.9402874701336;1521.0;0.0;0.6117;0.0
815392330#5;;0.02936340145642471;13.660525084434465;67.00016269976112;4339.273038407231;0.22955047265135448;1.5746534406854478;0.4617681578091641
815392330#5;;0.02936340145642471;13.660525084434465;67.00016269976112;4339.273038407231;0.22955047265135448;1.5746534406854478;0.4617681578091641
815392330#4;;0.38360464304376307;0.6191504679625629;55.9402874701336;1521.0;0.0;0.6117;0.0
-27486971#0;;0.09186673199412053;20.382700855843396;66.73985984538608;6232.427670598602;0.13178889615550726;2.0249605240933075;0.4569496863721316
-27486971#0;;0.09186673199412053;20.382700855843396;66.73985984538608;6232.427670598602;0.13178889615550726;2.0249605240933075;0.4569496863721316
-27486971#0;;0.09186673199412053;20.382700855843396;66.73985984538608;6232.427670598602;0.13178889615550726;2.0249605240933075;0.4569496863721316
815392349#1;;0.01907668828691339;16.179587810206215;41.20553481140892;0.0;0.0;0.0;0.0
815392330#0;;0.12613521695257315;2.8538516918646506;55.9402874701336;1521.0;0.0;0.6117;0.0
815392330#5;;0.02936340145642471;13.86038268966888;63.845754148432505;0.0;0.0;0.0;0.0
815392330#5;;0.02936340145642471;13.86038268966888;63.845754148432505;0.0;0.0;0.0;0.0
815392330#4;;0.38360464304376307;0.6191504679625629;55.9402874701336;1521.0;0.0;0.6117;0.0
-27486971#0;;0.09186673199412053;20.443927345566816;64.53267635174916;3191.815853311665;0.018876010033614346;1.217826825235535;0.4655503581571424
-27486971#0;;0.09186673199412053;20.443927345566816;64.53267635174916;3191.815853311665;0.018876010033614346;1.217826825235535;0.4655503581571424
-27486971#0;;0.09186673199412053;20.443927345566816;64.53267635174916;3191.815853311665;0.018876010033614346;1.217826825235535;0.4655503581571424
815392349#1;;0.01907668828691339;16.619167589743242;40.35175127900904;0.0;0.0;0.0;0.0
815392330#0;;0.12613521695257315;2.8538516918646506;55.9402874701336;1521.0;0.0;0.6117;0.0
815392330#5;;0.02936340145642471;14.02811981951004;65.38788521093453;2389.6558340011525;0.0835696846043648;0.8771452265478873;0.4154901201384261
815392330#5;;0.02936340145642471;14.02811981951004;65.38788521093453;2389.6558340011525;0.0835696846043648;0.8771452265478873;0.4154901201384261
815392330#4;;0.38360464304376307;0.6191504679625629;55.9402874701336;1521.0;0.0;0.6117;0.0
-27486971#0;;0.09186673199412053;20.348999270374048;66.88603490773227;7445.6254741311495;0.13156387503455808;2.5565229143383976;0.6857028626424928
-27486971#0;;0.09186673199412053;20.348999270374048;66.88603490773227;7445.6254741311495;0.13156387503455808;2.5565229143383976;0.6857028626424928
-27486971#0;;0.09186673199412053;20.348999270374048;66.88603490773227;7445.6254741311495;0.13156387503455808;2.5565229143383976;0.6857028626424928
815392349#1;;0.01907668828691339;17.07332916990469;39.49855856385174;0.0;0.0;0.0;0.0
815392330#0;;0.12613521695257315;2.8538516918646506;55.9402874701336;1521.0;0.0;0.6117;0.0
815392330#5;;0.02936340145642471;14.16415867453088;67.83637453804074;5394.431147403157;0.30869346926509056;1.952751762129041;0.48619227422620737
815392330#5;;0.02936340145642471;14.16415867453088;67.83637453804074;5394.431147403157;0.30869346926509056;1.952751762129041;0.48619227422620737
815392330#4;;0.38360464304376307;0.6191504679625629;55.9402874701336;1521.0;0.0;0.6117;0.0
-27486971#0;;0.09186673199412053;20.434608904259886;64.58692775542143;2465.527151131955;0.032526949555592946;0.8222502301578776;0.19315889317685314
-27486971#0;;0.09186673199412053;20.434608904259886;64.58692775542143;2465.527151131955;0.032526949555592946;0.8222502301578776;0.19315889317685314
-27486971#0;;0.09186673199412053;20.434608904259886;64.58692775542143;2465.527151131955;0.032526949555592946;0.8222502301578776;0.19315889317685314
815392349#1;;0.01907668828691339;17.568824087114958;38.07369759845578;0.0;0.0;0.0;0.0
815392330#0;;0.12613521695257315;2.8538516918646506;55.9402874701336;1521.0;0.0;0.6117;0.0
815392330#5;;0.02936340145642471;14.359062734278659;64.28892028539514;0.0;0.0;0.0;0.0
815392330#5;;0.02936340145642471;14.359062734278659;64.28892028539514;0.0;0.0;0.0;0.0
815392330#4;;0.38360464304376307;0.6191504679625629;55.9402874701336;1521.0;0.0;0.6117;0.0
-27486971#0;;0.09186673199412053;20.264907017727595;67.6783067287656;9175.79397996695;0.19784075403361345;3.008202538235744;0.708410668648991
-27486971#0;;0.09186673199412053;20.264907017727595;67.6783067287656;9175.79397996695;0.19784075403361345;3.008202538235744;0.708410668648991
-27486971#0;;0.09186673199412053;20.264907017727595;67.6783067287656;9175.79397996695;0.19784075403361345;3.008202538235744;0.708410668648991
815392349#1;;0.01907668828691339;18.10020276331466;37.138321672165176;0.0;0.0;0.0;0.0
815392330#0;;0.12613521695257315;2.8538516918646506;55.9402874701336;1521.0;0.0;0.6117;0.0
815392330#5;;0.02936340145642471;14.564925947513919;64.05459932145837;0.0;0.0;0.0;0.0
815392330#5;;0.02936340145642471;14.564925947513919;64.05459932145837;0.0;0.0;0.0;0.0
815392330#4;;0.38360464304376307;0.6191504679625629;55.9402874701336;1521.0;0.0;0.6117;0.0
-27486971#0;;0.09186673199412053;20.42418922472639;63.25313125086488;0.0;0.0;0.0;0.0
-27486971#0;;0.09186673199412053;20.42418922472639;63.25313125086488;0.0;0.0;0.0;0.0
-27486971#0;;0.09186673199412053;20.42418922472639;63.25313125086488;0.0;0.0;0.0;0.0
815392349#1;;0.01907668828691339;18.609574904338423;38.58696837197786;0.0;0.0;0.577904093696348;0.004977073711929484
815392330#0;;0.12613521695257315;2.8538516918646506;55.9402874701336;1521.0;0.0;0.6117;0.0
815392330#5;;0.02936340145642471;14.745147196891438;65.49517830863236;2785.792601257319;0.11318282290798853;1.0186556090737282;0.4251195467914099
815392330#5;;0.02936340145642471;14.745147196891438;65.49517830863236;2785.792601257319;0.11318282290798853;1.0186556090737282;0.4251195467914099
815392330#4;;0.38360464304376307;0.6191504679625629;55.9402874701336;1521.0;0.0;0.6117;0.0
-27486971#0;;0.09186673199412053;20.337165501645718;66.51182565285158;7075.818504976071;0.1058886757485413;2.4213785950460553;0.6781767521557249
-27486971#0;;0.09186673199412053;20.337165501645718;66.51182565285158;7075.818504976071;0.1058886757485413;2.4213785950460553;0.6781767521557249
-27486971#0;;0.09186673199412053;20.337165501645718;66.51182565285158;7075.818504976071;0.1058886757485413;2.4213785950460553;0.6781767521557249
815392349#1;;0.01907668828691339;18.861682577863252;47.65951627777496;211.09137436606673;0.0;0.6112181362152425;0.00015265617328570023
815392330#0;;0.12613521695257315;2.8538516918646506;55.9402874701336;1521.0;0.0;0.6117;0.0
815392330#5;;0.02936340145642471;14.912568077213963;66.54634459024953;4100.714698267889;0.21186200041433922;1.489502139818527;0.45660605652485814
815392330#5;;0.02936340145642471;14.912568077213963;66.54634459024953;4100.714698267889;0.21186200041433922;1.489502139818527;0.45660605652485814
815392330#4;;0.38360464304376307;0.6191504679625629;55.9402874701336;1521.0;0.0;0.6117;0.0
-27486971#0;;0.09186673199412053;20.36476972954113;64.81219255578918;4491.692175517591;0.010878655507946639;1.7554028257091643;0.6483592846843621
-27486971#0;;0.09186673199412053;20.36476972954113;64.81219255578918;4491.692175517591;0.010878655507946639;1.7554028257091643;0.6483592846843621
-27486971#0;;0.09186673199412053;20.36476972954113;64.81219255578918;4491.692175517591;0.010878655507946639;1.7554028257091643;0.6483592846843621
815392349#1;;0.01907668828691339;18.86946720181047;55.68810716628417;1481.1528227476729;0.0;0.6116995912665465;4.2541597489962395e-06
815392330#0;;0.12613521695257315;2.8538516918646506;55.9402874701336;1521.0;0.0;0.6117;0.0
815392330#5;;0.02936340145642471;15.140809939115135;63.71693297252011;0.0;0.0;0.0;0.0
815392330#5;;0.02936340145642471;15.140809939115135;63.71693297252011;0.0;0.0;0.0;0.0
815392330#4;;0.38360464304376307;0.6191504679625629;55.9402874701336;1521.0;0.0;0.6117;0.0
-27486971#0;;0.09186673199412053;20.429607941649554;65.05504527871527;4068.7041882628187;0.05874060088864862;1.4615318075465606;0.4779583055411151
-27486971#0;;0.09186673199412053;20.429607941649554;65.05504527871527;4068.7041882628187;0.05874060088864862;1.4615318075465606;0.4779583055411151
-27486971#0;;0.09186673199412053;20.429607941649554;65.05504527871527;4068.7041882628187;0.05874060088864862;1.4615318075465606;0.4779583055411151
815392349#1;;0.01907668828691339;18.86969042476602;55.933057557792324;1519.8578352551401;0.0;0.6117;0.0
815392330#0;;0.12613521695257315;2.8538516918646506;55.9402874701336;1521.0;0.0;0.6117;0.0
815392330#5;;0.02936340145642471;15.025784966879195;69.68799550963708;8964.411130046696;0.3091696582275307;2.8442743659072116;0.6407101638645791
815392330#5;;0.02936340145642471;15.025784966879195;69.68799550963708;8964.411130046696;0.3091696582275307;2.8442743659072116;0.6407101638645791
815392330#4;;0.3866187868614313;0.6078075121711805;67.44231276292624;3416.485258103747;0.0002097303894398787;0.6413308551839015;0.00678252072062158
-27486971#0;;0.09186673199412053;20.32224600658318;66.72119730006777;7547.465791495706;0.12382337850970432;2.545455137585238;0.6842350557082543
-27486971#0;;0.09186673199412053;20.32224600658318;66.72119730006777;7547.465791495706;0.12382337850970432;2.545455137585238;0.6842350557082543
-27486971#0;;0.09186673199412053;20.32224600658318;66.72119730006777;7547.465791495706;0.12382337850970432;2.545455137585238;0.6842350557082543
815392349#1;;0.01907668828691339;18.537060160892224;66.99976560934617;3340.2198717239553;0.00018644190765414653;0.6390777192001287;0.006516677330908216
815392330#0;;0.12613521695257315;2.80242535112117;67.25036377650324;3383.373159158056;0.00019940477111293748;0.6403424782583835;0.006667144105151595
815392349#0;;0.04037467700258398;8.915766738660906;55.9402874701336;1521.0;0.0;0.6117;0.0
815392330#5;;0.02936340145642471;14.94927342860589;70.53775172129356;5793.029368236388;0.11803063746739897;1.5534478530695766;0.1972770127616755
815392330#5;;0.02936340145642471;14.94927342860589;70.53775172129356;5793.029368236388;0.11803063746739897;1.5534478530695766;0.1972770127616755
815392330#4;;0.3926473903832948;0.5968715642038086;67.54076355112456;3511.5840609546003;0.000840582934623255;0.6719266138617896;0.013709016517354303
-27486971#0;;0.06124448799608035;18.975671355629046;63.43954026680443;3014.888057780081;0.008863916807315818;1.1701015882748393;0.46528927560053557
-27486971#0;;0.06124448799608035;18.975671355629046;63.43954026680443;3014.888057780081;0.008863916807315818;1.1701015882748393;0.46528927560053557
815392349#1;;0.01907668828691339;18.21738102949012;67.04321919687614;3419.0379675987847;0.0007403553775542325;0.6669242463553181;0.013129905219855867
815392330#0;;0.12613521695257315;2.7559578561746823;66.61834983051972;3344.3783499351844;0.0007003924522723945;0.664345680803653;0.01301447518285466
815392349#0;;0.04037467700258398;8.754061194340366;67.32519130222515;3396.275245254284;0.0002033887056449603;0.6407257526350036;0.006712108429772931
815392330#5;;0.02936340145642471;14.880498913109797;67.99287162381137;6662.653177360198;0.1786162019102942;2.1432235561505832;0.6103489992030251
815392330#5;;0.02936340145642471;14.880498913109797;67.99287162381137;6662.653177360198;0.1786162019102942;2.1432235561505832;0.6103489992030251
815392330#4;;0.4016606383683122;0.5864247047647013;67.5249827048769;3586.24004275315;0.0018636961363543818;0.7022594274349281;0.020703146205666503
-27486971#0;;0.06124448799608035;18.98988086639934;63.59523131420459;3191.852167002504;0.019977391964261296;1.2183059028524155;0.4671384584916882
-27486971#0;;0.06124448799608035;18.98988086639934;63.59523131420459;3191.852167002504;0.019977391964261296;1.2183059028524155;0.4671384584916882
815392349#1;;0.01907668828691339;17.902617936788673;67.3518365727525;3547.432335567134;0.001720763395324418;0.6979588667171487;0.020012824758224305
815392330#0;;0.12613521695257315;2.7123875019738226;66.37803582168155;3364.2867434126665;0.001465573220353311;0.6876513858474347;0.019261123042513043
815392349#0;;0.04037467700258398;8.603112117712827;67.05033484451474;3422.4098660155296;0.000762987636629921;0.667797208952346;0.013330045709397834
815392330#5;;0.02936340145642471;14.794342903199407;68.69693104584067;7943.775244398669;0.2681528164088384;2.5848188210967153;0.6428667540971599
815392330#5;;0.02936340145642471;14.794342903199407;68.69693104584067;7943.775244398669;0.2681528164088384;2.5848188210967153;0.6428667540971599
815392330#4;;0.41368321763015425;0.5762552618961013;67.71697424441979;3700.241003533924;0.0033491279670324267;0.7354085026469339;0.027907984990256707
-27486971#0;;0.06124448799608035;19.097827008834205;62.284143616504686;0.0;0.0;0.0;0.0
-27486971#0;;0.06124448799608035;19.097827008834205;62.284143616504686;0.0;0.0;0.0;0.0
815392349#1;;0.01907668828691339;17.642289607152907;65.80959728736845;3321.3448980195585;0.0024441113995025193;0.7078305017478611;0.02586895950709793
815392330#0;;0.12613521695257315;2.6668511999188147;67.2865990729486;3601.014249869674;0.0028650617879543107;0.7236609641955878;0.026194898580474753
815392349#0;;0.04037467700258398;8.467967519002404;66.32408728076051;3357.221965327089;0.0014982975863550034;0.6883190595407745;0.019534102165683843
815392330#5;;0.02936340145642471;14.73059376473173;70.26205677739236;5835.151206321955;0.1334996578334096;1.612254425064273;0.21639094641043913
815392330#5;;0.02936340145642471;14.73059376473173;70.26205677739236;5835.151206321955;0.1334996578334096;1.612254425064273;0.21639094641043913
815392330#4;;0.4286749807777595;0.5665613527452057;67.66312322486391;3767.0865737892314;0.005147714217562872;0.7662370831759545;0.03513282731660076
-27486971#0;;0.06124448799608035;18.91312426389922;66.97137090553183;6973.518947607695;0.1780991391148937;2.2633874264870713;0.5180606791165483
-27486971#0;;0.06124448799608035;18.91312426389922;66.97137090553183;6973.518947607695;0.1780991391148937;2.2633874264870713;0.5180606791165483
815392349#1;;0.01907668828691339;17.361080270155327;66.98433362958517;3609.5871252509346;0.004251294706879771;0.747378038096778;0.032707011127497534
815392330#0;;0.12613521695257315;2.6288846212300796;65.83492045331445;3380.38445160521;0.0036814010024813384;0.7307743174776311;0.03205498714779378
815392349#0;;0.04037467700258398;8.337373473845506;66.38229025228041;3428.202052398436;0.0025757343317305307;0.7133244021335288;0.025836765359603026
815392330#5;;0.02936340145642471;14.577132005892762;71.94359490167646;12100.030395740021;0.5106423264868383;3.8893158431350825;0.7300515421101708
815392330#5;;0.02936340145642471;14.577132005892762;71.94359490167646;12100.030395740021;0.5106423264868383;3.8893158431350825;0.7300515421101708
815392330#4;;0.4465844275207714;0.5573481275545706;67.56541691813426;3822.115712301357;0.007232778501817431;0.7958167718959793;0.04234328821322687
-27486971#0;;0.06124448799608035;19.05033719013323;61.920659678995904;0.0;0.0;0.0;0.0
-27486971#0;;0.06124448799608035;19.05033719013323;61.920659678995904;0.0;0.0;0.0;0.0
815392349#1;;0.01907668828691339;17.08985317943313;67.03116995386345;3685.8312466788884;0.006091215236987908;0.7759238265237864;0.039541578023726515
815392330#0;;0.12613521695257315;2.590606730595196;66.27861788871917;3523.9057908448362;0.005394951217401433;0.7603988753720361;0.03840963560441683
815392349#0;;0.04037467700258398;8.222186795451025;65.53903018508035;3318.7408206733608;0.003468085878031643;0.7253664272089928;0.03154699918397624
:13234245492_0;;0.428966103887176;0.025809818884303126;67.06394903540325;5003.8354491367445;0.11763457952809263;1.446526242340331;0.22332131910031094
815392330#5;;0.028683222644764285;12.115061316620567;63.239047163321246;0.0;0.0;0.0;0.0
815392330#4;;0.4673596730877203;0.5485858531349709;67.4653333404014;3873.140588774096;0.009578258201762904;0.8245232736431797;0.049529780990898185
-27486971#0;;0.06124448799608035;18.923342419931387;65.78509146306662;5872.715584214589;0.13020185303293158;1.9574160250952493;0.503375833574142
-27486971#0;;0.06124448799608035;18.923342419931387;65.78509146306662;5872.715584214589;0.13020185303293158;1.9574160250952493;0.503375833574142
815392349#1;;0.01907668828691339;16.88313240603981;64.82633186816193;3276.173551564757;0.006122352641800368;0.7587811831377241;0.044482841697028694
815392330#0;;0.12613521695257315;2.5558412445263534;65.7150911393034;3458.902226761326;0.006652790370706425;0.7730789292921426;0.04425358890121932
815392349#0;;0.04037467700258398;8.119887902136087;64.8063055090869;3215.8983702066193;0.00428143360599462;0.7335204533051255;0.03676314137736928
815392330#6;;0.012415792957383924;2.6197840356544764;69.1688465156223;5949.030974126822;0.15542678404118554;1.698411117621595;0.24109562618160224
815392330#5;;0.026550143159213592;12.086637500488083;66.57777367591999;4267.580594039315;0.22435163910985062;1.5492451894329404;0.46044049970845535
815392330#4;;0.49105478311207024;0.5399371595059318;67.76842052645277;4013.052352547487;0.012714128757618029;0.8626173129190869;0.05709143935628259
-27486971#0;;0.06124448799608035;18.93103566147892;63.681125108197776;3318.880704368973;0.021187097500080118;1.2537425633601091;0.47034921400982355
-27486971#0;;0.06124448799608035;18.93103566147892;63.681125108197776;3318.880704368973;0.021187097500080118;1.2537425633601091;0.47034921400982355
815392349#1;;0.01907668828691339;16.638607703450408;66.69020999122327;3726.894178606628;0.009650937764269408;0.8180077486628725;0.05154887008949554
815392330#0;;0.12613521695257315;2.5239743842663525;65.25071294819;3404.3365053266434;0.007884630938015499;0.7838661851971809;0.04977574392161918
815392349#0;;0.04037467700258398;7.994659630224894;67.06012726566668;3734.6068918297833;0.007441703598409202;0.7944917295408459;0.043985814554232554
815392330#6;;0.025930924801707694;2.592131753979522;68.99455391072314;5931.18524368811;0.16113715440181742;1.713289297959986;0.24904080009669466
815392330#5;;0.02449177081365235;16.777060166907283;68.7848314981583;6541.080366946178;0.13161103899472448;1.8888731316806138;0.4920199119158135
815392330#5;;0.02449177081365235;16.777060166907283;68.7848314981583;6541.080366946178;0.13161103899472448;1.8888731316806138;0.4920199119158135
-27486971#0;;0.06124448799608035;19.015653862468906;62.95059836661401;1983.255961680408;0.024126953527602125;0.7157347370836881;0.23757158474057882
-27486971#0;;0.06124448799608035;19.015653862468906;62.95059836661401;1983.255961680408;0.024126953527602125;0.7157347370836881;0.23757158474057882
:11876407430_0;;0.11577794632638454;0.03754471664355299;66.79245596874566;3809.609199503264;0.012199017485937606;0.8466651496451678;0.058339215432563325
:705679202_0;;0.06688329658227923;0.04771890001021777;66.45413500381497;3719.8793549138995;0.011208958217204957;0.8326587117073685;0.056607111112042405
815392349#0;;0.04037467700258398;7.902661609712521;64.55639901184409;3248.0074400286057;0.006993231795582134;0.7669247696470545;0.04859329591648476
815392330#6;;0.03986286094399828;2.564425403017056;69.32901073301463;6138.23410192082;0.17533675143781763;1.7862022477265012;0.25970071874822637
815392330#5;;0.02293713742234145;16.71115470202961;67.2296604796924;3398.2297633566723;0.0128494478289893;0.8275493093030817;0.06740843172061463
815392330#5;;0.02293713742234145;16.71115470202961;67.2296604796924;3398.2297633566723;0.0128494478289893;0.8275493093030817;0.06740843172061463
-27486971#0;;0.06124448799608035;19.014391789801778;64.80416270544218;3440.0934224913044;0.08747333178013514;1.119617858100191;0.26012374110254916
-27486971#0;;0.06124448799608035;19.014391789801778;64.80416270544218;3440.0934224913044;0.08747333178013514;1.119617858100191;0.26012374110254916
:11876407430_0;;0.4997185563644206;0.037051574839429564;66.18645591339002;3724.849095326374;0.013828222896863952;0.8557448225547659;0.06444934664341041
:705679202_0;;0.3689537705609834;0.0469549249213553;68.22314547855954;4194.608547652651;0.016674038820503202;0.9077200480775959;0.06509728619403508
815392349#0;;0.04037467700258398;7.782373963714919;67.37152581964777;3920.390669533924;0.01209005726144799;0.8517694779577205;0.05651049801488515
815392330#6;;0.0542245449228579;2.5364720537376795;69.74605306445301;6390.847643513403;0.19210441433929254;1.873158875447408;0.271344159687396
815392330#5;;0.021361653250868425;16.632540897988235;67.32237588934574;4684.088405222182;0.020134159260211754;1.336035537422204;0.4652522640974791
815392330#5;;0.021361653250868425;16.632540897988235;67.32237588934574;4684.088405222182;0.020134159260211754;1.336035537422204;0.4652522640974791
-27486971#0;;0.06124448799608035;18.940230192074907;65.0639006442145;4863.475199926376;0.08651533549357775;1.6776239114409897;0.48979057979409424
-27486971#0;;0.06124448799608035;18.940230192074907;65.0639006442145;4863.475199926376;0.08651533549357775;1.6776239114409897;0.48979057979409424
815392349#2;;0.0006264502736378413;24.213942573922736;64.91446929025555;3465.1922497142646;0.0138474901247083;0.8395479444783481;0.06927321818074046
815392330#1;;0.0010373092973783992;9.03703947990072;67.47826187358635;4090.0585861754594;0.018896533972441044;0.9187197065103958;0.07211965603563544
815392349#0;;0.04037467700258398;7.6805234188277005;66.08473307965366;3684.716276227918;0.012895341647925017;0.8455560803975641;0.06232463995905947
815392330#6;;0.0689212900235327;2.515096919772314;67.6072538187585;5430.511561821137;0.15959107199016254;1.6333937925256004;0.2667014526778929
815392330#5;;0.0197803888089343;16.517379394710634;68.28539009021225;7045.5114331376335;0.1956347677015012;2.1830949027065554;0.5239051404767606
815392330#5;;0.0197803888089343;16.517379394710634;68.28539009021225;7045.5114331376335;0.1956347677015012;2.1830949027065554;0.5239051404767606
-27486971#0;;0.06124448799608035;19.074767272757235;62.014441293121735;0.0;0.0;0.0;0.0
-27486971#0;;0.06124448799608035;19.074767272757235;62.014441293121735;0.0;0.0;0.0;0.0
815392349#2;;0.001286784445312919;24.01934963111487;62.806058705019545;2977.6472389170067;0.011315418748098249;0.7882032806954967;0.07202677845351793
815392330#1;;0.0028416707505428476;8.959226750405405;63.268248272417225;3098.125167414387;0.012711155102447377;0.8064464100911428;0.07403966188724559
815392349#0;;0.04037467700258398;7.573270357893128;66.93715986503493;3940.9394739510826;0.016958694465378392;0.8942170142169849;0.06958937938670288
815392330#6;;0.08403055667785513;2.4892699551647453;69.5308160251642;6398.067016223517;0.20519784019839812;1.9115207737147393;0.28678614565936905
815392330#5;;0.01820622460773378;16.37654206232864;69.97121962357004;6943.490461248572;0.12272463504326683;1.933009560488618;0.5090485348709477
815392330#5;;0.01820622460773378;16.37654206232864;69.97121962357004;6943.490461248572;0.12272463504326683;1.933009560488618;0.5090485348709477
-27486971#0;;0.06124448799608035;19.02349785408381;64.60528371489255;4432.090940364542;0.06876447576979586;1.561349588690942;0.48234482381835286
-27486971#0;;0.06124448799608035;19.02349785408381;64.60528371489255;4432.090940364542;0.06876447576979586;1.561349588690942;0.48234482381835286
815392349#2;;0.0019829578214306024;23.814347539642743;63.27839799171158;3111.3312487518374;0.01346493297890933;0.8125877779323986;0.07644508588184881
815392330#1;;0.004782648546648986;8.850893863435404;65.9855841323202;3810.389128651647;0.020744821149612482;0.9124238199466127;0.08184462894998086
815392349#0;;0.04037467700258398;7.492889693987122;64.6860029890125;3438.65622943776;0.015061063423901299;0.8467418115530947;0.07366700618362494
815392330#6;;0.09022013713460844;2.4721168077151057;66.50208587613672;4933.46226769444;0.1482660146546797;1.523601864822042;0.27393690757316913
815392330#5;;0.018945636302355743;16.248913996467163;69.51538491371184;6712.410597322931;0.11556605212436867;1.8941065791011158;0.513440672409644
815392330#5;;0.018945636302355743;16.248913996467163;69.51538491371184;6712.410597322931;0.11556605212436867;1.8941065791011158;0.513440672409644
-27486971#0;;0.06124448799608035;18.97888460681789;65.12072744004116;3490.523339807149;0.08781586889895585;1.1292143514876996;0.25644518731910426
-27486971#0;;0.06124448799608035;18.97888460681789;65.12072744004116;3490.523339807149;0.08781586889895585;1.1292143514876996;0.25644518731910426
815392349#2;;0.0027176785773200146;23.597724979020377;63.811942409369095;3266.394181201869;0.016120511764698503;0.8416334847945098;0.08130602522507344
815392330#1;;0.006891588242521663;8.721242739647007;68.12810116447555;4424.602488474291;0.030023572537338613;1.0186514491482077;0.0912733866510935
815392349#0;;0.04037467700258398;7.4256518566240395;63.61962707391011;3199.9343636567614;0.01443727571214825;0.8255783554380506;0.07745111812686527
815392330#6;;0.09022013713460844;2.445022116593639;70.5631689031529;7011.718220714358;0.24442038453290615;2.116447838779812;0.3098153279452954
815392330#5;;0.01996538455571732;16.216427979016117;68.42424053967162;4266.073475830496;0.03343128402303664;1.0260059385614966;0.10143276822768205
815392330#5;;0.01996538455571732;16.216427979016117;68.42424053967162;4266.073475830496;0.03343128402303664;1.0260059385614966;0.10143276822768205
-27486971#0;;0.06124448799608035;19.118913668433283;61.875860979099826;0.0;0.0;0.0;0.0
-27486971#0;;0.06124448799608035;19.118913668433283;61.875860979099826;0.0;0.0;0.0;0.0
815392349#2;;0.003515852319701222;23.249598024084232;68.24221480204943;4464.689902884727;0.030969196140623354;1.0276575971275093;0.09247489853364319
815392330#1;;0.009144009279906646;8.613459454418477;66.62257666253441;4083.362885256882;0.02941570290383814;0.9876387785440031;0.0967691264498982
815392349#0;;0.04037467700258398;7.325379909321748;67.15830204239309;4141.543964588352;0.025538078284254504;0.9684990904771236;0.08686323626028317
815392330#6;;0.09022013713460844;2.426486767748307;67.4810212037382;5479.397230963057;0.1819762067018671;1.7014170862098432;0.2958399827510972
815392330#5;;0.02103746128391682;16.096543920951486;68.77366663038734;7694.722964123609;0.2271882845016613;2.387279502695468;0.5547711686704206
815392330#5;;0.02103746128391682;16.096543920951486;68.77366663038734;7694.722964123609;0.2271882845016613;2.387279502695468;0.5547711686704206
-27486971#0;;0.06124448799608035;18.97614961536282;66.01454767921753;6148.1703586099375;0.1415414947049866;2.032467564034262;0.5054532015735265
-27486971#0;;0.06124448799608035;18.97614961536282;66.01454767921753;6148.1703586099375;0.1415414947049866;2.032467564034262;0.5054532015735265
815392349#2;;0.004378554229879598;22.905950592666084;68.53388234771354;4620.207127130533;0.03684249296019019;1.075292860421151;0.10106925262862376
815392330#1;;0.011492056803372555;8.543092152041948;63.579794522891135;3281.8574439370595;0.021630347685241826;0.8757029510199434;0.09821505880375729
815392349#0;;0.04037467700258398;7.21605792316969;68.4838156588746;4560.893862333775;0.033699751352862004;1.0519387646678422;0.09614457046748083
815392330#6;;0.09022013713460844;2.4088758049797643;67.31157777399747;5408.195751666723;0.18296558480308822;1.6920786591795056;0.30080243373601295
815392330#5;;0.022157244852502377;16.059518636944684;66.93807811086825;3618.5258952193462;0.029583454330953756;0.9479909725273685;0.10938949687974361
815392330#5;;0.022157244852502377;16.059518636944684;66.93807811086825;3618.5258952193462;0.029583454330953756;0.9479909725273685;0.10938949687974361
-27486971#0;;0.06124448799608035;18.99538902426922;63.516870748660835;3096.3424690146953;0.017078690271233;1.191977777145825;0.46576692070766845
-27486971#0;;0.06124448799608035;18.99538902426922;63.516870748660835;3096.3424690146953;0.017078690271233;1.191977777145825;0.46576692070766845
815392349#2;;0.005302370826599466;22.589719372312338;68.04052814882135;4556.304612198241;0.04013355584767186;1.0882066767731935;0.10853881563812882
815392330#1;;0.01401510288091814;8.417251815423285;68.83854894267475;4805.528754106021;0.044916768388157835;1.1360423662779202;0.11217703421492134
815392349#0;;0.04037467700258398;7.149606477596364;64.32175040073713;3477.7531819789165;0.023434207085941593;0.902586499084292;0.09731016816608792
815392330#6;;0.09022013713460844;2.389918727712585;68.0403532086588;5821.294459547772;0.2068249025277012;1.8223063614113566;0.31309245246625295
815392330#5;;0.023323989026537973;15.972375943618111;67.82835069411334;6152.05582267492;0.1243267470669484;1.883210282055236;0.5302415770593362
815392330#5;;0.023323989026537973;15.972375943618111;67.82835069411334;6152.05582267492;0.1243267470669484;1.883210282055236;0.5302415770593362
-27486971#0;;0.06124448799608035;19.094030113394606;62.7065013193172;1780.1559368137894;0.015768107524535287;0.660079551853727;0.23715120085462701
-27486971#0;;0.06124448799608035;19.094030113394606;62.7065013193172;1780.1559368137894;0.015768107524535287;0.660079551853727;0.23715120085462701
815392349#2;;0.006265551343750753;22.390617541828494;64.33968889711296;3540.2193675269027;0.02855383292222651;0.9354768687773298;0.10923130763809924
815392330#1;;0.01669488654432514;8.307649024347416;67.74849176063563;4560.496218535622;0.04559365582614258;1.1170832323293998;0.11861786045449714
815392349#0;;0.04037467700258398;7.094000804436504;63.34651102626108;3226.807771645437;0.02173195371929479;0.8714162874993825;0.10042581685943769
815392330#6;;0.09022013713460844;2.37251642049546;67.61691849992522;5610.523108648198;0.20142134284347407;1.7728657967061137;0.31622886574216136
815392330#5;;0.024553822723317832;15.913770377125552;68.48163677610304;4410.368114142608;0.046870296559020204;1.1089375971948454;0.1246545768240632
815392330#5;;0.024553822723317832;15.913770377125552;68.48163677610304;4410.368114142608;0.046870296559020204;1.1089375971948454;0.1246545768240632
-27486971#0;;0.06124448799608035;19.009207304977163;65.69008931218065;3790.3408564900396;0.10061692708997658;1.21177590586871;0.2605240134086307
-27486971#0;;0.06124448799608035;19.009207304977163;65.69008931218065;3790.3408564900396;0.10061692708997658;1.21177590586871;0.2605240134086307
815392349#2;;0.007272175257487165;22.17491669919569;65.11818464102605;3793.526275625857;0.034343918893056866;0.9883409506880282;0.11559464272720414
815392330#1;;0.01951160518060017;8.214203612076458;66.55060073382727;4255.974900026313;0.044271226251003576;1.081341886337127;0.12367870252351387
815392349#0;;0.04037467700258398;7.038692122435982;63.46748042911638;3276.2236277947586;0.023707050296526148;0.8862667289886276;0.10469075780749111
815392330#6;;0.09022013713460844;2.3585380358265495;66.41581048007839;4940.660871998088;0.17251279312808543;1.5858362616267243;0.31140442021505155
815392330#5;;0.025833270848446166;15.82230470589166;68.11167749612045;6467.140809886272;0.1386383751455163;1.976904977514357;0.5425399067959825
815392330#5;;0.025833270848446166;15.82230470589166;68.11167749612045;6467.140809886272;0.1386383751455163;1.976904977514357;0.5425399067959825
-27486971#0;;0.06124448799608035;19.053957025081118;63.39071826741508;2185.7838611621755;0.03312469240665018;0.7719888016448869;0.242348024701076
-27486971#0;;0.06124448799608035;19.053957025081118;63.39071826741508;2185.7838611621755;0.03312469240665018;0.7719888016448869;0.242348024701076
815392349#2;;0.008319492213717626;21.9766075226245;64.71438618311484;3699.3343931646505;0.034975387139748466;0.982234590542;0.12011807868671329
815392330#1;;0.0224347127302239;8.143041555933248;64.6476280599492;3706.2155375021257;0.03748077592058043;0.9945589337319004;0.12588150592343506
815392349#0;;0.04037467700258398;6.955782618294312;66.71837074801634;4244.802299431058;0.03989264905135812;1.0587057291813413;0.11518458499397839
815392330#6;;0.09022013713460844;2.345044400283788;66.36011876765794;4909.760193215226;0.17398465107990702;1.5838657116515669;0.3156425480251882
815392330#5;;0.027152678720543777;15.764524333034524;67.03850061876287;4949.511063724958;0.05178017008768848;1.5166638419899652;0.5195335759688293
815392330#5;;0.027152678720543777;15.764524333034524;67.03850061876287;4949.511063724958;0.05178017008768848;1.5166638419899652;0.5195335759688293
-27486971#0;;0.06124448799608035;18.927596529533247;65.81285585401508;5865.246545326903;0.1302486269522281;1.9564777397767128;0.5032823755838318
-27486971#0;;0.06124448799608035;18.927596529533247;65.81285585401508;5865.246545326903;0.1302486269522281;1.9564777397767128;0.5032823755838318
815392349#2;;0.009412014730772677;21.76042534170938;65.57006429461383;3988.651342461178;0.04216783123221489;1.0447920841235896;0.1271049288628247
815392330#1;;0.02552679956804719;8.032513735910385;68.80128616971854;5054.6206306136055;0.06557916529523082;1.2606019162951707;0.1411023141400079
815392349#0;;0.04037467700258398;6.8906207224654805;64.98804903945114;3770.131405353329;0.035175656766765005;0.9901388710979497;0.11828261586489834
815392330#6;;0.09022013713460844;2.3234167022550873;69.9225901944325;6977.84721929565;0.28354480503417634;2.2121505104193013;0.35482052966565464
815392330#5;;0.028524250049527022;15.71985194259596;67.54281620649662;4073.4545467037724;0.048762370380789906;1.082998910610059;0.13822673259118246
815392330#5;;0.028524250049527022;15.71985194259596;67.54281620649662;4073.4545467037724;0.048762370380789906;1.082998910610059;0.13822673259118246
-27486971#0;;0.06124448799608035;18.965142626661134;63.2715833831886;1677.9275699859002;0.011130807740350534;0.631913169689515;0.2329665956189845
-27486971#0;;0.06124448799608035;18.965142626661134;63.2715833831886;1677.9275699859002;0.011130807740350534;0.631913169689515;0.2329665956189845
815392349#2;;0.010558027873980854;21.510052891159248;67.09158275104608;4504.876326322449;0.05464549909829964;1.154442591096967;0.1365764509668613
815392330#1;;0.02871824211852293;7.968915721982613;64.37518655838848;3672.1836937665475;0.04205218102851684;1.0109201864305686;0.1379973322526661
815392349#0;;0.04037467700258398;6.8395238535222935;63.56925623064744;3361.130909062311;0.030291840330509273;0.9265347577250733;0.12041993944495405
815392330#6;;0.09022013713460844;2.3044839284735383;69.02202285435966;6499.488666833018;0.26544138704453524;2.0842991491821508;0.354883923679284
815392330#5;;0.02936340145642471;15.593420461593775;69.45405889125199;8788.64407824514;0.2930739403967929;2.7629161401163724;0.6017814818370854
815392330#5;;0.02936340145642471;15.593420461593775;69.45405889125199;8788.64407824514;0.2930739403967929;2.7629161401163724;0.6017814818370854
-27486971#0;;0.06124448799608035;19.085544225277285;62.12160002727752;0.0;0.0;0.0;0.0
-27486971#0;;0.06124448799608035;19.085544225277285;62.12160002727752;0.0;0.0;0.0;0.0
815392349#2;;0.011757428101533244;21.265844648521544;67.16521842255202;4577.894948678259;0.05984587707204217;1.1849604960903475;0.1438553990865956
815392330#1;;0.032051933569991066;7.87959503565495;67.22571870044959;4642.470729531041;0.06473582085449933;1.2126846789081969;0.15053633416715706
815392349#0;;0.04037467700258398;6.7595406879999835;67.13640261929694;4491.9782251325005;0.05241130048760632;1.1430221849484488;0.13284749514739164
815392330#6;;0.09022013713460844;2.2869301395640353;68.64878865723921;6306.001135455365;0.2609693263501497;2.0391821565229638;0.3587395616355191
815392330#5;;0.02936340145642471;15.53108886468918;67.66528448415484;4014.71434628286;0.053021146371997216;1.0942610890147533;0.14906630818092545
815392330#5;;0.02936340145642471;15.53108886468918;67.66528448415484;4014.71434628286;0.053021146371997216;1.0942610890147533;0.14906630818092545
-27486971#0;;0.06124448799608035;18.998564773060327;65.1005735131922;5096.606720389136;0.09653086164178125;1.7424961958580099;0.49133235018455157
-27486971#0;;0.06124448799608035;18.998564773060327;65.1005735131922;5096.606720389136;0.09653086164178125;1.7424961958580099;0.49133235018455157
815392349#2;;0.012609704428528197;21.0072033002061;68.04294428841328;4921.706599742596;0.07122563152764827;1.2706343568244631;0.15348923300901754
815392330#1;;0.03368364322285099;7.782123095114875;68.40723899376712;5097.324060956315;0.07920427082621107;1.3230234111532424;0.16128340522771123
815392349#0;;0.04037467700258398;6.684381668797692;66.86586907695029;4454.817885636443;0.055360597814278566;1.1523462246274188;0.1392894725002285
815392330#6;;0.09022013713460844;2.2646782407344066;70.97910046722758;7737.007998274423;0.3457170285148579;2.496672058944376;0.3909834799892409
815392330#5;;0.02936340145642471;15.452204299061915;67.90040233698909;6452.583038271139;0.1495327593881612;2.0225131527026017;0.5666238392222898
815392330#5;;0.02936340145642471;15.452204299061915;67.90040233698909;6452.583038271139;0.1495327593881612;2.0225131527026017;0.5666238392222898
-27486971#0;;0.06124448799608035;18.95177754937466;64.49720065990824;4350.057784577764;0.06497257166943983;1.5373575176397545;0.48300955814273594
-27486971#0;;0.06124448799608035;18.95177754937466;64.49720065990824;4350.057784577764;0.06497257166943983;1.5373575176397545;0.48300955814273594
815392349#2;;0.012609704428528197;20.751619610191348;68.27033430335645;5059.951422933312;0.07910962388269925;1.3183719231458872;0.1621609236198884
815392330#1;;0.03368364322285099;7.693602936353034;67.78625299606652;4941.175220376445;0.08040030386315546;1.3096602630373402;0.16759792064254442
815392349#0;;0.04037467700258398;6.6188208457541435;65.96953622835306;4203.6538037038545;0.05364005879623653;1.117895583495862;0.1437268870777422
815392330#6;;0.09022013713460844;2.2521744670074466;66.90969108804353;5245.253989919247;0.21382080126493389;1.736415024604039;0.3551009656548862
815392330#5;;0.02936340145642471;15.363479128035133;68.24465113661391;7503.801776005001;0.2386018844158841;2.4315238633824867;0.5987244456176828
815392330#5;;0.02936340145642471;15.363479128035133;68.24465113661391;7503.801776005001;0.2386018844158841;2.4315238633824867;0.5987244456176828
-27486971#0;;0.06124448799608035;19.076997842404094;62.12528324802291;0.0;0.0;0.0;0.0
-27486971#0;;0.06124448799608035;19.076997842404094;62.12528324802291;0.0;0.0;0.0;0.0
815392349#2;;0.012609704428528197;20.501423358530946;68.40305993616256;5168.514615562257;0.08674125851877054;1.3610200659130935;0.17078808212592286
815392330#1;;0.03368364322285099;7.606040081152323;67.99925964072438;5071.213634073193;0.08830450386441994;1.3553439289239873;0.17601557473920595
815392349#0;;0.04037467700258398;6.551596351891255;66.42156844419026;4389.333779970841;0.060658617329669845;1.1676119134924714;0.15103306081384657
815392330#6;;0.09022013713460844;2.2307651800985884;71.07676824879827;7891.45228999787;0.36860123354035035;2.578605680241252;0.4083990014042878
815392330#5;;0.02936340145642471;15.315746091748236;68.22891987427093;4576.188325122489;0.07383601687510864;1.2411070581388268;0.1683587058361027
815392330#5;;0.02936340145642471;15.315746091748236;68.22891987427093;4576.188325122489;0.07383601687510864;1.2411070581388268;0.1683587058361027
-27486971#0;;0.06124448799608035;18.956310506106636;65.66288047605399;5743.473658313667;0.12451607763952689;1.9215417872909937;0.5008278346337173
-27486971#0;;0.06124448799608035;18.956310506106636;65.66288047605399;5743.473658313667;0.12451607763952689;1.9215417872909937;0.5008278346337173
815392349#2;;0.012609704428528197;20.26349955754012;68.23808189689433;5169.994487151225;0.09191250352625044;1.3808420103059107;0.178520418472184
815392330#1;;0.03368364322285099;7.526576940941694;67.39546891872709;4900.80327671008;0.08846897564527435;1.3350328903694066;0.18167520273144272
815392349#0;;0.04037467700258398;6.503832272315538;64.19344779140216;3656.5617241628247;0.04718779249959997;1.0298706270033544;0.15073580714158802
815392330#6;;0.09022013713460844;2.2150208731155874;68.72577936172695;6442.677775553169;0.2923372733193141;2.1364463895102555;0.39043578952657787
815392330#5;;0.02936340145642471;15.1852672177024;70.06864601460663;10085.522432592625;0.40121575841277296;3.2732423680802634;0.6583452317534418
815392330#5;;0.02936340145642471;15.1852672177024;70.06864601460663;10085.522432592625;0.40121575841277296;3.2732423680802634;0.6583452317534418
-27486971#0;;0.06124448799608035;19.037500617567012;62.630455525631206;0.0;0.0;0.0;0.0
-27486971#0;;0.06124448799608035;19.037500617567012;62.630455525631206;0.0;0.0;0.0;0.0
815392349#2;;0.012609704428528197;20.066912130651477;66.79412234930061;4687.081954233911;0.08370648337803599;1.2911048823684135;0.181270538907134
815392330#1;;0.03368364322285099;7.454161758021854;66.85959176806533;4740.82541334214;0.08822340857893841;1.3139705591256174;0.18682633167413656
815392349#0;;0.04037467700258398;6.434875610804658;67.09613678238301;4689.978516483226;0.07360917529863543;1.2537540323311354;0.16422709803373897
815392330#6;;0.09022013713460844;2.193952871670772;71.44905280682711;8230.965855460567;0.40470792796443295;2.72443848209168;0.43109724405956595
815392330#5;;0.02936340145642471;15.072341780795409;70.073242886795;8169.408304953253;0.2210820227039371;2.4826388646882394;0.6110051425344202
815392330#5;;0.02936340145642471;15.072341780795409;70.073242886795;8169.408304953253;0.2210820227039371;2.4826388646882394;0.6110051425344202
-27486971#0;;0.06124448799608035;19.036323453602176;63.8916686830823;2305.4893889178884;0.037573757265049176;0.8038617221440888;0.24074269900331774
-27486971#0;;0.06124448799608035;19.036323453602176;63.8916686830823;2305.4893889178884;0.037573757265049176;0.8038617221440888;0.24074269900331774
815392349#2;;0.012609704428528197;19.824566456205993;69.05675549064588;5588.543697309948;0.11331128963869516;1.5107057544130527;0.19677736879213834
815392330#1;;0.03368364322285099;7.396934933019051;65.32731332691151;4179.4842419320685;0.07570207427560709;1.1978887778410032;0.18726274961386413
815392349#0;;0.04037467700258398;6.385895792884269;64.73375876354658;3882.5357269007104;0.05727762930016216;1.0951214994386311;0.16331785757704495
815392330#6;;0.09022013713460844;2.1719089768439197;72.24644750068066;8812.615824156708;0.4500952027351768;2.936079161896921;0.452055715714969
815392330#5;;0.02936340145642471;14.93492778085863;71.02464432201585;9985.327468889664;0.34558280936754016;3.1045906634338425;0.6571273510581007
815392330#5;;0.02936340145642471;14.93492778085863;71.02464432201585;9985.327468889664;0.34558280936754016;3.1045906634338425;0.6571273510581007
-27486971#0;;0.06124448799608035;19.076480103986263;63.64561765103617;2505.6525569497535;0.04696053597312834;0.8605162752692413;0.24705099717029436
-27486971#0;;0.06124448799608035;19.076480103986263;63.64561765103617;2505.6525569497535;0.04696053597312834;0.8605162752692413;0.24705099717029436
815392349#2;;0.012609704428528197;19.586464705939093;69.23358841175512;5725.364843889927;0.12348868137456816;1.5638433724738907;0.2064897036938822
815392330#1;;0.03368364322285099;7.313445609109458;68.64890573561885;5512.5249293588995;0.11863940735853089;1.5193285561490832;0.2064599419381684
815392349#0;;0.04037467700258398;6.310385457741622;68.47827705415358;5271.390941577116;0.09575485648998952;1.4075136382620839;0.1812184585266862
815392330#6;;0.09022013713460844;2.1530295310442966;70.99949253017803;8052.917391325882;0.41317484006423366;2.7100565514908403;0.44730879998983736
815392330#5;;0.02936340145642471;14.770452382632456;72.20710704522423;12167.413329749026;0.5007493898386703;3.8654364014008276;0.7144746415513695
815392330#5;;0.02936340145642471;14.770452382632456;72.20710704522423;12167.413329749026;0.5007493898386703;3.8654364014008276;0.7144746415513695
-27486971#0;;0.06124448799608035;19.145881698003613;62.943707748796996;1829.1289110606112;0.017251860166748692;0.6731824952464419;0.23273442637069736
-27486971#0;;0.06124448799608035;19.145881698003613;62.943707748796996;1829.1289110606112;0.017251860166748692;0.6731824952464419;0.23273442637069736
815392349#2;;0.012609704428528197;19.428437140596422;65.93968976946596;4463.164060407348;0.09002829901453747;1.283466456040446;0.2009216812967512
815392330#1;;0.03368364322285099;7.245918388423887;67.01857702166154;4908.798693294294;0.10503789041119098;1.3931384247076197;0.20754591096534525
815392349#0;;0.04037467700258398;6.2580202981512;65.62838142950514;4258.7894082638;0.07306316432138926;1.199051973620871;0.17885886758412453
815392330#6;;0.09022013713460844;2.137342686300316;69.68291907446323;7185.146403493739;0.3663533222283746;2.4407864486535242;0.43859566238819414
815392330#5;;0.02936340145642471;14.70146236281014;69.85765182119744;5589.823609448159;0.12660029472920245;1.556338746474986;0.21493231477394303
815392330#5;;0.02936340145642471;14.70146236281014;69.85765182119744;5589.823609448159;0.12660029472920245;1.556338746474986;0.21493231477394303
-27486971#0;;0.06124448799608035;18.954565650181237;66.85376900313663;7062.5032538477135;0.1806320460455479;2.2844414584067794;0.5177715768037172
-27486971#0;;0.06124448799608035;18.954565650181237;66.85376900313663;7062.5032538477135;0.1806320460455479;2.2844414584067794;0.5177715768037172
815392349#2;;0.012609704428528197;19.300025254932052;64.78866550682037;4007.9183217265177;0.07857466960126831;1.1839308791719112;0.20119510290358178
815392330#1;;0.03368364322285099;7.195665277381094;65.13486364710714;4157.883366207191;0.08462604139327684;1.2239616358063614;0.20532346947219288
815392349#0;;0.04037467700258398;6.213103583398892;64.79592546694555;3960.7265771581074;0.06747943542769871;1.1412273002695303;0.18108009645961567
815392330#6;;0.09022013713460844;2.1259178778708887;67.83576930883483;5854.390331831473;0.2869418026214701;2.0105447869389566;0.4186581952712449
815392330#5;;0.02936340145642471;14.619754605356475;70.29196722466986;5835.788415683998;0.14057281620516443;1.635558295672259;0.22561880868278328
815392330#5;;0.02936340145642471;14.619754605356475;70.29196722466986;5835.788415683998;0.14057281620516443;1.635558295672259;0.22561880868278328
-27486971#0;;0.06124448799608035;18.96228108562077;64.00856170513258;2617.50446031182;0.052193270434587956;0.8922697229169064;0.25008535739719395
-27486971#0;;0.06124448799608035;18.96228108562077;64.00856170513258;2617.50446031182;0.052193270434587956;0.8922697229169064;0.25008535739719395
815392349#2;;0.012609704428528197;19.111638145855963;67.71126647470231;5241.429264210022;0.12134893390830469;1.4915890156115839;0.21963679335684627
815392330#1;;0.03368364322285099;7.125104491268986;67.82694948089511;5307.120526049832;0.12552218995144382;1.514023697276987;0.2232520462103172
815392349#0;;0.04037467700258398;6.161578613018775;65.87851055677777;4396.900849352933;0.08233344006324175;1.2490044256692614;0.19010639509897617
815392330#6;;0.09022013713460844;2.1056204404687504;72.42068555867016;9163.839874800016;0.5076371423004736;3.1307682490225215;0.4923080312984751
815392330#5;;0.02936340145642471;14.521665231480723;70.43537730115962;8112.414136143114;0.2220286241239498;2.492479775571489;0.6466459563330555
815392330#5;;0.02936340145642471;14.521665231480723;70.43537730115962;8112.414136143114;0.2220286241239498;2.492479775571489;0.6466459563330555
-27486971#0;;0.06124448799608035;18.981905180370983;63.52443739516019;1862.5636163318595;0.018840537432204284;0.6824579753466666;0.2346661549009539
-27486971#0;;0.06124448799608035;18.981905180370983;63.52443739516019;1862.5636163318595;0.018840537432204284;0.6824579753466666;0.2346661549009539
815392349#2;;0.012609704428528197;18.943291155148476;67.024233839918;4988.655196080502;0.11734744903438664;1.4434777446912292;0.2235011390328538
815392330#1;;0.03368364322285099;7.052036965787139;68.42176887353841;5604.605875428133;0.14080974346588507;1.6039671392284094;0.23379574576155598
815392349#0;;0.04037467700258398;6.120377015924396;64.614945750933;3915.3332329642258;0.07089850335068247;1.1465930123810968;0.1903628425337042
:11876407429_0;;0.1614750674642925;0.022593112329742943;71.93376629735317;8885.219610510054;0.49988608102543963;3.0597024189176314;0.49675271176032576
815392330#5;;0.02936340145642471;14.426259994184006;69.86656835339352;8516.047360301814;0.2755955885789646;2.7018848626722063;0.6692317070423457
815392330#5;;0.02936340145642471;14.426259994184006;69.86656835339352;8516.047360301814;0.2755955885789646;2.7018848626722063;0.6692317070423457
-27486971#0;;0.06124448799608035;18.93392504333238;64.81550198163801;4370.378573238264;0.07048635041139374;1.5420516995964795;0.48364526373219513
-27486971#0;;0.06124448799608035;18.93392504333238;64.81550198163801;4370.378573238264;0.07048635041139374;1.5420516995964795;0.48364526373219513
815392349#2;;0.012609704428528197;18.71589647396167;70.13848658631997;6372.663064047283;0.17101777588153919;1.8072101370439162;0.2466691160561278
815392330#1;;0.03368364322285099;6.980423282395655;68.52539711911477;5698.778706882873;0.14974181861541758;1.6449605241366658;0.2424379011929946
815392349#0;;0.04037467700258398;6.071485519305854;65.86053016661283;4429.772764443505;0.08879885458465983;1.2749109184974379;0.2002151241601779
815392330#7;;0.004143100236710967;9.76172357953752;69.59652206723202;7196.9122177301215;0.3945337568721442;2.5022108123807083;0.4700774052788421
815392330#6;;0.07728476400690322;1.973719406444215;64.02987215159965;0.0;0.0;0.0;0.0
815392330#5;;0.02661996400330435;15.88069190469201;70.474874679925;6598.817227957121;0.18716341602150413;1.8893277185709;0.25866924138946995
-27486971#0;;0.06124448799608035;18.917356338090332;64.20484585343216;2542.078461817443;0.048879157387517;0.8712609132139485;0.24889600103899587
-27486971#0;;0.06124448799608035;18.917356338090332;64.20484585343216;2542.078461817443;0.048879157387517;0.8712609132139485;0.24889600103899587
815392349#2;;0.012609704428528197;18.589526701511243;65.52254904584436;4381.087197218029;0.10461392299325176;1.3165819930565494;0.23064337797306605
815392330#1;;0.03368364322285099;6.904150718077041;69.44643200842947;6161.479594070849;0.17293245763269424;1.7824805227419303;0.2559085778139553
815392349#0;;0.04037467700258398;5.999744443401231;69.44289787984373;5921.753642083226;0.14016554979470439;1.6459949050959404;0.22237372498444447
815392330#7;;0.00916344118523844;9.6683787082254;73.0280596081886;9790.442138973385;0.5804208384741899;3.409814046363114;0.5334717383283001
815392330#6;;0.07923494484717103;1.9742181809993247;64.6126657911426;1852.4815850060234;0.043661893272772014;0.6856036370035439;0.40299176462185804
815392330#5;;0.022455684005373372;15.728587551050095;68.3409458957879;5701.675987944702;0.16016826033650514;1.6764659778538034;0.25627267328469855
-27486971#0;;0.06124448799608035;19.09392350634031;61.48609328110376;0.0;0.0;0.0;0.0
-27486971#0;;0.06124448799608035;19.09392350634031;61.48609328110376;0.0;0.0;0.0;0.0
815392349#2;;0.012609704428528197;18.370144067201014;70.33681547332212;6581.465632137812;0.19101988081249432;1.89839560618881;0.2637033232300271
815392330#1;;0.03368364322285099;6.859522831757587;65.50776479576845;4394.822760425582;0.11090975665832574;1.3366303657824237;0.24109731481794988
815392349#0;;0.04037467700258398;5.937671739166343;68.32985361294396;5521.512276341523;0.13309155727196686;1.5680032232691996;0.22617180159257141
815392330#7;;0.01426757368759674;9.590681863503734;71.52059783192138;8723.206236500062;0.5166873125171604;3.062591315258027;0.5205665775617339
815392330#6;;0.08094970645591731;1.9680352257187657;67.24647026384183;4989.174683930125;0.2778227390061281;1.806727235430859;0.4760660764867794
815392330#5;;0.01826550751320709;15.566743191775663;69.20120995097383;6147.045956523019;0.18349585348497663;1.8113474588443812;0.2695320565877229
-27486971#0;;0.030622243998040175;18.88796977163952;62.04826504469426;2511.5646174894537;0.047111109075013945;0.8619532240496126;0.24671958801542476
815392349#2;;0.012609704428528197;18.222306916463364;67.0307133756993;5117.99804919407;0.14077029933202387;1.532124294579852;0.25341593188597705
815392330#1;;0.03368364322285099;6.809239862923293;66.41135088158504;4832.54282518213;0.1307256026004629;1.4598329623733997;0.2514888766171666
815392349#0;;0.04037467700258398;5.885757567458555;67.05785912884588;5021.009225637007;0.12085802465765233;1.458939224753657;0.22754973607575946
815392330#7;;0.019160024524831395;9.54086965106382;68.63549489890836;6428.79835891022;0.36145612823644896;2.277079766607273;0.4779071620704243
815392330#6;;0.08906853635234868;1.9682637722265333;64.75684907291807;1984.2004233156806;0.053910951941184324;0.7325938502610297;0.40853705245900396
815392330#5;;0.014681700728212356;15.432454403673994;67.81961558314053;5537.299641527569;0.16468961599493828;1.6642520091010726;0.2691484486846341
-27486971#0;;0.030622243998040175;18.862153077550968;61.190675152671695;1982.1320768979476;0.024486934087923788;0.7158905637763603;0.2402355686446623
815392349#2;;0.012609704428528197;18.096983114600043;66.09001427853082;4689.774427027308;0.1275299890720718;1.4287199920887494;0.2536036657179348
815392330#1;;0.03368364322285099;6.736929485491719;69.65263440485508;6396.890350112764;0.19804434851708477;1.8911635072640824;0.2782500500133759
815392349#0;;0.04037467700258398;5.8251424160777;68.65093642578577;5752.014786762305;0.15146260348246765;1.6579086902363882;0.24280111131014906
815392330#7;;0.019160024524831395;9.48769419174622;69.13268808245644;6842.78112728194;0.39538083846931726;2.430402912542079;0.4925426865237939
815392330#6;;0.09022013713460844;1.9659673622845117;65.65683485148271;3177.239974835164;0.1431776275528152;1.1594796507067529;0.4363735731035642
815392330#5;;0.014681700728212356;15.280566435236981;69.14805824078122;6219.317236409348;0.19853617427736223;1.8650195933760778;0.28543530702894254
-27486971#0;;0.030622243998040175;18.85522586749001;60.90859753292226;1800.652771993483;0.016711590434672217;0.6657698999624372;0.23798250291642345
815392349#2;;0.012609704428528197;17.95440252283224;67.14272643829145;5214.791234962275;0.15218665635422113;1.5791157470466721;0.26585640117307174
815392330#1;;0.03368364322285099;6.681925180229088;67.51434850949437;5413.162445783366;0.1634046709011296;1.6412210897030028;0.272854336265481
815392349#0;;0.04037467700258398;5.764706567221518;68.92240364555052;5924.45880905642;0.16376396553573885;1.7201911270499948;0.25265923335637813
815392330#7;;0.019160024524831395;9.40697965553069;72.48619155569102;9582.106552800873;0.6008922689502002;3.4100928153355357;0.561246485909165
815392330#6;;0.09022013713460844;1.97033911599543;63.60581291597977;0.0;0.0;0.0;0.0
815392330#5;;0.014681700728212356;15.108879533806782;70.71117567519066;7047.381271428501;0.24159048621789672;2.114376911032946;0.30544956865388145
-27486971#0;;0.030622243998040175;18.92739762577238;59.7658449580301;0.0;0.0;0.0;0.0
815392349#2;;0.012609704428528197;17.81252899847422;67.30838484322601;5318.732414005376;0.16065483273314282;1.6187443800175878;0.27329297816681797
815392330#1;;0.03368364322285099;6.633527797746525;66.79376915624107;5076.823247793162;0.15336840438586738;1.5603689338866111;0.2743382549497815
815392349#0;;0.04037467700258398;5.722299584008342;66.3080932073794;4767.977369843506;0.12491599839048223;1.4334912418383468;0.24536142520611362
815392330#7;;0.019160024524831395;9.32576124674174;72.8330277133677;9914.681929629998;0.6364210434963686;3.5505509334344145;0.5789297726521074
815392330#6;;0.09022013713460844;1.9670663774408512;66.02188491537859;3631.9732961266877;0.17690147486193408;1.3218702586567566;0.44607383439043546
815392330#5;;0.014681700728212356;14.97444481045022;68.64843249143269;6067.044260336551;0.20541801925669317;1.8593755751090224;0.30019673692670795
-27486971#0;;0.030622243998040175;18.898135311209987;61.23009968308872;2013.0406343232673;0.02573656875726192;0.7243357628338767;0.24015280904702557
815392349#2;;0.012609704428528197;17.678355366688763;67.10369719565972;5238.012076754989;0.1613768176572237;1.6077634613131266;0.27820975382779894
815392330#1;;0.03368364322285099;6.57491626213838;68.44756150753162;5934.502549627339;0.19490678285430493;1.8098591968021187;0.292402090556443
815392349#0;;0.04037467700258398;5.67332363838469;67.55523143690256;5372.790052523523;0.15218473860563428;1.603609306922007;0.258746244444198
815392330#7;;0.019160024524831395;9.256842135847972;71.60166356249002;8953.739532678475;0.5745182385263206;3.226427181728051;0.5663173858017597
815392330#6;;0.09022013713460844;1.9668258137519885;64.9232840119505;2206.768743233986;0.070634342035515;0.8122064277755208;0.4141697266000858
815392330#5;;0.014681700728212356;14.885449558028393;65.99040366232305;4690.040190800021;0.14753674503240918;1.4813329273668536;0.28656011705420514
-27486971#0;;0.030622243998040175;19.024402375343346;59.04835935441702;0.0;0.0;0.0;0.0
815392349#2;;0.012609704428528197;17.55885125900767;66.5110848440005;4950.620540700324;0.1526421164376846;1.537896489360779;0.2798303217481039
815392330#1;;0.03368364322285099;6.526279841026233;67.23223815921764;5338.896983239642;0.1733779214137546;1.6558609035035157;0.29060925692940986
815392349#0;;0.04037467700258398;5.613163689568277;69.66437235236823;6409.927077883358;0.1994516078937667;1.8971711702152214;0.2794689036957452
815392330#7;;0.019160024524831395;9.196306609548511;70.81016764980104;8300.574784572455;0.5329246366790619;3.006515160610812;0.5591691360920564
815392330#6;;0.09022013713460844;1.965612265914007;65.26686393783918;2667.8689640088664;0.10519502509976378;0.9772696626161433;0.4250820629302189
815392330#5;;0.014681700728212356;14.77406924681505;67.55961558389467;5545.694119854811;0.19039236331802048;1.7341025315966392;0.3042864288411954
-27486971#0;;0.030622243998040175;18.783163861642592;64.81126531199112;4057.1715906448644;0.11412765961132344;1.2905681042165766;0.26824640417813933
815392349#2;;0.012609704428528197;17.433370624100544;66.99782005297466;5216.828759253024;0.16799400516866528;1.621709820106818;0.2889855914838934
815392330#1;;0.03368364322285099;6.468353499778468;68.80365802750829;6185.992990081766;0.21675709937180587;1.9087210820576939;0.30936033969082627
815392349#0;;0.04037467700258398;5.565897042110119;67.78129661471372;5548.657465883629;0.16984225781556972;1.6802862176458757;0.27575546197762923
815392330#7;;0.019160024524831395;9.144595164136346;69.94951179123395;7537.917068766188;0.48079319127747366;2.7423248826342896;0.5481247735518362
815392330#6;;0.09022013713460844;1.9659127984564537;64.75725358883012;1952.692158944299;0.0517552053527748;0.7213356355967588;0.40886302689494386
815392330#5;;0.014681700728212356;14.688076991462076;66.11232570836489;4763.103460311924;0.15731176362812024;1.518039280243415;0.2980991097580489
-27486971#0;;0.030622243998040175;18.76147482088048;61.16393496069955;1947.5872087638543;0.023202534653441728;0.7065528296003609;0.2411429913492716
815392349#2;;0.012609704428528197;17.242668626500752;70.85023060459017;7253.722590088987;0.2668475625277646;2.21575656762116;0.3257812409380218
815392330#1;;0.03368364322285099;6.417877647662091;67.928006703723;5752.7594902583605;0.20200425334615946;1.7985016498339446;0.3099635419452261
815392349#0;;0.04037467700258398;5.5100882412488925;69.49141073592568;6431.0428036408675;0.21314041847546245;1.9386637953969479;0.2950643398296184
815392330#7;;0.019160024524831395;9.090189370595489;70.4234347289484;7970.5258961618365;0.5201386754251651;2.9105980427267264;0.5649349721223651
815392330#6;;0.09022013713460844;1.9717491861577199;63.27974838315644;0.0;0.0;0.0;0.0
815392330#5;;0.014681700728212356;14.597655770841278;66.53310278296746;5003.167830291085;0.17176466858043082;1.5949663920549013;0.30647374690893725
-27486971#0;;0.030622243998040175;18.761599194029294;60.834845964707995;1734.494612959759;0.014000721393454731;0.6475178304697636;0.23837012209613925
815392349#2;;0.012609704428528197;17.091812542560106;68.89527505943212;6281.434087151278;0.2286396166806915;1.9553461090897306;0.31995166841599193
815392330#1;;0.03368364322285099;6.368757805721923;67.9304886881138;5777.168981406678;0.20797643100922772;1.8177291019319215;0.31675621534746196
815392349#0;;0.04037467700258398;5.459891295868282;68.79846341750728;6131.365979680914;0.20646685522825114;1.872605500839692;0.29881191713323496
815392330#7;;0.019160024524831395;9.042179605321428;69.82873842839352;7412.6723981984505;0.4821320882613896;2.7170205437868153;0.5579203322628821
815392330#6;;0.09022013713460844;1.9683803928248722;66.0462464882191;3671.191723983821;0.17955101831789602;1.3355117981255762;0.4463270991540461
815392330#5;;0.014681700728212356;14.469829552656657;69.18920001807228;6504.094294200732;0.249625332253057;2.046231686681874;0.33570148567730024
-27486971#0;;0.030622243998040175;18.77159155877812;60.68545727605415;1637.8824156367712;0.009817745569740341;0.6207578909518578;0.23698126455292806
815392349#2;;0.012609704428528197;16.915515021542387;70.64374811851987;7272.437550611382;0.28370613599949934;2.2628170824310687;0.34330991693454593
815392330#1;;0.03368364322285099;6.304644270973005;70.49089795911114;7217.632025201979;0.284740466281772;2.2562105978950213;0.34652049967034587
815392349#0;;0.04037467700258398;5.408490656058872;69.27748850416974;6420.628520294207;0.22579644487511077;1.9710012688849234;0.3106489957097157
815392330#7;;0.019160024524831395;9.03493179490556;65.86519421578667;2958.4722630238543;0.1344198620543941;1.089070266554975;0.45387515444359977
815392330#6;;0.09022013713460844;1.967818802636829;65.02036056802962;2356.1847185423608;0.08166973207104528;0.8655767706922649;0.4170814012316056
815392330#5;;0.014681700728212356;14.326648617846002;70.52261678797096;7293.94296226108;0.29661646739155323;2.2991371747817286;0.3564596254310639
-27486971#0;;0.030622243998040175;18.811272823420197;60.24505519489515;1348.6940881920516;0.0;0.5407812699280278;0.23270792592702552
815392349#2;;0.012609704428528197;16.753729851718575;70.1006328540237;7034.705777944535;0.28004828353761735;2.2132377915645187;0.3485611206314227
815392330#1;;0.03368364322285099;6.253317905387338;68.75613617822397;6297.488831047538;0.24563114298623878;2.000721161675261;0.3401690761424221
815392349#0;;0.04037467700258398;5.3528030917627705;70.34786707375966;7033.108154314989;0.26160408394464435;2.1657413362068616;0.32809197935535184
815392330#7;;0.019160024524831395;9.040354901878734;64.95766488044153;1559.5097978513222;0.02490138158969958;0.5774116386151218;0.4203880158139582
815392330#6;;0.09022013713460844;1.9671135429175282;65.07602594032787;2425.0754683720306;0.08688593916289594;0.8902616968865511;0.4189447655909101
815392330#5;;0.014681700728212356;14.210763248759598;68.89332259913415;6411.530015596682;0.2583126539212361;2.051576780132492;0.3503765044743206
-27486971#0;;0.030622243998040175;18.975023888566596;58.614319594354576;0.0;0.0;0.0;0.0
815392349#2;;0.012609704428528197;16.617160475536497;68.86973716199938;6381.772693609454;0.2536435513588619;2.0350175097850443;0.34607624424698014
815392330#1;;0.03368364322285099;6.200283479702943;69.2606820189119;6619.123582034139;0.2681917333294119;2.1120068884186436;0.3526736228379155
815392349#0;;0.04037467700258398;5.307195490894206;68.78800725964983;6248.12553533748;0.2311176992602496;1.9560536278734741;0.32447724746118456
815392330#7;;0.019160024524831395;9.059134652139893;64.16486640182492;0.0;0.0;0.0;0.0
815392330#6;;0.09022013713460844;1.9713553106494688;63.625469068554054;0.0;0.0;0.0;0.0
815392330#5;;0.014681700728212356;14.09547385557278;69.07965065559385;6551.154180929724;0.27164898469540916;2.108357045412161;0.3599142343192
-27486971#0;;0.030622243998040175;18.90226063039022;61.904160590810314;2427.201389809633;0.04345111333469888;0.8385841338609068;0.24543528441587456
815392349#2;;0.012609704428528197;16.451578063796905;70.88900149539907;7587.197417254388;0.32377276522996373;2.4171077505045973;0.3739578025692564
815392330#1;;0.03368364322285099;6.160428913444965;67.38267351933457;5532.571683964253;0.21657240490334553;1.795636961663005;0.3414890687362952
815392349#0;;0.04037467700258398;5.26578663421419;68.24539792710857;5978.516907125068;0.22347825202600277;1.8908810933341464;0.3273214422114908
815392330#7;;0.019160024524831395;9.02880717194502;67.95451149354149;5507.024457711961;0.33428394597573863;2.022114540843994;0.5146371959998437
815392330#6;;0.09022013713460844;1.9690292954366702;65.63660693714537;3180.5215966266687;0.14289301141042007;1.160014045750351;0.4350183103247702
815392330#5;;0.014681700728212356;13.984423905613397;69.00517009910197;6536.139637109598;0.2768770273748373;2.1180842045326074;0.366900582824659
-27486971#0;;0.030622243998040175;19.013074364673912;59.24279222515931;0.0;0.0;0.0;0.0
815392349#2;;0.012609704428528197;16.278032291915483;71.71992933828376;8139.608165988715;0.3629977900860177;2.6096700011396066;0.39301779628031
815392330#1;;0.03368364322285099;6.1207740800296495;67.51287967841044;5619.9247053526;0.22518772472454945;1.8314992221966466;0.3484844804969217
815392349#0;;0.04037467700258398;5.216762161332777;69.91031686915045;6945.606071398836;0.2780511198242356;2.1929606884257584;0.34996273394293054
815392330#7;;0.019160024524831395;9.03390826367219;64.99219097402869;1595.411260564614;0.027788584642763778;0.590441774790844;0.4218567783044067
815392330#6;;0.09022013713460844;1.970776043161148;64.27368671045625;1271.1355625445162;0.0007184417649334363;0.47802008422645537;0.3914780295463486
815392330#5;;0.014681700728212356;13.869204691307901;69.53385462631913;6888.158409287993;0.3024673361580287;2.2417650805918132;0.3803221225276628
-27486971#0;;0.030622243998040175;18.899043803124588;62.56999545285603;2819.1584112383434;0.060238144428969444;0.9467469329782192;0.2505318983164899
815392349#2;;0.012609704428528197;16.128472858370007;70.52312510799013;7492.784264586647;0.3366504433681356;2.4313686098157223;0.39146416295359
815392330#1;;0.03368364322285099;6.085877631582432;66.91676675015513;5251.558639834933;0.2090014484262944;1.7268215105924822;0.3475340249454776
815392349#0;;0.04037467700258398;5.175284704151149;68.72796875978446;6310.499812281179;0.25205126097009073;2.018647936274064;0.34748278559991763
815392330#7;;0.019160024524831395;9.04859477029073;64.39799188906154;0.0;0.0;0.0;0.0
815392330#6;;0.09022013713460844;1.9687249468157437;65.53733818626998;3052.8140532400507;0.13343700422023622;1.1144433723131895;0.4322964917119577
815392330#5;;0.014681700728212356;13.734954361131999;71.21428858573616;7962.95018331185;0.3707299037028801;2.5965677174106507;0.4076704959467188
-27486971#0;;0.030622243998040175;18.81734986607496;62.083065156051305;2523.541165219554;0.047873882299212335;0.8657357866197973;0.24785308073187268
815392349#2;;0.012609704428528197;16.02733807678113;67.73044882962071;5779.146070090877;0.2467631781682963;1.9099964069508468;0.3687818147561621
815392330#1;;0.03368364322285099;6.04883801535183;67.39813800909059;5559.458484217586;0.22938746178440197;1.8299702757127316;0.35789271981197707
815392349#0;;0.04037467700258398;5.128890978532839;69.91712541045428;7037.84359416904;0.2966411955376733;2.2546484208313626;0.36700760234651
815392330#7;;0.019160024524831395;9.03222953982402;66.62570294000403;3965.4798446502814;0.2133455876552173;1.457628685152574;0.47789619875672296
815392330#6;;0.09022013713460844;1.9698445172013588;64.46593674778426;1564.9412499473794;0.02259763631696554;0.582846097530277;0.3984523022986315
815392330#5;;0.014681700728212356;13.631083234114847;69.20394695974191;6746.983087362023;0.30863420375259015;2.230039662607944;0.39432287995354415
-27486971#0;;0.030622243998040175;18.87970430265663;59.911160511751376;0.0;0.0;0.0;0.0
815392349#2;;0.012609704428528197;15.910878451332719;68.85552924108532;6516.230949931622;0.2934967440425417;2.152807125760112;0.38798500209013986
815392330#1;;0.03368364322285099;5.996919642560526;70.04876547658768;7239.635767473265;0.32866462945284153;2.3667855985057322;0.3938008830300044
815392349#0;;0.04037467700258398;5.092714757549952;68.1623362786527;6021.775545871097;0.24832166306455225;1.9582370012077854;0.3572926173374099
815392330#7;;0.019160024524831395;9.05414228333244;64.02654454065993;0.0;0.0;0.0;0.0
:11876407429_0;;0.07184564663405743;0.021357217099577174;63.953817805073605;0.0;0.0;0.0;0.0
815392330#5;;0.014681700728212356;13.516926245526241;70.20728596782769;7423.869581196482;0.35494907155735145;2.461099267391214;0.4142580846623372
-27486971#0;;0.030622243998040175;18.758693214242435;62.754207460894904;2912.1580603392717;0.06486702589752055;0.9738044254997876;0.25372682814648045
815392349#2;;0.012609704428528197;15.776615245641281;70.22125331860744;7421.1686803923785;0.3525682660173224;2.45519071517156;0.41179021986396497
815392330#1;;0.03368364322285099;5.964393825489599;67.02801534201937;5317.854116048139;0.22460119176524507;1.7738477937992898;0.3662833761850012
815392349#0;;0.04037467700258398;5.044288202641551;70.82212565830031;7663.794479488629;0.3447326992428169;2.4812398749201456;0.39292147321205406
815392330#7;;0.023629026491524326;9.074695620746107;69.61134476526922;7989.991624650711;0.42300287667684516;2.928152168662052;0.9326581556620985
815392330#7;;0.023629026491524326;9.074695620746107;69.61134476526922;7989.991624650711;0.42300287667684516;2.928152168662052;0.9326581556620985
815392330#5;;0.014681700728212356;13.403414880654418;70.40999902906796;7595.587055562169;0.37285801912793826;2.5336388011781796;0.42571461220638684
-27486971#0;;0.030622243998040175;18.771995163516458;60.63672485627944;1605.5230648599206;0.008420917300457718;0.6117961152732065;0.23655537790539263
815392349#2;;0.012609704428528197;15.61632081922048;72.25373258841877;8779.355057125409;0.44263675293554466;2.9128883125277287;0.44624424244600636
815392330#1;;0.03368364322285099;5.933250454071641;66.93373957167643;5249.519563532635;0.22383789776920343;1.75907382818359;0.3697564729811667
815392349#0;;0.04037467700258398;5.002153670396497;69.81808989719114;7098.110187965789;0.32091983638199106;2.322963398671289;0.3915994369215964
815392330#7;;0.02907914256923181;9.076900385780194;67.97987500142574;3901.884960122695;0.1074752695839894;1.4425266729014732;0.8373287603688965
815392330#7;;0.02907914256923181;9.076900385780194;67.97987500142574;3901.884960122695;0.1074752695839894;1.4425266729014732;0.8373287603688965
815392330#5;;0.014681700728212356;13.410702524212132;62.5086293766455;1513.7227577257995;0.010497658164217043;0.5764781484845959;0.31619184450130366
-27486971#0;;0.030622243998040175;18.943642172412222;58.53104599874171;0.0;0.0;0.0;0.0
815392349#2;;0.012609704428528197;15.531511387080958;67.51645113682513;5638.800956559122;0.2594270377130908;1.9105624623792727;0.39501197189739595
815392330#1;;0.03368364322285099;5.899548507636882;67.47992310372412;5619.780449447184;0.248772638122731;1.8841597778362134;0.381321042358538
815392349#0;;0.04037467700258398;4.964932851733325;69.04816337754241;6642.078320726739;0.3013323019348282;2.1939728777431284;0.39095758807979836
815392330#7;;0.0345304649214533;9.085559874668698;67.68014745952367;2191.0528778756716;0.0690355762368038;0.8064044527239881;0.41190418217503333
815392330#7;;0.0345304649214533;9.085559874668698;67.68014745952367;2191.0528778756716;0.0690355762368038;0.8064044527239881;0.41190418217503333
815392330#5;;0.014681700728212356;13.449440671865919;61.14304185478005;0.0;0.0;0.0;0.0
-27486971#0;;0.030622243998040175;18.93666305114423;60.88203308000669;1798.767928309986;0.01650585358346;0.6651839768603222;0.23688325576821928
815392349#2;;0.012609704428528197;15.418373222519671;69.51164747203657;7041.642603678587;0.35026809003285186;2.378210724671089;0.4277050666292275
815392330#1;;0.03368364322285099;5.8420210691843435;71.8340673718757;8516.619685484187;0.427751851414123;2.8300917028409875;0.44226275296765627
815392349#0;;0.04037467700258398;4.927901621875126;69.21721477189719;6774.200623937457;0.31493358572033203;2.2493267205830705;0.4003700041238517
815392330#7;;0.03832004904966279;9.08829763519981;67.9339434165679;3813.8673163365393;0.10048090671307447;1.4108147606031811;0.8336500392784173
815392330#7;;0.03832004904966279;9.08829763519981;67.9339434165679;3813.8673163365393;0.10048090671307447;1.4108147606031811;0.8336500392784173
815392330#5;;0.014681700728212356;13.429006363408549;63.95089199623415;2908.2286347108616;0.09310330651468017;1.0244150587460497;0.34008570822647766
-27486971#0;;0.030622243998040175;18.932403060917917;60.84321063748731;1772.9789883944752;0.015410878585681482;0.6580790832340088;0.23660752018413952
815392349#2;;0.012609704428528197;15.329257062583396;68.1109208448081;6061.978294902984;0.29441094686030084;2.067509267463022;0.41514544784948587
815392330#1;;0.03368364322285099;5.798564291727958;69.5752908435274;7070.7446116227675;0.3480642742497573;2.3790032164890134;0.42368216121866387
815392349#0;;0.04037467700258398;4.881878826628486;71.36130423819259;8202.445617932617;0.40735095329202325;2.7251653040663877;0.43493219511838754
815392330#7;;0.03832004904966279;9.087185285709557;68.14925613810422;4392.783741293842;0.1420392513561275;1.614163208705087;0.8463166880613362
815392330#7;;0.03832004904966279;9.087185285709557;68.14925613810422;4392.783741293842;0.1420392513561275;1.614163208705087;0.8463166880613362
815392330#5;;0.014681700728212356;13.450607876556628;61.80899922726756;0.0;0.0;0.0;0.0
-27486971#0;;0.030622243998040175;18.945481791010227;60.585373783245046;1607.5572487327154;0.008332479421995814;0.6124931857038759;0.23430994960985504
815392349#2;;0.012609704428528197;15.212869429337548;70.11069659467272;7502.461394447824;0.3910609515212203;2.5557281465517554;0.4499019235444377
815392330#1;;0.03368364322285099;5.755570270343615;69.70451578910884;7183.207183251251;0.36146834451461907;2.429863407534801;0.4331674431074089
815392349#0;;0.04037467700258398;4.838675408832837;71.04059093743973;8047.91681624372;0.40710530109988774;2.6956084924130606;0.4413021093233802
815392330#7;;0.03832004904966279;9.080434572450333;68.69331477574205;5399.586858990655;0.22682651274164162;1.995472314457758;0.8727865903859462
815392330#7;;0.03832004904966279;9.080434572450333;68.69331477574205;5399.586858990655;0.22682651274164162;1.995472314457758;0.8727865903859462
815392330#5;;0.014681700728212356;13.4018461402828;65.74958936964728;4350.6026792547145;0.17959501992270466;1.4894745731085832;0.3675951880067405
-27486971#0;;0.030622243998040175;18.833446636543353;62.568929898506234;2811.9305436106665;0.0602123978662618;0.9453508254225923;0.2513623890238311
815392349#2;;0.012609704428528197;15.162475725770728;65.99944210243076;4389.968564717608;0.19584840170036613;1.5287238211621916;0.39358595038360034
815392330#1;;0.03368364322285099;5.710270111319118;70.34555901631876;7655.828596710433;0.398197570049514;2.6009514273122187;0.45006633039841615
815392349#0;;0.04037467700258398;4.817500164968979;66.64580652787154;4985.706489090343;0.22397680318098726;1.7071575250511573;0.3893545418667964
815392330#7;;0.03832004904966279;9.078704588751888;68.28306491635443;4575.339503521773;0.16220294909082525;1.6935185656290404;0.8535665407937693
815392330#7;;0.03832004904966279;9.078704588751888;68.28306491635443;4575.339503521773;0.16220294909082525;1.6935185656290404;0.8535665407937693
815392330#5;;0.014681700728212356;13.45042214616326;60.80972692564707;0.0;0.0;0.0;0.0
-27486971#0;;0.030622243998040175;18.789707017931644;61.49353004466775;2160.1447787216234;0.03230871670717149;0.7653327765624164;0.24352107698864167
815392349#2;;0.012609704428528197;15.177198727454037;62.78257812381291;1213.3475188906584;0.0;0.4739563468201716;0.33189161248562216
815392330#1;;0.03368364322285099;5.654407886662179;72.61796569769396;9279.747078008375;0.5120290590282087;3.1627492898281453;0.49168697799922917
815392349#0;;0.04037467700258398;4.8200161284937755;62.74078777531854;1534.8441701361928;0.012586421808680016;0.5822116103025369;0.3253088919537355
815392330#7;;0.03832004904966279;9.079241413086812;68.11855776864132;4110.404535741714;0.12539437827862815;1.5083346526964132;0.8404928372573989
815392330#7;;0.03832004904966279;9.079241413086812;68.11855776864132;4110.404535741714;0.12539437827862815;1.5083346526964132;0.8404928372573989
815392330#5;;0.014681700728212356;13.429117621546283;64.00110051929845;2951.866839986261;0.095688863755419;1.0384246933131855;0.34085841436828956
-27486971#0;;0.030622243998040175;18.97848577626115;58.33366421553337;0.0;0.0;0.0;0.0
815392349#2;;0.012609704428528197;15.180405981789534;63.251583924111216;1774.8587644151107;0.029080390488609716;0.660247771058515;0.3424785875267496
815392330#1;;0.03368364322285099;5.606581655015974;71.37005462064542;8465.57874147599;0.4689026651232565;2.911028637975385;0.48510832861280306
815392349#0;;0.04037467700258398;4.806308735418542;65.31925544546456;3924.266892384849;0.1599372617917335;1.3628950760953142;0.3717740089698796
815392330#7;;0.03832004904966279;9.073357223832694;68.56575280013958;5125.9157470689715;0.19570684252038445;1.873229565348882;0.8643846534386296
815392330#7;;0.03832004904966279;9.073357223832694;68.56575280013958;5125.9157470689715;0.19570684252038445;1.873229565348882;0.8643846534386296
815392330#5;;0.014681700728212356;13.419049723693515;63.38413227323686;2390.0679365838205;0.06251783832850476;0.8581865290174631;0.33140936682259187
-27486971#0;;0.030622243998040175;18.827940886158103;63.21306176679339;3180.6936381816226;0.07609218866312432;1.0473607286226188;0.25621545235924076
815392349#2;;0.012609704428528197;15.210801517095899;62.166495974185516;0.0;0.0;0.0;0.0
815392330#1;;0.03368364322285099;5.569329420862813;69.58908468666128;7185.723547209279;0.39107898277480535;2.4928623197039235;0.46674606468189356
815392349#0;;0.04037467700258398;4.819290534849047;61.53078353104604;0.0;0.0;0.0;0.0
815392330#7;;0.03832004904966279;9.090905890235257;67.28752726068198;1421.8430888510256;0.01409989396022493;0.5271715739732256;0.4167291810148013
815392330#7;;0.03832004904966279;9.090905890235257;67.28752726068198;1421.8430888510256;0.01409989396022493;0.5271715739732256;0.4167291810148013
815392330#5;;0.014681700728212356;13.417054349420638;62.96052491442925;1983.0006782307166;0.03835481089261654;0.7273702153282923;0.3242396211034129
-27486971#0;;0.030622243998040175;18.96686266868287;58.90750812697532;0.0;0.0;0.0;0.0
815392349#2;;0.012609704428528197;15.169184282397351;65.49103976581257;3958.880023496401;0.16819006160149794;1.3852221245314058;0.38492570058322473
815392330#1;;0.03368364322285099;5.521064248422248;71.94247133595891;8970.054858980919;0.5198306887075134;3.118782476743922;0.5122084683350412
815392349#0;;0.04037467700258398;4.82161510689058;62.76002219217254;1562.6898907223988;0.01426429036126306;0.5913115920921408;0.3255714529326099
815392330#7;;0.03832004904966279;9.067434752672689;69.60466912191006;7961.898862976255;0.414095441137103;2.902469763503447;0.9309723245333341
815392330#7;;0.03832004904966279;9.067434752672689;69.60466912191006;7961.898862976255;0.414095441137103;2.902469763503447;0.9309723245333341
815392330#5;;0.014681700728212356;13.446424653363493;61.49789820828272;0.0;0.0;0.0;0.0
-27486971#0;;0.030622243998040175;18.926385113921523;61.391079582039374;2117.974004550424;0.030160331044800804;0.7531919526901112;0.24112590735873188
815392349#2;;0.012609704428528197;15.207766800877728;61.90154527979929;0.0;0.0;0.0;0.0
815392330#1;;0.03368364322285099;5.524844929065378;63.494559691181955;1434.728243229604;0.009353662809214007;0.5435157813030137;0.35794240490064194
815392349#0;;0.04037467700258398;4.81193962619225;64.60228756118654;3323.4356446119536;0.12255046228285882;1.1658826812774747;0.3596550237438872
815392330#7;;0.03832004904966279;9.084718837918139;67.70736486932218;3053.427013568983;0.14208603714498608;1.1240503485536704;0.456789091603345
815392330#7;;0.03832004904966279;9.084718837918139;67.70736486932218;3053.427013568983;0.14208603714498608;1.1240503485536704;0.456789091603345
815392330#5;;0.014681700728212356;13.394891908046583;65.94470882430674;4496.496167162017;0.18854540137691034;1.536940193051499;0.37066590307944564
-27486971#0;;0.030622243998040175;18.943649707506697;60.52549419732915;1567.6468719548807;0.006630930992436696;0.6014948056272647;0.2338207153648513
815392349#2;;0.012609704428528197;15.165259941899725;65.54616153530336;4004.689844117797;0.17121857454581843;1.400628725696912;0.38603109712087347
815392330#1;;0.03368364322285099;5.521549127074412;64.34112006489534;2467.1812598212623;0.07931918430532678;0.8962620505587423;0.37947413108880046
815392349#0;;0.04037467700258398;4.8109714145879146;63.25472259024038;2047.6459776137508;0.04423095914628567;0.749461336575286;0.3362155670407674
815392330#7;;0.03832004904966279;9.084552486010695;68.4712289484281;4159.255038596903;0.215584085041241;1.5094563549535294;0.45664213370961126
815392330#7;;0.03832004904966279;9.084552486010695;68.4712289484281;4159.255038596903;0.215584085041241;1.5094563549535294;0.45664213370961126
815392330#5;;0.014681700728212356;13.397598052774306;62.74981701974263;1746.9128528215838;0.0244696202925678;0.6514633588209282;0.3211060205739906
-27486971#0;;0.030622243998040175;18.865835604379555;61.999914425388944;2479.904370173292;0.04583043337463372;0.8533564702036601;0.24661640850194932
815392349#2;;0.012609704428528197;15.172120471793132;63.10711270266139;1597.1475607572597;0.017834203049086738;0.6012613803472769;0.33949925252177554
815392330#1;;0.03368364322285099;5.52240219452149;63.83287112723291;1861.8927526054497;0.038305272408003084;0.6894091419624;0.36700291636189963
815392349#0;;0.04037467700258398;4.810904670119712;63.127450327329356;1915.169253992807;0.03609321035195764;0.7062097356835554;0.333774942500241
815392330#7;;0.03832004904966279;9.08782889457556;67.99175889332423;2906.850788220609;0.12268840233924327;1.0624130160881524;0.42938342493933473
815392330#7;;0.03832004904966279;9.08782889457556;67.99175889332423;2906.850788220609;0.12268840233924327;1.0624130160881524;0.42938342493933473
815392330#5;;0.014681700728212356;13.395305232779952;63.005712698162206;2001.3917493886;0.039669300383857874;0.7334110691630054;0.3258073625769687
-27486971#0;;0.030622243998040175;18.83548152621387;61.26959356813128;2027.3965469478444;0.026486888017238593;0.7284644915777709;0.24117936132392814
815392349#2;;0.012609704428528197;15.145003655867214;64.74024858034286;3265.4224409618746;0.12457036624355114;1.1558456538534543;0.3729818725933008
815392330#1;;0.03368364322285099;5.5174505370670355;64.56934424700634;2712.075354018008;0.09609557596383969;0.9801722102385118;0.38510019086529307
815392349#0;;0.04037467700258398;4.811328248306658;63.05747923900107;1842.9471589754983;0.031645293083399896;0.6826281592445161;0.33237079746440845
815392330#7;;0.03832004904966279;9.06965367695614;69.37962117875847;7221.191435618201;0.3654350728905521;2.6524381067130802;0.9160120330150456
815392330#7;;0.03832004904966279;9.06965367695614;69.37962117875847;7221.191435618201;0.3654350728905521;2.6524381067130802;0.9160120330150456
815392330#5;;0.014681700728212356;13.445581737740904;60.763061764873;0.0;0.0;0.0;0.0
-27486971#0;;0.030622243998040175;18.991791213927687;58.69668509914774;0.0;0.0;0.0;0.0
815392349#2;;0.012609704428528197;15.183835762854113;61.92381562143161;0.0;0.0;0.0;0.0
815392330#1;;0.03368364322285099;5.533662452988019;62.30923431987697;0.0;0.0;0.0;0.0
815392349#0;;0.04037467700258398;4.811080941159058;63.15211833993907;1941.6467738634037;0.03771524044327129;0.7148525704878383;0.33423656058262063
815392330#7;;0.03832004904966279;9.05935202186421;68.71640349338068;5929.097700357828;0.26390199270906206;2.1781397999459395;0.8868597775389083
815392330#7;;0.03832004904966279;9.05935202186421;68.71640349338068;5929.097700357828;0.26390199270906206;2.1781397999459395;0.8868597775389083
815392330#5;;0.014681700728212356;13.429544786638782;63.699420033081466;2687.190430244075;0.0799860212560051;0.9534218300700241;0.33610634228949904
-27486971#0;;0.030622243998040175;18.901955503737156;62.17653539035534;2589.3675900527724;0.05039185993002779;0.8833248616840906;0.24752947630046807
815392349#2;;0.012609704428528197;15.181572332503679;63.48969300752672;2041.0334227038713;0.045984076256451074;0.7485285786016694;0.3475120396545315
815392330#1;;0.03368364322285099;5.540950552922051;63.07332042461748;0.0;0.0;0.0;0.0
815392349#0;;0.04037467700258398;4.804035036706565;64.20402341665562;2948.125969532624;0.09995698232046274;1.0440520825043444;0.35405770317352725
815392330#7;;0.03832004904966279;9.08310171045069;67.01817233676576;0.0;0.0;0.0;0.0
815392330#7;;0.03832004904966279;9.08310171045069;67.01817233676576;0.0;0.0;0.0;0.0
815392330#5;;0.014681700728212356;13.443161600643013;62.16934273759872;0.0;0.0;0.0;0.0
-27486971#0;;0.030622243998040175;18.99489322673661;59.475274564232485;0.0;0.0;0.0;0.0
815392349#2;;0.012609704428528197;15.196465314678932;62.75223954732831;1206.4302238428522;0.0;0.47193310077248896;0.33080129816270626
815392330#1;;0.03368364322285099;5.526037853039398;65.95963509846014;4147.818667978844;0.19276240466523087;1.4699629767206757;0.4130120879423971
815392349#0;;0.04037467700258398;4.817018305932692;61.539598741891325;0.0;0.0;0.0;0.0
815392330#7;;0.03832004904966279;9.068742840538565;68.95184627003812;6570.401188560929;0.3126052711851483;2.410036310743716;0.9002275484916475
815392330#7;;0.03832004904966279;9.068742840538565;68.95184627003812;6570.401188560929;0.3126052711851483;2.410036310743716;0.9002275484916475
815392330#5;;0.014681700728212356;13.454974671973883;62.23586310535011;1286.8609414968623;0.0;0.5041038093633703;0.30971823281472954
-27486971#0;;0.030622243998040175;18.93499369461826;61.68844569833144;2301.469146294604;0.03797563596685211;0.8037361962235703;0.24337036744263843
815392349#2;;0.012609704428528197;15.162850660139691;65.06092115038663;3573.560235475742;0.1438175126183756;1.257574800099819;0.37789760038633685
815392330#1;;0.03368364322285099;5.524241953126059;64.1440355236867;2247.040359545896;0.06431784124972739;0.8209644951493781;0.3745798960874452
815392349#0;;0.04037467700258398;4.819300401497654;62.774526959879154;1569.0552559656803;0.014690711602900662;0.5933462288082636;0.32605134689594506
815392330#7;;0.03832004904966279;9.091034902716299;67.12621419346506;1287.1253539786612;0.0035990205577165896;0.4778782461785336;0.41378401569558937
815392330#7;;0.03832004904966279;9.091034902716299;67.12621419346506;1287.1253539786612;0.0035990205577165896;0.4778782461785336;0.41378401569558937
815392330#5;;0.014681700728212356;13.432373469935182;64.07193631316366;3015.460718063183;0.0993918595201708;1.0587373173747388;0.3417988951590746
-27486971#0;;0.030622243998040175;18.96693430804918;60.30914544763674;1428.1672172763538;0.0006660437429421382;0.5631140587107005;0.23172963507830963
815392349#2;;0.012609704428528197;15.185097602073824;62.487101766755515;0.0;0.0;0.0;0.0
815392330#1;;0.03368364322285099;5.5311759449601015;63.14239191316383;0.0;0.0;0.0;0.0
815392349#0;;0.04037467700258398;4.805094893584539;65.41287628331871;3999.902274001487;0.16470311246253155;1.3878142189612144;0.3733948616556604
815392330#7;;0.03832004904966279;9.080093382648567;69.40789081507218;5561.463206853145;0.32127975122218755;2.0127162979730424;0.49012033209972294
815392330#7;;0.03832004904966279;9.080093382648567;69.40789081507218;5561.463206853145;0.32127975122218755;2.0127162979730424;0.49012033209972294
815392330#5;;0.014681700728212356;13.454685163760875;61.77348985920709;0.0;0.0;0.0;0.0
-27486971#0;;0.030622243998040175;18.95431503741102;60.95985892796169;1851.808492904722;0.01874123340988496;0.6797801142221852;0.23733284874073143
815392349#2;;0.012609704428528197;15.167100214819326;64.24852994965664;2810.832404944299;0.09514563547906116;1.0041768138791587;0.36302994485394474
815392330#1;;0.03368364322285099;5.5395483335440066;62.97140277448531;0.0;0.0;0.0;0.0
815392349#0;;0.04037467700258398;4.82273222534329;61.0862870318997;0.0;0.0;0.0;0.0
815392330#7;;0.03832004904966279;9.078118209898014;68.29980429126506;4605.666187551417;0.16383153909652526;1.703007524062668;0.8541252506746883
815392330#7;;0.03832004904966279;9.078118209898014;68.29980429126506;4605.666187551417;0.16383153909652526;1.703007524062668;0.8541252506746883
815392330#5;;0.014681700728212356;13.396253267484461;66.40833995467747;4843.256775674975;0.20917981875466282;1.6484990088709686;0.376806783995516
-27486971#0;;0.030622243998040175;18.983677582813236;60.34069655216377;1453.0704654623305;0.0017177105362526507;0.5700049691838073;0.23183493502639932
815392349#2;;0.012609704428528197;15.140244746461564;64.73285149409561;3254.856751753639;0.12399805742684417;1.152491810474126;0.373044769663985
815392330#1;;0.03368364322285099;5.527311477239777;65.55160876532975;3758.4822949031973;0.16634630058681507;1.336867947798053;0.40487874761327586
815392349#0;;0.04037467700258398;4.803295880853437;66.38160240561885;4772.2324202263935;0.21249376961125482;1.6407068004336036;0.38806290465199117
815392330#7;;0.03832004904966279;9.067657025146818;69.05016546223385;6018.699730472877;0.2757717806557541;2.2222902138193255;0.8892881181213396
815392330#7;;0.03832004904966279;9.067657025146818;69.05016546223385;6018.699730472877;0.2757717806557541;2.2222902138193255;0.8892881181213396
815392330#5;;0.014681700728212356;13.39358092775605;63.02765907725292;2020.9680070344161;0.04085521577124217;0.7397263250130423;0.3262576028099632
-27486971#0;;0.030622243998040175;18.904655531860833;62.0024959259967;2486.35693903013;0.04597439648152574;0.8548885978406369;0.24616472899183509
815392349#2;;0.012609704428528197;15.152060178256557;62.92890213421316;1354.451537942916;0.002460361630667769;0.5205003876411822;0.33585810401305594
815392330#1;;0.03368364322285099;5.518850298644731;65.03969828129192;3222.612238772066;0.1306429325694869;1.1546552276860598;0.39530863347446527
815392349#0;;0.04037467700258398;4.815288102622837;61.646508674306084;0.0;0.0;0.0;0.0
815392330#7;;0.03832004904966279;9.086616295146818;67.19502945951591;0.0;0.0;0.0;0.0
815392330#7;;0.03832004904966279;9.086616295146818;67.19502945951591;0.0;0.0;0.0;0.0
815392330#5;;0.014681700728212356;13.412642406182224;61.969500983542716;0.0;0.0;0.0;0.0
-27486971#0;;0.030622243998040175;18.97277613048846;59.808485638814474;0.0;0.0;0.0;0.0
815392349#2;;0.012609704428528197;15.14891961012313;63.56952016728031;2088.948066378342;0.04936831164783026;0.7646287452133862;0.35014020223340936
815392330#1;;0.03368364322285099;5.5270667667003845;63.02954650267573;0.0;0.0;0.0;0.0
815392349#0;;0.04037467700258398;4.805820513775187;64.59273500715584;3302.2734842182185;0.12166783099218395;1.1596601371892772;0.36032322313324083
815392330#7;;0.03832004904966279;9.078888411247501;68.51493672087454;5464.7006423987;0.2249854382386785;2.0037078736683265;0.8724395784546369
815392330#7;;0.03832004904966279;9.078888411247501;68.51493672087454;5464.7006423987;0.2249854382386785;2.0037078736683265;0.8724395784546369
815392330#5;;0.014681700728212356;13.425840104320958;62.21194855505527;1215.2241337854932;0.0;0.4807072641764401;0.31002115048149487
-27486971#0;;0.030622243998040175;18.78276557233773;63.91393984379488;3569.163377790465;0.09308670236127227;1.155464354520273;0.26191474636414047
815392349#2;;0.012609704428528197;15.168242771171826;62.61673136930036;0.0;0.0;0.0;0.0
815392330#1;;0.03368364322285099;5.541092058263247;62.4580586655324;0.0;0.0;0.0;0.0
815392349#1;;0.0028325546579525064;10.201172775122828;61.41428452535599;0.0;0.0;0.0;0.0
815392330#7;;0.03832004904966279;9.075604181237928;68.28813295493161;4790.780494529295;0.17615536023675948;1.7656958328070187;0.8581878071526983
815392330#7;;0.03832004904966279;9.075604181237928;68.28813295493161;4790.780494529295;0.17615536023675948;1.7656958328070187;0.8581878071526983
815392330#5;;0.014681700728212356;13.419736751530484;63.170861610356546;2189.9203220216386;0.050619184718046634;0.7938535574531549;0.327788973617344
-27486971#0;;0.030622243998040175;18.835882107640828;60.05007956073962;0.0;0.0;0.0;0.0
815392349#2;;0.012609704428528197;15.188644370840281;62.55110991751033;0.0;0.0;0.0;0.0
815392330#1;;0.03368364322285099;5.531868653750757;65.09962844223168;3316.2728551059035;0.13618086564451642;1.1854887504522855;0.39515873231056464
815392349#1;;0.007334809311952948;10.202250786587816;63.01040843178601;1827.6876552903234;0.03048904068783192;0.6776237802997044;0.33063070734627326
815392330#7;;0.03832004904966279;9.05938533796636;69.05460619820073;6857.78901800888;0.33342047468664704;2.5108333095724666;0.9077915241935008
815392330#7;;0.03832004904966279;9.05938533796636;69.05460619820073;6857.78901800888;0.33342047468664704;2.5108333095724666;0.9077915241935008
815392330#5;;0.014681700728212356;13.454772219541269;61.270152494008485;0.0;0.0;0.0;0.0
-27486971#0;;0.030622243998040175;18.77915861546961;61.70128394668719;2286.9937593768104;0.03780701616925725;0.8004962486574149;0.24531298005198499
815392349#2;;0.012609704428528197;15.211796613761617;62.42104379258494;0.0;0.0;0.0;0.0
815392330#1;;0.03368364322285099;5.538636228166935;63.133570520227316;0.0;0.0;0.0;0.0
815392349#1;;0.011839396116174237;10.199823923976547;63.24793161141099;2069.760840827801;0.04532925619691015;0.7565105891853923;0.33527421404809327
815392330#7;;0.03832004904966279;9.083194176547854;67.10689580598599;1333.4822802829694;0.00730094778901684;0.49458912839976;0.4157946916516966
815392330#7;;0.03832004904966279;9.083194176547854;67.10689580598599;1333.4822802829694;0.00730094778901684;0.49458912839976;0.4157946916516966
815392330#5;;0.014681700728212356;13.43577124469659;63.85887744185564;2833.530056226938;0.08854513460568908;1.0002354403439335;0.3383499947968027
-27486971#0;;0.030622243998040175;18.90695813151077;59.055850497040424;0.0;0.0;0.0;0.0
815392349#2;;0.012609704428528197;15.17374067045077;65.28773427436582;3783.131906547437;0.15688173350945026;1.326673834402143;0.3812957172867967
815392330#1;;0.03368364322285099;5.516942698638633;67.0822965361047;5151.511270198077;0.26162703399659726;1.8145591917292085;0.4350235641705655
815392349#1;;0.016352475613641913;10.190996078004897;63.71077716449879;2514.4067322417773;0.07272303496600177;0.9016297217752801;0.3441585217535734
815392330#7;;0.03832004904966279;9.084038480658172;68.82489699450518;4952.911100518406;0.27557649409177787;1.7945235667414705;0.47600853116333386
815392330#7;;0.03832004904966279;9.084038480658172;68.82489699450518;4952.911100518406;0.27557649409177787;1.7945235667414705;0.47600853116333386
815392330#5;;0.014681700728212356;13.42890058856398;63.19886254700829;2226.5919529005755;0.052682554415526425;0.8055283580390183;0.3279180817613482
-27486971#0;;0.030622243998040175;18.765245974785696;63.09792430248885;3110.4225732676405;0.07339578851776987;1.0286597167775215;0.2562106914523016
815392349#2;;0.012609704428528197;15.205791770590594;62.1166450639185;0.0;0.0;0.0;0.0
815392330#1;;0.03368364322285099;5.5242037760875045;63.13359955063756;0.0;0.0;0.0;0.0
815392349#1;;0.01907668828691339;10.190308982425957;63.14852080024255;1951.5412885744277;0.038219283399552745;0.7180392676344707;0.3338166258506983
815392330#7;;0.03832004904966279;9.077076094650463;69.62491091822028;6044.431849489395;0.3766154425679944;2.219214735422993;0.5276389664357068
815392330#7;;0.03832004904966279;9.077076094650463;69.62491091822028;6044.431849489395;0.3766154425679944;2.219214735422993;0.5276389664357068
815392330#5;;0.014681700728212356;13.435128700286164;62.526284595359854;1566.8105709024871;0.013521564473586604;0.5936923818106519;0.3157899989271999
-27486971#0;;0.030622243998040175;18.748376188641526;61.09517705068909;1901.1340504230245;0.02122085659308608;0.6937050305888238;0.2407156204331985
815392349#2;;0.012609704428528197;15.16400947556796;65.50733306208747;3970.2918732641983;0.1690630692769555;1.3892699429835709;0.3854435565363109
815392330#1;;0.03368364322285099;5.531824599092138;63.071608563836264;0.0;0.0;0.0;0.0
815392349#1;;0.01907668828691339;10.165170398876693;65.01367376777631;3661.7528281765512;0.14403647965458577;1.2775609696079488;0.36749803638239775
815392330#7;;0.03832004904966279;9.091182691941839;67.53557024977485;2440.5273173924365;0.0875432727975932;0.895432617409534;0.4173994230979606
815392330#7;;0.03832004904966279;9.091182691941839;67.53557024977485;2440.5273173924365;0.0875432727975932;0.895432617409534;0.4173994230979606
815392330#5;;0.014681700728212356;13.412950212733167;64.07510629305905;3003.0572525791176;0.09906124623119633;1.0553960996673026;0.3427430765189209
-27486971#0;;0.030622243998040175;18.91046570432595;58.647074961662526;0.0;0.0;0.0;0.0
815392349#2;;0.012609704428528197;15.151274600260804;64.01232361621341;2558.7594098498007;0.07933035848303524;0.9207631552272323;0.35904742005934465
815392330#1;;0.03368364322285099;5.523438043472244;65.01275281719072;3205.9817541650787;0.12924221860660995;1.1485816146143508;0.39424514400962885
815392349#1;;0.01907668828691339;10.181780371002791;62.11558835735268;0.0;0.0;0.0;0.0
815392330#7;;0.03832004904966279;9.096839160786857;67.76956063047335;3326.6853158826134;0.06159785853240824;1.231427630284696;0.8207632782337553
815392330#7;;0.03832004904966279;9.096839160786857;67.76956063047335;3326.6853158826134;0.06159785853240824;1.231427630284696;0.8207632782337553
815392330#5;;0.014681700728212356;13.398818760284252;63.63591129109098;2601.6898402670568;0.07542537948782532;0.9266474561407146;0.33638623978524607
-27486971#0;;0.030622243998040175;18.901931105575894;60.91679309326481;1814.6675870510676;0.01723931997318926;0.6695982512784586;0.23754541126669998
815392349#2;;0.012609704428528197;15.147021547251335;63.62210689706579;2143.866202946175;0.05289561609219055;0.7828991843596141;0.3512962604183412
815392330#1;;0.03368364322285099;5.517522068430223;64.69676131472505;2852.8368004962363;0.10564029666792939;1.0283078946085806;0.38796470520280774
815392349#1;;0.01907668828691339;10.174427016595459;63.63618133436573;2418.5938767891753;0.06717435146182035;0.8707403335064795;0.34368115024643053
815392330#7;;0.03832004904966279;9.088898596064197;68.6154033888808;5551.508436067072;0.23577509679097922;2.04501998158399;0.874313608164206
815392330#7;;0.03832004904966279;9.088898596064197;68.6154033888808;5551.508436067072;0.23577509679097922;2.04501998158399;0.874313608164206
815392330#5;;0.014681700728212356;13.443819798779764;60.93551825806398;0.0;0.0;0.0;0.0
-27486971#0;;0.030622243998040175;18.802246711418114;62.3813967231579;2698.8150873804952;0.05547635817588829;0.914336776303935;0.2503368737931119
815392349#2;;0.012609704428528197;15.148049956566732;63.38587549276288;1884.4183353553913;0.03631659062625541;0.6966401618414657;0.346252439311374
815392330#1;;0.03368364322285099;5.536326244190069;62.10724302693062;0.0;0.0;0.0;0.0
815392349#1;;0.01907668828691339;10.168994929031971;63.51101017153599;2286.6212345120266;0.059148525931038164;0.8277104871559002;0.3416563235829569
815392330#7;;0.03832004904966279;9.087348813173246;68.17346395897866;4461.648516641662;0.14723032109913878;1.6389211104139592;0.8478578724648601
815392330#7;;0.03832004904966279;9.087348813173246;68.17346395897866;4461.648516641662;0.14723032109913878;1.6389211104139592;0.8478578724648601
815392330#5;;0.014681700728212356;13.419132719314264;64.21360611339406;3126.512795208729;0.10626644678766689;1.0948693022079146;0.3445804419513209
-27486971#0;;0.030622243998040175;18.818663858857253;60.57651986043722;1575.243246597673;0.007070511825960121;0.6034588247961301;0.23554766483893264
815392349#2;;0.012609704428528197;15.138593083298986;63.87276248376671;2401.267945483712;0.06944844739391837;0.8685910964929546;0.3566980387992569
815392330#1;;0.03368364322285099;5.531036437042511;64.56589620182582;2748.881608671932;0.09794763332699655;0.9919997745666288;0.38376015367912325
815392349#1;;0.01907668828691339;10.176117352577593;62.67521811099033;1410.0724037878772;0.005090527097565866;0.5412190601837047;0.3248617205659782
815392330#7;;0.03832004904966279;9.065670927626154;69.41538204588073;7700.833555627836;0.3959173886501841;2.8118963003490913;0.9257410494931837
815392330#7;;0.03832004904966279;9.065670927626154;69.41538204588073;7700.833555627836;0.3959173886501841;2.8118963003490913;0.9257410494931837
815392330#5;;0.014681700728212356;13.454735968740001;61.24921909268561;0.0;0.0;0.0;0.0
-27486971#0;;0.030622243998040175;18.995304881528103;58.46419527715619;0.0;0.0;0.0;0.0
815392349#2;;0.012609704428528197;15.204614017484484;61.1566753551805;0.0;0.0;0.0;0.0
815392330#1;;0.03368364322285099;5.540978967687844;62.8172575970749;0.0;0.0;0.0;0.0
815392349#1;;0.01907668828691339;10.182679768534522;62.69770391510173;1449.19758194628;0.007458317074616656;0.5540811316409835;0.32510170018120854
815392330#7;;0.03832004904966279;9.087593990079604;67.093004031244;0.0;0.0;0.0;0.0
815392330#7;;0.03832004904966279;9.087593990079604;67.093004031244;0.0;0.0;0.0;0.0
815392330#5;;0.014681700728212356;13.419489270854907;64.85459814766777;3657.245371584887;0.13778562717869122;1.2654220442824569;0.35405373680074514
-27486971#0;;0.030622243998040175;18.756864416099507;64.78032852217024;4040.061172382028;0.11359444307116845;1.2863388971695595;0.26842545680106755
815392349#2;;0.012609704428528197;15.204070897695692;63.38557088063412;1954.4932365395957;0.04028130318593284;0.7197519488013282;0.3446903332948143
815392330#2;;0.023124594927077448;1.733055049890237;64.67901743132214;2882.4361482571394;0.10677120411773769;1.0373232343266752;0.385901982147877
815392349#1;;0.01907668828691339;10.168710094600284;64.13051528343745;2881.766750274479;0.09583298961327397;1.022304474231656;0.3527249714277981
815392330#7;;0.03832004904966279;9.059312668341896;69.85324077202483;8790.751696081252;0.48142188179092926;3.210692395691458;0.9523733694441895
815392330#7;;0.03832004904966279;9.059312668341896;69.85324077202483;8790.751696081252;0.48142188179092926;3.210692395691458;0.9523733694441895
815392330#5;;0.014681700728212356;13.448535973467868;61.50771322671691;0.0;0.0;0.0;0.0
-27486971#0;;0.030622243998040175;18.92644399777583;58.558063805017625;0.0;0.0;0.0;0.0
815392349#2;;0.012609704428528197;15.137192732762317;67.02135860733256;5214.9192440429915;0.24943217642210147;1.8046949704705235;0.41097206245660023
815392330#2;;0.05089221322414161;1.7345620720362114;63.33310632764777;1286.2460849065067;0.0;0.49332261385125464;0.3528305611421439
815392349#1;;0.01907668828691339;10.18942228881434;61.88366046079658;0.0;0.0;0.0;0.0
815392330#7;;0.03832004904966279;9.085228122806555;66.99702308997304;0.0;0.0;0.0;0.0
815392330#7;;0.03832004904966279;9.085228122806555;66.99702308997304;0.0;0.0;0.0;0.0
815392330#5;;0.014681700728212356;13.41988104688271;64.44963048448707;3325.711999085526;0.11808205703640517;1.1588582359239372;0.3480986534355821
-27486971#0;;0.030622243998040175;18.94327488957557;60.53185900569737;1571.7813806333847;0.00680773096135422;0.60263364213805;0.23387871071605396
815392349#2;;0.012609704428528197;15.149011262877428;62.93253844375043;1354.2001832953902;0.002454773616227611;0.5203841134201342;0.3360069727128373
815392330#2;;0.07867684825540933;1.734050239679814;64.07679470764872;2216.1962609230372;0.06177557407848429;0.8101173487987627;0.37190902227529404
815392349#1;;0.01907668828691339;10.168893767104832;64.63600498497355;3338.0955419411903;0.12395093707453372;1.1714960303485626;0.36117983350382893
815392330#7;;0.03832004904966279;9.081114204532962;68.32324997240073;4873.859171951918;0.17887415474704088;1.7879577455713445;0.8582472483712945
815392330#7;;0.03832004904966279;9.081114204532962;68.32324997240073;4873.859171951918;0.17887415474704088;1.7879577455713445;0.8582472483712945
815392330#5;;0.014681700728212356;13.427455312095896;62.47211401474597;1499.1114801969318;0.009547960938631184;0.5719059643982742;0.31500505936282847
-27486971#0;;0.030622243998040175;18.915205660236637;61.20580202364705;2000.6346637935267;0.025169981221732824;0.7208708902598486;0.23976499904966095
815392349#2;;0.012609704428528197;15.211507029758561;61.231249256728326;0.0;0.0;0.0;0.0
815392330#2;;0.10655452374976065;1.7312570842543713;65.06735428782466;3276.254528263835;0.13365720314938354;1.1720941072927213;0.3947987941460695
815392349#1;;0.01907668828691339;10.182809789762503;62.263263859376295;0.0;0.0;0.0;0.0
815392330#7;;0.03832004904966279;9.09232416771223;67.51344238840178;2459.5588708218916;0.003755361094581175;0.9210201614831461;0.8019062422864403
815392330#7;;0.03832004904966279;9.09232416771223;67.51344238840178;2459.5588708218916;0.003755361094581175;0.9210201614831461;0.8019062422864403
815392330#5;;0.014681700728212356;13.432970708173464;62.56370296937053;1602.744914673458;0.015662856263428525;0.6052154647796928;0.3165506310241812
-27486971#0;;0.030622243998040175;19.018883188492833;59.33171178141735;0.0;0.0;0.0;0.0
815392349#2;;0.012609704428528197;15.161848164158645;65.95784071393793;4354.736547105758;0.19362349522060263;1.5170601763595353;0.3929468235407493
815392330#2;;0.10757314974182444;1.7300737122058336;64.38997385284041;2534.8071142700587;0.08374570251861675;0.9192164886510006;0.3802945375526772
815392349#1;;0.01907668828691339;10.188133161977614;62.76468692706938;1535.2302480296532;0.012704317807380735;0.5822179624674545;0.3262889544202828
815392330#7;;0.03832004904966279;9.06824168465142;69.63474516716617;8143.233765560575;0.4342875644340677;2.982225967523755;0.9369477100503862
815392330#7;;0.03832004904966279;9.06824168465142;69.63474516716617;8143.233765560575;0.4342875644340677;2.982225967523755;0.9369477100503862
815392330#5;;0.014681700728212356;13.433387156161452;62.815428233799516;1859.2836850121719;0.030861572179425086;0.6875671733322801;0.3211056075122138
-27486971#0;;0.030622243998040175;19.017189723388306;60.777631761892685;1746.6900680360686;0.014171616809434691;0.6508009491419613;0.2351635934459449
815392349#2;;0.012609704428528197;15.146613103594905;64.1390076079659;2682.670777490814;0.08731430977248025;0.9620411791491573;0.36168213606447414
815392330#2;;0.10757314974182444;1.7299476175370163;63.972824603243126;2044.0127700094044;0.050565579861488734;0.7516087691256912;0.37035809084622856
815392349#1;;0.01907668828691339;10.183678367414428;63.41613806905508;2214.1973066655396;0.054438142421448135;0.8038158146028351;0.3391784308828508
815392330#7;;0.03832004904966279;9.079575367823708;67.5343392706515;1404.0520931115072;0.012844571846444879;0.5203641176533342;0.41765746473282966
815392330#7;;0.03832004904966279;9.079575367823708;67.5343392706515;1404.0520931115072;0.012844571846444879;0.5203641176533342;0.41765746473282966
815392330#5;;0.014681700728212356;13.408414453744584;64.24602970470832;3146.204096424023;0.10767615226907956;1.1015926004889705;0.3455817948108916
-27486971#0;;0.030622243998040175;18.99994916861706;61.01310598546857;1893.6960721271917;0.02044690464134834;0.6912463424744545;0.23727040739862143
815392349#2;;0.012609704428528197;15.163172239138369;62.72842399311061;0.0;0.0;0.0;0.0
815392330#2;;0.10757314974182444;1.747570796690189;60.476557141385086;0.0;0.0;0.0;0.0
815392349#1;;0.01907668828691339;10.184126595099709;63.08465542433471;1873.8876830389302;0.033531159775573555;0.6927256662607074;0.3328497014613859
815392330#7;;0.03832004904966279;9.088865154193117;67.61076780233043;2767.6565373570547;0.020620114813566993;1.0325856444800245;0.8095241008000762
815392330#7;;0.03832004904966279;9.088865154193117;67.61076780233043;2767.6565373570547;0.020620114813566993;1.0325856444800245;0.8095241008000762
815392330#5;;0.014681700728212356;13.418225184446094;62.37886890168717;1386.021505458165;0.0028727767554318114;0.5354875880637295;0.31349071550032964
-27486971#0;;0.030622243998040175;18.970650369111343;61.20448082548114;2009.012914888534;0.02541203453745768;0.7230417352893211;0.23913529693551544
815392349#2;;0.012609704428528197;15.207709457069765;61.719549947942404;0.0;0.0;0.0;0.0
815392330#2;;0.10757314974182444;1.7751536802588956;59.77782584482702;0.0;0.0;0.0;0.0
815392349#1;;0.01907668828691339;10.201769422338213;62.02312602745593;0.0;0.0;0.0;0.0
815392330#7;;0.03832004904966279;9.081440052439211;68.55498518649674;5467.422616765276;0.22907237156430338;2.0134668692108533;0.8733272277298705
815392330#7;;0.03832004904966279;9.081440052439211;68.55498518649674;5467.422616765276;0.22907237156430338;2.0134668692108533;0.8733272277298705
815392330#5;;0.014681700728212356;13.420049258795618;62.76301167842435;1789.6983363480845;0.026843408346511815;0.6652336719701462;0.32061174767735134
-27486971#0;;0.030622243998040175;18.749306849621682;64.48316016915544;3879.317868664196;0.1067067914102856;1.241936682973338;0.266448921659161
815392349#2;;0.012609704428528197;15.204972542051683;63.481916566284724;2060.4702360295187;0.04698317911078371;0.7548396897102817;0.3466645232178871
815392330#2;;0.10757314974182444;1.8061954952611752;59.25757751861291;0.0;0.0;0.0;0.0
815392349#1;;0.01907668828691339;10.19434510922831;63.60437985187709;2416.174511154555;0.06663416625933002;0.8695154130400706;0.34208400558331564
815392330#7;;0.03832004904966279;9.07407086366081;69.24759505898626;5403.532676604789;0.30916492568313736;1.9556497432552717;0.48607964523447333
815392330#7;;0.03832004904966279;9.07407086366081;69.24759505898626;5403.532676604789;0.30916492568313736;1.9556497432552717;0.48607964523447333
815392330#5;;0.014681700728212356;13.44106915184915;61.8466789852641;0.0;0.0;0.0;0.0
-27486971#0;;0.030622243998040175;18.920379322069873;58.54242674371554;0.0;0.0;0.0;0.0
815392349#2;;0.012609704428528197;15.140076316973921;66.89551382557829;5115.400906768316;0.24295336422519864;1.7713643722575096;0.40887824122486865
815392330#2;;0.10757314974182444;1.835353964350197;58.83145779387349;0.0;0.0;0.0;0.0
815392349#1;;0.01907668828691339;10.195871186441568;62.9927781481321;1797.5936210025263;0.028717813964685465;0.6678205709416899;0.3305552842938432
815392330#7;;0.03832004904966279;9.072750761668063;68.31105978077788;4516.1720662687785;0.16705781369573502;1.6727859439411903;0.8531491266866784
815392330#7;;0.03832004904966279;9.072750761668063;68.31105978077788;4516.1720662687785;0.16705781369573502;1.6727859439411903;0.8531491266866784
815392330#5;;0.014681700728212356;13.421923927466825;63.88678956479748;2846.3833177970732;0.08957138121556876;1.0047589390787293;0.33940243376477086
-27486971#0;;0.030622243998040175;18.821798614213133;62.354325970234314;2685.0557768700373;0.05480554279341236;0.9103711483995587;0.2498835119609201
815392349#2;;0.012609704428528197;15.204599906005505;61.191818504717624;0.0;0.0;0.0;0.0
815392330#2;;0.10757314974182444;1.8676123797071942;58.29452679245833;0.0;0.0;0.0;0.0
815392349#1;;0.01907668828691339;10.17262889442622;64.84518817520211;3523.769470666886;0.13526157574512132;1.231976295573629;0.3643164182932917
