simulation generate 2026-03-06 10:36:50-->
189597344#0;;0.033879929529746576;17.71668667466987;55.9402874701336;1521.0;0.0;0.6117;0.0
189597344#0;;0.033879929529746576;17.19081793239223;67.24703080873428;3382.7986531190472;0.0001992285394446111;0.6403254666237179;0.006665141687640003
189597344#0;;0.033879929529746576;16.68629401047548;67.55354920442117;3512.569918097704;0.0008284320310255407;0.6715132530423118;0.013599329763418938
189597344#0;;0.033879929529746576;16.27563826120404;66.03581823861126;3305.944882096564;0.0014676467528667162;0.6864449535667582;0.019603478234501974
189597344#0;;0.033879929529746576;15.84820405208069;67.07043782800775;3562.6702000836417;0.0028554441364674827;0.7223950910313351;0.026404288089463043
189597344#0;;0.033879929529746576;15.44321823777729;67.14851766091894;3647.1895841039022;0.0044534571964781194;0.7517496365390761;0.033273582897569605
189597344#0;;0.033879929529746576;15.118190913428665;65.5238003832331;3375.986204755518;0.005124881548940786;0.7509757845524065;0.03886127061657166
189597344#0;;0.033879929529746576;14.780291383709029;66.38979196380096;3608.930061029729;0.007443288479568311;0.7888601413569498;0.04542083126728929
189597344#0;;0.033879929529746576;14.518989514336113;64.55017241659378;3257.044454820159;0.007401861751977485;0.7715761754256387;0.05013670527582419
189597344#0;;0.033879929529746576;14.271977892768867;64.4543020768476;3269.2400664592346;0.008721094200839065;0.7850026287308116;0.055170412961170354
189597344#0;;0.033879929529746576;13.961811372427029;66.90867625993774;3875.524753351534;0.014097641885869592;0.8670429563983528;0.06285483537332273
189597344#0;;0.033879929529746576;13.76144196455285;63.643337372020746;3148.2886709913664;0.010896505634103167;0.7963823813747686;0.06596125308815971
189597344#0;;0.033879929529746576;13.503376876685342;65.9653191454547;3741.6032338465434;0.017016392427303247;0.8815405543770134;0.07323355778634352
189597344#0;;0.033879929529746576;13.279903751317292;65.11787906072256;3572.463650817478;0.01758163766604583;0.8738003784064138;0.07828411865106219
189597344#0;;0.033879929529746576;13.069510509719365;64.97196289372118;3569.801401120577;0.01941910359226928;0.8858253627472796;0.0835922995141806
189597344#0;;0.033879929529746576;12.817621502156111;66.94758930928012;4130.353718084177;0.027726168770692457;0.9813459468962303;0.09200235407625097
189597344#0;;0.033879929529746576;12.621887488058634;65.12404412031546;3683.878230349138;0.025074439370759222;0.9293080833853007;0.09596596481513009
189597344#0;;0.033879929529746576;12.467205821883365;63.72516219498284;3324.69903023978;0.022371655340455807;0.8834942873884647;0.09902660373093368
189597344#0;;0.033879929529746576;12.2352287669569;67.28556123523096;4362.577397292281;0.03867917503178389;1.0631787000760198;0.10994184332514702
189597344#0;;0.033879929529746576;12.010165215489481;67.45021436625349;4468.257791964301;0.04388279339759464;1.0998001743422359;0.11756741139014167
189597344#0;;0.033879929529746576;11.800625870244886;67.19981283236082;4449.498439433096;0.04729197764104007;1.1147939666775886;0.124453489267425
189597344#0;;0.033879929529746576;11.597155915330656;67.34678825468404;4548.3631413639505;0.05276702657110237;1.150399450129257;0.13200557742711486
189597344#0;;0.033879929529746576;11.383973099977094;68.27283980714428;4900.510268306646;0.06362780654781036;1.235790095378361;0.14170019683353274
189597344#0;;0.033879929529746576;11.254565067446963;64.46388002466202;3706.565744733692;0.04332040472516997;1.020004759735873;0.1396089367881407
189597344#0;;0.033879929529746576;11.123908654512956;64.7474509477631;3819.3815921452674;0.047687434035846035;1.050558631094882;0.14508782512887158
189597344#0;;0.033879929529746576;11.012649721973204;63.951277844098335;3566.286198556973;0.04420833882264051;1.0077188738154779;0.1476678090965269
189597344#0;;0.033879929529746576;10.865500407622767;66.0746307243991;4316.759457022919;0.06327194520835931;1.1697489703659358;0.1583276394084722
189597344#0;;0.033879929529746576;10.706137397282676;67.05946792871902;4698.607824315793;0.07576454640800573;1.2630849673271907;0.16757792380523806
189597344#0;;0.033879929529746576;10.542216780815473;67.68114271646438;4967.575228544401;0.08667961367604994;1.3366798357851664;0.17669308831948646
189597344#0;;0.033879929529746576;10.364788527240611;68.88404457279225;5466.981558423248;0.10495903686745414;1.4654479855757714;0.18872617155243207
189597344#0;;0.033879929529746576;10.196629872850291;68.77891991446356;5492.5370474066085;0.11146864944046841;1.4919393646150347;0.1970955203366313
-28662749;;0.05025125628140704;4.477947794779478;55.9402874701336;1521.0;0.0;0.6117;0.0
189597344#0;;0.033879929529746576;10.052107613040494;67.71830860740214;5136.6565452428085;0.10636608792676855;1.4280661405232151;0.20124830325729398
-28662749;;0.05025125628140704;4.427351545890926;67.20785182177772;3376.0464855689193;0.00019716471684624878;0.6401258797721769;0.006641605743215148
189597344#0;;0.033879929529746576;9.899384542434541;68.61406548195974;5542.761497456394;0.12387195639397862;1.5409499854351445;0.21272407618411743
-28662749;;0.05025125628140704;4.381157362768171;66.55000697337177;3331.8742548231303;0.0006888903659002943;0.6637355913691776;0.012946243654660535
189597344#0;;0.033879929529746576;9.806335934621371;65.05757044222837;4124.147018602523;0.08323886819687931;1.214873976557851;0.204366856126714
-28662749;;0.05025125628140704;4.332489613025771;67.44515561585064;3563.041042012672;0.001715451779632392;0.6981726570688482;0.019898933839826966
189597344#0;;0.033879929529746576;9.688513419484579;66.90044953591196;4913.460625320297;0.11182201865920953;1.415570069742188;0.21800154438928762
-28662749;;0.05025125628140704;4.288244826207361;66.73643572099716;3500.002064942449;0.0027722574774050727;0.7190573062431326;0.02640197047378475
189597344#0;;0.033879929529746576;9.559898276911158;67.93032880068867;5384.73124780299;0.1320875388470585;1.5455821795018627;0.22974171419971529
-28662749;;0.05025125628140704;4.24323322007098;67.23455910499524;3664.8713697525272;0.0045089946798563445;0.7532026642419595;0.033363680928956474
189597344#0;;0.033879929529746576;9.426728116116992;68.59368399394377;5716.867930322456;0.14904968704731356;1.6454627749242143;0.240858671889006
-28662749;;0.05025125628140704;4.2059528226477205;65.63111321630674;3398.9646957836812;0.00522180947171543;0.7531520557431161;0.03902680297552397
189597344#0;;0.033879929529746576;9.27527668033302;70.32379943128625;6540.647013949293;0.1858865540225238;1.8769846881837036;0.259008695528763
-28662749;;0.05025125628140704;4.163716520254732;67.13727517736825;3772.140021699466;0.00821187468327985;0.8049627465912156;0.046230804041010314
189597344#0;;0.033879929529746576;9.16998483185618;67.29732192670453;5225.615605206134;0.14234469797080662;1.5530108750533032;0.25094681317579415
-28662749;;0.05025125628140704;4.127638776847831;65.85211199398817;3550.4805045997223;0.009071332750100925;0.8032245565101418;0.05198735990804971
189597344#0;;0.033879929529746576;9.028497443521585;70.37455052942784;6696.125219362573;0.20577896544720728;1.9589528872584872;0.2770360301377944
-28662749;;0.05025125628140704;4.097643529094092;64.49841615804961;3288.6933729585894;0.00920739697254304;0.7905340670785435;0.05668095753604446
189597344#0;;0.033879929529746576;8.932104811747799;67.24170127299045;5262.204048933084;0.15403118518568246;1.591651146916602;0.2663449351989293
-28662749;;0.05025125628140704;4.06056091234471;66.57628212697402;3810.2779167964727;0.014159037402078214;0.8636541291639372;0.06402964899668434
189597344#0;;0.033879929529746576;8.862320344455497;65.40469865398791;4368.342692319441;0.1206077482715483;1.3587889702039497;0.25989231309342536
-28662749;;0.05025125628140704;4.022637177958405;67.0754058634775;3987.8985490237505;0.017903174822360222;0.9045028879727538;0.07127157867778522
189597344#0;;0.033879929529746576;8.764651217098967;67.77861102420066;5570.597637067795;0.17459301304794644;1.6967131686158665;0.2813107042438354
-28662749;;0.05025125628140704;3.9835377942754877;67.68979092248142;4204.619387717419;0.022641518772164776;0.9536974570309954;0.07913787607360193
189597344#0;;0.033879929529746576;8.680128053179557;66.96404260421629;5181.523650353823;0.16211897041522866;1.6005615842047736;0.2821191081763186
-28662749;;0.05025125628140704;3.961564288330954;63.17961439537504;3103.6773600809447;0.014487823368498014;0.8188256147209034;0.08036305851030037
189597344#0;;0.033879929529746576;8.611166264412258;65.90311322992929;4638.567158168204;0.14154755349249265;1.457540611337439;0.2797190388301727
-28662749;;0.05025125628140704;3.925372633706377;67.34835529839191;4220.626591819732;0.02788557752585473;0.9894284263217231;0.0905602893414951
189597344#0;;0.033879929529746576;8.612408675172405;60.831952349712836;1687.5354733635631;0.0122531169638588;0.6344797069795716;0.24071116717172453
-28662749;;0.05025125628140704;3.8998325958350626;64.54698160627206;3516.8922685467537;0.022411412543090047;0.9000162676085184;0.09333683549985594
189597344#0;;0.033879929529746576;8.62666813954868;60.021744032552256;0.0;0.0;0.0;0.0
-28662749;;0.05025125628140704;3.8775342681609506;63.768346755696975;3327.9094170793624;0.021745747637453048;0.8803210124662603;0.09705284019416885
189597344#0;;0.033879929529746576;8.60970098728525;62.037677312689404;2458.2068133982516;0.0460452086568884;0.8494629685882418;0.2510384448281359
-28662749;;0.05025125628140704;3.8469694203709164;66.34977119228685;4078.297811741635;0.03358236406382276;1.0105795633408985;0.10606804618509101
189597344#0;;0.033879929529746576;8.625692177838193;59.92266432122513;0.0;0.0;0.0;0.0
-28662749;;0.05025125628140704;3.8163146299160013;66.60688887565483;4198.368024990252;0.038278124203487515;1.0461504155810337;0.11304624783227354
189597344#0;;0.033879929529746576;8.625642942187474;60.894798374027744;1741.0824066572552;0.014517913024526681;0.6493947098002429;0.2406601131604408
-28662749;;0.05025125628140704;3.7839876109046098;67.35556262790665;4470.562145931045;0.04590143122059212;1.110073194679103;0.12131829156632874
189597344#0;;0.033879929529746576;8.652504057192772;59.28353173075258;0.0;0.0;0.0;0.0
-28662749;;0.05025125628140704;3.7538590817606927;66.93471194845175;4395.887111907163;0.048279470658391783;1.1141870609315616;0.12770733668781986
189597344#0;;0.033879929529746576;8.661499482417423;60.28614560460615;1362.2949363449484;0.0;0.544369621996274;0.23369100420879055
-28662749;;0.05025125628140704;3.7246691739634126;66.87925767215168;4426.742878893562;0.05235657030880706;1.1360627906350285;0.13452876679162631
189597344#0;;0.033879929529746576;8.665601762464012;60.57876722818542;1565.5888695206504;0.00670258813504556;0.6007301914115121;0.2361072897452082
-28662749;;0.05025125628140704;3.6970672616576374;66.60525845011732;4383.976403948618;0.05500763539991499;1.143265115207553;0.14070686985959951
189597344#0;;0.033879929529746576;8.657843084947059;61.345846619931514;2058.4139638843308;0.028051644076419212;0.7373378142542887;0.24296217990757607
-28662749;;0.05025125628140704;3.6668181333886647;67.68383150538531;4785.25260155457;0.06700561038196222;1.2379370643353007;0.15031945198142435
189597344#0;;0.033879929529746576;8.655024022790084;61.02945478710558;1853.7566251809878;0.019219056818183682;0.680607752764767;0.24045684968047515
-28662749;;0.05025125628140704;3.6391585028803535;67.08818637218214;4635.871771718651;0.06788828611810203;1.2248516340281874;0.15616814502816578
189597344#0;;0.033879929529746576;8.643495790063653;61.61691236738508;2218.765555168113;0.035154969280625906;0.7820577952025586;0.24589006664560173
-28662749;;0.05025125628140704;3.6161067759457155;65.78392604489014;4223.7612901854445;0.06192201090517803;1.1535986228013966;0.15909678139522712
189597344#0;;0.033879929529746576;8.648611133783447;60.539852166438195;1523.528793338389;0.0049448485638639295;0.5889731129582537;0.23651035384745606
-28662749;;0.05025125628140704;3.5856408691417;68.46355575314271;5210.960167497037;0.0895290732150017;1.3767727078851673;0.1737602357494967
189597344#0;;0.033879929529746576;8.616861540506829;63.06951210623782;3076.7328086205903;0.07299694941489512;1.0216603534693545;0.2587581266654502
-28662749;;0.05025125628140704;3.55861979920289;67.55582188445756;4938.812032246775;0.08748669510351662;1.3361463937998055;0.17887777836439203
189597344#0;;0.033879929529746576;8.63546689254056;59.76013907248956;0.0;0.0;0.0;0.0
-28662749;;0.05025125628140704;3.5311718433057804;67.93964122781306;5130.455379264446;0.09723003422294715;1.3953976772825443;0.18773543742934026
189597344#0;;0.033879929529746576;8.600492228586678;63.33321821572927;3223.3808223737765;0.0798003844730199;1.0634059882503148;0.26171620357772063
-28662749;;0.05025125628140704;3.4999687084957776;69.51868401705154;5791.8442638563865;0.12150521514828075;1.5655797576094057;0.2019057430974213
189597344#0;;0.06775985905949315;12.901923434647902;62.08513834345873;3228.504980101742;0.01319118609255738;1.2517496453132493;0.241611899493973
-28662749;;0.05025125628140704;3.4788062202828707;66.22661205924899;4557.9808682999765;0.09020192037526971;1.2968359394129445;0.19720857570032513
189597344#0;;0.06775985905949315;12.901923434647902;62.08513834345873;3228.504980101742;0.01319118609255738;1.2517496453132493;0.241611899493973
189597344#0;;0.06775985905949315;12.736629531827656;68.01599208553543;3389.9613152159204;0.00020143280829455366;0.640537893889948;0.0066901053949599745
-28662749;;0.05025125628140704;3.4510344619751256;68.78768625606908;5620.656077844851;0.12711345572027438;1.5621936537927885;0.2146307729500886
189597344#0;;0.06775985905949315;12.736629531827656;68.01599208553543;3389.9613152159204;0.00020143280829455366;0.640537893889948;0.0066901053949599745
189597344#0;;0.06775985905949315;12.620844147673372;67.61445774536709;3424.736131442208;0.0007624854611908191;0.667814293988583;0.01331696243980328
-28662749;;0.05025125628140704;3.424077136582752;68.7533405103987;5665.2392620029705;0.13443019393755212;1.592223918422295;0.22306425028770438
189597344#0;;0.06775985905949315;12.620844147673372;67.61445774536709;3424.736131442208;0.0007624854611908191;0.667814293988583;0.01331696243980328
189597344#0;;0.06775985905949315;12.374220194153288;68.91887966563421;7532.717390525222;0.11971317717907962;2.000149782617078;0.2926812026913088
-28662749;;0.05025125628140704;3.406585147785102;65.51447283957427;4339.8265992823135;0.09485999923155557;1.2814784730161448;0.2152483869461715
189597344#0;;0.06775985905949315;12.374220194153288;68.91887966563421;7532.717390525222;0.11971317717907962;2.000149782617078;0.2926812026913088
189597344#0;;0.06775985905949315;12.257545289347613;66.89969042896479;3367.4812948853855;0.002499247772625634;0.7101704851832756;0.025844261884826292
-28662749;;0.05025125628140704;3.3874397409118684;66.26126952219785;4678.588554427681;0.10933578719569753;1.374414740559196;0.22415108530127492
189597344#0;;0.06775985905949315;12.257545289347613;66.89969042896479;3367.4812948853855;0.002499247772625634;0.7101704851832756;0.025844261884826292
189597344#0;;0.06775985905949315;12.11624748771807;67.35324003875604;4875.480814174895;0.003916132428547301;1.2889607174962279;0.2673429880578477
-28662749;;0.05025125628140704;3.3668108368699854;66.97590747772034;5014.662933792521;0.12473950364649683;1.4698107836416137;0.23374977437683592
189597344#0;;0.06775985905949315;12.11624748771807;67.35324003875604;4875.480814174895;0.003916132428547301;1.2889607174962279;0.2673429880578477
189597344#0;;0.06775985905949315;11.982677326085819;66.69371002741872;5106.614522315326;0.020586196503856832;1.4029356844350476;0.2779989407852345
-28662749;;0.05025125628140704;3.3414705966637195;68.95911739028674;5932.164537107821;0.16305875622184296;1.7192138897911846;0.2514760339250618
189597344#0;;0.06775985905949315;11.982677326085819;66.69371002741872;5106.614522315326;0.020586196503856832;1.4029356844350476;0.2779989407852345
189597344#0;;0.06775985905949315;11.868843534954912;66.25566426599177;4739.159254191696;0.0076003000270326885;1.3246857106441299;0.2787173439855321
-28662749;;0.05025125628140704;3.3129574973952542;70.45727748980346;6671.971371244027;0.19824038917067005;1.9332555561824418;0.2691581564158871
189597344#0;;0.06775985905949315;11.868843534954912;66.25566426599177;4739.159254191696;0.0076003000270326885;1.3246857106441299;0.2787173439855321
189597344#0;;0.06775985905949315;11.693171730187906;68.4672596182626;6388.233205821118;0.059043863263668915;1.6971767306513583;0.301639808685783
-28662749;;0.05025125628140704;3.28614985325488;70.08494951163337;6574.904269546652;0.2024075300667015;1.930835784299022;0.2772011298881714
189597344#0;;0.06775985905949315;11.693171730187906;68.4672596182626;6388.233205821118;0.059043863263668915;1.6971767306513583;0.301639808685783
189597344#0;;0.06775985905949315;11.547228857180587;67.84614478015958;5768.4970014566015;0.03643239625792212;1.555998010144955;0.30115376522440024
-28662749;;0.05025125628140704;3.2600023544847594;70.1048234605948;6653.091412309672;0.2133655728684644;1.9740721354494786;0.28724218379222033
189597344#0;;0.06775985905949315;11.547228857180587;67.84614478015958;5768.4970014566015;0.03643239625792212;1.555998010144955;0.30115376522440024
189597344#0;;0.06775985905949315;13.354218644410752;68.20035739151413;4029.9473132841445;0.01568010703125122;0.8895325553161676;0.06487075094931129
-28662749;;0.05025125628140704;3.244310359754951;66.1815996242919;4765.744939320501;0.13953214961066795;1.4732652909548916;0.269109819376561
189597344#0;;0.06775985905949315;13.354218644410752;68.20035739151413;4029.9473132841445;0.01568010703125122;0.8895325553161676;0.06487075094931129
189597344#0;;0.06775985905949315;13.16936194500798;66.25262825839667;3512.288106103344;0.01417600988634711;0.8451186753578723;0.06935538842056968
-28662749;;0.05025125628140704;3.2216134813039874;69.13587673469031;6273.8754650659575;0.20887792408338207;1.9020190066558267;0.29600879998168045
189597344#0;;0.06775985905949315;13.16936194500798;66.25262825839667;3512.288106103344;0.01417600988634711;0.8451186753578723;0.06935538842056968
189597344#0;;0.06775985905949315;12.860013448130344;67.7759915000931;6904.159956865829;0.0943670628028117;1.9327326006031473;0.3354094122921605
-28662749;;0.05025125628140704;3.195822961266652;70.66222990410542;7101.553431147638;0.2531785200972869;2.1545533317230956;0.31630062499064354
189597344#0;;0.06775985905949315;12.860013448130344;67.7759915000931;6904.159956865829;0.0943670628028117;1.9327326006031473;0.3354094122921605
189597344#0;;0.06775985905949315;12.633099236459461;66.6634988829041;5860.074359184904;0.0580012430601491;1.6855930797053225;0.32996717716752133
-28662749;;0.05025125628140704;3.1794445403480376;67.02109593639409;5248.9372340455;0.17469150935710837;1.6442564722944075;0.29714213223968367
189597344#0;;0.06775985905949315;12.633099236459461;66.6634988829041;5860.074359184904;0.0580012430601491;1.6855930797053225;0.32996717716752133
189597344#0;;0.06775985905949315;12.540129797339485;64.62759237852896;3084.248345213968;0.015160871670909307;0.8216418071343073;0.0833703419659518
-28662749;;0.05025125628140704;3.1611897262587974;67.945555082307;5764.362191871334;0.20298488380490368;1.8029505742025211;0.3107163293377313
189597344#0;;0.06775985905949315;12.540129797339485;64.62759237852896;3084.248345213968;0.015160871670909307;0.8216418071343073;0.0833703419659518
189597344#0;;0.06775985905949315;12.347554498060553;67.26138464474394;3973.5749212364676;0.026399273139882013;0.960794082044184;0.09228233949095835
-28662749;;0.05025125628140704;3.14234977587513;68.36909347115258;6020.417395045305;0.22027623993268486;1.89004411204189;0.3212078262792766
189597344#0;;0.06775985905949315;12.347554498060553;67.26138464474394;3973.5749212364676;0.026399273139882013;0.960794082044184;0.09228233949095835
189597344#0;;0.06775985905949315;12.14795201614228;67.95088777491075;4262.363640913638;0.032814707892559525;1.0221859179927302;0.10022676283175688
-28662749;;0.05025125628140704;3.1267935987492765;67.17537781021915;5374.764766916855;0.19344545299155913;1.7124790470572278;0.317543897586461
189597344#0;;0.06775985905949315;12.14795201614228;67.95088777491075;4262.363640913638;0.032814707892559525;1.0221859179927302;0.10022676283175688
189597344#0;;0.06775985905949315;11.913824334671116;67.3227071787302;6731.900912432513;0.09539387293305801;1.942907685998124;0.3599786060837629
-28662749;;0.05025125628140704;3.1094603767058437;68.07099743077654;5899.5657306662915;0.22384060813344026;1.8780978770863201;0.33167705041984624
189597344#0;;0.06775985905949315;11.913824334671116;67.3227071787302;6731.900912432513;0.09539387293305801;1.942907685998124;0.3599786060837629
189597344#0;;0.06775985905949315;11.686507815468556;68.1299711662622;6554.861226427249;0.07614191286163302;1.8528417577455036;0.36065847664778905
-28662749;;0.05025125628140704;3.0915443841393278;68.49334853640829;6164.638903030094;0.24241598231077482;1.9696745509300495;0.34248344533464187
189597344#0;;0.06775985905949315;11.686507815468556;68.1299711662622;6554.861226427249;0.07614191286163302;1.8528417577455036;0.36065847664778905
189597344#0;;0.06775985905949315;11.582081087450481;65.6319417594959;3575.5355167181488;0.0310681321070237;0.9513572084913906;0.11458307849225124
-28662749;;0.05025125628140704;3.0674548637710832;71.42271435643805;7892.922637500717;0.33989832750765325;2.5100138837024613;0.37895705084887016
189597344#0;;0.06775985905949315;11.582081087450481;65.6319417594959;3575.5355167181488;0.0310681321070237;0.9513572084913906;0.11458307849225124
189597344#0;;0.06775985905949315;11.427682391418962;65.87212378822194;5918.403983997098;0.08168524613134448;1.8067528882331558;0.370003624250123
-28662749;;0.05025125628140704;3.043306588997825;71.74045827791055;8153.219061328394;0.3639504528428684;2.6143806289400016;0.39345972721811295
189597344#0;;0.06775985905949315;11.427682391418962;65.87212378822194;5918.403983997098;0.08168524613134448;1.8067528882331558;0.370003624250123
189597344#0;;0.06775985905949315;11.332239595844372;65.53459741427373;3570.802107725318;0.034342629865074;0.9664095799176448;0.1230703411642452
-28662749;;0.05025125628140704;3.021544494257972;70.93079064025554;7741.2938853441765;0.35086612272201373;2.5097061267203338;0.3961719705805609
189597344#0;;0.06775985905949315;11.332239595844372;65.53459741427373;3570.802107725318;0.034342629865074;0.9664095799176448;0.1230703411642452
189597344#0;;0.06775985905949315;11.102647431868462;68.26627461547169;7515.013557709946;0.12792831183885917;2.1678197568273143;0.3941291639129596
-28662749;;0.05025125628140704;3.008011653719483;67.46141424075502;5604.894395877829;0.23725333833101445;1.8560847579121489;0.36614708739857604
189597344#0;;0.06775985905949315;11.102647431868462;68.26627461547169;7515.013557709946;0.12792831183885917;2.1678197568273143;0.3941291639129596
189597344#0;;0.06775985905949315;10.98561111145721;66.53421373460982;4010.2328825772347;0.04718613393618007;1.0694165282884767;0.13706384054753065
-28662749;;0.05025125628140704;2.9942761425346416;67.68184198016446;5752.675819920453;0.2495509770305757;1.9112236827986857;0.37414802244247203
189597344#0;;0.06775985905949315;10.98561111145721;66.53421373460982;4010.2328825772347;0.04718613393618007;1.0694165282884767;0.13706384054753065
189597344#0;;0.06775985905949315;10.858790536174325;66.11519710343649;5622.08335620241;0.06589178856665337;1.7194343084085995;0.38347928678036625
-28662749;;0.05025125628140704;2.972811898387318;71.37697396204797;8154.010437326152;0.3953523445816131;2.6887412430952122;0.4248624301304162
189597344#0;;0.06775985905949315;10.858790536174325;66.11519710343649;5622.08335620241;0.06589178856665337;1.7194343084085995;0.38347928678036625
189597344#0;;0.06775985905949315;10.69633343359726;67.81843009472306;6372.689770055647;0.08289374856347738;1.8739050736561889;0.39418663868572756
-28662749;;0.05025125628140704;2.9525033861317023;71.08509969632775;8025.537270051513;0.39696817737043943;2.668599364325145;0.4318886413881228
189597344#0;;0.06775985905949315;10.69633343359726;67.81843009472306;6372.689770055647;0.08289374856347738;1.8739050736561889;0.39418663868572756
189597344#0;;0.06775985905949315;10.599452541789168;67.58053992921519;4616.684711968068;0.06891246957944513;1.2267606960346185;0.158526993918174
-28662749;;0.05025125628140704;2.935598000776019;69.70399593614773;7153.023641745467;0.35184796410301067;2.403053814935115;0.42382085545122955
189597344#0;;0.06775985905949315;10.599452541789168;67.58053992921519;4616.684711968068;0.06891246957944513;1.2267606960346185;0.158526993918174
189597344#0;;0.06775985905949315;10.459776144459113;67.67693987115717;6109.149886951776;0.07705721446129708;1.8247186897131735;0.4008211653814939
-28662749;;0.05025125628140704;2.920974333999173;68.82177726304464;6564.782692677616;0.32154672108085236;2.223780558601101;0.4195284609284504
189597344#0;;0.06775985905949315;10.459776144459113;67.67693987115717;6109.149886951776;0.07705721446129708;1.8247186897131735;0.4008211653814939
189597344#0;;0.06775985905949315;10.256672994522788;69.30174272332212;7989.215942372804;0.1522886705603102;2.326026812714771;0.431107511199992
-28662749;;0.05025125628140704;2.9205322303854695;63.252664941113615;2046.8613071794725;0.04417115075130502;0.7491980562920614;0.33613968491246093
189597344#0;;0.06775985905949315;10.256672994522788;69.30174272332212;7989.215942372804;0.1522886705603102;2.326026812714771;0.431107511199992
189597344#0;;0.06775985905949315;10.054775725678047;69.5391216331566;8281.750599721445;0.16836036668613108;2.419607857479479;0.44385300609964734
-28662749;;0.05025125628140704;2.9596242413809715;58.75431709463059;0.0;0.0;0.0;0.0
189597344#0;;0.06775985905949315;10.054775725678047;69.5391216331566;8281.750599721445;0.16836036668613108;2.419607857479479;0.44385300609964734
189597344#0;;0.10163978858923972;14.850225217763876;69.91638830254534;8563.885082971981;0.11426258386663982;2.687796974308145;0.433776755382412
-28662749;;0.05025125628140704;2.9997769617490917;58.22682276638978;0.0;0.0;0.0;0.0
189597344#0;;0.10163978858923972;14.850225217763876;69.91638830254534;8563.885082971981;0.11426258386663982;2.687796974308145;0.433776755382412
189597344#0;;0.10163978858923972;14.850225217763876;69.91638830254534;8563.885082971981;0.11426258386663982;2.687796974308145;0.433776755382412
189597344#0;;0.10163978858923972;14.453309876421747;70.46562097450423;8228.609612392294;0.09794855474150296;2.004763544548224;0.2035226489603195
-28662749;;0.05025125628140704;3.041034156636902;57.67985453647877;0.0;0.0;0.0;0.0
189597344#0;;0.10163978858923972;14.453309876421747;70.46562097450423;8228.609612392294;0.09794855474150296;2.004763544548224;0.2035226489603195
189597344#0;;0.10163978858923972;14.453309876421747;70.46562097450423;8228.609612392294;0.09794855474150296;2.004763544548224;0.2035226489603195
189597344#0;;0.10163978858923972;14.053603226809907;71.62829192059348;9248.026247381273;0.13167299304332897;2.2684388325107405;0.2268397435554072
-28662749;;0.05025125628140704;3.083442032449057;57.11191707349705;0.0;0.0;0.0;0.0
189597344#0;;0.10163978858923972;14.053603226809907;71.62829192059348;9248.026247381273;0.13167299304332897;2.2684388325107405;0.2268397435554072
189597344#0;;0.10163978858923972;14.053603226809907;71.62829192059348;9248.026247381273;0.13167299304332897;2.2684388325107405;0.2268397435554072
189597344#0;;0.10163978858923972;13.590474327248003;72.04470936151294;12382.5448666862;0.21531365012357417;3.364962583474854;0.50103877142319
-28662749;;0.05025125628140704;3.127049409474416;56.52134049963735;0.0;0.0;0.0;0.0
189597344#0;;0.10163978858923972;13.590474327248003;72.04470936151294;12382.5448666862;0.21531365012357417;3.364962583474854;0.50103877142319
189597344#0;;0.10163978858923972;13.590474327248003;72.04470936151294;12382.5448666862;0.21531365012357417;3.364962583474854;0.50103877142319
189597344#0;;0.10163978858923972;13.287823607836797;70.58548283708404;8786.424388484735;0.1292435394430138;2.2329320307724956;0.25075018628361906
-28662749;;0.05025125628140704;3.171907909370975;55.906253754843014;0.0;0.0;0.0;0.0
189597344#0;;0.10163978858923972;13.287823607836797;70.58548283708404;8786.424388484735;0.1292435394430138;2.2329320307724956;0.25075018628361906
189597344#0;;0.10163978858923972;13.287823607836797;70.58548283708404;8786.424388484735;0.1292435394430138;2.2329320307724956;0.25075018628361906
189597344#0;;0.10163978858923972;12.99085329859249;69.2695683934758;9915.221445786827;0.13824737833011602;2.8048943244597835;0.4978709481642389
-28662749;;0.05025125628140704;3.2180721590228236;55.26455330927539;0.0;0.0;0.0;0.0
189597344#0;;0.10163978858923972;12.99085329859249;69.2695683934758;9915.221445786827;0.13824737833011602;2.8048943244597835;0.4978709481642389
189597344#0;;0.10163978858923972;12.99085329859249;69.2695683934758;9915.221445786827;0.13824737833011602;2.8048943244597835;0.4978709481642389
189597344#0;;0.10163978858923972;12.669953643876026;70.55076301770163;10715.179054764025;0.15785849914966357;2.974829348920378;0.5153555198594086
-28662749;;0.05025125628140704;3.2656000124617535;54.59386651802183;0.0;0.0;0.0;0.0
189597344#0;;0.10163978858923972;12.669953643876026;70.55076301770163;10715.179054764025;0.15785849914966357;2.974829348920378;0.5153555198594086
189597344#0;;0.10163978858923972;12.669953643876026;70.55076301770163;10715.179054764025;0.15785849914966357;2.974829348920378;0.5153555198594086
189597344#0;;0.10163978858923972;12.38274180904403;69.81370859527489;10947.186939492174;0.19114011673891923;3.152506315796484;0.5363299617452042
-189597344#2;;0.0012980629779371013;4.494972018663362;53.89150898408646;0.0;0.0;0.0;0.0
189597344#0;;0.10163978858923972;12.38274180904403;69.81370859527489;10947.186939492174;0.19114011673891923;3.152506315796484;0.5363299617452042
189597344#0;;0.10163978858923972;12.38274180904403;69.81370859527489;10947.186939492174;0.19114011673891923;3.152506315796484;0.5363299617452042
189597344#0;;0.10163978858923972;12.143152074176987;70.85791359787515;9397.186587999044;0.17989095729338006;2.5419736212356114;0.30740472271264985
-189597344#2;;0.012049730699375136;4.496135435704815;60.0499471720758;1618.4872730044742;0.007049675416671618;0.6166498753499562;0.21106266418600408
189597344#0;;0.10163978858923972;12.143152074176987;70.85791359787515;9397.186587999044;0.17989095729338006;2.5419736212356114;0.30740472271264985
189597344#0;;0.10163978858923972;12.143152074176987;70.85791359787515;9397.186587999044;0.17989095729338006;2.5419736212356114;0.30740472271264985
189597344#0;;0.10163978858923972;11.936589550003688;69.25871476191165;8188.557327716394;0.13912125082542215;2.2498327750879836;0.30445629146361275
-189597344#2;;0.02265684685873527;4.525548031363549;57.022601686255655;0.0;0.0;0.0;0.0
189597344#0;;0.10163978858923972;11.936589550003688;69.25871476191165;8188.557327716394;0.13912125082542215;2.2498327750879836;0.30445629146361275
189597344#0;;0.10163978858923972;11.936589550003688;69.25871476191165;8188.557327716394;0.13912125082542215;2.2498327750879836;0.30445629146361275
:9842732475_0;;0.045348448356459146;1.0998951784297322;63.600155168940866;3383.169603401475;0.08619346901906769;1.1065861349626558;0.2622817342238069
-189597344#2;;0.03332545672285566;4.512988712569403;61.74366158443621;2555.465563716466;0.041925723322959366;0.8594149837767028;0.21989996049801455
189597344#0;;0.09585677057820462;11.922883816808952;69.85936273514106;8718.882184381195;0.14377794504038754;2.3167132150705436;0.3164747385296004
189597344#0;;0.09585677057820462;11.922883816808952;69.85936273514106;8718.882184381195;0.14377794504038754;2.3167132150705436;0.3164747385296004
:9842732475_0;;0.09159677344310672;1.104853355470924;58.657121368969754;0.0;0.0;0.0;0.0
-189597344#2;;0.044036466380633806;4.504369610769689;61.25414275231328;2291.829646949945;0.03226515099005497;0.7914930608935085;0.21784097972848535
189597344#0;;0.08995899663776073;11.678026425402749;69.81984991849143;9097.906294897686;0.17488959908414523;2.4918807389388524;0.3363775106071042
189597344#0;;0.08995899663776073;11.678026425402749;69.81984991849143;9097.906294897686;0.17488959908414523;2.4918807389388524;0.3363775106071042
:9842732475_0;;0.13822641454064752;1.100218155370681;63.385285360227364;3261.9173595858647;0.08084021138389573;1.0726884749308487;0.2605294713984829
-189597344#2;;0.05466735885410607;4.520683737167684;58.284294999930644;0.0;0.0;0.0;0.0
189597344#0;;0.08401259573346673;11.455154257887603;69.84667017464585;8322.211726777829;0.12801528276020205;2.2198003784307123;0.3321772491566712
189597344#0;;0.08401259573346673;11.455154257887603;69.84667017464585;8322.211726777829;0.12801528276020205;2.2198003784307123;0.3321772491566712
:9842732475_0;;0.18461005080360765;1.1032040763296236;59.471764664950115;0.0;0.0;0.0;0.0
-189597344#2;;0.06544194304028292;4.491507587094597;64.09201407554241;3720.6238936942596;0.0865727360453197;1.1642350177472032;0.23547204429117133
189597344#0;;0.07809756636316648;13.145908842660557;68.38884873147347;5770.448382203215;0.029508213550615094;1.5645239044176473;0.3086442027727974
189597344#0;;0.07809756636316648;13.145908842660557;68.38884873147347;5770.448382203215;0.029508213550615094;1.5645239044176473;0.3086442027727974
:9842732475_0;;0.2311341629787809;1.1014970467136773;61.75066605028362;2298.0718672058406;0.038673814535031346;0.8042106395420487;0.2472767403487631
-189597344#2;;0.06896551724137931;4.526471351100393;56.560321816483935;0.0;0.0;0.0;0.0
189597344#0;;0.0721646229349461;12.87519389573422;66.88708200840513;6569.790850873189;0.08767764111900896;1.8917312523235121;0.332520506599318
189597344#0;;0.0721646229349461;12.87519389573422;66.88708200840513;6569.790850873189;0.08767764111900896;1.8917312523235121;0.332520506599318
:9842732475_0;;0.26567481402763016;1.0971850857683694;63.24246583845426;3172.1311062529658;0.07747309459230285;1.0489247946028633;0.26083408194334823
-189597344#2;;0.06896551724137931;4.494142608783405;64.53004200046136;3932.408397436308;0.09442976442532959;1.2189939019612388;0.23757635574256047
189597344#0;;0.06775985905949315;12.668728762360068;69.01485383965961;4618.194296880836;0.035488864265192085;1.0672341792870614;0.09854168854720852
189597344#0;;0.06775985905949315;12.668728762360068;69.01485383965961;4618.194296880836;0.035488864265192085;1.0672341792870614;0.09854168854720852
:9842732475_0;;0.26567481402763016;1.102154431348301;58.6813949103513;0.0;0.0;0.0;0.0
-189597344#2;;0.06896551724137931;4.510074631779956;58.34805483598334;0.0;0.0;0.0;0.0
189597344#0;;0.06775985905949315;12.302337191295713;69.87527770060773;8283.516678868627;0.13055291077474412;2.254632908578854;0.3596984183627222
189597344#0;;0.06775985905949315;12.302337191295713;69.87527770060773;8283.516678868627;0.13055291077474412;2.254632908578854;0.3596984183627222
:9842732475_0;;0.26567481402763016;1.1020676255306958;60.91152605287243;1766.0772421141376;0.015504923836915816;0.6563171657720155;0.2400524949803093
-189597344#2;;0.06896551724137931;4.51489948308731;59.568570819619175;1366.2738332366973;0.0;0.5514447627308077;0.20633482570203912
189597344#0;;0.06775985905949315;12.143294062634975;66.95131939938452;4047.177327854527;0.035306039221226736;1.0169083592595412;0.11060640081959477
189597344#0;;0.06775985905949315;12.143294062634975;66.95131939938452;4047.177327854527;0.035306039221226736;1.0169083592595412;0.11060640081959477
:9842732475_0;;0.26567481402763016;1.1014139582732103;61.204532232813385;1952.777262391887;0.02365977892451345;0.7082315208617759;0.24279097427055332
-189597344#2;;0.06896551724137931;4.5020897657351275;61.80882337058936;2581.517198766134;0.043202177902333994;0.866839778906496;0.22136035595147763
189597344#0;;0.06775985905949315;11.95979738645876;66.07238050970258;6015.194624685396;0.07703264214390272;1.8038477018469958;0.35278566744803264
189597344#0;;0.06775985905949315;11.95979738645876;66.07238050970258;6015.194624685396;0.07703264214390272;1.8038477018469958;0.35278566744803264
:9842732475_0;;0.26567481402763016;1.097691611315848;62.90066584705842;2974.71857335236;0.06872422967854944;0.9936363602945193;0.25797847445066635
-189597344#2;;0.06896551724137931;4.506991442194709;59.57845809661093;1359.955359857454;0.0;0.5496307615844748;0.2070466884122171
189597344#0;;0.06775985905949315;11.854287776956767;66.4596759037672;3998.218746876212;0.039298834536626366;1.0322453147886215;0.12062678859813923
189597344#0;;0.06775985905949315;11.854287776956767;66.4596759037672;3998.218746876212;0.039298834536626366;1.0322453147886215;0.12062678859813923
189597344#1;;0.0012832809709922384;9.35686750285893;59.411116328713035;0.0;0.0;0.0;0.0
-189597344#2;;0.06896551724137931;4.522826496997271;58.32939843613453;0.0;0.0;0.0;0.0
189597344#0;;0.06775985905949315;11.567424716344345;69.10203062021958;8026.592144740071;0.13494351364325619;2.2589282944545483;0.3814793119921304
189597344#0;;0.06775985905949315;11.567424716344345;69.10203062021958;8026.592144740071;0.13494351364325619;2.2589282944545483;0.3814793119921304
189597344#1;;0.006737182567020103;9.379584139261562;59.603706086917036;0.0;0.0;0.0;0.0
-189597344#2;;0.06896551724137931;4.491082609238682;64.45867693471544;3898.0067674950583;0.09330439300971172;1.2105085647072504;0.23754165966299937
189597344#0;;0.06775985905949315;11.51501863155024;65.544915603363;3766.059580782796;0.04078205827705305;1.0155493044126211;0.13148097951367363
189597344#0;;0.06775985905949315;11.51501863155024;65.544915603363;3766.059580782796;0.04078205827705305;1.0155493044126211;0.13148097951367363
189597344#1;;0.012182322164597366;9.387298987833587;60.40062624373711;1440.328708166208;0.001307117087941555;0.5659892676154017;0.23474685229778874
-189597344#2;;0.06896551724137931;4.507401196230215;58.313855146870836;0.0;0.0;0.0;0.0
189597344#0;;0.06775985905949315;11.288508145873426;68.63683822103124;7145.873732294073;0.10333338761648284;2.0440590188007546;0.3804032389878935
189597344#0;;0.06775985905949315;11.288508145873426;68.63683822103124;7145.873732294073;0.10333338761648284;2.0440590188007546;0.3804032389878935
189597344#1;;0.017667452565981758;9.352190338577733;63.09587497835256;3096.2133360919024;0.07359397563502659;1.026526303667119;0.2583002125082608
-189597344#2;;0.06896551724137931;4.508054670811515;60.08205359882531;1652.7521785495562;0.008248759940318756;0.6255921661897527;0.21024406418010905
189597344#0;;0.06775985905949315;11.134212334059306;66.76090104709046;5984.185365040326;0.07316271258756601;1.7953242784857055;0.3762210971636951
189597344#0;;0.06775985905949315;11.134212334059306;66.76090104709046;5984.185365040326;0.07316271258756601;1.7953242784857055;0.3762210971636951
189597344#1;;0.02312274137229292;9.378363877612335;59.42965384054332;0.0;0.0;0.0;0.0
-189597344#2;;0.06896551724137931;4.491552569325792;62.33486124238273;2846.0079620026036;0.053498551606038655;0.9363938093833932;0.22550679217872585
189597344#0;;0.06775985905949315;10.953639571040048;68.42710997190136;6532.711759046523;0.08383054559182931;1.9028535624717873;0.38534788884894167
189597344#0;;0.06775985905949315;10.953639571040048;68.42710997190136;6532.711759046523;0.08383054559182931;1.9028535624717873;0.38534788884894167
189597344#1;;0.02858803942343957;9.36956863166184;61.389026913921995;2076.177059749769;0.028953491736852452;0.7424387369346066;0.24397168293155672
-189597344#2;;0.06896551724137931;4.5219588650622216;56.94565321656071;0.0;0.0;0.0;0.0
189597344#0;;0.06775985905949315;10.812472637653501;68.56775547286571;5022.024154178467;0.0810887116255102;1.3218229951025158;0.1663097710675272
189597344#0;;0.06775985905949315;10.812472637653501;68.56775547286571;5022.024154178467;0.0810887116255102;1.3218229951025158;0.1663097710675272
189597344#1;;0.0312578144536134;9.368704802494536;60.91666024925226;1770.7834927197648;0.015699322152539722;0.6576209086625623;0.24002387287926386
-189597344#2;;0.06896551724137931;4.49254828510155;64.12127224562175;3734.943144611138;0.08705886336500548;1.1678171181739505;0.23551495358610838
189597344#0;;0.06775985905949315;10.618147117220204;68.23051094077871;7447.159152955088;0.1327289940951896;2.1935930434836846;0.41162880597010176
189597344#0;;0.06775985905949315;10.618147117220204;68.23051094077871;7447.159152955088;0.1327289940951896;2.1935930434836846;0.41162880597010176
189597344#1;;0.0312578144536134;9.338078067011883;62.82072929749255;2930.98039197427;0.06665154014320372;0.9811028010207651;0.25693015349740544
-189597344#2;;0.06896551724137931;4.507126115755902;58.497271260376465;0.0;0.0;0.0;0.0
189597344#0;;0.06775985905949315;10.492789203418125;68.46330005571875;5089.157686176849;0.09186486403362272;1.370771456280489;0.18090899613162154
189597344#0;;0.06775985905949315;10.492789203418125;68.46330005571875;5089.157686176849;0.09186486403362272;1.370771456280489;0.18090899613162154
189597344#1;;0.0312578144536134;9.340617091982477;60.75528614818795;1640.6935441925477;0.010175714031897688;0.6214290477833783;0.23979177998349452
-189597344#2;;0.06896551724137931;4.499292670130277;61.16687801569516;2240.654422639565;0.03044863292972328;0.7784030391247475;0.21779646719496618
189597344#0;;0.06775985905949315;10.300559716649289;68.27122898940327;7910.468817025851;0.1605895123537512;2.350794540047249;0.43170194763553715
189597344#0;;0.06775985905949315;10.300559716649289;68.27122898940327;7910.468817025851;0.1605895123537512;2.350794540047249;0.43170194763553715
189597344#1;;0.0312578144536134;9.347176908333454;60.516818185150925;1483.9256396248147;0.003301493319953327;0.5777882600404173;0.23738638271052337
-189597344#2;;0.06896551724137931;4.4942795834801075;60.82015710977306;2047.8614905655259;0.023273349159723785;0.7284105520196891;0.21613294569439648
189597344#0;;0.06775985905949315;10.168080542627374;69.23107389610487;5508.0534260257755;0.11299796994489697;1.4992955936116619;0.19875637364265192
189597344#0;;0.06775985905949315;10.168080542627374;69.23107389610487;5508.0534260257755;0.11299796994489697;1.4992955936116619;0.19875637364265192
189597344#1;;0.0312578144536134;9.358501314503282;60.23638635399447;1299.3058558121327;0.0;0.5265265699601568;0.234378857010094
-189597344#2;;0.06896551724137931;4.49585523845614;60.00083334996659;1589.8517365085813;0.005971553805200883;0.6091976431465552;0.21076578478677982
189597344#0;;0.06775985905949315;10.05172087425528;66.8923508139976;6214.185660770341;0.10203971777202755;1.930047661755136;0.42374016415585003
189597344#0;;0.06775985905949315;10.05172087425528;66.8923508139976;6214.185660770341;0.10203971777202755;1.930047661755136;0.42374016415585003
-28662749;;0.05025125628140704;4.477947794779478;55.9402874701336;1521.0;0.0;0.6117;0.0
189597344#1;;0.0312578144536134;9.337627568932048;62.1874799254371;2552.703886645773;0.05010427832930316;0.8756672414385493;0.25196974845227227
-189597344#2;;0.06896551724137931;4.505650156682999;59.021708985767496;0.0;0.0;0.0;0.0
189597344#0;;0.06775985905949315;9.960210401214049;66.68387406780256;4361.421789404813;0.08673921267010595;1.2588895246332747;0.19956988394767852
189597344#0;;0.06775985905949315;9.960210401214049;66.68387406780256;4361.421789404813;0.08673921267010595;1.2588895246332747;0.19956988394767852
-28662749;;0.05025125628140704;4.426286116440259;67.44789346726674;3417.448712054872;0.00021003580937298624;0.6413598458863858;0.006785876805403564
189597344#1;;0.0312578144536134;9.330144562759633;61.363182743466815;2033.148125691508;0.02743141673937694;0.730908635099203;0.24552464318838751
-189597344#2;;0.06896551724137931;4.51955779804657;58.540423655069205;0.0;0.0;0.0;0.0
189597344#0;;0.06775985905949315;9.7930067604945;68.05533831166743;8045.450142803676;0.18187911222624803;2.4400238900254916;0.4584377332316133
189597344#0;;0.06775985905949315;9.7930067604945;68.05533831166743;8045.450142803676;0.18187911222624803;2.4400238900254916;0.4584377332316133
-28662749;;0.05025125628140704;4.380608625022051;66.4382357373316;3313.308293805361;0.0006893978333086708;0.6634798145836431;0.013020393321095669
189597344#1;;0.0312578144536134;9.329048558719586;60.982666890795194;1783.5217865407328;0.01649244664123485;0.6612616702738972;0.2422863861093069
-189597344#2;;0.06896551724137931;4.508461424096297;61.56474705259451;2459.0266582951836;0.03843770726233814;0.8346791645641045;0.21929576813069304
189597344#0;;0.06775985905949315;9.689171442469227;70.3608752568618;6247.428364561831;0.15567652077342076;1.7410749706603508;0.2319219735053534
189597344#0;;0.06775985905949315;9.689171442469227;70.3608752568618;6247.428364561831;0.15567652077342076;1.7410749706603508;0.2319219735053534
-28662749;;0.05025125628140704;4.3329204205214324;67.21866453059208;3521.4053471449324;0.00167084321370738;0.696163777942434;0.019825965912074646
189597344#1;;0.0312578144536134;9.34127025201187;60.20882484983406;0.0;0.0;0.0;0.0
-189597344#2;;0.06896551724137931;4.525426239697779;58.20629343311177;0.0;0.0;0.0;0.0
189597344#0;;0.06775985905949315;9.528355693505318;69.23970415852632;8164.3105659268995;0.1875610877047299;2.4743509591311907;0.4716369463275031
189597344#0;;0.06775985905949315;9.528355693505318;69.23970415852632;8164.3105659268995;0.1875610877047299;2.4743509591311907;0.4716369463275031
-28662749;;0.05025125628140704;4.292320533372033;65.85926580320192;3329.341968988651;0.0024297491457859013;0.7077807399348867;0.02572319121722125
189597344#1;;0.0312578144536134;9.36571651792633;59.53241796740652;0.0;0.0;0.0;0.0
-189597344#2;;0.06896551724137931;4.518646233734046;60.97909381232501;2158.253680730826;0.026985152465824794;0.7563476741422502;0.2148440349379042
189597344#0;;0.06775985905949315;9.3666427665527;69.7200860964175;8454.857949311317;0.20379443622563745;2.5656641728445506;0.4839056071180543
189597344#0;;0.06775985905949315;9.3666427665527;69.7200860964175;8454.857949311317;0.20379443622563745;2.5656641728445506;0.4839056071180543
-28662749;;0.05025125628140704;4.245520835508208;67.64304034893999;3741.227508349242;0.004583511698395653;0.7569818260221172;0.03305524346307201
189597344#1;;0.0312578144536134;9.343024239638;62.29609263445649;2621.101057261614;0.05301545454448426;0.894574165453113;0.2525705654199673
-189597344#2;;0.06896551724137931;4.519006609934329;60.09038749001349;1671.6897970422835;0.008868967602198144;0.6305138377380184;0.20935269031371342
189597344#0;;0.06775985905949315;9.273896180611827;69.9422224360343;6247.736431524552;0.17597044107358395;1.8042561158552872;0.2567143519036479
189597344#0;;0.06775985905949315;9.273896180611827;69.9422224360343;6247.736431524552;0.17597044107358395;1.8042561158552872;0.2567143519036479
-28662749;;0.05025125628140704;4.203982913135477;66.67848685575981;3614.5254062295417;0.005901016328203259;0.7705960685862278;0.03952223308250102
189597344#1;;0.0312578144536134;9.380918199097716;58.861879846539075;0.0;0.0;0.0;0.0
-189597344#2;;0.06896551724137931;4.521044736222431;59.88339336723488;1557.1373586304996;0.004593962864906698;0.6009093815585479;0.20786517931105206
189597344#0;;0.06775985905949315;9.0933821934117;70.13680535550975;9664.193196844146;0.26627258841384016;2.931065932812209;0.5158077281823759
189597344#0;;0.06775985905949315;9.0933821934117;70.13680535550975;9664.193196844146;0.26627258841384016;2.931065932812209;0.5158077281823759
-28662749;;0.05025125628140704;4.168378139265168;65.46456778062948;3413.4431526867324;0.0067130689600525695;0.771706906158408;0.045076747414088014
189597344#1;;0.0312578144536134;9.381217389806821;60.832334131612825;1725.0074421388504;0.013644474783112316;0.6448968485046156;0.23877028663734876
-189597344#2;;0.06896551724137931;4.490521926892659;64.2869246599112;3815.038310159369;0.0901970728740506;1.1889757184296075;0.236661635385575
189597344#0;;0.06775985905949315;9.013316179654453;66.7917554544838;6272.0077108123705;0.1339292608176753;2.0337224581812845;0.4799442250136181
189597344#0;;0.06775985905949315;9.013316179654453;66.7917554544838;6272.0077108123705;0.1339292608176753;2.0337224581812845;0.4799442250136181
-28662749;;0.05025125628140704;4.126259551502933;67.38406618749715;3886.3998602179367;0.01064914981263043;0.8361155714160705;0.05267483228089897
189597344#1;;0.0312578144536134;9.356936602837049;62.37765233217773;2676.582195054509;0.055220309325480825;0.9095926950617718;0.2525248255562338
-189597344#2;;0.06896551724137931;4.494563777940662;59.709508387923734;1418.1996352107135;0.0;0.5645100391217098;0.20894517656944525
189597344#0;;0.06775985905949315;8.945379739148851;67.36713853680294;4947.418267771159;0.13990987148609907;1.50327102909832;0.26022314038400773
189597344#0;;0.06775985905949315;8.945379739148851;67.36713853680294;4947.418267771159;0.13990987148609907;1.50327102909832;0.26022314038400773
-28662749;;0.05025125628140704;4.083740194634597;67.80906335278937;4054.023082519065;0.014094607138236487;0.8773952052936957;0.060335106993455165
189597344#1;;0.0312578144536134;9.391730809685338;58.993282696455736;0.0;0.0;0.0;0.0
-189597344#2;;0.06896551724137931;4.521664018455409;57.23583339562414;0.0;0.0;0.0;0.0
189597344#0;;0.06775985905949315;8.830472406395703;69.51597872889745;7819.686068867004;0.20435226013086846;2.47127161622799;0.5105595980012441
189597344#0;;0.06775985905949315;8.830472406395703;69.51597872889745;7819.686068867004;0.20435226013086846;2.47127161622799;0.5105595980012441
-28662749;;0.05025125628140704;4.049466136316642;65.92100952016645;3674.2324493875217;0.013979415525471961;0.8538664767753411;0.06575118302268139
189597344#1;;0.0312578144536134;9.370570806778815;62.15742277150724;2550.9789768342034;0.049553512338654016;0.8742822764814605;0.2501247876752948
-189597344#2;;0.06896551724137931;4.496266678494087;63.54281736143297;3453.1473393031797;0.07623470639257195;1.0939734470495313;0.23188572895498893
189597344#0;;0.06775985905949315;8.786131565798714;66.59085878721514;4558.471805269088;0.13144859824889243;1.4182356013166528;0.267447020921805
189597344#0;;0.06775985905949315;8.786131565798714;66.59085878721514;4558.471805269088;0.13144859824889243;1.4182356013166528;0.267447020921805
-28662749;;0.05025125628140704;4.0242842902874925;63.68208994403705;3174.1074095885024;0.011931057466760512;0.8059706872437306;0.06920477172775578
189597344#1;;0.0312578144536134;9.322319449964978;64.04109745498458;3625.4060937345703;0.09745510508201367;1.175661810288647;0.26701468623974517
-189597344#2;;0.06896551724137931;4.519015536669799;57.6455865177219;0.0;0.0;0.0;0.0
189597344#0;;0.06775985905949315;8.71366786847721;67.31239590763927;6382.640396139559;0.1515403670699463;2.0992564961341103;0.5008889429803641
189597344#0;;0.06775985905949315;8.71366786847721;67.31239590763927;6382.640396139559;0.1515403670699463;2.0992564961341103;0.5008889429803641
-28662749;;0.05025125628140704;3.9985193619327593;63.99146851106023;3273.457544116698;0.013995880026441082;0.8277354769535571;0.0740502824898867
189597344#1;;0.0312578144536134;9.369653379561216;58.45675919563709;0.0;0.0;0.0;0.0
-189597344#2;;0.06896551724137931;4.500353320802669;62.599817101319374;2985.2678002289554;0.058440552686708;0.971876850109729;0.22612155433614725
189597344#0;;0.06775985905949315;8.56908283653851;71.37745427864276;9555.653321801079;0.29482384674064277;2.9944114698493887;0.5520044929656092
189597344#0;;0.06775985905949315;8.56908283653851;71.37745427864276;9555.653321801079;0.29482384674064277;2.9944114698493887;0.5520044929656092
-28662749;;0.05025125628140704;3.958354270722396;68.18063846423468;4374.1381557140585;0.026348564463440177;0.9911682311690413;0.08447660514454156
189597344#1;;0.0312578144536134;9.325188684644528;63.77465429837868;3476.1096517899646;0.09082498091947382;1.1338029249571187;0.2648706701367128
-189597344#2;;0.06896551724137931;4.512491085074509;58.74743870596504;0.0;0.0;0.0;0.0
189597344#0;;0.06775985905949315;8.549244007828449;64.96350076393794;3294.0111871201443;0.08443605308462865;1.0865840219306917;0.26657294257433234
189597344#0;;0.06775985905949315;8.549244007828449;64.96350076393794;3294.0111871201443;0.08443605308462865;1.0865840219306917;0.26657294257433234
-28662749;;0.05025125628140704;3.9353586961633975;63.614476385524696;3236.7570984149643;0.01718348147323895;0.8461060466636644;0.08562430890117399
189597344#1;;0.0312578144536134;9.354645308181704;59.29585022836487;0.0;0.0;0.0;0.0
-189597344#2;;0.06896551724137931;4.49400087378471;62.596903096347354;2980.7099598006425;0.05850203485004433;0.9712632011552974;0.2267702725493413
189597344#0;;0.06775985905949315;8.52454965546703;64.88173311796389;4563.68164931934;0.07783608279108016;1.6064859397514866;0.4891724013262375
189597344#0;;0.06775985905949315;8.52454965546703;64.88173311796389;4563.68164931934;0.07783608279108016;1.6064859397514866;0.4891724013262375
-28662749;;0.05025125628140704;3.8961433541086734;68.43111534214428;4561.061443502269;0.03445608545799791;1.0564631834512486;0.09760880723027542
189597344#1;;0.0312578144536134;9.349026284901411;61.225029145370904;1957.2248845513259;0.02395171097721328;0.7095699074543131;0.24351111026103067
-189597344#2;;0.06896551724137931;4.51619986325582;57.70479669462975;0.0;0.0;0.0;0.0
189597344#0;;0.06775985905949315;8.517391467070768;65.66572408968273;4046.084173760237;0.10895785558032901;1.2756667835789417;0.25891812839553763
189597344#0;;0.06775985905949315;8.517391467070768;65.66572408968273;4046.084173760237;0.10895785558032901;1.2756667835789417;0.25891812839553763
-28662749;;0.05025125628140704;3.870327721402358;64.81883609548233;3623.0584915352915;0.025821404640429584;0.9283705358313069;0.0995567659464686
189597344#1;;0.0312578144536134;9.360348619815396;60.23417062402447;1299.5483546584696;0.0;0.5266181602860371;0.2342875832890021
-189597344#2;;0.06896551724137931;4.515193181910021;60.266537623659204;1765.6371591658794;0.012404239592233333;0.6548293014274986;0.21079217053642402
189597344#0;;0.06775985905949315;8.559492499445447;62.6799122968918;1532.751084730031;0.0056530358696373455;0.5910200752692839;0.24144634091107012
189597344#0;;0.06775985905949315;8.559492499445447;62.6799122968918;1532.751084730031;0.0056530358696373455;0.5910200752692839;0.24144634091107012
-28662749;;0.05025125628140704;3.8383673222466537;66.81945696981342;4223.671754386502;0.03635416125465239;1.0383699888687699;0.10845417165923818
189597344#1;;0.0312578144536134;9.386701688048566;59.41043630897428;0.0;0.0;0.0;0.0
-189597344#2;;0.06896551724137931;4.524949200381334;58.98161329205973;0.0;0.0;0.0;0.0
189597344#0;;0.06775985905949315;8.499256619073568;66.07651397074144;6069.487275388088;0.14184737022817806;2.0201688205907313;0.5098787871514596
189597344#0;;0.06775985905949315;8.499256619073568;66.07651397074144;6069.487275388088;0.14184737022817806;2.0201688205907313;0.5098787871514596
-28662749;;0.05025125628140704;3.8129115736237496;65.10306224058682;3769.3249772447552;0.032485668728455784;0.9767755402277029;0.11192557111364305
189597344#1;;0.0312578144536134;9.391995989932552;60.53121993858905;1533.1491975558972;0.005303987392743329;0.5917415951838265;0.23571309130885937
-189597344#2;;0.06896551724137931;4.521476083997524;60.555219003146014;1932.226838756242;0.01853214375678368;0.6978445689733281;0.21202055797594063
189597344#0;;0.06775985905949315;8.51161685556176;63.497595767110376;1951.6970490084639;0.022041791304453755;0.7062508760296822;0.2320053853949098
189597344#0;;0.06775985905949315;8.51161685556176;63.497595767110376;1951.6970490084639;0.022041791304453755;0.7062508760296822;0.2320053853949098
-28662749;;0.05025125628140704;3.7856964903547197;65.81701664375038;4012.71033797759;0.03865718628561822;1.0305423881804436;0.11881782534719205
189597344#1;;0.0312578144536134;9.352479438148519;63.39137231499801;3265.732809643879;0.08097971034243273;1.073689228295929;0.2605097942448231
-189597344#2;;0.06896551724137931;4.498421310913512;63.20935543168338;3289.2117304019557;0.06995917993193443;1.0510826042428358;0.22978202586681146
189597344#0;;0.06775985905949315;8.540956977045218;63.00939735724878;1756.2199403526615;0.013976044594662432;0.6532132972867196;0.2296219459737002
189597344#0;;0.06775985905949315;8.540956977045218;63.00939735724878;1756.2199403526615;0.013976044594662432;0.6532132972867196;0.2296219459737002
-28662749;;0.05025125628140704;3.764136256099558;64.27230518641564;3574.398056162048;0.03372384579651495;0.9639117442653359;0.12137727129423322
189597344#1;;0.0312578144536134;9.372002355163369;59.778780948873724;0.0;0.0;0.0;0.0
-189597344#2;;0.06896551724137931;4.504229692406402;59.47933895065066;1296.8642636285304;0.0;0.533188871417417;0.20660754363667103
189597344#0;;0.06775985905949315;8.561596681527316;63.616745974499906;2449.0010840117834;0.046458942718640615;0.8483557187101842;0.25428334923324214
189597344#0;;0.06775985905949315;8.561596681527316;63.616745974499906;2449.0010840117834;0.046458942718640615;0.8483557187101842;0.25428334923324214
-28662749;;0.05025125628140704;3.744536031292829;63.8072551571215;3448.354921874109;0.0332575760998679;0.9489390033633661;0.1249592727083069
189597344#1;;0.0312578144536134;9.390513524661447;59.80913267027304;0.0;0.0;0.0;0.0
-189597344#2;;0.06896551724137931;4.4949581229416715;61.365156162730756;2342.6881748245905;0.03438862407746854;0.8051252662019971;0.21941307775378444
189597344#0;;0.06775985905949315;8.545653444657237;64.42025844359613;4164.508886411126;0.0590605718232118;1.4917337813388472;0.4823225166045755
189597344#0;;0.06775985905949315;8.545653444657237;64.42025844359613;4164.508886411126;0.0590605718232118;1.4917337813388472;0.4823225166045755
-28662749;;0.05025125628140704;3.709210740418229;68.90522030269013;5091.976444422491;0.06659026841785198;1.2690146926220491;0.1418173773602184
189597344#1;;0.0312578144536134;9.387626243858744;61.010843029426965;1846.5154570423;0.018861935685425876;0.6785687368461989;0.24001719037941244
-189597344#2;;0.06896551724137931;4.505245598360257;58.96774640815724;0.0;0.0;0.0;0.0
189597344#0;;0.06775985905949315;8.53503879736309;64.17597180041977;3902.9022592329093;0.045385271756961734;1.4119930302037615;0.47880057368241913
189597344#0;;0.06775985905949315;8.53503879736309;64.17597180041977;3902.9022592329093;0.045385271756961734;1.4119930302037615;0.47880057368241913
-28662749;;0.05025125628140704;3.677758704771633;67.97076858464662;4858.1767426264705;0.06685839801169627;1.2452888335261416;0.14809263203523193
189597344#1;;0.0312578144536134;9.343950487594224;63.68834635972056;3431.851672723635;0.08842851807944904;1.120396305064233;0.2631884068963497
-189597344#1;;7.623633442283322e-05;9.863689982465187;59.71606080310568;1443.5374083852646;0.00040970611284304494;0.5713467246093455;0.2077960793731966
189597344#0;;0.06775985905949315;8.497950260283543;65.14981790014615;5038.2586370963945;0.09426230835717297;1.7254241273562112;0.4956206430644523
189597344#0;;0.06775985905949315;8.497950260283543;65.14981790014615;5038.2586370963945;0.09426230835717297;1.7254241273562112;0.4956206430644523
-28662749;;0.05025125628140704;3.6600365883560184;63.772173940975414;3496.475466050146;0.041434583634715194;0.9887084106894677;0.14397847069778305
189597344#1;;0.0312578144536134;9.387606456683002;58.59378102510742;0.0;0.0;0.0;0.0
-189597344#1;;0.004980143696048245;9.846285529507115;61.177993249578996;2248.157917180329;0.030696076516242975;0.780287742170472;0.2177036583100006
189597344#0;;0.06775985905949315;8.502202036030171;63.99317759116989;2523.472387437878;0.05046743592411138;0.8705459067081331;0.2579851141201283
189597344#0;;0.06775985905949315;8.502202036030171;63.99317759116989;2523.472387437878;0.05046743592411138;0.8705459067081331;0.2579851141201283
-28662749;;0.05025125628140704;3.6411382776614913;64.27043486269456;3678.4246627016837;0.047066903259946696;1.031949313321858;0.14949474115998854
189597344#1;;0.0312578144536134;9.364832369774776;62.26901088821627;2615.251562864336;0.05242982891711907;0.8923005985974057;0.2512826123114684
-189597344#1;;0.009902893679880096;9.828051561330533;61.25014605527507;2279.2149429582214;0.03204289857764674;0.7887008675925712;0.21893631896442542
189597344#0;;0.06775985905949315;8.516710521910996;63.44073953699838;1952.2668058542024;0.021938243888903548;0.7062627818062116;0.23113073060197614
189597344#0;;0.06775985905949315;8.516710521910996;63.44073953699838;1952.2668058542024;0.021938243888903548;0.7062627818062116;0.23113073060197614
-28662749;;0.05025125628140704;3.6129372017571906;67.48175066976665;4815.470475913114;0.07577140102643988;1.2768829600206233;0.1639227234248027
189597344#1;;0.0312578144536134;9.39276359981811;59.3243311304462;0.0;0.0;0.0;0.0
-189597344#1;;0.014814619175274242;9.838711730795653;59.60453227224814;1360.6785449874696;0.0;0.5496047699529952;0.20799652203292324
189597344#0;;0.06775985905949315;8.519702893030988;63.756840250355715;3321.3807443081164;0.024424747308030896;1.2505423939740936;0.47208778363158055
189597344#0;;0.06775985905949315;8.519702893030988;63.756840250355715;3321.3807443081164;0.024424747308030896;1.2505423939740936;0.47208778363158055
-28662749;;0.05025125628140704;3.593507549008636;64.77324596925351;3892.833992771436;0.05701767429610565;1.095412549426002;0.16231803150422344
189597344#1;;0.0312578144536134;9.32336700498911;65.53713586829099;4443.880267159522;0.13337700629639873;1.4041439532438713;0.2777793213346151
-189597344#1;;0.019722999226121835;9.841951195696357;60.00447403517462;1596.2762092622568;0.0061930392442215414;0.6108888731096856;0.210520507114603
189597344#0;;0.06775985905949315;8.561171770992209;62.54713454889627;0.0;0.0;0.0;0.0
189597344#0;;0.06775985905949315;8.561171770992209;62.54713454889627;0.0;0.0;0.0;0.0
-28662749;;0.05025125628140704;3.5676298830436193;67.09777739362072;4757.749287558168;0.08148691023881721;1.2917669773281897;0.17514858130749528
189597344#1;;0.0312578144536134;9.39189352114175;57.605068240996175;0.0;0.0;0.0;0.0
-189597344#1;;0.024634246166353894;9.839174995194051;60.34309470778869;1787.103807680221;0.013391580558951361;0.6605091307964174;0.21281428271971517
189597344#0;;0.06775985905949315;8.516745349584646;65.88964146282817;5423.566310363836;0.11618839836102966;1.8482025514745357;0.5011604127190908
189597344#0;;0.06775985905949315;8.516745349584646;65.88964146282817;5423.566310363836;0.11618839836102966;1.8482025514745357;0.5011604127190908
-28662749;;0.05025125628140704;3.5376756963730585;68.73130294324342;5409.9686592873995;0.10339419579689052;1.4526596446166722;0.1881790693939946
189597344#1;;0.0312578144536134;9.374150122807412;61.93597565044261;2418.6447585973547;0.04376319665094211;0.8374493002775579;0.24819927012790116
-189597344#1;;0.02951288462981317;9.870844663484004;58.49642486862927;0.0;0.0;0.0;0.0
189597344#0;;0.06775985905949315;8.540490169693784;63.28563964330155;2085.6673042726575;0.02741985477054651;0.7423818888734874;0.2327716981878011
189597344#0;;0.06775985905949315;8.540490169693784;63.28563964330155;2085.6673042726575;0.02741985477054651;0.7423818888734874;0.2327716981878011
-28662749;;0.10050251256281408;5.272266211623985;66.87270854117516;6140.366352334706;0.08621879629549846;1.903054382290183;0.1879916878200725
-28662749;;0.10050251256281408;5.272266211623985;66.87270854117516;6140.366352334706;0.08621879629549846;1.903054382290183;0.1879916878200725
189597344#1;;0.0312578144536134;9.355014362034941;62.05145270459836;2478.881490802928;0.04663571429089187;0.8546509138149991;0.2500373812290396
-189597344#1;;0.031525851197982346;9.898909422050826;58.643932657898816;0.0;0.0;0.0;0.0
189597344#0;;0.06775985905949315;8.49025735001336;65.81608930528445;5663.795443232044;0.1253148065420398;1.9105658049744463;0.5054138532036228
189597344#0;;0.06775985905949315;8.49025735001336;65.81608930528445;5663.795443232044;0.1253148065420398;1.9105658049744463;0.5054138532036228
-28662749;;0.10050251256281408;5.199524673784144;69.25981524406853;7329.774349144193;0.0693340912133285;1.7822198580827948;0.19336485938942702
-28662749;;0.10050251256281408;5.199524673784144;69.25981524406853;7329.774349144193;0.0693340912133285;1.7822198580827948;0.19336485938942702
189597344#1;;0.0312578144536134;9.346621343026818;61.395923021994314;2065.338092591912;0.028691875613659386;0.739697243193973;0.24506143325749746
-189597344#1;;0.031525851197982346;9.875266280067187;61.51050365886689;2435.1602955849876;0.037401959475444925;0.8281902372954497;0.21841541427002278
189597344#0;;0.06775985905949315;8.53090004330624;62.95272324474384;2014.1652097354497;0.024631667996029297;0.7232142527145085;0.2328507850763845
189597344#0;;0.06775985905949315;8.53090004330624;62.95272324474384;2014.1652097354497;0.024631667996029297;0.7232142527145085;0.2328507850763845
-28662749;;0.10050251256281408;5.11055955727582;71.52138796596182;9322.314357723977;0.1320132337037241;2.2793469797383867;0.22556918463055198
-28662749;;0.10050251256281408;5.11055955727582;71.52138796596182;9322.314357723977;0.1320132337037241;2.2793469797383867;0.22556918463055198
189597344#1;;0.0312578144536134;9.332331675239548;61.77912379248277;2298.273394852729;0.039030984492145517;0.8048407440799112;0.24890596700737144
-189597344#1;;0.031525851197982346;9.897978711137448;58.912728316998624;0.0;0.0;0.0;0.0
189597344#0;;0.06775985905949315;8.51341498129679;64.44339969514685;4227.380849703954;0.061238235867547675;1.5070491920814488;0.48479348312010495
189597344#0;;0.06775985905949315;8.51341498129679;64.44339969514685;4227.380849703954;0.061238235867547675;1.5070491920814488;0.48479348312010495
-28662749;;0.10050251256281408;5.044494315503363;69.03886015937121;7531.831955272961;0.08133960446478673;1.8901323328093305;0.2204597165330028
-28662749;;0.10050251256281408;5.044494315503363;69.03886015937121;7531.831955272961;0.08133960446478673;1.8901323328093305;0.2204597165330028
189597344#1;;0.0312578144536134;9.343226189978976;60.27942287212613;1314.7397065354846;0.0;0.5306262442411325;0.23536458367027108
-189597344#1;;0.031525851197982346;9.851184989894513;62.96344983726475;3168.75640813429;0.06522713719058867;1.0192678951330678;0.22788152302192402
189597344#0;;0.06775985905949315;8.546899853280534;62.9544700659553;1737.0313629764078;0.014827002269251122;0.6483556200124627;0.24519157383603238
189597344#0;;0.06775985905949315;8.546899853280534;62.9544700659553;1737.0313629764078;0.014827002269251122;0.6483556200124627;0.24519157383603238
-28662749;;0.10050251256281408;4.971073391302364;70.21307334358079;8489.270018808586;0.10924057884144434;2.1142093231251704;0.2405093119249307
-28662749;;0.10050251256281408;4.971073391302364;70.21307334358079;8489.270018808586;0.10924057884144434;2.1142093231251704;0.2405093119249307
189597344#1;;0.0312578144536134;9.37749682612417;59.03551233766627;0.0;0.0;0.0;0.0
-189597344#1;;0.031525851197982346;9.844586108715008;60.553474729176024;1907.4633843953964;0.01789352020202213;0.6917727810418723;0.21392492379585332
189597344#0;;0.06775985905949315;8.524395937178976;65.09937675963724;3394.3427688990523;0.08189733167049358;1.0983955851562737;0.2506644290301856
189597344#0;;0.06775985905949315;8.524395937178976;65.09937675963724;3394.3427688990523;0.08189733167049358;1.0983955851562737;0.2506644290301856
-28662749;;0.10050251256281408;4.900966295620101;70.11417091479012;8726.50978852719;0.12602105940166045;2.2287755649566443;0.2570566767149026
-28662749;;0.10050251256281408;4.900966295620101;70.11417091479012;8726.50978852719;0.12602105940166045;2.2287755649566443;0.2570566767149026
189597344#1;;0.0312578144536134;9.336483118920372;63.51953148640928;3334.2608367086245;0.08433635285138309;1.0936050997003126;0.2623378000275923
-189597344#1;;0.031525851197982346;9.850796686291087;59.831645360476344;1502.1550312960512;0.0026308206143793355;0.5864707804023084;0.20904728051094665
189597344#0;;0.06775985905949315;8.508008486498268;65.55598745558939;3911.4245066223443;0.1128080381290592;1.262238744837209;0.27648697258062355
189597344#0;;0.06775985905949315;8.508008486498268;65.55598745558939;3911.4245066223443;0.1128080381290592;1.262238744837209;0.27648697258062355
-28662749;;0.10050251256281408;4.8421069824918685;69.00899448752627;8199.532552173016;0.1240300809964619;2.1862865774353457;0.2663971914163258
-28662749;;0.10050251256281408;4.8421069824918685;69.00899448752627;8199.532552173016;0.1240300809964619;2.1862865774353457;0.2663971914163258
189597344#1;;0.0312578144536134;9.354701190384949;59.86894114425433;0.0;0.0;0.0;0.0
-189597344#1;;0.031525851197982346;9.855571769148721;59.904727725304625;1547.501993936082;0.004322160418631014;0.5982682726232823;0.20934081418133282
189597344#0;;0.06775985905949315;8.560504053052815;62.60730886556842;1802.8205715282706;0.01576454613344896;0.6657778662075615;0.22901101724222495
189597344#0;;0.06775985905949315;8.560504053052815;62.60730886556842;1802.8205715282706;0.01576454613344896;0.6657778662075615;0.22901101724222495
-28662749;;0.10050251256281408;4.790802069877331;68.12103666485388;7562.962198535486;0.10439966309325122;2.0409478823432137;0.2693351592790831
-28662749;;0.10050251256281408;4.790802069877331;68.12103666485388;7562.962198535486;0.10439966309325122;2.0409478823432137;0.2693351592790831
189597344#1;;0.0312578144536134;9.379722741750305;59.48604190962463;0.0;0.0;0.0;0.0
-189597344#1;;0.031525851197982346;9.875264063008911;59.090776047752094;0.0;0.0;0.0;0.0
189597344#0;;0.06775985905949315;8.512684735386841;65.48118674471942;5505.806808292822;0.11555073617145986;1.8584848120819892;0.5011921627752737
189597344#0;;0.06775985905949315;8.512684735386841;65.48118674471942;5505.806808292822;0.11555073617145986;1.8584848120819892;0.5011921627752737
-28662749;;0.10050251256281408;4.739538453657828;68.35978075114782;7660.595226390706;0.10563315135231842;2.0568990110051977;0.27874132264010626
-28662749;;0.10050251256281408;4.739538453657828;68.35978075114782;7660.595226390706;0.10563315135231842;2.0568990110051977;0.27874132264010626
189597344#1;;0.0312578144536134;9.38904692406922;60.3085768142443;1378.686450814304;0.0;0.5489224427424498;0.2338551970730759
-189597344#1;;0.031525851197982346;9.872904679169856;60.280504458317665;1770.9390829727436;0.012622990824743689;0.6562139020217591;0.2110591302959505
189597344#0;;0.06775985905949315;8.521413118975218;64.11656428708423;2812.8932176942294;0.06329727447541202;0.9518928522239235;0.2612546842107946
189597344#0;;0.06775985905949315;8.521413118975218;64.11656428708423;2812.8932176942294;0.06329727447541202;0.9518928522239235;0.2612546842107946
-28662749;;0.10050251256281408;4.681765611769292;69.57133523124713;8735.737257244144;0.1470428148618048;2.344215424552835;0.30168423950717316
-28662749;;0.10050251256281408;4.681765611769292;69.57133523124713;8735.737257244144;0.1470428148618048;2.344215424552835;0.30168423950717316
189597344#1;;0.0312578144536134;9.346270841919353;63.62297760813434;3395.503874763332;0.0867852239108058;1.1101437687023148;0.2625749963745432
-189597344#1;;0.031525851197982346;9.88236908496977;59.62083103821206;1400.7137994294162;0.0;0.5604112306378201;0.20646664639876028
189597344#0;;0.06775985905949315;8.485464880762493;65.24129477573852;4979.396498251206;0.09076169519478441;1.7060474864006436;0.49527899893883787
189597344#0;;0.06775985905949315;8.485464880762493;65.24129477573852;4979.396498251206;0.09076169519478441;1.7060474864006436;0.49527899893883787
-28662749;;0.10050251256281408;4.610297120347301;72.08119410804909;10604.400899425997;0.2112681786755371;2.7982163104442326;0.33439040273641985
-28662749;;0.10050251256281408;4.610297120347301;72.08119410804909;10604.400899425997;0.2112681786755371;2.7982163104442326;0.33439040273641985
189597344#1;;0.0312578144536134;9.34745440506145;60.82495356625859;1693.1273699120673;0.012434136428946214;0.6360435205418324;0.240122647088431
-189597344#1;;0.031525851197982346;9.825200026323834;63.66360993993762;3511.3645650330914;0.07866777295223652;1.1097437907097671;0.23310771941427932
189597344#0;;0.06775985905949315;8.550239458626493;61.88213400883461;0.0;0.0;0.0;0.0
189597344#0;;0.06775985905949315;8.550239458626493;61.88213400883461;0.0;0.0;0.0;0.0
-28662749;;0.10050251256281408;4.545786587709308;71.60428942526242;10394.882013001758;0.22056345686598214;2.8181413242270947;0.34965301990638553
-28662749;;0.10050251256281408;4.545786587709308;71.60428942526242;10394.882013001758;0.22056345686598214;2.8181413242270947;0.34965301990638553
189597344#1;;0.0312578144536134;9.324433192018631;62.34499732560507;2641.6823732387707;0.05420320843769281;0.900873100688599;0.2538802485749025
-189597344#1;;0.031525851197982346;9.848842060661141;58.917246670492425;0.0;0.0;0.0;0.0
:9842732475_0;;0.0018219740899255905;1.13075366295393;59.849667382864;0.0;0.0;0.0;0.0
189597344#0;;0.06752751353589646;8.562512333669268;60.40240173737484;1340.5730449506582;0.0;0.5370844944339813;0.23894116331288592
-28662749;;0.10050251256281408;4.4856991619865;71.61026729938558;10439.178862179242;0.23971980283175923;2.8998674582539685;0.36739687500190316
-28662749;;0.10050251256281408;4.4856991619865;71.61026729938558;10439.178862179242;0.23971980283175923;2.8998674582539685;0.36739687500190316
189597344#1;;0.0312578144536134;9.359604181875481;59.01504690338096;0.0;0.0;0.0;0.0
-189597344#1;;0.031525851197982346;9.893398054830556;57.86922365815418;0.0;0.0;0.0;0.0
:9842732475_0;;0.04590592204874008;1.1319212060975021;59.99271962052211;1370.182862562586;0.0;0.5490093688233503;0.22223829060067662
189597344#0;;0.06190574974280196;8.562585937943435;60.97759204932251;1741.3354544707324;0.014916319901613614;0.6495457992487367;0.24429486077379792
-28662749;;0.10050251256281408;4.432880906110878;71.09438059553493;10047.986089528571;0.24398838713518842;2.873408975461331;0.3795151526436142
-28662749;;0.10050251256281408;4.432880906110878;71.09438059553493;10047.986089528571;0.24398838713518842;2.873408975461331;0.3795151526436142
189597344#1;;0.0312578144536134;9.35511793362447;61.14901371849305;1912.3725265890923;0.021948905460036586;0.6970416389833837;0.24259730744631083
-189597344#1;;0.031525851197982346;9.824856391297164;64.39955725184258;3869.5003079616254;0.09222038934293122;1.2030661195336776;0.23720491671442046
:9842732475_0;;0.09033259748378716;1.1275469946682708;62.86715773720924;3039.200181158054;0.06666177986271701;1.0006829954739203;0.24471776299561024
189597344#0;;0.05624027995226407;8.52875869789847;63.37778579807771;3224.583958612302;0.08157700057300314;1.0675801810317946;0.26627901532719733
-28662749;;0.10050251256281408;4.3711053052376965;71.98364902857415;11009.66429952811;0.2587182354084787;3.024065657106859;0.39689949731380175
-28662749;;0.10050251256281408;4.3711053052376965;71.98364902857415;11009.66429952811;0.2587182354084787;3.024065657106859;0.39689949731380175
189597344#1;;0.0312578144536134;9.359270727530934;60.63825489773105;1577.4094458897032;0.007337331966147323;0.6038695636290806;0.23798530212544772
-189597344#1;;0.031525851197982346;9.863953962464825;58.15012661287575;0.0;0.0;0.0;0.0
:9842732475_0;;0.1345449789615274;1.130278046036365;59.30802590001723;0.0;0.0;0.0;0.0
189597344#0;;0.050602137796070326;8.566647507669247;58.83767292613419;0.0;0.0;0.0;0.0
-28662749;;0.10050251256281408;4.323700208748016;69.83902384980824;9228.991450592783;0.19407510543162187;2.583324646527548;0.38760183727184083
-28662749;;0.10050251256281408;4.323700208748016;69.83902384980824;9228.991450592783;0.19407510543162187;2.583324646527548;0.38760183727184083
189597344#1;;0.0312578144536134;9.36638206627513;60.461114466431134;1462.94396422155;0.0023368248508648347;0.5720951914775312;0.23611758637355237
-189597344#1;;0.031525851197982346;9.856698068805285;60.576557779756;1926.4893498545462;0.018533326049260102;0.6966250786738556;0.2135698385406721
:9842732475_0;;0.17902652728513302;1.1268497928623014;62.36148887250178;2757.7783954875445;0.05518010416622729;0.9246601454498289;0.24154693775566627
189597344#0;;0.044929670392287575;8.52312621779993;64.11622035247557;3650.6833426239214;0.10083168027781297;1.1880454964841152;0.2723971585497174
-28662749;;0.10050251256281408;4.271622986077469;71.64848744814233;10846.158909325384;0.2927595682239372;3.1355910754005336;0.4288626815332087
-28662749;;0.10050251256281408;4.271622986077469;71.64848744814233;10846.158909325384;0.2927595682239372;3.1355910754005336;0.4288626815332087
189597344#1;;0.0312578144536134;9.328578316915314;63.31521863826183;3215.048279354532;0.07928971756877451;1.0607545696637666;0.26122281515631485
-189597344#1;;0.031525851197982346;9.84941215341654;60.58695033722053;1928.480424328629;0.018653854077322136;0.6971978875133856;0.2139354767237967
:9842732475_0;;0.22363202756604883;1.1252780580630686;61.40296165400713;2200.886797843465;0.03237309440229143;0.7739340746374375;0.2353267694244603
189597344#0;;0.03924139613231444;8.51079954465088;61.87484840506735;2292.8239482619015;0.04006892332416509;0.8053725592930188;0.25479794471608785
-28662749;;0.10050251256281408;4.230730974812664;69.25529881526128;9024.176031594334;0.2084835739777919;2.613558070061714;0.4127011671372993
-28662749;;0.10050251256281408;4.230730974812664;69.25529881526128;9024.176031594334;0.2084835739777919;2.613558070061714;0.4127011671372993
189597344#1;;0.0312578144536134;9.333450176108467;60.630504967825296;1549.7392118724606;0.0062231779658102355;0.5960463232066827;0.23896812810597948
-189597344#1;;0.031525851197982346;9.900765142728485;57.56084780289107;0.0;0.0;0.0;0.0
:9842732475_0;;0.26567481402763016;1.1298045920045199;58.57090726776434;0.0;0.0;0.0;0.0
189597344#0;;0.033879929529746576;8.538588477941897;59.38835102336739;0.0;0.0;0.0;0.0
-28662749;;0.10050251256281408;4.18231250470288;70.81685908913397;10319.262629782386;0.2567973098515428;2.9382843619349335;0.43841160401255885
-28662749;;0.10050251256281408;4.18231250470288;70.81685908913397;10319.262629782386;0.2567973098515428;2.9382843619349335;0.43841160401255885
189597344#1;;0.0312578144536134;9.326461193542519;61.338265490224;2014.5226436515165;0.026646536996393924;0.7257488601009989;0.24547710908477893
-189597344#1;;0.031525851197982346;9.857280527552359;62.7470781847188;3061.8670785794425;0.061105731962497134;0.991244140180773;0.22636483937779073
:9842732475_0;;0.26567481402763016;1.1318864019915518;59.57738408769579;0.0;0.0;0.0;0.0
189597344#0;;0.033879929529746576;8.563758065258043;59.49385543271657;0.0;0.0;0.0;0.0
-28662749;;0.10050251256281408;4.1356386313443485;70.845390760108;10215.763443521573;0.2513038823142202;2.90718929903168;0.4477609996508111
-28662749;;0.10050251256281408;4.1356386313443485;70.845390760108;10215.763443521573;0.2513038823142202;2.90718929903168;0.4477609996508111
189597344#1;;0.0312578144536134;9.359413780242276;59.120549665077306;0.0;0.0;0.0;0.0
-189597344#1;;0.031525851197982346;9.88078636675942;58.89054477446561;0.0;0.0;0.0;0.0
:9842732475_0;;0.26567481402763016;1.1244170645673381;64.66446892354453;3989.6198041386833;0.10651666133100243;1.2600613509762528;0.25801225983024745
189597344#0;;0.033879929529746576;8.555117931358916;61.55756454758684;2119.4316480987236;0.03178114467027789;0.7557543825934778;0.24979386536178522
-28662749;;0.10050251256281408;4.091365572119699;70.88278548879171;10665.933869262119;0.30578612156796203;3.152142956674145;0.4749166876334063
-28662749;;0.10050251256281408;4.091365572119699;70.88278548879171;10665.933869262119;0.30578612156796203;3.152142956674145;0.4749166876334063
189597344#1;;0.0312578144536134;9.354603553421075;61.169061315527884;1924.9964794626314;0.022502889367807064;0.7005573983061071;0.2427903607580057
-189597344#1;;0.031525851197982346;9.893594174521578;59.43049611532522;1297.0342728129663;0.0;0.5337271866111606;0.20479981593497598
:9842732475_0;;0.26567481402763016;1.124260211427899;60.70373256884095;1771.3513512778172;0.01466636718812075;0.6573482323351223;0.23041512018177174
189597344#0;;0.033879929529746576;8.547750531349731;61.48397037250122;2065.9869554645547;0.029478770428262618;0.7408362244397748;0.2495154938839541
-28662749;;0.10050251256281408;4.04424828441127;71.77425043463401;11524.665840848284;0.3520915436755211;3.41337043017119;0.5005812410262258
-28662749;;0.10050251256281408;4.04424828441127;71.77425043463401;11524.665840848284;0.3520915436755211;3.41337043017119;0.5005812410262258
189597344#1;;0.0312578144536134;9.351498110909576;61.07165085287271;1859.339648244388;0.01966288374690705;0.6823057888665491;0.24209337027642772
-189597344#1;;0.031525851197982346;9.853411296678887;62.547422612786185;2960.7213149824743;0.05737664213058559;0.965153858630109;0.22541658046570254
:9842732475_0;;0.26567481402763016;1.1260819757119847;59.751801660915795;0.0;0.0;0.0;0.0
189597344#0;;0.033879929529746576;8.560110213010638;60.22477881907185;0.0;0.0;0.0;0.0
-28662749;;0.10050251256281408;4.008466868933629;69.53352329333731;9419.6309997758;0.2506020551727099;2.8039789192265134;0.4790676486209584
-28662749;;0.10050251256281408;4.008466868933629;69.53352329333731;9419.6309997758;0.2506020551727099;2.8039789192265134;0.4790676486209584
189597344#1;;0.0312578144536134;9.33205775924532;62.104204453045504;2499.0576351560235;0.04783400017232342;0.8608556048752841;0.2515711558467343
-189597344#1;;0.031525851197982346;9.877396684660088;58.8698881468521;0.0;0.0;0.0;0.0
:9842732475_0;;0.26567481402763016;1.1261035902588918;60.59697555764865;1715.738165602943;0.012286673877785448;0.6422257754982493;0.22893659320148654
189597344#0;;0.033879929529746576;8.547549930890693;61.83341799191956;2291.3738855286256;0.039526853544237996;0.8042054373613362;0.2525529330048808
-28662749;;0.10050251256281408;3.9556895031690575;73.37476343308555;13203.513132650512;0.43778975061520864;3.9077399301095674;0.5491704872510648
-28662749;;0.10050251256281408;3.9556895031690575;73.37476343308555;13203.513132650512;0.43778975061520864;3.9077399301095674;0.5491704872510648
189597344#1;;0.035353063883487114;9.346402520946224;62.55464497844176;0.0;0.0;0.0;0.0
-189597344#1;;0.031525851197982346;9.826322241028448;63.272681060619256;3318.530219506279;0.07135262088217911;1.0594500571223167;0.2308536273779441
189597344#1;;0.035353063883487114;9.346402520946224;62.55464497844176;0.0;0.0;0.0;0.0
189597344#0;;0.033879929529746576;8.525323843325882;62.54179253109055;2721.0489941372125;0.0590814855475251;0.9258022341728428;0.2596988328408034
-28662749;;0.10050251256281408;3.915989974824392;71.0847541414111;10444.205513199806;0.28984784913409667;3.0643839390229646;0.515128662481124
-28662749;;0.10050251256281408;3.915989974824392;71.0847541414111;10444.205513199806;0.28984784913409667;3.0643839390229646;0.515128662481124
189597344#1;;0.04058862149960092;9.313200178111343;64.82365042360095;4744.159319979857;0.08217160995922163;1.6474484770707924;0.4866533571398387
-189597344#1;;0.031525851197982346;9.826696569094281;60.18086443517569;1687.9411548008761;0.00970452240390946;0.6347207930305805;0.2122703770573114
189597344#1;;0.04058862149960092;9.313200178111343;64.82365042360095;4744.159319979857;0.08217160995922163;1.6474484770707924;0.4866533571398387
189597344#0;;0.033879929529746576;8.562993786202785;58.85335625731517;0.0;0.0;0.0;0.0
-28662749;;0.10050251256281408;3.882479733135539;69.81545769246709;9840.512100437118;0.2909421073975011;2.9875344154487484;0.5245427012354656
-28662749;;0.10050251256281408;3.882479733135539;69.81545769246709;9840.512100437118;0.2909421073975011;2.9875344154487484;0.5245427012354656
189597344#1;;0.045840358005824554;9.31131892036356;63.90514642324228;2253.7215699805047;0.034592475632844774;0.7883376276989407;0.23615983082000075
-189597344#1;;0.031525851197982346;9.898478728313897;56.73741306844833;0.0;0.0;0.0;0.0
189597344#1;;0.045840358005824554;9.31131892036356;63.90514642324228;2253.7215699805047;0.034592475632844774;0.7883376276989407;0.23615983082000075
189597344#0;;0.033879929529746576;8.510196388258398;64.85772034742419;4067.3431787667646;0.11997283020453885;1.306625004592804;0.27889650885518474
-28662749;;0.10050251256281408;3.8509697800054634;69.61598373107142;9749.599108889724;0.2986859337087624;2.9984437263734023;0.535581677650081
-28662749;;0.10050251256281408;3.8509697800054634;69.61598373107142;9749.599108889724;0.2986859337087624;2.9984437263734023;0.535581677650081
189597344#1;;0.05107546862041584;9.329832253856026;63.23709808982335;1579.6611839727373;0.007455849385150549;0.6044741092498546;0.23829545806955416
-189597344#1;;0.031525851197982346;9.854522108050926;62.780678858380014;3078.141646482041;0.06176471493859194;0.9955890700246228;0.22668791196320523
189597344#1;;0.05107546862041584;9.329832253856026;63.23709808982335;1579.6611839727373;0.007455849385150549;0.6044741092498546;0.23829545806955416
189597344#0;;0.033879929529746576;8.5477770110036;58.878829627462146;0.0;0.0;0.0;0.0
-28662749;;0.10050251256281408;3.8182671349151045;70.03762550630708;10178.326385478575;0.32155044874514094;3.127104611409627;0.5516636525160175
-28662749;;0.10050251256281408;3.8182671349151045;70.03762550630708;10178.326385478575;0.32155044874514094;3.127104611409627;0.5516636525160175
189597344#1;;0.056261851703147625;9.377194602685634;62.59951735723558;1554.8763599843032;0.006358790336346377;0.597600593274549;0.23772386409678486
-189597344#1;;0.031525851197982346;9.899828653709134;57.82877612240095;0.0;0.0;0.0;0.0
189597344#1;;0.056261851703147625;9.377194602685634;62.59951735723558;1554.8763599843032;0.006358790336346377;0.597600593274549;0.23772386409678486
189597344#0;;0.033879929529746576;8.513235804345976;63.45893315045281;3266.828631000054;0.08385480801758442;1.0803400341865241;0.2678461124671988
-28662749;;0.10050251256281408;3.7870172727847313;70.37013549862827;10535.627838233606;0.372426717776123;3.3305601737625414;0.5759799943342472
-28662749;;0.10050251256281408;3.7870172727847313;70.37013549862827;10535.627838233606;0.372426717776123;3.3305601737625414;0.5759799943342472
189597344#1;;0.0614481902248452;9.406790252761274;62.95748376280636;1717.3480770445929;0.012114209989065991;0.642627639379526;0.2264828163451724
-189597344#1;;0.031525851197982346;9.831510083702124;64.37315561522547;3856.8981239185696;0.09157401607365744;1.19932448711203;0.2367078717049871
189597344#1;;0.0614481902248452;9.406790252761274;62.95748376280636;1717.3480770445929;0.012114209989065991;0.642627639379526;0.2264828163451724
189597344#0;;0.033879929529746576;8.560380037662433;58.41690129602563;0.0;0.0;0.0;0.0
-28662749;;0.10050251256281408;3.75722912448409;69.86525628749003;10125.749665768373;0.3413032297857556;3.175288450818048;0.5752975324121976
-28662749;;0.10050251256281408;3.75722912448409;69.86525628749003;10125.749665768373;0.3413032297857556;3.175288450818048;0.5752975324121976
189597344#1;;0.0625156289072268;9.31541929300638;66.8054304582598;6956.917816125368;0.17663491874692677;2.257173894647825;0.5149895220492927
-189597344#1;;0.06305170239596469;14.74764467963469;61.569785405385005;3212.5076170505617;0.009819130201083433;1.2473488873079766;0.21207469318163497
189597344#1;;0.0625156289072268;9.31541929300638;66.8054304582598;6956.917816125368;0.17663491874692677;2.257173894647825;0.5149895220492927
189597344#0;;0.033879929529746576;8.563213030579249;60.80203063900103;1621.997136615139;0.00961569607683408;0.616059415825072;0.2426632748901959
-28662749;;0.10050251256281408;3.7121729895562923;73.4649186381319;13979.593855803887;0.5358819136581119;4.306308968401672;0.6473305468095043
-28662749;;0.10050251256281408;3.7121729895562923;73.4649186381319;13979.593855803887;0.5358819136581119;4.306308968401672;0.6473305468095043
-189597344#1;;0.06305170239596469;14.74764467963469;61.569785405385005;3212.5076170505617;0.009819130201083433;1.2473488873079766;0.21207469318163497
189597344#1;;0.0625156289072268;9.35812574215689;62.92866493507377;2029.277354945097;0.025193245075001126;0.727233230072563;0.23264615402403757
-189597344#1;;0.06305170239596469;14.503183274963934;68.28526300738676;5355.4318344580015;0.01924041687930612;1.3403589251733468;0.22198156861356338
189597344#1;;0.0625156289072268;9.35812574215689;62.92866493507377;2029.277354945097;0.025193245075001126;0.727233230072563;0.23264615402403757
189597344#0;;0.033879929529746576;8.55789440997228;61.33349180094538;1975.1356674570711;0.02533751798934969;0.7151983357462097;0.247697064204711
-28662749;;0.10050251256281408;3.6884993349260564;70.59646664713844;8037.874397432702;0.18080011397183146;2.395812059638185;0.5474661547813748
-28662749;;0.10050251256281408;3.6884993349260564;70.59646664713844;8037.874397432702;0.18080011397183146;2.395812059638185;0.5474661547813748
-189597344#1;;0.06305170239596469;14.503183274963934;68.28526300738676;5355.4318344580015;0.01924041687930612;1.3403589251733468;0.22198156861356338
189597344#1;;0.0625156289072268;9.305373227979572;66.06457290780322;5536.301418223613;0.11869761331073303;1.8737105468427728;0.498057353322813
-189597344#1;;0.06305170239596469;14.305422372527326;68.01282664589341;3485.898272111255;0.0008217576249899991;0.6708655777337562;0.013635251022786836
189597344#1;;0.0625156289072268;9.305373227979572;66.06457290780322;5536.301418223613;0.11869761331073303;1.8737105468427728;0.498057353322813
189597344#0;;0.033879929529746576;8.510886213229634;64.40743835068258;3813.903230662907;0.10854019161511416;1.2349856854950865;0.2754141435018731
-28662749;;0.10050251256281408;5.521775246412633;67.17774891504796;4735.560898023975;0.10325262673730182;1.3635661161852448;0.2116588917160633
-28662749;;0.10050251256281408;5.521775246412633;67.17774891504796;4735.560898023975;0.10325262673730182;1.3635661161852448;0.2116588917160633
-189597344#1;;0.06305170239596469;14.305422372527326;68.01282664589341;3485.898272111255;0.0008217576249899991;0.6708655777337562;0.013635251022786836
189597344#1;;0.0625156289072268;9.3419592857228;63.24105004463213;2314.5584621169705;0.0370766825133218;0.804801986860874;0.2367662000646536
-189597344#1;;0.06305170239596469;14.130523353627897;67.83668787986866;3537.926518695569;0.0017839266611454827;0.6992707383196846;0.020463115358117512
189597344#1;;0.0625156289072268;9.3419592857228;63.24105004463213;2314.5584621169705;0.0370766825133218;0.804801986860874;0.2367662000646536
189597344#0;;0.033879929529746576;8.552902059572679;58.66060792443642;0.0;0.0;0.0;0.0
-28662749;;0.10050251256281408;5.621459312858565;65.53986830776923;3979.791642478926;0.08156517602669211;1.189179309485182;0.20871104236765947
-28662749;;0.10050251256281408;5.621459312858565;65.53986830776923;3979.791642478926;0.08156517602669211;1.189179309485182;0.20871104236765947
-189597344#1;;0.06305170239596469;14.130523353627897;67.83668787986866;3537.926518695569;0.0017839266611454827;0.6992707383196846;0.020463115358117512
189597344#1;;0.0625156289072268;9.347757163824111;64.49794278909978;3229.655068757617;0.07969040611741281;1.0642900675377331;0.26078359574324866
-189597344#1;;0.06305170239596469;13.902219484945544;67.37091357222845;6239.260046429121;0.05965302673234991;1.6696085431530894;0.2526012341919735
189597344#1;;0.0625156289072268;9.347757163824111;64.49794278909978;3229.655068757617;0.07969040611741281;1.0642900675377331;0.26078359574324866
189597344#0;;0.033879929529746576;8.54358909929769;61.62012668434428;2151.512049106075;0.033337315004182834;0.7649459378144994;0.25091231098252254
-28662749;;0.10050251256281408;5.713201172373161;66.79031464717632;4660.637925092233;0.10687684420585372;1.3643245742589258;0.22089295079740015
-28662749;;0.10050251256281408;5.713201172373161;66.79031464717632;4660.637925092233;0.10687684420585372;1.3643245742589258;0.22089295079740015
-189597344#1;;0.06305170239596469;13.902219484945544;67.37091357222845;6239.260046429121;0.05965302673234991;1.6696085431530894;0.2526012341919735
189597344#1;;0.0625156289072268;9.356483455344035;64.05218611102217;2834.1465042800737;0.05830571008019576;0.945314827709314;0.2424291767260365
-189597344#1;;0.06305170239596469;13.758183598466543;66.28825208428636;3272.5737757881434;0.003429760893492991;0.7232134495777122;0.031789486928847276
189597344#1;;0.0625156289072268;9.356483455344035;64.05218611102217;2834.1465042800737;0.05830571008019576;0.945314827709314;0.2424291767260365
189597344#0;;0.033879929529746576;8.516587358237267;62.89940066505033;2934.5991033306655;0.06883892398223522;0.986387171577245;0.2631333294801831
-28662749;;0.10050251256281408;5.795459683612339;68.00931146577645;5297.578776025532;0.13281442039549782;1.535351297455867;0.23412542654021012
-28662749;;0.10050251256281408;5.795459683612339;68.00931146577645;5297.578776025532;0.13281442039549782;1.535351297455867;0.23412542654021012
-189597344#1;;0.06305170239596469;13.758183598466543;66.28825208428636;3272.5737757881434;0.003429760893492991;0.7232134495777122;0.031789486928847276
189597344#1;;0.0625156289072268;9.337832031495847;65.0084599695525;3436.322313416931;0.08885418944797926;1.1221762555638164;0.26380354571364906
-189597344#1;;0.06305170239596469;13.567044928210164;67.47086704333245;5591.8587645923;0.02843985562355623;1.4886685450823731;0.254260607363299
189597344#1;;0.0625156289072268;9.337832031495847;65.0084599695525;3436.322313416931;0.08885418944797926;1.1221762555638164;0.26380354571364906
189597344#0;;0.033879929529746576;8.53120270280377;60.13225215093408;0.0;0.0;0.0;0.0
-28662749;;0.10050251256281408;5.884349878697943;67.80402127666606;5256.91916866049;0.1359760289428875;1.5389810160839215;0.24033589338603017
-28662749;;0.10050251256281408;5.884349878697943;67.80402127666606;5256.91916866049;0.1359760289428875;1.5389810160839215;0.24033589338603017
-189597344#1;;0.06305170239596469;13.567044928210164;67.47086704333245;5591.8587645923;0.02843985562355623;1.4886685450823731;0.254260607363299
189597344#1;;0.0625156289072268;9.375253778706632;63.12918893751213;2212.2119706081053;0.032571356742332386;0.7765639943998495;0.23408220467771815
-189597344#1;;0.06305170239596469;13.427288758726808;67.43843612673501;3700.095614056943;0.0076539026453588;0.7953893769225187;0.0451166223999198
189597344#1;;0.0625156289072268;9.375253778706632;63.12918893751213;2212.2119706081053;0.032571356742332386;0.7765639943998495;0.23408220467771815
189597344#0;;0.033879929529746576;8.540265168557896;60.45012360060501;1350.716296187893;0.0;0.5396515878885813;0.2403404737701832
-28662749;;0.10050251256281408;5.955918729486965;70.15527495686352;6430.022067782892;0.1854324189685175;1.859383914786014;0.26204931881999705
-28662749;;0.10050251256281408;5.955918729486965;70.15527495686352;6430.022067782892;0.1854324189685175;1.859383914786014;0.26204931881999705
-189597344#1;;0.06305170239596469;13.427288758726808;67.43843612673501;3700.095614056943;0.0076539026453588;0.7953893769225187;0.0451166223999198
189597344#1;;0.0625156289072268;9.35168432816946;65.35570380694915;3721.743110216375;0.10136553053143643;1.2017965441575127;0.26758947257030724
-189597344#1;;0.06305170239596469;13.20957558422058;68.8080544532256;6402.258210431425;0.047551745292895214;1.6669000418191988;0.27247108321119023
189597344#1;;0.0625156289072268;9.35168432816946;65.35570380694915;3721.743110216375;0.10136553053143643;1.2017965441575127;0.26758947257030724
:9842732475_0;;0.03687009378666772;1.0887429161732123;61.19371384391533;1865.3343782019415;0.02061505907702867;0.6844819096345535;0.2474219685223142
-189597344#2;;0.0033740359109111677;4.292478851743664;55.06041309979368;0.0;0.0;0.0;0.0
-28662749;;0.09663700900963759;3.308898919719848;66.15623890563764;4706.709107342309;0.12466415575148117;1.423373861746117;0.2480193874160217
-189597344#1;;0.06305170239596469;13.20957558422058;68.8080544532256;6402.258210431425;0.047551745292895214;1.6669000418191988;0.27247108321119023
189597344#1;;0.0625156289072268;9.339133364625216;64.12945153958897;3933.9900824884567;0.04663629900551947;1.421723702823468;0.4746271639063451
-189597344#1;;0.06305170239596469;13.08548804364393;67.63533421610708;3895.201850481391;0.013082117654977254;0.8593910032589072;0.05969981379442629
189597344#1;;0.0625156289072268;9.339133364625216;64.12945153958897;3933.9900824884567;0.04663629900551947;1.421723702823468;0.4746271639063451
:9842732475_0;;0.08451967736229518;1.0880089623565166;61.40127038252082;1999.0866513573926;0.026647071411653657;0.722192308640152;0.24956417020747537
-189597344#2;;0.015134584358887088;4.3010376009052695;59.66922326682642;0.0;0.0;0.0;0.0
-28662749;;0.08806776516563504;3.28459773371063;69.12866383062156;6134.023750380863;0.18549748398713595;1.8151056218408388;0.27250521915405757
-189597344#1;;0.06305170239596469;13.08548804364393;67.63533421610708;3895.201850481391;0.013082117654977254;0.8593910032589072;0.05969981379442629
189597344#1;;0.0625156289072268;9.363308861492833;63.85604653855657;2830.457886716;0.05814420405957659;0.9442940555677719;0.2423523232244962
-189597344#1;;0.06305170239596469;12.924367968253247;66.3609876491465;6113.0323182553875;0.06449198248251843;1.7414661494769128;0.2880573020169945
189597344#1;;0.0625156289072268;9.363308861492833;63.85604653855657;2830.457886716;0.05814420405957659;0.9442940555677719;0.2423523232244962
:9842732475_0;;0.13210864672928227;1.0887269647495075;60.66441165612383;1500.6750059742808;0.004317763066677792;0.5818297384917765;0.24252086872145392
-189597344#2;;0.026856274198086758;4.308238059878324;59.80849524430374;0.0;0.0;0.0;0.0
-28662749;;0.07952683538330362;3.2671239096340448;66.66504465133688;4987.644940373293;0.14397063435488147;1.5207499262999464;0.2644949984155003
-189597344#1;;0.06305170239596469;12.924367968253247;66.3609876491465;6113.0323182553875;0.06449198248251843;1.7414661494769128;0.2880573020169945
189597344#1;;0.0625156289072268;9.343518758768383;65.52718395174192;3905.8940923610176;0.10958990387899051;1.2535370659912304;0.2703411833634887
-189597344#1;;0.06305170239596469;12.792379713096173;65.83817690671138;5491.886162116699;0.04283041659632428;1.591723068545095;0.28659347490453496
189597344#1;;0.0625156289072268;9.343518758768383;65.52718395174192;3905.8940923610176;0.10958990387899051;1.2535370659912304;0.2703411833634887
:9842732475_0;;0.17939868950911617;1.0922817896725912;59.34712146279077;0.0;0.0;0.0;0.0
-189597344#2;;0.038641310275367484;4.29651241888386;62.29776421030085;2683.2828316163996;0.05359787230452896;0.9075692827036618;0.24587475148455448
-28662749;;0.0709397487943302;3.242770910057284;69.57703659933276;6442.9222010831;0.20985588022171214;1.9314938925584544;0.2906938190657282
-189597344#1;;0.06305170239596469;12.792379713096173;65.83817690671138;5491.886162116699;0.04283041659632428;1.591723068545095;0.28659347490453496
189597344#1;;0.0625156289072268;9.338087547906921;65.14678572016906;3694.8655268682373;0.09418554314843258;1.1796621997347183;0.2540608162329339
-189597344#1;;0.06305170239596469;12.716101591286662;66.19357039788842;3652.5918262790155;0.016924166434225712;0.8748125630587092;0.0747089440696468
189597344#1;;0.0625156289072268;9.338087547906921;65.14678572016906;3694.8655268682373;0.09418554314843258;1.1796621997347183;0.2540608162329339
:9842732475_0;;0.22664962957201154;1.0927485155196184;60.74202766720245;1586.103743728848;0.007997560474085851;0.6060122461591454;0.24185339083793284
-189597344#2;;0.05032373009074861;4.315539288245507;58.505730573193226;0.0;0.0;0.0;0.0
-28662749;;0.062427432848449475;3.217448808181663;70.23386975953795;6828.188411028126;0.23402688231378796;2.0588691873746483;0.30469666422746844
-189597344#1;;0.06305170239596469;12.716101591286662;66.19357039788842;3652.5918262790155;0.016924166434225712;0.8748125630587092;0.0747089440696468
189597344#1;;0.0625156289072268;9.33467420729644;64.63955569291193;3259.24438564011;0.08104564635441523;1.072674790831909;0.2613316039377142
-189597344#1;;0.06305170239596469;12.565580062936622;66.31185486322154;6325.156683542587;0.07754477362485387;1.831245569932309;0.3059377097973059
189597344#1;;0.0625156289072268;9.33467420729644;64.63955569291193;3259.24438564011;0.08104564635441523;1.072674790831909;0.2613316039377142
:9842732475_0;;0.26567481402763016;1.0865858192655715;64.48929966911652;3861.9552381994745;0.11039068060210755;1.2478155627778014;0.27541741278906595
-189597344#2;;0.061997726143830104;4.317108690098653;60.46775093833409;1599.6782122554605;0.0076673501099271835;0.6106006406825386;0.22980209491227768
-28662749;;0.053921254819822316;3.190804190195974;71.06916367874602;7321.517728800123;0.2647363561482412;2.221113322996688;0.3211484754602464
-189597344#1;;0.06305170239596469;12.565580062936622;66.31185486322154;6325.156683542587;0.07754477362485387;1.831245569932309;0.3059377097973059
189597344#1;;0.0625156289072268;9.299237398401715;65.03466947417861;4802.122361422085;0.08257901635219025;1.6570147019869532;0.4874931613990331
-189597344#1;;0.06305170239596469;12.417967158501051;68.33658064305743;5692.730470106166;0.0274532433289092;1.5525740330188373;0.29648393975136195
189597344#1;;0.0625156289072268;9.299237398401715;65.03466947417861;4802.122361422085;0.08257901635219025;1.6570147019869532;0.4874931613990331
:9842732475_0;;0.26567481402763016;1.087267964395052;60.69819411246364;1512.887926867021;0.004904301207186093;0.5851890996687379;0.2433451863684233
-189597344#2;;0.06896551724137931;4.289726603706512;64.62533086444074;3963.0155565266964;0.10807608628888091;1.259549079925005;0.26302468766537057
-28662749;;0.05025125628140704;3.1695594798938416;69.08164131645269;6353.46837941064;0.22782231545950776;1.9652426389296376;0.3158715402484238
-189597344#1;;0.06305170239596469;12.417967158501051;68.33658064305743;5692.730470106166;0.0274532433289092;1.5525740330188373;0.29648393975136195
189597344#1;;0.0625156289072268;9.398163154288865;61.22410800801909;0.0;0.0;0.0;0.0
-189597344#1;;0.06305170239596469;12.334375674302477;66.6585534368123;3904.400321760814;0.02615881392258706;0.9537857820063664;0.09326097570293322
189597344#1;;0.0625156289072268;9.398163154288865;61.22410800801909;0.0;0.0;0.0;0.0
:9842732475_0;;0.26567481402763016;1.0878861670398405;60.72242054186442;1534.9118501519465;0.005873126984903191;0.5914273778521181;0.24336230699106381
-189597344#2;;0.06896551724137931;4.298344369133677;59.66952672472622;0.0;0.0;0.0;0.0
-28662749;;0.05025125628140704;3.1515537365976716;67.93737349220909;5772.557127408291;0.20597459930499115;1.811908546709515;0.3143104784513668
-189597344#1;;0.06305170239596469;12.334375674302477;66.6585534368123;3904.400321760814;0.02615881392258706;0.9537857820063664;0.09326097570293322
189597344#1;;0.0625156289072268;9.331121561399435;66.00809468326858;6030.583637150523;0.13740272538097353;2.0030842378013887;0.5023717913238861
-189597344#1;;0.06305170239596469;12.198264123285245;67.28095367621668;5931.597628776718;0.04834423211129811;1.680718432536913;0.3122538896048184
189597344#1;;0.0625156289072268;9.331121561399435;66.00809468326858;6030.583637150523;0.13740272538097353;2.0030842378013887;0.5023717913238861
:9842732475_0;;0.26567481402763016;1.0920875887199464;59.08670394341047;0.0;0.0;0.0;0.0
-189597344#2;;0.06896551724137931;4.301744574324807;60.28277513314854;1451.6299458354085;0.0015600144438659494;0.5699549733137262;0.2296315858833255
-28662749;;0.05025125628140704;3.137673384524401;66.40279900381991;4930.832752462256;0.16946577933758963;1.576775182471407;0.30722804610497106
-189597344#1;;0.06305170239596469;12.198264123285245;67.28095367621668;5931.597628776718;0.04834423211129811;1.680718432536913;0.3122538896048184
189597344#1;;0.0625156289072268;9.37845820339611;62.504236574076266;1418.6024443674728;0.0;0.5619952110437141;0.22322448051611107
-189597344#1;;0.06305170239596469;12.073978769470562;67.42189489287087;5683.611594233247;0.03852448334297831;1.6182363945988518;0.31465637623865117
189597344#1;;0.0625156289072268;9.37845820339611;62.504236574076266;1418.6024443674728;0.0;0.5619952110437141;0.22322448051611107
:9842732475_0;;0.26567481402763016;1.0874889903689593;63.545490978047965;3322.4699168711404;0.0859887307237425;1.0952247918677445;0.2676667205731864
-189597344#2;;0.06896551724137931;4.293283612285425;61.85431594076778;2420.4822585140905;0.04258933885093835;0.8356774520305988;0.24291259955388372
-28662749;;0.05025125628140704;3.1135897873493152;70.8794895754117;7451.484052907624;0.2991926326419445;2.332510972962695;0.3531785779444284
-189597344#1;;0.06305170239596469;12.073978769470562;67.42189489287087;5683.611594233247;0.03852448334297831;1.6182363945988518;0.31465637623865117
189597344#1;;0.06396039558571938;9.232684589535648;65.20596613132065;2135.6015989034495;0.02933734966813191;0.7556957174063473;0.23263921339660185
-189597344#1;;0.06305170239596469;11.981602616585615;65.86323583643492;5110.864532219461;0.03165594711024527;1.5318699883265394;0.3166462046616294
189597344#1;;0.06396039558571938;9.232684589535648;65.20596613132065;2135.6015989034495;0.02933734966813191;0.7556957174063473;0.23263921339660185
189597344#1;;0.06396039558571938;9.232684589535648;65.20596613132065;2135.6015989034495;0.02933734966813191;0.7556957174063473;0.23263921339660185
-189597344#2;;0.06896551724137931;4.298949717710144;60.01531869537309;0.0;0.0;0.0;0.0
-28662749;;0.05025125628140704;3.091527296837637;70.26149374834405;7168.942214757323;0.2932898537366967;2.2693278766803155;0.3578098641096852
-189597344#1;;0.06305170239596469;11.981602616585615;65.86323583643492;5110.864532219461;0.03165594711024527;1.5318699883265394;0.3166462046616294
189597344#1;;0.06956549082792061;9.178532850233804;67.43388740789372;8416.629095972512;0.1793477570428798;2.8280402381740237;0.7574040548195138
-189597344#1;;0.06305170239596469;11.784909439470528;68.99532229823271;8304.656085628307;0.13825153240600566;2.3091351404123532;0.3577347928218034
189597344#1;;0.06956549082792061;9.178532850233804;67.43388740789372;8416.629095972512;0.1793477570428798;2.8280402381740237;0.7574040548195138
189597344#1;;0.06956549082792061;9.178532850233804;67.43388740789372;8416.629095972512;0.1793477570428798;2.8280402381740237;0.7574040548195138
-189597344#2;;0.06896551724137931;4.3183460673087195;58.46183278051456;0.0;0.0;0.0;0.0
-28662749;;0.05025125628140704;3.0687863807062423;70.81456889925698;7542.270799565094;0.3210968412481185;2.402705290680541;0.37289815770119494
-189597344#1;;0.06305170239596469;11.784909439470528;68.99532229823271;8304.656085628307;0.13825153240600566;2.3091351404123532;0.3577347928218034
189597344#1;;0.0751269702712424;9.211744311877753;64.7457707477495;1744.2091624446825;0.014608605064384748;0.6502544617312508;0.24027165663833747
-189597344#1;;0.06305170239596469;11.650708453509;68.99187027622352;6301.231307331606;0.05653891936979773;1.7679267410368924;0.339364844824412
189597344#1;;0.0751269702712424;9.211744311877753;64.7457707477495;1744.2091624446825;0.014608605064384748;0.6502544617312508;0.24027165663833747
189597344#1;;0.0751269702712424;9.211744311877753;64.7457707477495;1744.2091624446825;0.014608605064384748;0.6502544617312508;0.24027165663833747
-189597344#2;;0.06896551724137931;4.304074864669483;62.633043456632635;2881.3072599081934;0.06166950333867878;0.9612311014012362;0.24748051929727957
-28662749;;0.05025125628140704;3.0528764838548033;68.03185074847788;5937.480331481579;0.24229562451844827;1.9289094038881551;0.35392951795313243
-189597344#1;;0.06305170239596469;11.650708453509;68.99187027622352;6301.231307331606;0.05653891936979773;1.7679267410368924;0.339364844824412
189597344#1;;0.0807331881681716;9.181236427490811;66.77079282771913;7069.471431733598;0.12513000581091518;2.4667004724257513;0.740862657667566
-189597344#1;;0.06305170239596469;11.569204317254973;66.2980366342359;3942.87810838584;0.04322474162689559;1.0448884948510517;0.13085515365129677
189597344#1;;0.0807331881681716;9.181236427490811;66.77079282771913;7069.471431733598;0.12513000581091518;2.4667004724257513;0.740862657667566
189597344#1;;0.0807331881681716;9.181236427490811;66.77079282771913;7069.471431733598;0.12513000581091518;2.4667004724257513;0.740862657667566
-189597344#2;;0.06896551724137931;4.298204552885069;61.48722484679412;2206.450077222885;0.03342299165565734;0.7767658766425835;0.23961389573916198
-28662749;;0.05025125628140704;3.035039572140353;69.04273990944803;6573.514286058691;0.28206029355723844;2.1370067174444705;0.37131202547481335
-189597344#1;;0.06305170239596469;11.569204317254973;66.2980366342359;3942.87810838584;0.04322474162689559;1.0448884948510517;0.13085515365129677
189597344#2;;0.0007049965741236435;4.247886604352115;59.69736058028994;0.0;0.0;0.0;0.0
-189597344#1;;0.06305170239596469;11.489390581079372;66.48692093117182;4061.457502341684;0.04801649346653987;1.0784891808928494;0.13708576408502435
189597344#1;;0.080932912939291;9.269044199244112;62.33198583640891;0.0;0.0;0.0;0.0
189597344#1;;0.080932912939291;9.269044199244112;62.33198583640891;0.0;0.0;0.0;0.0
-189597344#2;;0.06896551724137931;4.309283876023679;59.361002969768386;0.0;0.0;0.0;0.0
-28662749;;0.05025125628140704;3.016427784480089;69.58260652869745;6935.173091479463;0.3084233904613187;2.26420831662726;0.3849694863739732
-189597344#1;;0.06305170239596469;11.489390581079372;66.48692093117182;4061.457502341684;0.04801649346653987;1.0784891808928494;0.13708576408502435
189597344#2;;0.012743295707235472;4.250263269871903;60.552543544350826;1535.1096184007934;0.005435814072014171;0.5922064705251154;0.23648416378584092
-189597344#1;;0.06305170239596469;11.349351867742532;68.90058327277026;7056.059284393828;0.09515969052967894;2.0111515838278162;0.3655900839035574
189597344#1;;0.08105897413233772;9.23224256476855;65.16781300490011;4877.344516047256;0.0859700599141083;1.6772046769930147;0.49199722610474905
189597344#1;;0.08105897413233772;9.23224256476855;65.16781300490011;4877.344516047256;0.0859700599141083;1.6772046769930147;0.49199722610474905
-189597344#2;;0.06896551724137931;4.30033643489906;61.89928299759073;2454.723469128509;0.04383699462266017;0.8446956766949283;0.24251750331591876
-28662749;;0.05025125628140704;3.0030675560669566;67.43590038510405;5589.077359049281;0.23777284809470034;1.854258677855185;0.3678453110105817
-189597344#1;;0.06305170239596469;11.349351867742532;68.90058327277026;7056.059284393828;0.09515969052967894;2.0111515838278162;0.3655900839035574
189597344#2;;0.024891497706210856;4.230501913728379;63.700311374140796;3436.1767875773676;0.08885951596955202;1.122162800868665;0.2638298880448813
-189597344#1;;0.06305170239596469;11.243885055567882;66.44771623398285;6393.102577978987;0.09286578908556765;1.9237499197375385;0.37024784289366997
189597344#1;;0.07742789707614225;9.188912090764376;65.64697404786287;5250.009185287257;0.10869480487922126;1.7994593281152846;0.501123024581122
189597344#1;;0.07742789707614225;9.188912090764376;65.64697404786287;5250.009185287257;0.10869480487922126;1.7994593281152846;0.501123024581122
-189597344#2;;0.06896551724137931;4.2897548476906575;62.15924155491952;2596.344349501154;0.05014202676879996;0.8841620199688397;0.2455738947504404
-28662749;;0.05025125628140704;2.986912047003896;68.81112932649582;6494.153046897423;0.29411568783332265;2.1500825242443544;0.3898914628554476
-189597344#1;;0.06305170239596469;11.243885055567882;66.44771623398285;6393.102577978987;0.09286578908556765;1.9237499197375385;0.37024784289366997
189597344#2;;0.03693424820501772;4.249459294435701;58.68967916614324;0.0;0.0;0.0;0.0
-189597344#1;;0.06305170239596469;11.126681742478462;69.2468707233533;6543.318237220756;0.08407764710795662;1.89374835226839;0.3721841425859895
189597344#1;;0.07196966119740064;9.275657603446106;61.492654571690046;0.0;0.0;0.0;0.0
189597344#1;;0.07196966119740064;9.275657603446106;61.492654571690046;0.0;0.0;0.0;0.0
-189597344#2;;0.06896551724137931;4.312176014160079;58.18740292295325;0.0;0.0;0.0;0.0
-28662749;;0.05025125628140704;2.964259268622915;72.03633897744113;8595.271894114885;0.4250926801437506;2.8385696224711023;0.4365610241863018
-189597344#1;;0.06305170239596469;11.126681742478462;69.2468707233533;6543.318237220756;0.08407764710795662;1.89374835226839;0.3721841425859895
189597344#2;;0.049064910942200994;4.23364327198024;63.099855609383404;3094.7148119234266;0.07375951931700686;1.0266190803812214;0.2589276949971624
-189597344#1;;0.06305170239596469;11.043215814061593;66.80219187866659;5722.155773950193;0.06614217753593762;1.7458129865336924;0.37260652796231086
189597344#1;;0.0664715801243463;9.28975976238249;63.37440711767627;2919.623243489139;0.004955339532952137;1.1442762467261784;0.4644098771563836
189597344#1;;0.0664715801243463;9.28975976238249;63.37440711767627;2919.623243489139;0.004955339532952137;1.1442762467261784;0.4644098771563836
-189597344#2;;0.06896551724137931;4.287448789628674;64.23101595828828;3751.944507555808;0.09926386800341452;1.2019060216466353;0.260620730682478
-28662749;;0.05025125628140704;2.9467500035693726;69.85656842832984;7236.2363248217935;0.35241091762961857;2.4201326776489727;0.4203405238654456
-189597344#1;;0.06305170239596469;11.043215814061593;66.80219187866659;5722.155773950193;0.06614217753593762;1.7458129865336924;0.37260652796231086
189597344#2;;0.06119039080248713;4.234572441001493;60.78056954422699;1659.649064008942;0.010993820245015738;0.6267148282351644;0.23992010011798692
-189597344#1;;0.06305170239596469;10.988716069815457;67.30469343413314;4654.467683268419;0.07817990473000053;1.2668753271010846;0.17311917506988345
189597344#1;;0.0625156289072268;9.264420929849566;64.71793441273626;4420.182866567394;0.06623713791215805;1.5510707777924664;0.48437912699415797
189597344#1;;0.0625156289072268;9.264420929849566;64.71793441273626;4420.182866567394;0.06623713791215805;1.5510707777924664;0.48437912699415797
-189597344#2;;0.06896551724137931;4.319310838354722;57.35888327355631;0.0;0.0;0.0;0.0
-28662749;;0.05025125628140704;2.930153140013673;69.62273903188047;7106.468322413619;0.351178157538663;2.39267018474842;0.42541242197505424
-189597344#1;;0.06305170239596469;10.988716069815457;67.30469343413314;4654.467683268419;0.07817990473000053;1.2668753271010846;0.17311917506988345
189597344#2;;0.06896551724137931;4.236217151823846;60.684754867655414;1598.0330599564422;0.008286087593662115;0.6095609476445917;0.23891927601247212
-189597344#1;;0.06305170239596469;10.861492470424825;68.40144020019198;7523.550201615448;0.1334537608946158;2.2137778378900435;0.40266703555858374
189597344#1;;0.0625156289072268;9.223276436812668;65.36318195325404;5128.608599245309;0.10193172095567322;1.7618655620775168;0.4972786754868478
189597344#1;;0.0625156289072268;9.223276436812668;65.36318195325404;5128.608599245309;0.10193172095567322;1.7618655620775168;0.4972786754868478
-189597344#2;;0.06896551724137931;4.290012794662891;64.91774258101827;4117.5825935427365;0.11460874600599875;1.3019550450184878;0.26496070707314723
-28662749;;0.05025125628140704;2.965386228849526;58.721590237429254;0.0;0.0;0.0;0.0
-189597344#1;;0.06305170239596469;10.861492470424825;68.40144020019198;7523.550201615448;0.1334537608946158;2.2137778378900435;0.40266703555858374
189597344#2;;0.06896551724137931;4.250791418721147;59.13504367433618;0.0;0.0;0.0;0.0
-189597344#1;;0.06305170239596469;10.732154595095139;68.96708397984918;7766.137291640904;0.14408449891161076;2.282011083384168;0.41308606739418463
189597344#1;;0.0625156289072268;9.303944628351262;61.61796321329595;0.0;0.0;0.0;0.0
189597344#1;;0.0625156289072268;9.303944628351262;61.61796321329595;0.0;0.0;0.0;0.0
-189597344#2;;0.06896551724137931;4.296565991843325;59.915962732012176;0.0;0.0;0.0;0.0
-28662749;;0.05025125628140704;3.0044024658350446;58.177655641503925;0.0;0.0;0.0;0.0
-189597344#1;;0.06305170239596469;10.732154595095139;68.96708397984918;7766.137291640904;0.14408449891161076;2.282011083384168;0.41308606739418463
189597344#2;;0.06896551724137931;4.247036575784464;61.356865971826046;2056.34956715193;0.028084939372511185;0.7369220510823323;0.2436665039939378
-189597344#1;;0.06305170239596469;10.660707427466892;68.58083093627627;5301.8878329948775;0.10929376497957413;1.4597384848576607;0.20000297605948844
189597344#1;;0.0625156289072268;9.250476629461684;65.55856139621538;5567.719981981928;0.11880457995952906;1.8776690474705573;0.5009406245199145
189597344#1;;0.0625156289072268;9.250476629461684;65.55856139621538;5567.719981981928;0.11880457995952906;1.8776690474705573;0.5009406245199145
-189597344#2;;0.06896551724137931;4.312799571627106;58.796334243599546;0.0;0.0;0.0;0.0
-28662749;;0.05025125628140704;3.045167227193646;57.630553603169375;0.0;0.0;0.0;0.0
-189597344#1;;0.06305170239596469;10.660707427466892;68.58083093627627;5301.8878329948775;0.10929376497957413;1.4597384848576607;0.20000297605948844
189597344#0;;0.033879929529746576;17.71668667466987;55.9402874701336;1521.0;0.0;0.6117;0.0
189597344#2;;0.06896551724137931;4.256644534232963;59.66726736200872;0.0;0.0;0.0;0.0
-189597344#1;;0.06305170239596469;10.560178194301246;68.69769966453543;6956.430490791518;0.12264930119209111;2.103253406393402;0.41647932985559905
189597344#1;;0.0625156289072268;9.260195294651801;63.64653091420707;2098.4698220592654;0.031156074360301426;0.750267049505097;0.2512434337895386
189597344#1;;0.0625156289072268;9.260195294651801;63.64653091420707;2098.4698220592654;0.031156074360301426;0.750267049505097;0.2512434337895386
-189597344#2;;0.06896551724137931;4.30719424950965;61.42487549358121;2180.072512111576;0.03211293315824007;0.7692297080727576;0.23823967081500885
-28662749;;0.05025125628140704;3.087691260412288;57.05467170672329;0.0;0.0;0.0;0.0
-189597344#1;;0.06305170239596469;10.560178194301246;68.69769966453543;6956.430490791518;0.12264930119209111;2.103253406393402;0.41647932985559905
189597344#0;;0.033879929529746576;17.192121948068923;67.21813689148037;3377.8188266412585;0.000197705114666213;0.6401782056745101;0.006647783844782845
189597344#2;;0.06896551724137931;4.233431580872151;64.21467336749299;3725.3830729278475;0.10135168752488455;1.2023968710960042;0.26726136154570207
-189597344#1;;0.06305170239596469;10.428037517798202;70.50295583904884;8394.835262780072;0.1776098198827582;2.4793223259965735;0.44086666736740326
189597344#1;;0.0625156289072268;9.258587330513839;64.05139580243082;2523.836663541272;0.04525984938100651;0.860684972002663;0.2375247139009492
189597344#1;;0.0625156289072268;9.258587330513839;64.05139580243082;2523.836663541272;0.04525984938100651;0.860684972002663;0.2375247139009492
-189597344#2;;0.06896551724137931;4.307639083572101;60.635347262861316;1691.1987068730425;0.011586015927643257;0.6355563482099446;0.23200932307015082
-28662749;;0.05025125628140704;3.130674636566526;56.479792315279724;0.0;0.0;0.0;0.0
-189597344#1;;0.06305170239596469;10.428037517798202;70.50295583904884;8394.835262780072;0.1776098198827582;2.4793223259965735;0.44086666736740326
189597344#0;;0.033879929529746576;16.714987218605167;66.90848214151089;3396.230293479024;0.0007366424453871728;0.6664475350598528;0.013176730537312832
189597344#2;;0.06896551724137931;4.247040252862177;59.24854995048819;0.0;0.0;0.0;0.0
-189597344#1;;0.06305170239596469;10.33121153765787;67.1527768463421;7274.887243883557;0.1507932472945193;2.238436537720796;0.4386777443929516
189597344#1;;0.0625156289072268;9.229757635665564;64.93552303736615;4563.965076143022;0.07237772130566048;1.590183215669096;0.4880336577570449
189597344#1;;0.0625156289072268;9.229757635665564;64.93552303736615;4563.965076143022;0.07237772130566048;1.590183215669096;0.4880336577570449
-189597344#2;;0.06896551724137931;4.299245871743778;61.82655136541942;2410.6109123711303;0.04200798358023741;0.8326675158036431;0.24208568825889343
-28662749;;0.05025125628140704;3.1733783048123123;55.913359221761255;0.0;0.0;0.0;0.0
-189597344#1;;0.06305170239596469;10.33121153765787;67.1527768463421;7274.887243883557;0.1507932472945193;2.238436537720796;0.4386777443929516
189597344#0;;0.033879929529746576;16.24979163550917;67.34377453673291;3546.4584966566526;0.001726998082727193;0.6980892367912722;0.02005761152649865
189597344#2;;0.06896551724137931;4.228115396970978;63.58316082699153;3368.3845541919136;0.08601346350377741;1.1035401362270234;0.263242529910304
-189597344#1;;0.06305170239596469;10.27387852949362;68.54421325456734;5486.9327613908345;0.13524343572981157;1.5699171191579577;0.2303958251719816
189597344#1;;0.0625156289072268;9.244181694793987;63.430236919331485;1752.6258179251388;0.015502211382250136;0.6527356229541282;0.24521777563797562
189597344#1;;0.0625156289072268;9.244181694793987;63.430236919331485;1752.6258179251388;0.015502211382250136;0.6527356229541282;0.24521777563797562
-189597344#2;;0.06896551724137931;4.311021151614348;59.2790593014453;0.0;0.0;0.0;0.0
-28662749;;0.05025125628140704;3.2195856766876725;55.243356707796934;0.0;0.0;0.0;0.0
-189597344#1;;0.06305170239596469;10.27387852949362;68.54421325456734;5486.9327613908345;0.13524343572981157;1.5699171191579577;0.2303958251719816
189597344#0;;0.033879929529746576;15.857119136679374;66.20366204155845;3398.072685652157;0.0025994938521096064;0.712926725562359;0.026190411124514697
189597344#2;;0.06896551724137931;4.2542053051900295;58.017988626782056;0.0;0.0;0.0;0.0
-189597344#1;;0.06305170239596469;10.223518111171105;66.26751688992584;4272.817785251872;0.09713265442288536;1.2785584212199912;0.2228127907364008
189597344#1;;0.0625156289072268;9.19651149361472;65.57035447301682;5398.306628151655;0.1137724147390631;1.8367104112887345;0.5022512214267292
189597344#1;;0.0625156289072268;9.19651149361472;65.57035447301682;5398.306628151655;0.1137724147390631;1.8367104112887345;0.5022512214267292
-189597344#2;;0.06896551724137931;4.298518496514129;62.40064826957568;2744.3230430903427;0.05610477474117885;0.9241570579665211;0.2464105622549718
-28662749;;0.05025125628140704;3.267158577510068;54.57169070825482;0.0;0.0;0.0;0.0
-189597344#1;;0.06305170239596469;10.223518111171105;66.26751688992584;4272.817785251872;0.09713265442288536;1.2785584212199912;0.2228127907364008
189597344#0;;0.033879929529746576;15.45894082348349;66.94754855107384;3605.06558325881;0.00430306658686766;0.7480115091688293;0.03297377165303033
189597344#2;;0.06896551724137931;4.254837912915555;60.7603200056942;1682.5389794354758;0.011774743706806477;0.6331218413139419;0.23788210148551672
-189597344#1;;0.06305170239596469;10.14328443281207;67.51953959982333;6823.206168575321;0.14072430202848382;2.141836803404963;0.44738096120716353
189597344#1;;0.0625156289072268;9.261031923383673;62.09868112459542;0.0;0.0;0.0;0.0
189597344#1;;0.0625156289072268;9.261031923383673;62.09868112459542;0.0;0.0;0.0;0.0
-189597344#2;;0.06896551724137931;4.301324812068316;60.357147315288195;1499.945739614485;0.0035969346931851998;0.5831787911332562;0.23029080566157165
-28662749;;0.05025125628140704;3.313987885383669;53.93260762838572;0.0;0.0;0.0;0.0
-189597344#1;;0.06305170239596469;10.14328443281207;67.51953959982333;6823.206168575321;0.14072430202848382;2.141836803404963;0.44738096120716353
189597344#0;;0.033879929529746576;15.148490069549567;65.08505867039771;3282.781976350348;0.004750162674465228;0.7423760987348383;0.038236179263021024
189597344#2;;0.06896551724137931;4.240615960010621;62.84186480828665;2950.278830258846;0.06715377539684658;0.9857481277524954;0.256153175274522
-189597344#1;;0.06305170239596469;10.07176895567498;68.34201356977326;5419.664869719605;0.14558879858734172;1.591569514802449;0.24745440275788855
189597344#1;;0.0625156289072268;9.230358402404027;64.79208409924104;4680.20021151908;0.08027501703621984;1.6309560536475058;0.49038325752932627
189597344#1;;0.0625156289072268;9.230358402404027;64.79208409924104;4680.20021151908;0.08027501703621984;1.6309560536475058;0.49038325752932627
-189597344#2;;0.06896551724137931;4.292267455194645;61.93961593803241;2469.8735175261813;0.044708272450093074;0.8492869205016126;0.2436620316633885
-28662749;;0.05025125628140704;3.364413325085585;53.16302471141407;0.0;0.0;0.0;0.0
-189597344#1;;0.06305170239596469;10.07176895567498;68.34201356977326;5419.664869719605;0.14558879858734172;1.591569514802449;0.24745440275788855
189597344#0;;0.033879929529746576;14.854558712782307;65.03402637451961;3313.4830549496946;0.006057089785041631;0.7597117999715359;0.04369118929959729
189597344#2;;0.06896551724137931;4.242968551911511;60.57619988067634;1537.1944686309294;0.005579533960007689;0.5926986200883864;0.23734491064056526
-189597344#1;;0.06305170239596469;9.936678391302905;70.6687838029793;9636.159253849868;0.25662069804830206;2.901848048657493;0.49576464023092515
189597344#1;;0.0625156289072268;9.262357219599986;62.954192402268056;1520.533276257908;0.00518263067559268;0.5874610867534431;0.24242814260170747
189597344#1;;0.0625156289072268;9.262357219599986;62.954192402268056;1520.533276257908;0.00518263067559268;0.5874610867534431;0.24242814260170747
-189597344#2;;0.06936927439234325;4.71375084902382;59.25986485230957;0.0;0.0;0.0;0.0
-189597344#2;;0.06936927439234325;4.71375084902382;59.25986485230957;0.0;0.0;0.0;0.0
-189597344#1;;0.06305170239596469;9.936678391302905;70.6687838029793;9636.159253849868;0.25662069804830206;2.901848048657493;0.49576464023092515
189597344#0;;0.033879929529746576;14.483840004872688;67.83808254178211;3974.9671322964473;0.010703402605030164;0.8411625947190688;0.051780674397998896
189597344#2;;0.06896551724137931;4.248116052137953;60.21656846809939;1299.293678202315;0.0;0.5267101959063566;0.23364822588267056
-189597344#1;;0.06305170239596469;9.848601853619684;69.9890852970785;7678.470882411594;0.19393426070472664;2.414253791045242;0.4816986311953512
189597344#1;;0.0625156289072268;9.255715985004938;64.01563282467171;3730.5667304488597;0.03918708676295604;1.3680514707738287;0.47668935163286175
189597344#1;;0.0625156289072268;9.255715985004938;64.01563282467171;3730.5667304488597;0.03918708676295604;1.3680514707738287;0.47668935163286175
-189597344#2;;0.07880179994748081;4.703400268839282;65.11680187560886;3804.17716750135;0.10141902681648554;1.216108713269658;0.2611577654926169
-189597344#2;;0.07880179994748081;4.703400268839282;65.11680187560886;3804.17716750135;0.10141902681648554;1.216108713269658;0.2611577654926169
-189597344#1;;0.06305170239596469;9.848601853619684;69.9890852970785;7678.470882411594;0.19393426070472664;2.414253791045242;0.4816986311953512
189597344#0;;0.033879929529746576;14.230694708899327;64.70034619202902;3329.7031558950953;0.009252716157059105;0.7932199061309598;0.05612183421132158
189597344#2;;0.06896551724137931;4.229265033277984;63.56776258503531;3360.29515653693;0.08559925352029243;1.1011464791240035;0.26298778885246427
-189597344#1;;0.06305170239596469;9.791090169764544;66.94060864486586;6276.921759205611;0.13727927966449624;2.0480730012274644;0.4696947520430579
189597344#1;;0.0625156289072268;9.202571935600902;65.55149085164922;5563.578779079877;0.11777144377824841;1.8732443835766175;0.5031355020996998
189597344#1;;0.0625156289072268;9.202571935600902;65.55149085164922;5563.578779079877;0.11777144377824841;1.8732443835766175;0.5031355020996998
-189597344#2;;0.08833272105972906;4.680503653398961;64.65170696120308;4749.562644317309;0.06504170076065544;1.6061869129699275;0.4348448517697877
-189597344#2;;0.08833272105972906;4.680503653398961;64.65170696120308;4749.562644317309;0.06504170076065544;1.6061869129699275;0.4348448517697877
-189597344#1;;0.06305170239596469;9.791090169764544;66.94060864486586;6276.921759205611;0.13727927966449624;2.0480730012274644;0.4696947520430579
189597344#0;;0.033879929529746576;13.965845046633254;65.45587063601911;3541.0451293486362;0.012070537352972813;0.8300578607738912;0.06216365510770943
189597344#2;;0.06896551724137931;4.250548547686999;58.4620620678474;0.0;0.0;0.0;0.0
-189597344#1;;0.06305170239596469;9.739251696845653;66.8287669261503;6075.3458586007655;0.1325142077823038;2.0032985413552944;0.4718538375170025
189597344#1;;0.0625156289072268;9.250913494203942;62.45548111639529;0.0;0.0;0.0;0.0
189597344#1;;0.0625156289072268;9.250913494203942;62.45548111639529;0.0;0.0;0.0;0.0
-189597344#2;;0.09779182553898752;4.733395414679886;60.614274355608934;0.0;0.0;0.0;0.0
-189597344#2;;0.09779182553898752;4.733395414679886;60.614274355608934;0.0;0.0;0.0;0.0
-189597344#1;;0.06305170239596469;9.739251696845653;66.8287669261503;6075.3458586007655;0.1325142077823038;2.0032985413552944;0.4718538375170025
189597344#0;;0.033879929529746576;13.744480651150843;64.36278952083501;3319.962362990401;0.01215354090065157;0.8171314403891503;0.06669010443055981
189597344#2;;0.06896551724137931;4.2308767405629055;63.68537408133029;3427.930280298289;0.08847831423411937;1.1198166948955515;0.2636727424260855
-189597344#1;;0.06305170239596469;9.63898043877916;70.96097864353163;8736.578503512199;0.24945651051563258;2.744555718322359;0.514141719077694
189597344#1;;0.0625156289072268;9.276403817902475;63.066148175102484;1367.625520415157;0.0;0.544485417032362;0.24020855808709124
189597344#1;;0.0625156289072268;9.276403817902475;63.066148175102484;1367.625520415157;0.0;0.544485417032362;0.24020855808709124
-189597344#2;;0.10731665618934912;4.694615110573766;65.57771592703784;5880.055181932708;0.11670862529326445;1.9292327888292287;0.44911058907955803
-189597344#2;;0.10731665618934912;4.694615110573766;65.57771592703784;5880.055181932708;0.11670862529326445;1.9292327888292287;0.44911058907955803
-189597344#1;;0.06305170239596469;9.63898043877916;70.96097864353163;8736.578503512199;0.24945651051563258;2.744555718322359;0.514141719077694
189597344#0;;0.033879929529746576;13.428400232823655;68.08778359751854;4273.760305644108;0.021898731131608312;0.9532064731433043;0.0763223419288685
189597344#2;;0.06896551724137931;4.252078499968379;58.46555484626621;0.0;0.0;0.0;0.0
-189597344#1;;0.06305170239596469;9.639076526084432;63.48946882491781;3402.7561855307945;0.021070199599149353;1.2725720929019535;0.44535057401015643
189597344#1;;0.0625156289072268;9.258882281032534;64.36089256550824;4134.930574825143;0.055202527368464344;1.4757855742617971;0.4813468028366704
189597344#1;;0.0625156289072268;9.258882281032534;64.36089256550824;4134.930574825143;0.055202527368464344;1.4757855742617971;0.4813468028366704
-189597344#2;;0.11670177468622639;4.728287404731438;61.83723307492522;1548.1040580086644;0.005632014560364764;0.5963565716428226;0.23100845878479484
-189597344#2;;0.11670177468622639;4.728287404731438;61.83723307492522;1548.1040580086644;0.005632014560364764;0.5963565716428226;0.23100845878479484
-189597344#1;;0.06305170239596469;9.639076526084432;63.48946882491781;3402.7561855307945;0.021070199599149353;1.2725720929019535;0.44535057401015643
189597344#0;;0.033879929529746576;13.174613315058929;66.37258064264421;3905.7302812430007;0.021492518775469215;0.924403031025611;0.08182154183422478
189597344#2;;0.06896551724137931;4.254583991931293;60.524229496479045;1524.1943451301129;0.0049328107432450065;0.589232672218947;0.23584989253677408
-189597344#1;;0.06305170239596469;9.63572753540497;63.80237015509502;2407.388871639714;0.042559522909906465;0.8330390546064113;0.24499261855576826
189597344#1;;0.0625156289072268;9.259486670071928;63.79227882523479;3432.6964182124107;0.025472692267121885;1.2830722435239093;0.4723607057756204
189597344#1;;0.0625156289072268;9.259486670071928;63.79227882523479;3432.6964182124107;0.025472692267121885;1.2830722435239093;0.4723607057756204
-189597344#2;;0.12608619508245342;4.738183750816351;62.609856064296395;1655.9465554656638;0.006433040974384803;0.6268419954020604;0.18354864847416774
-189597344#2;;0.12608619508245342;4.738183750816351;62.609856064296395;1655.9465554656638;0.006433040974384803;0.6268419954020604;0.18354864847416774
-189597344#1;;0.06305170239596469;9.63572753540497;63.80237015509502;2407.388871639714;0.042559522909906465;0.8330390546064113;0.24499261855576826
189597344#0;;0.033879929529746576;12.940700571162505;66.05129134531211;3870.3872802962323;0.02362282616930453;0.9355633858660698;0.08784948597319656
189597344#2;;0.06896551724137931;4.243363680374526;62.400246135807876;2692.512977941083;0.05582824496412313;0.9138512945300179;0.2524336942667509
-189597344#1;;0.06305170239596469;9.61881218530375;64.77403636211744;3272.167168086359;0.08042156090984948;1.0735631589980072;0.25842513362242625
189597344#1;;0.0625156289072268;9.276014367008568;63.398669563301425;1867.2304789535244;0.020625604791813763;0.6849619387459901;0.24688840559618597
189597344#1;;0.0625156289072268;9.276014367008568;63.398669563301425;1867.2304789535244;0.020625604791813763;0.6849619387459901;0.24688840559618597
-189597344#2;;0.13548223838094647;4.737424286314326;63.17909442837579;3416.4361066857155;0.019316550806871925;1.2761386378807325;0.4159291415998919
-189597344#2;;0.13548223838094647;4.737424286314326;63.17909442837579;3416.4361066857155;0.019316550806871925;1.2761386378807325;0.4159291415998919
-189597344#1;;0.06305170239596469;9.61881218530375;64.77403636211744;3272.167168086359;0.08042156090984948;1.0735631589980072;0.25842513362242625
189597344#0;;0.033879929529746576;12.737635136448697;65.22191169791405;3690.252426262848;0.02390608300994028;0.9230082792004359;0.09277937695833932
189597344#2;;0.06896551724137931;4.228459746906262;62.98395882600665;3023.3253932876282;0.07086273491702277;1.0072141869124542;0.2586407194880662
-189597344#1;;0.06305170239596469;9.641749701534774;63.16267417225896;2457.6850399342165;0.03829349566482779;0.834131002903038;0.21888358789544904
189597344#1;;0.0625156289072268;9.261102131673711;64.27776677662821;4057.0948790358716;0.05345463311604619;1.4590670071149205;0.4807075588439188
189597344#1;;0.0625156289072268;9.261102131673711;64.27776677662821;4057.0948790358716;0.05345463311604619;1.4590670071149205;0.4807075588439188
-189597344#2;;0.13793103448275862;4.68649971859354;66.25266995202387;6561.630725094729;0.13714606074791202;2.088928121031196;0.45600875321373713
-189597344#2;;0.13793103448275862;4.68649971859354;66.25266995202387;6561.630725094729;0.13714606074791202;2.088928121031196;0.45600875321373713
-189597344#1;;0.06305170239596469;9.641749701534774;63.16267417225896;2457.6850399342165;0.03829349566482779;0.834131002903038;0.21888358789544904
189597344#0;;0.033879929529746576;12.578103469750536;63.76217340997786;3321.2843297084473;0.021296277781222846;0.8772404718710847;0.09591470150834425
189597344#2;;0.06896551724137931;4.233473344898552;60.27363998245451;1307.9822953761513;0.0;0.5287087217640863;0.23541557968826224
-189597344#1;;0.06305170239596469;9.615497275751117;64.88765657331977;4843.169172092019;0.0841860932056499;1.6739684673493387;0.46604659481174815
189597344#1;;0.0625156289072268;9.271363830330445;63.60586877832019;2130.702530002137;0.029156004156682652;0.7544009327088521;0.23268659253131632
189597344#1;;0.0625156289072268;9.271363830330445;63.60586877832019;2130.702530002137;0.029156004156682652;0.7544009327088521;0.23268659253131632
-189597344#2;;0.13793103448275862;4.723678013967044;61.25389897675955;0.0;0.0;0.0;0.0
-189597344#2;;0.13793103448275862;4.723678013967044;61.25389897675955;0.0;0.0;0.0;0.0
-189597344#1;;0.06305170239596469;9.615497275751117;64.88765657331977;4843.169172092019;0.0841860932056499;1.6739684673493387;0.46604659481174815
189597344#0;;0.033879929529746576;12.345685598309833;67.08513470165207;4278.834168208498;0.03588384575711306;1.0407190264373973;0.10621157694382978
189597344#2;;0.06896551724137931;4.2522557291762615;58.699306464814754;0.0;0.0;0.0;0.0
-189597344#1;;0.06305170239596469;9.589334596065239;64.90018345055776;4735.174437927567;0.07268698267445363;1.6224728812261866;0.4644503627735115
189597344#1;;0.0625156289072268;9.258188019307136;64.2529761265126;3996.9587037018878;0.05134514574195051;1.4438411627246905;0.4802215460967767
189597344#1;;0.0625156289072268;9.258188019307136;64.2529761265126;3996.9587037018878;0.05134514574195051;1.4438411627246905;0.4802215460967767
-189597344#2;;0.13793103448275862;4.711360580040683;64.27120118398132;3020.437666254481;0.050885456663802425;0.9577545483473219;0.20018361956522662
-189597344#2;;0.13793103448275862;4.711360580040683;64.27120118398132;3020.437666254481;0.050885456663802425;0.9577545483473219;0.20018361956522662
-189597344#1;;0.06305170239596469;9.589334596065239;64.90018345055776;4735.174437927567;0.07268698267445363;1.6224728812261866;0.4644503627735115
189597344#0;;0.033879929529746576;12.123508674926772;67.09744276964227;4337.090607996323;0.04010008346067733;1.0683097932941916;0.11334755243426223
189597344#2;;0.06896551724137931;4.235604865643804;63.2162086676051;3163.2723583658008;0.07666591734256492;1.0455192232790327;0.25958185231130343
-189597344#1;;0.06305170239596469;9.573970672311159;64.29379320172092;4270.687280305965;0.0600064774685251;1.5161836321551323;0.46174021683827304
189597344#1;;0.0625156289072268;9.229592716905595;64.78392338271713;4614.308753052335;0.07846760214489053;1.615750136104376;0.48988314789583987
189597344#1;;0.0625156289072268;9.229592716905595;64.78392338271713;4614.308753052335;0.07846760214489053;1.615750136104376;0.48988314789583987
-189597344#2;;0.13793103448275862;4.723116070102499;62.64982068905571;1771.6535314130215;0.014862423038866389;0.6575100746253684;0.23210833641840245
-189597344#2;;0.13793103448275862;4.723116070102499;62.64982068905571;1771.6535314130215;0.014862423038866389;0.6575100746253684;0.23210833641840245
-189597344#1;;0.06305170239596469;9.573970672311159;64.29379320172092;4270.687280305965;0.0600064774685251;1.5161836321551323;0.46174021683827304
189597344#0;;0.033879929529746576;11.979587157303285;63.986667957004826;3460.3090280510883;0.02932909567929364;0.931772003022493;0.11402596292319958
189597344#2;;0.06896551724137931;4.230842848945054;61.54153363035552;2150.178319778767;0.03251691844847149;0.7634961205268705;0.24682297215701346
-189597344#1;;0.06305170239596469;9.624844149937726;61.86121113492916;1491.8913234202107;0.0022873997163194697;0.5836750678269901;0.20990249758726495
189597344#1;;0.0625156289072268;9.258130841812065;63.148443641208445;1824.169820975714;0.01890173180807815;0.6729651528844968;0.24788366986730553
189597344#1;;0.0625156289072268;9.258130841812065;63.148443641208445;1824.169820975714;0.01890173180807815;0.6729651528844968;0.24788366986730553
-189597344#2;;0.13793103448275862;4.737754469847159;62.65663486249971;1975.144282468811;0.023416066992306268;0.7130872180828265;0.23501943334729392
-189597344#2;;0.13793103448275862;4.737754469847159;62.65663486249971;1975.144282468811;0.023416066992306268;0.7130872180828265;0.23501943334729392
-189597344#1;;0.06305170239596469;9.624844149937726;61.86121113492916;1491.8913234202107;0.0022873997163194697;0.5836750678269901;0.20990249758726495
189597344#0;;0.033879929529746576;11.753247918016013;68.0533894944016;4719.108168844367;0.05254977951857359;1.1664396007067255;0.12739228814755563
189597344#2;;0.06896551724137931;4.2363704051280076;60.20314640073276;0.0;0.0;0.0;0.0
-189597344#1;;0.0652803404351627;9.515813435368369;67.19836808441822;7984.311050130885;0.15620760358945032;2.7039768193185836;0.7188073786902558
189597344#1;;0.0625156289072268;9.255432606990398;63.893734249704565;3573.8751314270194;0.03232209334470337;1.3243116253105993;0.4746422994814459
189597344#1;;0.0625156289072268;9.255432606990398;63.893734249704565;3573.8751314270194;0.03232209334470337;1.3243116253105993;0.4746422994814459
-189597344#1;;0.0652803404351627;9.515813435368369;67.19836808441822;7984.311050130885;0.15620760358945032;2.7039768193185836;0.7188073786902558
-189597344#2;;0.1293315587170096;4.784178578372224;59.60030683480868;1704.3441800067994;0.008011519614721546;0.6384739354272505;0.18458464119422568
-189597344#1;;0.0652803404351627;9.515813435368369;67.19836808441822;7984.311050130885;0.15620760358945032;2.7039768193185836;0.7188073786902558
189597344#0;;0.033879929529746576;11.616278432689919;64.23626968092246;3583.854411205174;0.03584169868420973;0.9745591383971525;0.12634419452758097
189597344#2;;0.06896551724137931;4.253435740365291;58.86858044386466;0.0;0.0;0.0;0.0
-189597344#1;;0.0706234372015415;9.544100142434162;64.9416525824036;2763.3397565688697;0.05806483340422016;0.9317955019736149;0.25053566393840687
189597344#1;;0.0625156289072268;9.291867442976319;63.21965826136018;2263.2648082480227;0.034468983224060466;0.7900366142278135;0.2337431863269166
189597344#1;;0.0625156289072268;9.291867442976319;63.21965826136018;2263.2648082480227;0.034468983224060466;0.7900366142278135;0.2337431863269166
-189597344#1;;0.0706234372015415;9.544100142434162;64.9416525824036;2763.3397565688697;0.05806483340422016;0.9317955019736149;0.25053566393840687
-189597344#2;;0.11764307392876576;4.781394041578926;59.84758029944567;1821.1718276543243;0.011754368199620068;0.6665961449933223;0.18595426982782917
-189597344#1;;0.0706234372015415;9.544100142434162;64.9416525824036;2763.3397565688697;0.05806483340422016;0.9317955019736149;0.25053566393840687
189597344#0;;0.033879929529746576;11.431630034621534;66.80686459685143;4423.393744612491;0.05378416500533858;1.1420878298146888;0.13727769583266197
189597344#2;;0.06896551724137931;4.234657322146915;63.53678909631063;3345.854267635985;0.08469008830960312;1.096484618382569;0.26210524703501126
-189597344#1;;0.07600378607687612;9.547405861379215;65.59581413168728;2954.9569348533405;0.06495865674787947;0.9818115260576178;0.24899235348410667
189597344#1;;0.0625156289072268;9.2628257206489;64.75473600291951;4613.960508352571;0.0777949554403477;1.6142315569396386;0.48794653168744717
189597344#1;;0.0625156289072268;9.2628257206489;64.75473600291951;4613.960508352571;0.0777949554403477;1.6142315569396386;0.48794653168744717
-189597344#1;;0.07600378607687612;9.547405861379215;65.59581413168728;2954.9569348533405;0.06495865674787947;0.9818115260576178;0.24899235348410667
-189597344#2;;0.10587309694079239;4.7641804220951025;61.624100869287375;2637.613776713347;0.038207430886559555;0.8642054427784882;0.19542624037601433
-189597344#1;;0.07600378607687612;9.547405861379215;65.59581413168728;2954.9569348533405;0.06495865674787947;0.9818115260576178;0.24899235348410667
189597344#0;;0.033879929529746576;11.243959615325142;67.34699041366126;4645.955813681016;0.06190697733538118;1.201145381249713;0.145540720503313
189597344#2;;0.06896551724137931;4.233486267064731;61.05531927430722;1840.3899996456612;0.01890967399752196;0.6770801651182866;0.2424265663223125
-189597344#1;;0.08137191157945571;9.512787264679343;67.02276830382377;7603.450641016638;0.1397800798415757;2.5866572044319427;0.7130366171579907
189597344#1;;0.0625156289072268;9.286325791524302;63.151169639772434;1695.9371720029865;0.011322240446408087;0.636854617551513;0.22709381668004958
189597344#1;;0.0625156289072268;9.286325791524302;63.151169639772434;1695.9371720029865;0.011322240446408087;0.636854617551513;0.22709381668004958
-189597344#1;;0.08137191157945571;9.512787264679343;67.02276830382377;7603.450641016638;0.1397800798415757;2.5866572044319427;0.7130366171579907
-189597344#2;;0.09412985963445962;4.79215936559371;56.59464472128227;0.0;0.0;0.0;0.0
-189597344#1;;0.08137191157945571;9.512787264679343;67.02276830382377;7603.450641016638;0.1397800798415757;2.5866572044319427;0.7130366171579907
189597344#0;;0.033879929529746576;11.100534933181772;65.43145217660208;4051.0181887399776;0.05285569348752856;1.097695281423938;0.14740009145136015
189597344#2;;0.06896551724137931;4.246290744618469;59.337854244209744;0.0;0.0;0.0;0.0
-189597344#1;;0.08675192850659581;9.529021421824337;64.8992777224041;3547.063512662231;0.029749856225491936;1.3199671406505917;0.44678465315101445
189597344#1;;0.0625156289072268;9.23446824415318;65.59274148754359;5471.976062924821;0.11202091017843897;1.8430766293692695;0.49972553782704265
189597344#1;;0.0625156289072268;9.23446824415318;65.59274148754359;5471.976062924821;0.11202091017843897;1.8430766293692695;0.49972553782704265
-189597344#1;;0.08675192850659581;9.529021421824337;64.8992777224041;3547.063512662231;0.029749856225491936;1.3199671406505917;0.44678465315101445
-189597344#2;;0.08236060881177795;4.775723069760853;61.49663525271503;2584.855380669709;0.036230458936136245;0.850735170074059;0.19382023168535892
-189597344#1;;0.08675192850659581;9.529021421824337;64.8992777224041;3547.063512662231;0.029749856225491936;1.3199671406505917;0.44678465315101445
189597344#0;;0.033879929529746576;10.899058784929982;68.84581405363575;5253.411149562875;0.08322114047143095;1.3570002235681815;0.16320158328245468
189597344#2;;0.06896551724137931;4.233103084491238;62.71744911722389;2870.8354611503737;0.06399061609500874;0.9642760928793593;0.2560465841921457
-189597344#1;;0.0920866918347993;9.543612882582861;65.01074055526234;3869.230585651735;0.042516217623284;1.4050761794670041;0.45445477499682796
189597344#1;;0.0625156289072268;9.218236537852258;64.93576988770766;3327.339382666351;0.08640354011056779;1.09703769944182;0.2682283752243895
189597344#1;;0.0625156289072268;9.218236537852258;64.93576988770766;3327.339382666351;0.08640354011056779;1.09703769944182;0.2682283752243895
-189597344#1;;0.0920866918347993;9.543612882582861;65.01074055526234;3869.230585651735;0.042516217623284;1.4050761794670041;0.45445477499682796
-189597344#2;;0.07069035413794246;4.769828246274546;60.23861217984637;1998.5601929924583;0.017554582775349686;0.7095422527830437;0.18871118911945486
-189597344#1;;0.0920866918347993;9.543612882582861;65.01074055526234;3869.230585651735;0.042516217623284;1.4050761794670041;0.45445477499682796
189597344#0;;0.033879929529746576;10.757329602335545;66.00305118775958;4315.600551055632;0.06561217121877286;1.178668405397023;0.16273876570629603
189597344#2;;0.06896551724137931;4.25489844868997;58.401837968066424;0.0;0.0;0.0;0.0
-189597344#1;;0.09457755359394704;9.568819983683357;64.46520519883416;2939.710885275323;0.009299761156542793;1.1555766101841018;0.43654847292706545
189597344#1;;0.0625156289072268;9.2704517038387;62.39559333554483;0.0;0.0;0.0;0.0
189597344#1;;0.0625156289072268;9.2704517038387;62.39559333554483;0.0;0.0;0.0;0.0
-189597344#1;;0.09457755359394704;9.568819983683357;64.46520519883416;2939.710885275323;0.009299761156542793;1.1555766101841018;0.43654847292706545
-189597344#2;;0.06896551724137931;4.76047750849535;60.67345944206647;2197.2203206451795;0.024086049969565926;0.7578392301169733;0.19149868701304912
-189597344#1;;0.09457755359394704;9.568819983683357;64.46520519883416;2939.710885275323;0.009299761156542793;1.1555766101841018;0.43654847292706545
189597344#0;;0.033879929529746576;10.645040246341814;64.6246977950453;3846.762749760685;0.056879416166531256;1.0892712160215519;0.16404042965335283
189597344#2;;0.06896551724137931;4.232171388624874;64.14514212820359;3686.3175729649415;0.09971801602067265;1.1916886027402587;0.2669115597659609
-189597344#1;;0.09457755359394704;9.5519836793589;66.0733571803761;6310.33237743724;0.0835558931479764;2.2339512651434266;0.6928242341541939
189597344#1;;0.0625156289072268;9.291338920463732;63.50179185425703;2329.1721609637575;0.0372212518838176;0.8079404991217054;0.23482984374865937
189597344#1;;0.0625156289072268;9.291338920463732;63.50179185425703;2329.1721609637575;0.0372212518838176;0.8079404991217054;0.23482984374865937
-189597344#1;;0.09457755359394704;9.5519836793589;66.0733571803761;6310.33237743724;0.0835558931479764;2.2339512651434266;0.6928242341541939
-189597344#2;;0.06896551724137931;4.769639527197448;58.527471138700015;0.0;0.0;0.0;0.0
-189597344#1;;0.09457755359394704;9.5519836793589;66.0733571803761;6310.33237743724;0.0835558931479764;2.2339512651434266;0.6928242341541939
189597344#0;;0.033879929529746576;10.450799197697751;69.61654241121451;5699.754914489418;0.10802433483335541;1.505457883921578;0.1864555479423316
189597344#2;;0.06896551724137931;4.248833893288427;58.92229401141193;0.0;0.0;0.0;0.0
-189597344#1;;0.09457755359394704;9.522575332481473;66.84224669869894;7309.197601652925;0.12897977913393666;2.5229344287525306;0.7099519091307909
189597344#1;;0.0625156289072268;9.26194408748541;64.80428756848859;4634.219110267218;0.07907524962934118;1.6210469555057712;0.4883774731092321
189597344#1;;0.0625156289072268;9.26194408748541;64.80428756848859;4634.219110267218;0.07907524962934118;1.6210469555057712;0.4883774731092321
-189597344#1;;0.09457755359394704;9.522575332481473;66.84224669869894;7309.197601652925;0.12897977913393666;2.5229344287525306;0.7099519091307909
-189597344#2;;0.06896551724137931;4.758557638658134;60.88743673277945;2296.078131081806;0.027312607098050924;0.7818511572364663;0.19263928788678564
-189597344#1;;0.09457755359394704;9.522575332481473;66.84224669869894;7309.197601652925;0.12897977913393666;2.5229344287525306;0.7099519091307909
189597344#0;;0.033879929529746576;10.327053165779187;65.87076186976175;4358.377337546223;0.07677876094404006;1.224838771738329;0.18165823205612447
189597344#2;;0.06896551724137931;4.231267830298861;63.36794110147311;3247.4482870694883;0.08055457597968355;1.0694432235352858;0.26124222228880056
-189597344#1;;0.09457755359394704;9.512373816378842;65.89448368471915;5891.803458095408;0.07126946565218781;2.1283897205670366;0.6923555567711451
189597344#1;;0.0625156289072268;9.298549528681555;62.74404957684115;0.0;0.0;0.0;0.0
189597344#1;;0.0625156289072268;9.298549528681555;62.74404957684115;0.0;0.0;0.0;0.0
-189597344#1;;0.09457755359394704;9.512373816378842;65.89448368471915;5891.803458095408;0.07126946565218781;2.1283897205670366;0.6923555567711451
-189597344#2;;0.06896551724137931;4.767642814552955;58.539743177829465;0.0;0.0;0.0;0.0
-189597344#1;;0.09457755359394704;9.512373816378842;65.89448368471915;5891.803458095408;0.07126946565218781;2.1283897205670366;0.6923555567711451
189597344#0;;0.033879929529746576;10.208391013326436;65.81597550373031;4361.371659006144;0.07985262197770086;1.2358868639094112;0.18711837915519847
-28662749;;0.05025125628140704;4.477947794779478;55.9402874701336;1521.0;0.0;0.6117;0.0
189597344#2;;0.06896551724137931;4.2545862414098305;58.26211206181834;0.0;0.0;0.0;0.0
-189597344#1;;0.09457755359394704;9.566177069182805;63.4305008481218;0.0;0.0;0.0;0.0
189597344#1;;0.0625156289072268;9.23684068681074;65.85594983337627;5860.719248926641;0.1291619847026168;1.951830547015763;0.5047654492655252
189597344#1;;0.0625156289072268;9.23684068681074;65.85594983337627;5860.719248926641;0.1291619847026168;1.951830547015763;0.5047654492655252
-189597344#1;;0.09457755359394704;9.566177069182805;63.4305008481218;0.0;0.0;0.0;0.0
-189597344#2;;0.06896551724137931;4.764174380495604;59.96608684894237;1863.5831357948632;0.013279611286804997;0.6770263706613633;0.18791939076021624
-189597344#1;;0.09457755359394704;9.566177069182805;63.4305008481218;0.0;0.0;0.0;0.0
189597344#0;;0.033879929529746576;10.048747463710281;68.65141737983002;5500.369629175043;0.11701726533280603;1.5121990202261275;0.20459040428567657
-28662749;;0.05025125628140704;4.4277809690935;67.11113535020277;3359.387233085096;0.00019213113105562483;0.6396362184907194;0.006583524585943478
189597344#2;;0.06896551724137931;4.246535781316853;61.94406711531664;2420.9895765443994;0.04392736477975964;0.8382123655415143;0.2484937990817958
-189597344#1;;0.09457755359394704;9.556558604288675;65.79131926158409;4615.365597357818;0.07156361990241907;1.6024646175115547;0.46176483625249637
189597344#1;;0.0625156289072268;9.246652963953435;63.88842031892746;2530.248321171157;0.05041655733112376;0.8718095484412589;0.2566989846295072
189597344#1;;0.0625156289072268;9.246652963953435;63.88842031892746;2530.248321171157;0.05041655733112376;0.8718095484412589;0.2566989846295072
-189597344#1;;0.09457755359394704;9.556558604288675;65.79131926158409;4615.365597357818;0.07156361990241907;1.6024646175115547;0.46176483625249637
-189597344#2;;0.06896551724137931;4.784668322717989;57.32245092086152;0.0;0.0;0.0;0.0
-189597344#1;;0.09457755359394704;9.556558604288675;65.79131926158409;4615.365597357818;0.07156361990241907;1.6024646175115547;0.46176483625249637
189597344#0;;0.033879929529746576;9.896431429322591;68.59620571813736;5536.784699208024;0.12380373112063227;1.5399204012873515;0.21282548368329343
-28662749;;0.05025125628140704;4.377584925399842;67.46833851073004;3496.279659561724;0.0008066064181791626;0.6704867509095905;0.013463804001298927
189597344#2;;0.06896551724137931;4.253596262737242;59.97210146465844;0.0;0.0;0.0;0.0
-189597344#1;;0.09457755359394704;9.52108821120657;67.15450834265175;7737.362239963086;0.14637881909867398;2.6382503330888496;0.7153390575470169
189597344#1;;0.0625156289072268;9.26203958184891;63.5921113218263;2294.932733084904;0.0360461857191687;0.7990886382398203;0.23548086355585235
189597344#1;;0.0625156289072268;9.26203958184891;63.5921113218263;2294.932733084904;0.0360461857191687;0.7990886382398203;0.23548086355585235
-189597344#1;;0.09457755359394704;9.52108821120657;67.15450834265175;7737.362239963086;0.14637881909867398;2.6382503330888496;0.7153390575470169
-189597344#2;;0.06896551724137931;4.7878739590540516;59.14897752914672;1486.8514050992871;0.0010811601964203195;0.586218460984822;0.18217621237178105
-189597344#1;;0.09457755359394704;9.52108821120657;67.15450834265175;7737.362239963086;0.14637881909867398;2.6382503330888496;0.7153390575470169
189597344#0;;0.033879929529746576;9.750627021685057;68.56598287934469;5580.300086858312;0.13085742293553274;1.568983059447123;0.22106845224155797
-28662749;;0.05025125628140704;4.3322700637173055;66.68139536087996;3425.2003752977594;0.001604263402641437;0.6924180317462714;0.01989579244074914
28662749;;0.002373916873549868;3.2163845671896696;60.87633381243839;1756.3944351342634;0.01498530113520681;0.6535969169282074;0.2390142251735585
-189597344#1;;0.09457755359394704;9.557599626811264;64.19851112731374;1560.5893392376042;0.006215583199077175;0.5997004002300421;0.23202950392913294
189597344#1;;0.0625156289072268;9.224465345130792;65.30742697601465;4994.233886193513;0.09654045116598592;1.7258879000100253;0.49559324801239557
189597344#1;;0.0625156289072268;9.224465345130792;65.30742697601465;4994.233886193513;0.09654045116598592;1.7258879000100253;0.49559324801239557
-189597344#1;;0.09457755359394704;9.557599626811264;64.19851112731374;1560.5893392376042;0.006215583199077175;0.5997004002300421;0.23202950392913294
-189597344#2;;0.06896551724137931;4.7902705264406045;59.23510253726115;1531.8570679820837;0.0025013954991803273;0.597052347753852;0.18239587808241164
-189597344#1;;0.09457755359394704;9.557599626811264;64.19851112731374;1560.5893392376042;0.006215583199077175;0.5997004002300421;0.23202950392913294
189597344#0;;0.033879929529746576;9.625723339815575;67.51687692078606;5189.190492752705;0.12305359114106224;1.4896780927708608;0.22411609436724883
-28662749;;0.05025125628140704;4.288716927177159;66.57189954108676;3468.3218942935723;0.0027148595765148086;0.7170828202824983;0.02631794557628069
28662749;;0.011321998492784986;3.196957528595589;68.07269087684409;5780.485142231832;0.19416327219029741;1.782845688846123;0.2982189385329893
-189597344#1;;0.09457755359394704;9.53039487088655;66.91218171786875;5765.716304611108;0.11324617777065217;1.8963235175824407;0.4749810509742064
189597344#1;;0.0625156289072268;9.258915116444143;63.0237344755374;1894.7867607186042;0.01961032847352398;0.6907316777657463;0.2306815109075577
189597344#1;;0.0625156289072268;9.258915116444143;63.0237344755374;1894.7867607186042;0.01961032847352398;0.6907316777657463;0.2306815109075577
-189597344#1;;0.09457755359394704;9.53039487088655;66.91218171786875;5765.716304611108;0.11324617777065217;1.8963235175824407;0.4749810509742064
-189597344#2;;0.06896551724137931;4.791067137111808;59.414722508111026;1620.6156874915603;0.005310953831143545;0.618362687747466;0.18317290867852387
-189597344#1;;0.09457755359394704;9.53039487088655;66.91218171786875;5765.716304611108;0.11324617777065217;1.8963235175824407;0.4749810509742064
189597344#0;;0.033879929529746576;9.466379851560802;70.28429079467888;6423.544691644851;0.17165552828501535;1.8164348106285613;0.2458589438397169
-28662749;;0.05025125628140704;4.24137955093355;67.80164390636871;3779.2814122492473;0.004821201988267171;0.7618900759933315;0.03372611036946973
28662749;;0.020465184525086895;3.177140416370978;68.4233799926242;5994.292196579496;0.20917658979473522;1.8572848361511878;0.30816206878226954
-189597344#1;;0.09457755359394704;9.534074474854968;65.23027367359785;4908.766982133567;0.02735264428535294;1.864455424866214;0.678228238864643
189597344#1;;0.0625156289072268;9.206577782562102;65.83803022717557;5586.001536595455;0.12241016115393358;1.890447956035997;0.5043228166232229
189597344#1;;0.0625156289072268;9.206577782562102;65.83803022717557;5586.001536595455;0.12241016115393358;1.890447956035997;0.5043228166232229
-189597344#1;;0.09457755359394704;9.534074474854968;65.23027367359785;4908.766982133567;0.02735264428535294;1.864455424866214;0.678228238864643
-189597344#2;;0.06896551724137931;4.779349958947554;60.91177143488543;2319.6523844767094;0.027680470979559484;0.7866507461549588;0.1909287933473882
-189597344#1;;0.09457755359394704;9.534074474854968;65.23027367359785;4908.766982133567;0.02735264428535294;1.864455424866214;0.678228238864643
189597344#0;;0.033879929529746576;9.427592595061729;62.24202784288377;2868.7200486867305;0.049732112187482816;0.930872137425916;0.21090813619638826
-28662749;;0.05025125628140704;4.202575196692994;66.02391148040806;3483.375730246586;0.005585100681667334;0.7612285694540275;0.039635139047663984
28662749;;0.02985231891143764;3.152705117618324;70.58410537147515;7182.636435853498;0.27190146438365054;2.217346283773882;0.3338424880623352
:9842732475_7;;0.03340186614235188;1.1685347104700627;59.857812425589614;1515.1587744321482;0.003126614411059398;0.5898299115421931;0.2093465685418984
189597344#1;;0.0625156289072268;9.285403409205331;61.691609823864724;0.0;0.0;0.0;0.0
189597344#1;;0.0625156289072268;9.285403409205331;61.691609823864724;0.0;0.0;0.0;0.0
-189597344#1;;0.09061397780076254;9.348087410464801;63.192676801415615;1565.1548234613479;0.006485686469583979;0.600856828322331;0.23321927033544046
-189597344#2;;0.06896551724137931;4.765286946255826;61.233329070903395;2459.819671161352;0.03245749179359468;0.8211516459492445;0.19359745514513174
-189597344#1;;0.09061397780076254;9.348087410464801;63.192676801415615;1565.1548234613479;0.006485686469583979;0.600856828322331;0.23321927033544046
189597344#0;;0.033879929529746576;9.404152860762833;61.30602603638019;2408.1612476866635;0.033936875965833585;0.8159137115969971;0.20722723542018506
-28662749;;0.05025125628140704;4.166791130126367;65.51927678248083;3426.9934793586403;0.0068262798200825064;0.7735993076118223;0.04534986473412699
28662749;;0.03941908955086515;3.1349506339849134;67.99567121566119;5825.726982523065;0.2130584913940632;1.8387336208665115;0.3211286874088771
:9842732475_7;;0.07427113998048986;1.1746643986187044;57.54941785956045;0.0;0.0;0.0;0.0
189597344#1;;0.0625156289072268;9.262004807423429;64.52453282973443;4373.393427156034;0.06608007461274139;1.5436338533905145;0.48445907334540805
189597344#1;;0.0625156289072268;9.262004807423429;64.52453282973443;4373.393427156034;0.06608007461274139;1.5436338533905145;0.48445907334540805
-189597344#1;;0.08576429473875903;9.368934834157047;62.85971878508967;1365.5352939978745;0.0;0.5460305055667664;0.2301692934851886
-189597344#2;;0.06896551724137931;4.772705560221653;58.711689781535014;0.0;0.0;0.0;0.0
-189597344#1;;0.08576429473875903;9.368934834157047;62.85971878508967;1365.5352939978745;0.0;0.5460305055667664;0.2301692934851886
189597344#0;;0.033879929529746576;9.471962475630905;56.40095441515584;0.0;0.0;0.0;0.0
-28662749;;0.05025125628140704;4.123865431751478;67.60532458980721;3938.736038544218;0.011022982550911697;0.8425072266929077;0.05315629284806544
28662749;;0.04916803802229179;3.1171480246345054;68.19011052838556;5957.138664781898;0.2244740139510802;1.889650954420421;0.32965180169093977
:9842732475_7;;0.1152204974915421;1.1735604134445736;60.654097089168886;1985.433564810567;0.020518328838450776;0.7116065860805754;0.21267631971595155
189597344#1;;0.0625156289072268;9.243097492347987;64.58515332081375;4173.905307218077;0.05808490143002258;1.4828662877724494;0.4823149494853396
189597344#1;;0.0625156289072268;9.243097492347987;64.58515332081375;4173.905307218077;0.05808490143002258;1.4828662877724494;0.4823149494853396
-189597344#1;;0.08090510868353828;9.313205435486884;66.56115526470975;6636.456082604591;0.1622340592456066;2.1665310377377933;0.5118350434611119
-189597344#2;;0.06896551724137931;4.776879891394512;59.06296632149009;1432.1641255852246;0.0;0.5729041326937898;0.18261621658223448
-189597344#1;;0.08090510868353828;9.313205435486884;66.56115526470975;6636.456082604591;0.1622340592456066;2.1665310377377933;0.5118350434611119
189597344#0;;0.033879929529746576;9.461030324530853;60.46934520368869;2011.563326802809;0.019621100058523456;0.7154751027955325;0.2003144957976244
-28662749;;0.05025125628140704;4.0890057274019345;65.8028974668292;3592.4631295838612;0.011245929105834081;0.8259022424578899;0.05864876107878205
28662749;;0.05025125628140704;3.09873936235501;68.62788915734708;6231.07541048895;0.24356162366920148;1.984088432467305;0.34072721522786553
:9842732475_7;;0.1561442230919976;1.1739135336272861;59.9617087449443;1603.2641221993276;0.006300787818990942;0.6128377142715828;0.20826108709109592
189597344#1;;0.0625156289072268;9.255177577144288;63.58936022293591;2086.845124363216;0.030348081401441948;0.7466226647911668;0.24945112116407656
189597344#1;;0.0625156289072268;9.255177577144288;63.58936022293591;2086.845124363216;0.030348081401441948;0.7466226647911668;0.24945112116407656
-189597344#1;;0.07604896419551455;9.321625126879445;63.40861541687448;2981.3149409898824;0.008476206575974381;1.1608784399769148;0.4643410495881028
-189597344#2;;0.06896551724137931;4.771304467587104;60.1974294611021;1980.1177453128812;0.016944427803083244;0.7050586961105132;0.18839821716889343
-189597344#1;;0.07604896419551455;9.321625126879445;63.40861541687448;2981.3149409898824;0.008476206575974381;1.1608784399769148;0.4643410495881028
189597344#0;;0.033879929529746576;9.452654621898573;60.3268269653939;1935.4593314611413;0.017045536788400796;0.6965419893584687;0.19991981112061666
-28662749;;0.05025125628140704;4.062978231441427;63.67908806043009;3137.6123764471577;0.00989923705295037;0.7877228883834768;0.062361302011407105
28662749;;0.05025125628140704;3.074801320265388;71.2688025916872;7782.898284313037;0.33116676776870163;2.4693631739282607;0.37414428807703176
:9842732475_7;;0.19764868980010894;1.1659646877627232;64.29664037033548;3819.8114163696882;0.09031677621573583;1.1900555333510572;0.23658763494840102
189597344#1;;0.0625156289072268;9.202187043343816;65.54303140346728;5560.970917928771;0.11785226127124823;1.8731365388997347;0.5031767585427993
189597344#1;;0.0625156289072268;9.202187043343816;65.54303140346728;5560.970917928771;0.11785226127124823;1.8731365388997347;0.5031767585427993
-189597344#1;;0.07112390704894045;9.343016761143737;62.85023096420207;1277.2435958832962;0.0;0.521576740648792;0.22971989895709652
-189597344#2;;0.06896551724137931;4.789853729784606;57.50696532155164;0.0;0.0;0.0;0.0
-189597344#1;;0.07112390704894045;9.343016761143737;62.85023096420207;1277.2435958832962;0.0;0.521576740648792;0.22971989895709652
189597344#0;;0.033879929529746576;9.448873562260625;60.0595041905393;1796.2214389616624;0.012245243435528953;0.661745719006943;0.19864635521654603
-28662749;;0.05025125628140704;4.028952665105963;65.9976411842093;3721.157811997863;0.01556716935719361;0.8693190620625635;0.06954096412230036
28662749;;0.05025125628140704;3.062353090138898;66.50139359583535;4992.151822308969;0.1899116432797296;1.635680679748178;0.3353093117081808
:9842732475_7;;0.23889089596029855;1.1695409866547863;58.58654801318964;0.0;0.0;0.0;0.0
189597344#1;;0.0625156289072268;9.23233174141117;62.950056601677716;0.0;0.0;0.0;0.0
189597344#1;;0.0625156289072268;9.23233174141117;62.950056601677716;0.0;0.0;0.0;0.0
-189597344#1;;0.06622997060546774;9.334521161121295;64.96298871501752;3465.6106700499254;0.0885568860550478;1.1266426674012227;0.26041612543168446
-189597344#2;;0.06896551724137931;4.791531133641731;59.31375708399025;1571.7436605809437;0.0037603858219066788;0.606636036853204;0.18266568989545356
-189597344#1;;0.06622997060546774;9.334521161121295;64.96298871501752;3465.6106700499254;0.0885568860550478;1.1266426674012227;0.26041612543168446
189597344#0;;0.033879929529746576;9.44005077040675;60.36864840855634;1951.0334950684094;0.017664473816257943;0.7005513298477578;0.2006808739317135
-28662749;;0.05025125628140704;4.005503535927395;63.32817464332737;3105.1344620403597;0.012320377897566195;0.8041680003090321;0.072394802489907
28662749;;0.05025125628140704;3.042471508560817;69.8570309227732;7049.097756268034;0.30505977845980425;2.2768473384078955;0.3759772621208012
:9842732475_7;;0.26567481402763016;1.166945457412057;61.458660366018236;2392.716931278702;0.03626592697267813;0.8181237948787652;0.21993395611249306
189597344#1;;0.0625156289072268;9.28629141114261;62.399327250787486;0.0;0.0;0.0;0.0
189597344#1;;0.0625156289072268;9.28629141114261;62.399327250787486;0.0;0.0;0.0;0.0
-189597344#1;;0.06305170239596469;9.344617479690532;64.29517963333497;3137.7474061901958;0.07269341949082114;1.0319577410934444;0.2513892643007534
-189597344#2;;0.06896551724137931;4.785262305063322;60.24674919060243;2013.966410425139;0.017849261420776537;0.7129048810452409;0.18745315634368523
-189597344#1;;0.06305170239596469;9.344617479690532;64.29517963333497;3137.7474061901958;0.07269341949082114;1.0319577410934444;0.2513892643007534
189597344#0;;0.033879929529746576;9.406875968650764;61.91459971306422;2706.7989706798844;0.044379015430815044;0.8909699237646195;0.21024673544206215
-28662749;;0.05025125628140704;3.983649335425198;63.021929305551616;3047.162549211302;0.012898532112096881;0.8041164024190394;0.076185062848512
28662749;;0.05025125628140704;3.025859320979283;68.60613831497477;6318.445787498503;0.2712389846766285;2.065434890728681;0.37086352946967627
:9842732475_7;;0.26567481402763016;1.166411156578452;60.45198173554067;1842.8915522547093;0.015546173655125286;0.6750654414302323;0.21389836142431232
189597344#1;;0.0625156289072268;9.241249159408836;65.40311370214512;5264.933902890903;0.10718398677970126;1.7979813325324978;0.4979238992709398
189597344#1;;0.0625156289072268;9.241249159408836;65.40311370214512;5264.933902890903;0.10718398677970126;1.7979813325324978;0.4979238992709398
-189597344#1;;0.06305170239596469;9.340440946728185;64.45684209044599;3026.5826818556097;0.06927541764948991;1.004329333796727;0.25366738879312534
-189597344#2;;0.06896551724137931;4.780955030352192;60.02615404228369;1906.1973527535106;0.014469069488273888;0.6870654925953193;0.18681008860183068
-189597344#1;;0.06305170239596469;9.340440946728185;64.45684209044599;3026.5826818556097;0.06927541764948991;1.004329333796727;0.25366738879312534
189597344#0;;0.033879929529746576;9.443894942899501;57.83634685215779;0.0;0.0;0.0;0.0
-28662749;;0.05025125628140704;3.9528932842263003;65.6438605470517;3739.0592860282445;0.02089645886595155;0.9081324251048455;0.08375810128829946
28662749;;0.05025125628140704;3.0056632739846916;70.4104231920287;7466.472135468208;0.3421168035881001;2.4394448854271977;0.3984598759856654
:9842732475_7;;0.26567481402763016;1.166853811641958;59.98719770894653;1580.8761715449082;0.00563805868425229;0.6068563553000667;0.21074497908201043
189597344#1;;0.0625156289072268;9.24109825452331;64.73672950023573;3358.1618976013665;0.08030400784702531;1.0883361776649512;0.2499767123350323
189597344#1;;0.0625156289072268;9.24109825452331;64.73672950023573;3358.1618976013665;0.08030400784702531;1.0883361776649512;0.2499767123350323
-189597344#1;;0.06305170239596469;9.294695974415214;66.05716293641167;6086.156279795017;0.13915863552871688;2.0157043526449554;0.5063028641346073
-189597344#2;;0.06896551724137931;4.765810655249351;61.36453534387098;2520.169162749473;0.034387787081940936;0.8357110634133476;0.19413284897778182
-189597344#1;;0.06305170239596469;9.294695974415214;66.05716293641167;6086.156279795017;0.13915863552871688;2.0157043526449554;0.5063028641346073
189597344#0;;0.033879929529746576;9.43605694182936;60.31473175754246;1921.5707463897957;0.016665409760399548;0.6932054412212681;0.20056242573371463
-28662749;;0.05025125628140704;3.92007071816127;66.45018011581256;3994.5102491284906;0.026006083414584345;0.9600621375763765;0.0909076170325461
28662749;;0.05025125628140704;2.9861139504827725;70.34180108502922;7469.385364252387;0.35018257776573375;2.458657168857892;0.4070292643174749
:9842732475_7;;0.26567481402763016;1.1735819133579386;57.34454161406256;0.0;0.0;0.0;0.0
189597344#1;;0.0625156289072268;9.255595372323087;63.37916080017063;2899.0639014742173;0.0033333600585378244;1.1379299077427039;0.46589083074173393
189597344#1;;0.0625156289072268;9.255595372323087;63.37916080017063;2899.0639014742173;0.0033333600585378244;1.1379299077427039;0.46589083074173393
-189597344#1;;0.06305170239596469;9.306548865331138;63.371413442569356;1911.1727459885876;0.02163261946478935;0.6964669151467671;0.24068750045764364
-189597344#2;;0.06896551724137931;4.774641433263657;58.553612322791224;0.0;0.0;0.0;0.0
-189597344#1;;0.06305170239596469;9.306548865331138;63.371413442569356;1911.1727459885876;0.02163261946478935;0.6964669151467671;0.24068750045764364
189597344#0;;0.033879929529746576;9.452705091988399;58.89439512765442;0.0;0.0;0.0;0.0
-28662749;;0.05025125628140704;3.890420247839811;65.77257258050975;3857.4183040134894;0.026988642307623312;0.9548156587080147;0.09636243837922627
28662749;;0.05025125628140704;2.96809154197855;69.8519082148711;7194.614634328715;0.3415033511098077;2.3878787703138658;0.4101561120107334
:9842732475_7;;0.26567481402763016;1.169537473051203;62.16780931500736;2768.617261281023;0.05012869486565412;0.9151939195969132;0.22311984562112835
189597344#1;;0.0625156289072268;9.245220065795417;64.17255614178266;3888.175282396757;0.046635482194922986;1.4135067738497376;0.4794735917282186
189597344#1;;0.0625156289072268;9.245220065795417;64.17255614178266;3888.175282396757;0.046635482194922986;1.4135067738497376;0.4794735917282186
-189597344#1;;0.06305170239596469;9.343333464677952;62.25007984082587;0.0;0.0;0.0;0.0
-189597344#2;;0.06896551724137931;4.785614555365094;58.301399271849434;0.0;0.0;0.0;0.0
-189597344#1;;0.06305170239596469;9.343333464677952;62.25007984082587;0.0;0.0;0.0;0.0
189597344#0;;0.033879929529746576;9.441448495472574;60.51272064525073;2025.017305313947;0.02022415017587502;0.7190632881456854;0.20138794995661036
-28662749;;0.05025125628140704;3.8627335965976126;65.4067487356951;3794.1577485315674;0.02854171538848583;0.9582103773546721;0.10172688771064847
28662749;;0.05025125628140704;2.9461350447355317;71.93697488149017;8592.186319315348;0.43370099066057577;2.857705488877668;0.4450226890968386
:9842732475_7;;0.26567481402763016;1.1687195847024021;60.56493024692457;1916.121739373709;0.01819174993774486;0.6939905234212305;0.21381315932323222
189597344#1;;0.0625156289072268;9.234010735290482;64.21147466816423;3924.7817755592937;0.0484032770161903;1.4240163444238543;0.4805926705879908
189597344#1;;0.0625156289072268;9.234010735290482;64.21147466816423;3924.7817755592937;0.0484032770161903;1.4240163444238543;0.4805926705879908
-189597344#1;;0.06305170239596469;9.321947054476468;65.01165191102531;4673.220352569832;0.07802909268631474;1.6245275075011871;0.4858089999159166
-189597344#2;;0.06896551724137931;4.763044826840418;62.29573675986737;2939.2198657684835;0.047955995003460795;0.9372382853731318;0.19846187135761792
-189597344#1;;0.06305170239596469;9.321947054476468;65.01165191102531;4673.220352569832;0.07802909268631474;1.6245275075011871;0.4858089999159166
189597344#0;;0.033879929529746576;9.45894549651787;58.8414608925365;0.0;0.0;0.0;0.0
-28662749;;0.05025125628140704;3.8312004166024094;66.75014805318659;4215.648348131383;0.036980475760441764;1.040970595007773;0.10994123489610609
28662749;;0.05025125628140704;2.931892421016758;68.53537456063088;6357.564235198982;0.30504064986912127;2.1480613753036564;0.41094378403057874
-189597344#0;;0.0036008539146648844;9.142498553224408;61.589265104188016;2458.47111716159;0.038850185921698255;0.8354533063380785;0.2211169139224312
189597344#1;;0.0625156289072268;9.233588953896625;63.97372781295274;2323.0432045519374;0.041156675599666556;0.8134654190304667;0.2539699968655019
189597344#1;;0.0625156289072268;9.233588953896625;63.97372781295274;2323.0432045519374;0.041156675599666556;0.8134654190304667;0.2539699968655019
-189597344#1;;0.06305170239596469;9.335181365620238;63.261720833390996;1820.4494930530366;0.017156049780431438;0.6709866791327371;0.23486351464967406
-189597344#2;;0.06896551724137931;4.762417240828714;59.63969368750911;1703.2788358801438;0.008129303025417409;0.6382646158308846;0.18652260142700772
-189597344#1;;0.06305170239596469;9.335181365620238;63.261720833390996;1820.4494930530366;0.017156049780431438;0.6709866791327371;0.23486351464967406
189597344#0;;0.033879929529746576;9.43598723703635;61.233617457628434;2383.014712116238;0.032711566579421036;0.8088314698806868;0.20539814765631104
-28662749;;0.05025125628140704;3.8000655388108355;66.87369986309123;4301.697272201997;0.041512658023409116;1.0722170871485133;0.11701015472076787
28662749;;0.05025125628140704;2.914059013771285;70.38025639070929;7649.587622041445;0.391144871525228;2.584405644638405;0.4427934207458501
-189597344#0;;0.008884410725390875;9.150844568598286;59.70052100162632;1414.2239030788508;0.0;0.5634916450834374;0.20881279904494646
189597344#1;;0.0625156289072268;9.188124009913071;65.33659831608423;5261.508647810593;0.10437206140714125;1.7883129717605826;0.49986008015146544
189597344#1;;0.0625156289072268;9.188124009913071;65.33659831608423;5261.508647810593;0.10437206140714125;1.7883129717605826;0.49986008015146544
-189597344#1;;0.06305170239596469;9.328127326035652;64.31880678591048;2719.097626492187;0.05612137831427802;0.9194807326761768;0.24981363633777012
-189597344#2;;0.06896551724137931;4.770222700901695;58.67421743016298;0.0;0.0;0.0;0.0
-189597344#1;;0.06305170239596469;9.328127326035652;64.31880678591048;2719.097626492187;0.05612137831427802;0.9194807326761768;0.24981363633777012
189597344#0;;0.033879929529746576;9.466885588674042;58.12316446037248;0.0;0.0;0.0;0.0
-28662749;;0.05025125628140704;3.778864888938581;64.06865694945542;3499.855630898867;0.031317325926496685;0.945187332986259;0.11788352927759452
28662749;;0.05025125628140704;2.9028710794191825;67.47988198449175;5592.9234038782;0.26728859649583964;1.9176908019428716;0.4092465002114649
-189597344#0;;0.014103064044155728;9.20551814461468;57.25609472145834;0.0;0.0;0.0;0.0
189597344#1;;0.0625156289072268;9.237253979366415;63.089043187818696;2179.0106471323174;0.03497290602771084;0.7732657936913909;0.25339701548224913
189597344#1;;0.0625156289072268;9.237253979366415;63.089043187818696;2179.0106471323174;0.03497290602771084;0.7732657936913909;0.25339701548224913
-189597344#1;;0.06305170239596469;9.372604425177633;61.92621549858;0.0;0.0;0.0;0.0
-189597344#2;;0.06896551724137931;4.793900757839593;56.99534859339087;0.0;0.0;0.0;0.0
-189597344#1;;0.06305170239596469;9.372604425177633;61.92621549858;0.0;0.0;0.0;0.0
189597344#0;;0.033879929529746576;9.461584530278836;60.1340875310546;1840.9956931353056;0.013729981428350132;0.6728759030764005;0.19851511484886633
-28662749;;0.05025125628140704;3.7481669093597643;67.15290749005158;4471.950426290717;0.050243210071100254;1.130990182542791;0.12938191182361056
28662749;;0.05025125628140704;2.8826398507556674;71.9110905669642;8776.582677719172;0.47689262917877595;2.988879403853673;0.47924329604335614
-189597344#0;;0.019387700890681245;9.149940258067435;63.81463427817371;3586.0289519542807;0.08130936285526218;1.1287135680706741;0.23354075352309703
189597344#1;;0.0625156289072268;9.228284453542758;65.59693960557757;3987.723347310871;0.10651151167094139;1.2597331800645006;0.258134860853853
189597344#1;;0.0625156289072268;9.228284453542758;65.59693960557757;3987.723347310871;0.10651151167094139;1.2597331800645006;0.258134860853853
-189597344#1;;0.06305170239596469;9.369876267920072;63.861270630168704;3607.6697249942363;0.03266238774264753;1.3323254215042835;0.4685123137279267
-189597344#2;;0.06896551724137931;4.781576540801766;60.97952903935287;2352.06792444906;0.02867161152340772;0.7943540757496967;0.1910332496900042
-189597344#1;;0.06305170239596469;9.369876267920072;63.861270630168704;3607.6697249942363;0.03266238774264753;1.3323254215042835;0.4685123137279267
189597344#0;;0.033879929529746576;9.436086508539564;61.39111829958715;2460.3426773178753;0.03539934095849523;0.8282051704719698;0.2062030737959386
-28662749;;0.05025125628140704;3.725783660796491;64.78026155623328;3768.4164771118017;0.04049821923752923;1.0145438567876608;0.13074209457206873
28662749;;0.05025125628140704;2.871387646917404;67.82235101300456;5831.489550259156;0.2922606249072926;2.0166559984251364;0.4275072256714109
-189597344#0;;0.024651616711164528;9.167321146052615;59.16793439081467;0.0;0.0;0.0;0.0
189597344#1;;0.0625156289072268;9.210733806548703;64.6189446420384;4204.434469234311;0.06524264698908519;1.506264282869732;0.4859717179189023
189597344#1;;0.0625156289072268;9.210733806548703;64.6189446420384;4204.434469234311;0.06524264698908519;1.506264282869732;0.4859717179189023
-189597344#1;;0.06305170239596469;9.294837798828258;67.49428786907248;7760.840655260354;0.21121227120247038;2.47887648264412;0.5279921110968242
-189597344#2;;0.06896551724137931;4.7562369658882515;62.66656717028649;3102.398664523964;0.05344821587422003;0.9773696895955756;0.20071473536164403
-189597344#1;;0.06305170239596469;9.294837798828258;67.49428786907248;7760.840655260354;0.21121227120247038;2.47887648264412;0.5279921110968242
189597344#0;;0.033879929529746576;9.4380450294937;59.73738586239077;1621.7530031587826;0.0062340264909909425;0.618083652825335;0.1973300264480746
-28662749;;0.05025125628140704;3.700098500631197;65.98503258867125;4180.967547754513;0.0507948685321422;1.1033018866918205;0.13884297043093052
28662749;;0.05025125628140704;2.8599080578425613;68.04041809917803;5993.772313178716;0.3065815744089849;2.0786144580557284;0.4358019835759963
-189597344#0;;0.029892944395621904;9.186343555412186;59.055368008124994;0.0;0.0;0.0;0.0
189597344#1;;0.0625156289072268;9.243165278051967;62.876910392939884;0.0;0.0;0.0;0.0
189597344#1;;0.0625156289072268;9.243165278051967;62.876910392939884;0.0;0.0;0.0;0.0
-189597344#1;;0.06305170239596469;9.341418180693013;62.0269782409768;0.0;0.0;0.0;0.0
-189597344#2;;0.06896551724137931;4.788840847275812;56.187077246012784;0.0;0.0;0.0;0.0
-189597344#1;;0.06305170239596469;9.341418180693013;62.0269782409768;0.0;0.0;0.0;0.0
189597344#0;;0.033879929529746576;9.424217241774347;60.68926997786318;2107.1073631993554;0.023211114205265105;0.73986614051881;0.20307555227728288
-28662749;;0.05025125628140704;3.6666254281009016;68.70748016520237;5121.395553461645;0.0738660948153683;1.3037126676717934;0.1524241596836422
28662749;;0.05025125628140704;2.8401635582925633;72.21666265155561;9124.062794765177;0.5221514447875709;3.154237080873669;0.5076566895929845
-189597344#0;;0.033879929529746576;9.142781795875853;63.00430481931035;3184.6668380479587;0.0663074950932701;1.0246216542333324;0.22937224510819876
189597344#1;;0.0625156289072268;9.261199597915875;63.478806151808044;2103.0121846692186;0.031246102027300084;0.7513991230883197;0.250668760496601
189597344#1;;0.0625156289072268;9.261199597915875;63.478806151808044;2103.0121846692186;0.031246102027300084;0.7513991230883197;0.250668760496601
-189597344#1;;0.06305170239596469;9.30549451552725;65.97701439249627;5538.20127460283;0.11693038545471962;1.8684277952092687;0.49878199289101965
-189597344#2;;0.06896551724137931;4.79144100862464;59.20971878413443;1520.5570670796953;0.0021392472097058676;0.594351469343159;0.18218527602199927
-189597344#1;;0.06305170239596469;9.30549451552725;65.97701439249627;5538.20127460283;0.11693038545471962;1.8684277952092687;0.49878199289101965
189597344#0;;0.033879929529746576;9.425704555809093;59.778687558281206;1636.6758723217001;0.006792253059658859;0.6218045615816917;0.1980626308505138
-28662749;;0.05025125628140704;3.6390281058630034;67.06924625668319;4629.699954785166;0.06777401232284246;1.2236884415299525;0.15616027306455077
28662749;;0.05025125628140704;2.8221467844296364;71.5817463329703;8713.232855441433;0.5041454309115413;3.0345864802591818;0.5086545142294936
-189597344#0;;0.033879929529746576;9.179596412652353;58.12729735079536;0.0;0.0;0.0;0.0
189597344#1;;0.0625156289072268;9.258586920851444;63.92899338947512;3546.0483891112253;0.030692470606152954;1.3119009948087796;0.47362629105376175
189597344#1;;0.0625156289072268;9.258586920851444;63.92899338947512;3546.0483891112253;0.030692470606152954;1.3119009948087796;0.47362629105376175
-189597344#1;;0.06305170239596469;9.32952217022224;62.803703465467535;1433.9145867278594;0.0010044422762981193;0.5643139400654982;0.23405872474282355
-189597344#2;;0.06896551724137931;4.783752451603076;60.41834343547178;2093.418465206983;0.020397409832599314;0.7320482442965831;0.18835191254903785
-189597344#1;;0.06305170239596469;9.32952217022224;62.803703465467535;1433.9145867278594;0.0010044422762981193;0.5643139400654982;0.23405872474282355
189597344#0;;0.033879929529746576;9.422897519894141;60.032604044963875;1768.902023025722;0.011416632718911501;0.6549911219990076;0.1995839511774206
-28662749;;0.05025125628140704;3.6114155555459595;67.30288807948662;4756.358292932475;0.07465990868730184;1.2656289221275676;0.16390288486969012
28662749;;0.05025125628140704;2.8035298312062134;72.12369447283845;9168.352513244006;0.5454597070020928;3.212083365599546;0.5278282617193093
-189597344#0;;0.033879929529746576;9.197838652763291;59.085375786924324;0.0;0.0;0.0;0.0
189597344#1;;0.0625156289072268;9.181274360326535;66.39640166070753;6539.373554575202;0.16077856059846263;2.145788883164343;0.5172107231711303
189597344#1;;0.0625156289072268;9.181274360326535;66.39640166070753;6539.373554575202;0.16077856059846263;2.145788883164343;0.5172107231711303
-189597344#1;;0.06305170239596469;9.370015100082771;62.27622350106554;1395.8170775839997;0.0;0.5549938500981162;0.22727938291179034
-189597344#2;;0.06896551724137931;4.789728833756516;58.836514309824636;1332.8482229780443;0.0;0.5492653577867125;0.1805428473474583
-189597344#1;;0.06305170239596469;9.370015100082771;62.27622350106554;1395.8170775839997;0.0;0.5549938500981162;0.22727938291179034
189597344#0;;0.033879929529746576;9.46328266263384;57.65037526949559;0.0;0.0;0.0;0.0
-28662749;;0.05025125628140704;3.5783587434291153;69.3898757264139;5554.7219890013985;0.09917937953318644;1.4546631019524128;0.17820201416043327
28662749;;0.05025125628140704;2.785597480560193;72.00664839178333;9130.981782060413;0.5529130945932543;3.2198972668741943;0.5366518182656536
-189597344#0;;0.033879929529746576;9.149094486629878;63.346437296816134;3355.889363868562;0.07264294591194054;1.068865995240869;0.23097200052063388
189597344#1;;0.0625156289072268;9.272080640207575;61.465511284711965;0.0;0.0;0.0;0.0
189597344#1;;0.0625156289072268;9.272080640207575;61.465511284711965;0.0;0.0;0.0;0.0
-189597344#1;;0.06305170239596469;9.33673212788927;65.30375422201979;5346.13962095791;0.10684029820848012;1.8105466101564893;0.4933609154600187
-189597344#2;;0.06896551724137931;4.79160767751817;59.290798608840056;1560.569409334878;0.0034061032957931974;0.6039550295156746;0.1825523546430057
-189597344#1;;0.06305170239596469;9.33673212788927;65.30375422201979;5346.13962095791;0.10684029820848012;1.8105466101564893;0.4933609154600187
189597344#0;;0.033879929529746576;9.398906344879066;63.962383728735695;3669.1100836172786;0.07831436925309282;1.1335756211761803;0.2208338070641696
-28662749;;0.05025125628140704;3.555852521143993;66.06961189599598;4401.419950251812;0.07431383032455294;1.2214898862298622;0.17550314409037207
28662749;;0.05025125628140704;2.766074002274048;73.09668368080705;10030.573469901352;0.6285111245233174;3.5583102445106345;0.5666902371995837
-189597344#0;;0.033879929529746576;9.158916610273923;59.605617657805645;1364.2484895735727;0.0;0.5505752383527068;0.2078496975343508
189597344#1;;0.0625156289072268;9.241492433154173;64.77044043739438;4663.634303951107;0.07889797640561917;1.6245276145084686;0.4893904310301429
189597344#1;;0.0625156289072268;9.241492433154173;64.77044043739438;4663.634303951107;0.07889797640561917;1.6245276145084686;0.4893904310301429
-189597344#1;;0.06305170239596469;9.307808915240663;65.14249148370642;5122.212546419514;0.09815400505185068;1.750803643620487;0.49294973443204604
-189597344#2;;0.06896551724137931;4.767132509531318;62.52345178013579;3041.4149406799565;0.051114563417723274;0.9615810302699282;0.19905445026163485
-189597344#1;;0.06305170239596469;9.307808915240663;65.14249148370642;5122.212546419514;0.09815400505185068;1.750803643620487;0.49294973443204604
189597344#0;;0.033879929529746576;9.423762687152635;58.48252706838748;0.0;0.0;0.0;0.0
-28662749;;0.05025125628140704;3.5280169453454535;68.09957480397902;5196.05016302117;0.09955264716971475;1.411983652449817;0.18912233742725937
28662749;;0.05025125628140704;2.7536068285038886;69.64937517140395;7278.4858533836095;0.4364543180464927;2.602323290676493;0.5135527962125574
-189597344#0;;0.033879929529746576;9.15392934549017;60.49134846631017;1869.165200053122;0.01649335399604677;0.6818606076179612;0.21382593539834518
189597344#2;;0.00021994956313108594;4.343603618068748;61.39357355024793;2205.662340901299;0.03237882358865317;0.7749169828633894;0.23439599357167984
189597344#1;;0.057352173397555606;9.284473627301193;58.9333307683103;0.0;0.0;0.0;0.0
-189597344#1;;0.06305170239596469;9.348602504095203;62.26235006912995;1337.0160695552497;0.0;0.5385676309764985;0.22819518628280744
-189597344#2;;0.06896551724137931;4.765511195061692;59.747850388702055;1758.9950960948315;0.009900476463631753;0.6517265571366486;0.18678440400265522
-189597344#1;;0.06305170239596469;9.348602504095203;62.26235006912995;1337.0160695552497;0.0;0.5385676309764985;0.22819518628280744
189597344#0;;0.06775985905949315;14.16493298014834;60.57725163001935;1521.0;0.0;0.6117;0.0
-28662749;;0.05025125628140704;3.5082635305608108;65.51131467521968;4246.240666297366;0.0769354177380851;1.2108556662674597;0.18664615240951715
189597344#0;;0.06775985905949315;14.16493298014834;60.57725163001935;1521.0;0.0;0.6117;0.0
28662749;;0.05025125628140704;2.765386257912069;62.1235708660371;0.0;0.0;0.0;0.0
-189597344#0;;0.033879929529746576;9.175206734062764;58.94441328925731;0.0;0.0;0.0;0.0
189597344#2;;0.011780509802660481;4.338354250181378;61.28589076013448;2135.6501286588073;0.02960600608269679;0.7561167156472018;0.23412231198042907
189597344#1;;0.052112484616823676;9.258807267132275;62.617071989648245;2775.7382477018614;0.061215910573884695;0.940583290715404;0.25938520239895296
-189597344#1;;0.06305170239596469;9.343354196658108;64.91545901572427;3479.181869374786;0.08898214147399644;1.1300217481166588;0.2602130596262784
:30848481_2;;0.14151159221195594;0.035688129524627674;56.784154998960126;0.0;0.0;0.0;0.0
-189597344#1;;0.06305170239596469;9.343354196658108;64.91545901572427;3479.181869374786;0.08898214147399644;1.1300217481166588;0.2602130596262784
189597344#0;;0.06775985905949315;13.921038918007953;67.97308165355022;5457.640226400249;0.02325647964097337;1.3785135012819874;0.20935200185218353
-28662749;;0.05025125628140704;3.4855601182213745;66.70450821737575;4736.500215199564;0.09426905941293426;1.334235026511507;0.19691685733509773
189597344#0;;0.06775985905949315;13.921038918007953;67.97308165355022;5457.640226400249;0.02325647964097337;1.3785135012819874;0.20935200185218353
28662749;;0.05025125628140704;2.800410351745784;60.80664027393021;0.0;0.0;0.0;0.0
-189597344#0;;0.033879929529746576;9.205759125472213;58.41704932989488;0.0;0.0;0.0;0.0
189597344#2;;0.023287951098201618;4.348375028097307;59.379082829605295;0.0;0.0;0.0;0.0
189597344#1;;0.046896871376471506;9.22987663631598;62.878745615937405;2921.627967353257;0.0682776388404716;0.9827712779245683;0.26302402069831265
-189597344#1;;0.06615974466348822;9.898232953377638;66.66396755562143;6037.908178216441;0.1200743459189696;1.962157744021162;0.4487560510586215
-189597344#1;;0.06615974466348822;9.898232953377638;66.66396755562143;6037.908178216441;0.1200743459189696;1.962157744021162;0.4487560510586215
-189597344#1;;0.06615974466348822;9.898232953377638;66.66396755562143;6037.908178216441;0.1200743459189696;1.962157744021162;0.4487560510586215
189597344#0;;0.06775985905949315;13.707039772954118;67.60234323310324;5174.180814756199;0.013438694551555856;1.3294500986916438;0.21285614806039518
-28662749;;0.05025125628140704;3.464277528188577;66.38657922154675;4639.706254762418;0.09496892910754928;1.3236083298675518;0.2019290068814335
189597344#0;;0.06775985905949315;13.707039772954118;67.60234323310324;5174.180814756199;0.013438694551555856;1.3294500986916438;0.21285614806039518
28662749;;0.05025125628140704;2.836332998280684;60.34838130409965;0.0;0.0;0.0;0.0
-189597344#0;;0.033879929529746576;9.147736420831494;63.98793087176462;3670.320850360532;0.08454637098473926;1.1508003844432464;0.23462317067269745
189597344#2;;0.03480756221964504;4.346075130031289;60.87877135386396;1901.15020252603;0.019817191643029627;0.6924022166462007;0.23034905661018815
189597344#1;;0.04167574230479957;9.224860232931519;61.35835826948221;1953.4608662408618;0.024790938071769908;0.70952058291214;0.2501905722849379
-189597344#1;;0.07047321574421415;9.924696369537145;64.5850428023713;2009.5590052957036;0.025652983362152878;0.723453418240894;0.2405224817463488
-189597344#1;;0.07047321574421415;9.924696369537145;64.5850428023713;2009.5590052957036;0.025652983362152878;0.723453418240894;0.2405224817463488
-189597344#1;;0.07047321574421415;9.924696369537145;64.5850428023713;2009.5590052957036;0.025652983362152878;0.723453418240894;0.2405224817463488
189597344#0;;0.06775985905949315;13.507432479684528;67.30102050929806;5188.754708660818;0.014869075618825027;1.3567552698064782;0.21951316941347282
-28662749;;0.05025125628140704;3.434718050517774;69.58415509192619;5978.218744913266;0.14188129160232288;1.6593018144529805;0.22283608606415733
189597344#0;;0.06775985905949315;13.507432479684528;67.30102050929806;5188.754708660818;0.014869075618825027;1.3567552698064782;0.21951316941347282
28662749;;0.05025125628140704;2.873189225769218;59.875521572599666;0.0;0.0;0.0;0.0
-189597344#0;;0.033879929529746576;9.14330579807744;60.470856034074075;1851.5300239694968;0.015892228648844785;0.677333212230001;0.21416334015373714
189597344#2;;0.046415272156284354;4.329498171235323;62.87629293670756;3035.1810733022353;0.06707973042624779;1.0009313555231119;0.24635846915797008
189597344#1;;0.036414683475052424;9.256487413805623;59.31316852648958;0.0;0.0;0.0;0.0
-189597344#1;;0.07479819585900518;9.938984544244674;64.85620249380821;3777.2873636465574;0.03279631327347266;1.3692314404163346;0.4209156544317708
-189597344#1;;0.07479819585900518;9.938984544244674;64.85620249380821;3777.2873636465574;0.03279631327347266;1.3692314404163346;0.4209156544317708
-189597344#1;;0.07479819585900518;9.938984544244674;64.85620249380821;3777.2873636465574;0.03279631327347266;1.3692314404163346;0.4209156544317708
189597344#0;;0.06775985905949315;13.285120381358874;68.10435565009689;5762.347628368083;0.028696686431008964;1.4805426158171358;0.23087406734589322
-28662749;;0.05025125628140704;3.41210701432801;67.29952265329388;5086.722467890063;0.11829238266210051;1.4602870111170025;0.2210056397254317
189597344#0;;0.06775985905949315;13.285120381358874;68.10435565009689;5762.347628368083;0.028696686431008964;1.4805426158171358;0.23087406734589322
28662749;;0.05025125628140704;2.9105246498665505;59.3973355615835;0.0;0.0;0.0;0.0
-189597344#0;;0.033879929529746576;9.19672636361163;57.3218619284449;0.0;0.0;0.0;0.0
189597344#2;;0.057879588600976487;4.356544552206264;57.65230902419154;0.0;0.0;0.0;0.0
189597344#1;;0.0312578144536134;9.288469827365473;59.25557520928892;0.0;0.0;0.0;0.0
-189597344#1;;0.07910757859932;9.899691147856819;66.61265614815461;5961.761473515486;0.13337746271610065;1.9805845042437757;0.5026436404896331
-189597344#1;;0.07910757859932;9.899691147856819;66.61265614815461;5961.761473515486;0.13337746271610065;1.9805845042437757;0.5026436404896331
-189597344#1;;0.07910757859932;9.899691147856819;66.61265614815461;5961.761473515486;0.13337746271610065;1.9805845042437757;0.5026436404896331
189597344#0;;0.06775985905949315;13.170408800031822;67.67892727062002;3679.2913010425805;0.004474138811797126;0.7531776870568357;0.03309572627557509
-28662749;;0.05025125628140704;3.394892882810932;65.50761780124537;4345.982214642789;0.0969045419070149;1.2885804095423747;0.21863185272487085
189597344#0;;0.06775985905949315;13.170408800031822;67.67892727062002;3679.2913010425805;0.004474138811797126;0.7531776870568357;0.03309572627557509
28662749;;0.05025125628140704;2.9493474315779338;58.8886087151591;0.0;0.0;0.0;0.0
-189597344#0;;0.033879929529746576;9.171182401105488;61.764480883301346;2560.860900540457;0.04233423395578756;0.8612714663217779;0.220769043249757
189597344#2;;0.06896551724137931;4.3605097420491585;60.056894063441675;1411.5005449777836;0.0;0.5601518601396184;0.22274238610210123
189597344#1;;0.0312578144536134;9.27271853800198;61.956385421348216;2374.236231559305;0.043115959172775026;0.827325014087578;0.2532106298679588
-189597344#1;;0.08342757717313544;9.943008520599003;64.15726332696694;1963.4003179315584;0.016357468032908478;0.7009404821019336;0.18785086092131947
-189597344#1;;0.08342757717313544;9.943008520599003;64.15726332696694;1963.4003179315584;0.016357468032908478;0.7009404821019336;0.18785086092131947
-189597344#1;;0.08342757717313544;9.943008520599003;64.15726332696694;1963.4003179315584;0.016357468032908478;0.7009404821019336;0.18785086092131947
189597344#0;;0.06775985905949315;12.917496295428338;68.23480916139951;7228.722586142419;0.08592999291583359;1.909701771483674;0.2605370454940938
-28662749;;0.05025125628140704;3.371896683164301;67.79955405448304;5365.461072826169;0.1358911212228351;1.5545422347744642;0.23587921727791966
189597344#0;;0.06775985905949315;12.917496295428338;68.23480916139951;7228.722586142419;0.08592999291583359;1.909701771483674;0.2605370454940938
28662749;;0.05025125628140704;2.989219910262756;58.365957758908365;0.0;0.0;0.0;0.0
-189597344#0;;0.033879929529746576;9.203212900741843;58.343576868974225;0.0;0.0;0.0;0.0
189597344#2;;0.06896551724137931;4.360417331439721;60.55809929723363;1725.9830127456617;0.012468177867839596;0.6449565510692703;0.22661113767736724
189597344#1;;0.0312578144536134;9.272276100865207;61.01988916869125;1762.9243414984658;0.015926244554482976;0.6556197893811043;0.24504502189601993
-189597344#1;;0.08776572775791386;9.910447352316366;66.2340720873854;6688.412135712755;0.09564640458051187;2.3367775496978016;0.6730012516935026
-189597344#1;;0.08776572775791386;9.910447352316366;66.2340720873854;6688.412135712755;0.09564640458051187;2.3367775496978016;0.6730012516935026
-189597344#1;;0.08776572775791386;9.910447352316366;66.2340720873854;6688.412135712755;0.09564640458051187;2.3367775496978016;0.6730012516935026
189597344#0;;0.06775985905949315;12.797519570174648;65.67011603884237;3221.413658189514;0.0058434470830771145;0.7531295868215452;0.04403352141100911
-28662749;;0.05025125628140704;3.3460496811003635;69.10411533251686;5985.9681138219585;0.16385341372132742;1.7294825826894396;0.2505898140911464
189597344#0;;0.06775985905949315;12.797519570174648;65.67011603884237;3221.413658189514;0.0058434470830771145;0.7531295868215452;0.04403352141100911
28662749;;0.05025125628140704;3.0301852421820703;57.82419641394269;0.0;0.0;0.0;0.0
-189597344#0;;0.033879929529746576;9.167353789535225;62.44767757652947;2909.958352072512;0.05549542055643046;0.9520339116318208;0.22491867692984124
189597344#2;;0.06896551724137931;4.341570778478577;63.16046416588812;3197.411770413271;0.07326157473054841;1.0437537601077655;0.24692566674770694
189597344#1;;0.0312578144536134;9.253949295700371;62.1478237777708;2483.7269953583614;0.048249880390773554;0.8585534449079932;0.25573349308775406
-189597344#1;;0.09212062592178914;9.864499159107593;66.50614692817177;7381.600520632177;0.12506676179367096;2.5265370769250084;0.6849648672939619
-189597344#1;;0.09212062592178914;9.864499159107593;66.50614692817177;7381.600520632177;0.12506676179367096;2.5265370769250084;0.6849648672939619
-189597344#1;;0.09212062592178914;9.864499159107593;66.50614692817177;7381.600520632177;0.12506676179367096;2.5265370769250084;0.6849648672939619
189597344#0;;0.06775985905949315;12.70946255528284;65.74922244465361;3357.99817987959;0.007662477322373354;0.7792812076580623;0.049606884320912474
-28662749;;0.05025125628140704;3.3209071879693037;69.08790715894733;6034.964728274176;0.1720802028645499;1.7612280480759344;0.25929016815634737
189597344#0;;0.06775985905949315;12.70946255528284;65.74922244465361;3357.99817987959;0.007662477322373354;0.7792812076580623;0.049606884320912474
28662749;;0.05025125628140704;3.0722889821829567;57.261870922887695;0.0;0.0;0.0;0.0
-189597344#0;;0.033879929529746576;9.169179161923473;60.06156662344216;1636.3139399608458;0.0076599013888447014;0.621316552038537;0.21042363043112075
189597344#2;;0.06896551724137931;4.3407385477611085;60.70569040778903;1787.3629615397003;0.015208999161014428;0.6616365803433749;0.22953127391708605
189597344#1;;0.0312578144536134;9.240973836925921;61.82721329633139;2272.5205818634204;0.03896338890549473;0.799339320037713;0.25361441037489596
-189597344#1;;0.09457755359394704;9.899515242230356;64.56769422617703;3486.709615424938;0.02818083019307587;1.2997942361545984;0.4713721051914015
-189597344#1;;0.09457755359394704;9.899515242230356;64.56769422617703;3486.709615424938;0.02818083019307587;1.2997942361545984;0.4713721051914015
-189597344#1;;0.09457755359394704;9.899515242230356;64.56769422617703;3486.709615424938;0.02818083019307587;1.2997942361545984;0.4713721051914015
189597344#0;;0.06775985905949315;12.52772202958684;68.51780885176406;5711.108229383224;0.020767821770686916;1.497227592615058;0.2548245576879089
-28662749;;0.05025125628140704;3.299988760639509;67.68246489016691;5430.958085612527;0.1542569914607469;1.6184136792971855;0.25918037186471343
189597344#0;;0.06775985905949315;12.52772202958684;68.51780885176406;5711.108229383224;0.020767821770686916;1.497227592615058;0.2548245576879089
28662749;;0.05025125628140704;3.115579252685617;56.67735923796779;0.0;0.0;0.0;0.0
-189597344#0;;0.033879929529746576;9.173022446998944;59.93737315672425;1567.8127810324625;0.0050775838790241565;0.6035489011599426;0.20945934549414755
189597344#2;;0.06896551724137931;4.3543000453259255;58.97284635230474;0.0;0.0;0.0;0.0
189597344#1;;0.0312578144536134;9.268024079243904;59.523192444121634;0.0;0.0;0.0;0.0
-189597344#1;;0.09457755359394704;9.86837988818332;66.78378067331865;6336.125338768355;0.12718996252933634;2.0256392484249846;0.4533855500029257
-189597344#1;;0.09457755359394704;9.86837988818332;66.78378067331865;6336.125338768355;0.12718996252933634;2.0256392484249846;0.4533855500029257
-189597344#1;;0.09457755359394704;9.86837988818332;66.78378067331865;6336.125338768355;0.12718996252933634;2.0256392484249846;0.4533855500029257
189597344#0;;0.06775985905949315;12.321681078687192;67.94643885206656;6905.005159545419;0.07364301173863828;1.8595052979470357;0.27864512401056546
-28662749;;0.05025125628140704;3.2819376512179805;66.75511415159703;5016.343609063924;0.1420227357152211;1.5199115918902693;0.2600931809005036
189597344#0;;0.06775985905949315;12.321681078687192;67.94643885206656;6905.005159545419;0.07364301173863828;1.8595052979470357;0.27864512401056546
28662749;;0.05025125628140704;3.1601069271613906;56.068845482430305;0.0;0.0;0.0;0.0
-189597344#0;;0.033879929529746576;9.185616144269872;59.41586784917317;0.0;0.0;0.0;0.0
189597344#2;;0.06896551724137931;4.36277013575879;59.51924481206209;0.0;0.0;0.0;0.0
189597344#1;;0.0312578144536134;9.24389485001356;62.539093682853306;2721.0458196854165;0.05902415221955119;0.9256887580519002;0.25950326968469245
-189597344#1;;0.09457755359394704;9.891009470049726;64.62238104595406;3094.9662905554037;0.011429527115598564;1.1921138495406514;0.4651627803652535
-189597344#1;;0.09457755359394704;9.891009470049726;64.62238104595406;3094.9662905554037;0.011429527115598564;1.1921138495406514;0.4651627803652535
-189597344#1;;0.09457755359394704;9.891009470049726;64.62238104595406;3094.9662905554037;0.011429527115598564;1.1921138495406514;0.4651627803652535
189597344#0;;0.06775985905949315;12.260939627285447;65.21671653357691;3354.3466484548762;0.012785209946367115;0.8242305193399615;0.06811264766848366
-28662749;;0.05025125628140704;3.2556325173116156;70.21387336413125;6716.571217374102;0.2172992275981917;1.9949887880509252;0.2895651977675035
189597344#0;;0.06775985905949315;12.260939627285447;65.21671653357691;3354.3466484548762;0.012785209946367115;0.8242305193399615;0.06811264766848366
28662749;;0.05025125628140704;3.205925829572434;55.43428994193825;0.0;0.0;0.0;0.0
-189597344#0;;0.033879929529746576;9.21127917470104;58.6677457604464;0.0;0.0;0.0;0.0
189597344#2;;0.06896551724137931;4.335158342942435;64.47504190045602;3891.7253721101233;0.10224351259897126;1.2329068837782804;0.25634066057814126
189597344#1;;0.0312578144536134;9.230514533635516;61.86774396193326;2291.9261579447843;0.03995903307963918;0.8050091257727787;0.25446200676432634
-189597344#1;;0.09457755359394704;9.904854441173313;65.5401390582506;4556.968440390222;0.07456971914067392;1.5967439402378272;0.48562058776465333
-189597344#1;;0.09457755359394704;9.904854441173313;65.5401390582506;4556.968440390222;0.07456971914067392;1.5967439402378272;0.48562058776465333
-189597344#1;;0.09457755359394704;9.904854441173313;65.5401390582506;4556.968440390222;0.07456971914067392;1.5967439402378272;0.48562058776465333
189597344#0;;0.06775985905949315;12.066438427887364;68.14815000234434;6900.357236914908;0.07181759526577002;1.8636818627012315;0.28814385253925634
-28662749;;0.05025125628140704;3.2292501595221412;70.53162170843547;6942.182857262067;0.23508955018682082;2.0798483992020955;0.3018686333873857
189597344#0;;0.06775985905949315;12.066438427887364;68.14815000234434;6900.357236914908;0.07181759526577002;1.8636818627012315;0.28814385253925634
28662749;;0.05025125628140704;3.2530929514169205;54.77139388054897;0.0;0.0;0.0;0.0
-189597344#0;;0.033879929529746576;9.185532732405402;61.75687284272285;2561.937963846037;0.042181491525613866;0.8611225874913649;0.22002753820159213
189597344#2;;0.06896551724137931;4.345506459700658;59.34948039205106;0.0;0.0;0.0;0.0
189597344#1;;0.0312578144536134;9.285566573865037;58.24883137768629;0.0;0.0;0.0;0.0
-189597344#1;;0.09457755359394704;9.933632147646064;64.74666969569239;2547.596824036226;0.03501328243063236;0.8416891562235392;0.19335765308600367
-189597344#1;;0.09457755359394704;9.933632147646064;64.74666969569239;2547.596824036226;0.03501328243063236;0.8416891562235392;0.19335765308600367
-189597344#1;;0.09457755359394704;9.933632147646064;64.74666969569239;2547.596824036226;0.03501328243063236;0.8416891562235392;0.19335765308600367
189597344#0;;0.06775985905949315;11.95968648492421;68.16359931482798;4277.832924903956;0.02552371366473171;0.978594873883345;0.08434499283523925
-28662749;;0.05025125628140704;3.2109369680554516;67.49751580465819;5465.503211779529;0.17675430230401948;1.6854921160890388;0.28919630474519986
189597344#0;;0.06775985905949315;11.95968648492421;68.16359931482798;4277.832924903956;0.02552371366473171;0.978594873883345;0.08434499283523925
28662749;;0.05025125628140704;3.301668688219966;54.07755851385091;0.0;0.0;0.0;0.0
-189597344#0;;0.033879929529746576;9.150352139673256;62.429031854211615;2896.0869120407115;0.05526511812673651;0.9491334221232158;0.22567705250632406
189597344#2;;0.06896551724137931;4.335078547864648;61.994745294410805;2545.2028890168367;0.04659897236077297;0.867394806663347;0.2395910461149541
189597344#1;;0.0312578144536134;9.260085451107285;62.602921617255085;2767.7225244029937;0.0608361110027439;0.9382840629538893;0.25920424710464457
-189597344#1;;0.09457755359394704;9.863335722013755;67.32562133627614;8559.49169271439;0.17222627464884865;2.8410514252545243;0.6992521065603191
-189597344#1;;0.09457755359394704;9.863335722013755;67.32562133627614;8559.49169271439;0.17222627464884865;2.8410514252545243;0.6992521065603191
-189597344#1;;0.09457755359394704;9.863335722013755;67.32562133627614;8559.49169271439;0.17222627464884865;2.8410514252545243;0.6992521065603191
189597344#0;;0.06775985905949315;11.793120327701404;68.9052703394876;6322.997797891129;0.045092622060511525;1.7041933686691428;0.2913316432974872
-28662749;;0.05025125628140704;3.194610039795127;66.86347439184148;5152.700937681547;0.1668390834858991;1.6080813768286046;0.2906281747514121
189597344#0;;0.06775985905949315;11.793120327701404;68.9052703394876;6322.997797891129;0.045092622060511525;1.7041933686691428;0.2913316432974872
28662749;;0.05025125628140704;3.3517170975336774;53.3498376877845;0.0;0.0;0.0;0.0
-189597344#0;;0.033879929529746576;9.180442039732336;58.46917089576277;0.0;0.0;0.0;0.0
189597344#2;;0.06896551724137931;4.35123906986552;58.70521428710117;0.0;0.0;0.0;0.0
189597344#1;;0.0312578144536134;9.228792374590615;63.038902511402355;3017.700960112769;0.072618856758452;1.0099367203967726;0.26438830807519365
-189597344#1;;0.09457755359394704;9.88571070778185;64.64000192071722;2043.5640202322454;0.01917449329974548;0.7207311790851951;0.19032842940135583
-189597344#1;;0.09457755359394704;9.88571070778185;64.64000192071722;2043.5640202322454;0.01917449329974548;0.7207311790851951;0.19032842940135583
-189597344#1;;0.09457755359394704;9.88571070778185;64.64000192071722;2043.5640202322454;0.01917449329974548;0.7207311790851951;0.19032842940135583
189597344#0;;0.06775985905949315;11.684208114397439;66.10613403591076;5322.0529305465025;0.03288123831697211;1.5559805694342241;0.29232083071664877
-28662749;;0.05025125628140704;3.175895669134967;67.989581395136;5767.752271509127;0.19919366548456457;1.7938159701724188;0.3054986278256576
189597344#0;;0.06775985905949315;11.684208114397439;66.10613403591076;5322.0529305465025;0.03288123831697211;1.5559805694342241;0.29232083071664877
28662749;;0.05025125628140704;3.403306180763764;52.58488439816776;0.0;0.0;0.0;0.0
-189597344#0;;0.033879929529746576;9.21330721282191;58.289646863351535;0.0;0.0;0.0;0.0
189597344#2;;0.06896551724137931;4.333899941643599;62.970378245350894;3089.607575557588;0.069148446210784;1.0152939102154521;0.24650859968913125
189597344#1;;0.0312578144536134;9.232323286616383;60.8406898369341;1605.0264316142627;0.009073568968422296;0.6111338549391218;0.24506557736336818
-189597344#1;;0.09347667523927018;10.295779771309785;62.839934056425335;1814.5661762314558;0.01684257209249348;0.6693338085522875;0.23423830973377774
-189597344#1;;0.09347667523927018;10.295779771309785;62.839934056425335;1814.5661762314558;0.01684257209249348;0.6693338085522875;0.23423830973377774
:9842732475_7;;0.009277327686065354;1.106268821383713;62.441702894934195;2734.732267409074;0.05700595615437891;0.9242395863676872;0.25074379849323003
189597344#0;;0.06775985905949315;11.513165013878156;67.61027604177758;7297.935478467681;0.10089489253882994;2.049505432572877;0.3204068235485271
-28662749;;0.05025125628140704;3.1534005323794796;69.767359175725;6749.8909664280545;0.2513440482555932;2.0920862946983894;0.3274564590235025
189597344#0;;0.06775985905949315;11.513165013878156;67.61027604177758;7297.935478467681;0.10089489253882994;2.049505432572877;0.3204068235485271
28662749;;0.05025125628140704;3.456508191429989;51.77889262168016;0.0;0.0;0.0;0.0
-189597344#0;;0.033879929529746576;9.20510001531991;60.62332865479494;1969.9924826078566;0.019926883608735742;0.7075919520258178;0.21238059520244418
189597344#2;;0.06896551724137931;4.337398314029157;60.17471384348166;1446.1406995366497;0.001166366044527226;0.5690864694717259;0.22565968359597932
189597344#1;;0.0312578144536134;9.268445069600691;59.08490626251003;0.0;0.0;0.0;0.0
-189597344#1;;0.08803632772587067;10.272610161945508;63.85504354972015;4101.830900369816;0.04909439635123582;1.4657605367172972;0.42863987500713774
-189597344#1;;0.08803632772587067;10.272610161945508;63.85504354972015;4101.830900369816;0.04909439635123582;1.4657605367172972;0.42863987500713774
:9842732475_7;;0.05512425200196108;1.1097750857729303;59.18395602731088;0.0;0.0;0.0;0.0
189597344#0;;0.06775985905949315;11.433372316359659;66.59025986300017;3986.434564336616;0.033503163397708764;1.0019554753287414;0.10821434460007692
-28662749;;0.05025125628140704;3.1279686344661055;71.28840895836946;7629.405595635415;0.30238674954102074;2.3706876268869523;0.3500178566524511
189597344#0;;0.06775985905949315;11.433372316359659;66.59025986300017;3986.434564336616;0.033503163397708764;1.0019554753287414;0.10821434460007692
28662749;;0.05025125628140704;3.5113999727989844;50.92753876151872;0.0;0.0;0.0;0.0
-189597344#0;;0.033879929529746576;9.162839955865252;62.883298352964125;3128.03550679517;0.0637729798045735;1.0088827140073002;0.22763102621813652
189597344#2;;0.06896551724137931;4.359684777353503;58.07559261244266;0.0;0.0;0.0;0.0
:30848481_0;;0.4789267979268192;0.09386071321348735;61.03325956495489;1768.3772941985503;0.016195552520947343;0.6571603356112136;0.24535472618930393
-189597344#1;;0.08256422205183547;10.349257362259742;61.4042910231387;0.0;0.0;0.0;0.0
-189597344#1;;0.08256422205183547;10.349257362259742;61.4042910231387;0.0;0.0;0.0;0.0
:9842732475_7;;0.10123880885116303;1.1064886825188929;62.542109264805276;2794.2741364883204;0.05953812116165084;0.9406469769667798;0.251412215532145
189597344#0;;0.06775985905949315;11.358177982277695;65.04378610887103;4815.731497850088;0.027270166937746955;1.4861180128005378;0.3051995123491925
-28662749;;0.05025125628140704;3.105849480611352;70.12669960041693;7058.321996243122;0.2825589168398817;2.2235699030368714;0.35040602174524704
189597344#0;;0.06775985905949315;11.358177982277695;65.04378610887103;4815.731497850088;0.027270166937746955;1.4861180128005378;0.3051995123491925
28662749;;0.05025125628140704;3.568063328207281;50.025932825925224;0.0;0.0;0.0;0.0
-189597344#0;;0.033879929529746576;9.186886834877951;58.78137711362842;0.0;0.0;0.0;0.0
189597344#2;;0.08081733849586614;4.184874283711653;65.73423921199199;5419.8010723309335;0.10870417145580281;1.825408732503909;0.4987905482846815
189597344#2;;0.08081733849586614;4.184874283711653;65.73423921199199;5419.8010723309335;0.10870417145580281;1.825408732503909;0.4987905482846815
-189597344#1;;0.07710423734066463;10.323909716972219;64.02883843966352;4198.800890111717;0.05529167894273965;1.4997842209735648;0.4283837043148868
-189597344#1;;0.07710423734066463;10.323909716972219;64.02883843966352;4198.800890111717;0.05529167894273965;1.4997842209735648;0.4283837043148868
:9842732475_7;;0.14725121986028616;1.1077406866680566;60.202933365209184;1330.1601455878454;0.0;0.5357894645580997;0.23189687783213694
189597344#0;;0.06775985905949315;11.235825622600208;67.7270736422746;6008.9431859259785;0.0514800398477849;1.7165757724939974;0.31818430958059896
-28662749;;0.05025125628140704;3.086668719268099;69.07929242726544;6508.920917522132;0.2614453401969037;2.0762773360368776;0.3496445460424892
189597344#0;;0.06775985905949315;11.235825622600208;67.7270736422746;6008.9431859259785;0.0514800398477849;1.7165757724939974;0.31818430958059896
28662749;;0.05025125628140704;3.6265854278277776;49.06860123263709;0.0;0.0;0.0;0.0
-189597344#0;;0.033879929529746576;9.173637896720356;60.977014321148715;2145.588757500484;0.0267342784908601;0.7534556590467513;0.21595171483706166
189597344#2;;0.09310609185131435;4.206208821907129;62.531964232829026;0.0;0.0;0.0;0.0
189597344#2;;0.09310609185131435;4.206208821907129;62.531964232829026;0.0;0.0;0.0;0.0
-189597344#1;;0.07168504417386234;10.36688796461607;62.24251325290539;1535.1241242423948;0.005038663619557461;0.5928806728157335;0.23008314726566415
-189597344#1;;0.07168504417386234;10.36688796461607;62.24251325290539;1535.1241242423948;0.005038663619557461;0.5928806728157335;0.23008314726566415
:9842732475_7;;0.19291987215863046;1.1119750376875195;58.86485129451663;0.0;0.0;0.0;0.0
189597344#0;;0.06775985905949315;11.082791227398852;68.71597811993294;7110.466226395436;0.08804726104433228;1.9882231996423738;0.3365387056486904
-28662749;;0.05025125628140704;3.066935105286162;69.5259783126926;6803.991606695697;0.28332065741146084;2.18119748151509;0.3620727497014242
189597344#0;;0.06775985905949315;11.082791227398852;68.71597811993294;7110.466226395436;0.08804726104433228;1.9882231996423738;0.3365387056486904
28662749;;0.05025125628140704;3.687059256133548;48.04954687159342;0.0;0.0;0.0;0.0
-189597344#0;;0.033879929529746576;9.183074291166209;59.59938318741153;1378.8158538737177;0.0;0.5546145257177366;0.2068353454817803
189597344#2;;0.10542988698463887;4.182259971270136;65.59352787669832;5518.754026465919;0.11439234059623198;1.8569638954507128;0.5008047909962365
189597344#2;;0.10542988698463887;4.182259971270136;65.59352787669832;5518.754026465919;0.11439234059623198;1.8569638954507128;0.5008047909962365
-189597344#1;;0.06624998136865462;10.327454025878586;64.18469289366742;4475.669748684819;0.05807873838814851;1.5468696694843411;0.4290809436656273
-189597344#1;;0.06624998136865462;10.327454025878586;64.18469289366742;4475.669748684819;0.05807873838814851;1.5468696694843411;0.4290809436656273
:9842732475_7;;0.2387222611546956;1.1103238543263751;61.61666547588551;2258.827251772682;0.036135272370774144;0.7919517092177762;0.24272761406801785
189597344#0;;0.06775985905949315;11.02991276429117;64.79115976944439;3391.5592412238516;0.03330734142458794;0.9432313720023712;0.12742212953260412
-28662749;;0.05025125628140704;3.046357081621854;70.12000772146595;7196.234146886848;0.3114905062395142;2.3184415574458055;0.37673656658710397
189597344#0;;0.06775985905949315;11.02991276429117;64.79115976944439;3391.5592412238516;0.03330734142458794;0.9432313720023712;0.12742212953260412
28662749;;0.05025125628140704;3.7495841048899656;46.962479871821394;0.0;0.0;0.0;0.0
-189597344#0;;0.033879929529746576;9.153910440317361;62.025959087683056;2690.478695949355;0.04745360478779089;0.8955031826518056;0.2231509922895153
189597344#2;;0.11773091449179678;4.210697224895769;62.32591645239454;1390.2097452933358;0.0;0.5509434955039113;0.23996163743987814
189597344#2;;0.11773091449179678;4.210697224895769;62.32591645239454;1390.2097452933358;0.0;0.5509434955039113;0.23996163743987814
-189597344#1;;0.06305170239596469;10.376544802879147;61.96429045879511;1369.3648075230667;0.0;0.5579390788566826;0.1812936903032415
-189597344#1;;0.06305170239596469;10.376544802879147;61.96429045879511;1369.3648075230667;0.0;0.5579390788566826;0.1812936903032415
:9842732475_7;;0.26567481402763016;1.1060811295854098;63.080786946719726;3103.4873130222595;0.07291567244128176;1.026334540266466;0.25561567672871366
189597344#0;;0.06775985905949315;10.935302808657278;66.03061690620416;5771.441139720862;0.062331203203158415;1.7379195713728102;0.3360415300422108
-28662749;;0.05025125628140704;3.0224055332762223;71.90873730023951;8321.595475011492;0.38237785921143946;2.6886435509664306;0.405396937589945
189597344#0;;0.06775985905949315;10.935302808657278;66.03061690620416;5771.441139720862;0.062331203203158415;1.7379195713728102;0.3360415300422108
:714166587_0;;0.08025831967610823;1.2078805493526963;45.801294258241015;0.0;0.0;0.0;0.0
-189597344#0;;0.033879929529746576;9.149580884075478;60.45672007554346;1847.2975025387427;0.015694859585259076;0.6761962355539335;0.21379751290458016
189597344#2;;0.1300455028308772;4.1818399265888235;66.27580766363889;5916.881226144709;0.12989464766278974;1.96219662189479;0.5055212187144137
189597344#2;;0.1300455028308772;4.1818399265888235;66.27580766363889;5916.881226144709;0.12989464766278974;1.96219662189479;0.5055212187144137
-189597344#1;;0.06305170239596469;10.349742093141334;64.09418425940703;4245.274454444102;0.05759365709192598;1.5138800350822466;0.4280243254897794
-189597344#1;;0.06305170239596469;10.349742093141334;64.09418425940703;4245.274454444102;0.05759365709192598;1.5138800350822466;0.4280243254897794
:9842732475_7;;0.26567481402763016;1.1122488780318112;58.13840458845007;0.0;0.0;0.0;0.0
189597344#0;;0.06775985905949315;10.851088342948668;65.59566543587343;5575.573085165762;0.06024657397862176;1.707674994392946;0.33966530584850235
-28662749;;0.05025125628140704;2.999702647828488;71.619366910851;8221.845206124046;0.387080519458488;2.6818783410116107;0.4138640717968073
189597344#0;;0.06775985905949315;10.851088342948668;65.59566543587343;5575.573085165762;0.06024657397862176;1.707674994392946;0.33966530584850235
:714166587_0;;0.1629080863593198;1.2099247706686238;57.41121693953588;1505.9134059607702;5.619628970650824e-05;0.6012612952825299;0.10173539868551403
-189597344#0;;0.033879929529746576;9.197473292038357;57.57302968628274;0.0;0.0;0.0;0.0
189597344#2;;0.13793103448275862;4.196639623792215;62.87293620524069;0.0;0.0;0.0;0.0
189597344#2;;0.13793103448275862;4.196639623792215;62.87293620524069;0.0;0.0;0.0;0.0
-189597344#1;;0.06305170239596469;10.323103967751424;64.4144560139214;3172.766994323862;0.055532337266132194;0.9938752089852593;0.200866321170891
-189597344#1;;0.06305170239596469;10.323103967751424;64.4144560139214;3172.766994323862;0.055532337266132194;0.9938752089852593;0.200866321170891
:9842732475_7;;0.26567481402763016;1.1108174137850773;61.49645162342879;2187.799366821141;0.03306072191862885;0.7723136754512929;0.2415919361656135
189597344#0;;0.06775985905949315;10.748194583056026;66.39339296116546;6255.320160946466;0.08210488105529314;1.8712470421929686;0.35154856616024854
-28662749;;0.05025125628140704;2.987657905851011;67.02672492022168;5314.565632705741;0.22649161267384516;1.7773157195092313;0.3692897033586316
189597344#0;;0.06775985905949315;10.748194583056026;66.39339296116546;6255.320160946466;0.08210488105529314;1.8712470421929686;0.35154856616024854
:714166587_0;;0.2447958089251881;1.2211842858318924;56.19685074359037;0.0;0.0;0.0;0.0
-189597344#0;;0.033879929529746576;9.166903860825508;62.09881148615311;2732.0295456516956;0.048820594397779214;0.9058481336849449;0.22293031777092773
189597344#2;;0.13793103448275862;4.186937427397646;64.48384547634332;4311.038713413888;0.06411265065736861;1.5281812684334521;0.48512294495799263
189597344#2;;0.13793103448275862;4.186937427397646;64.48384547634332;4311.038713413888;0.06411265065736861;1.5281812684334521;0.48512294495799263
-189597344#1;;0.06305170239596469;10.291495462407157;64.2379493186966;4390.2360087110155;0.06296135672642034;1.550586460292714;0.43202614545364615
-189597344#1;;0.06305170239596469;10.291495462407157;64.2379493186966;4390.2360087110155;0.06296135672642034;1.550586460292714;0.43202614545364615
:9842732475_7;;0.26567481402763016;1.108921063581274;61.762044611451245;2340.5195915851814;0.039763694911379;0.81470848264496;0.24441754908191263
189597344#0;;0.06775985905949315;10.696989782859951;66.0154927561087;4030.7239653119946;0.05383096490976828;1.099340888849384;0.15014241626072383
-28662749;;0.05025125628140704;2.9657089103939893;71.68930919667508;8372.092746525268;0.4113343417403626;2.7657365017170132;0.4319515202878932
189597344#0;;0.06775985905949315;10.696989782859951;66.0154927561087;4030.7239653119946;0.05383096490976828;1.099340888849384;0.15014241626072383
:714166587_0;;0.3250245305757766;1.2464364125795147;54.46871565661206;0.0;0.0;0.0;0.0
-189597344#0;;0.033879929529746576;9.211551442041735;57.70989670721158;0.0;0.0;0.0;0.0
189597344#2;;0.13793103448275862;4.159258427987165;66.09283239852581;5945.619101746104;0.13801602004776978;1.9898120765382814;0.5105948125402712
189597344#2;;0.13793103448275862;4.159258427987165;66.09283239852581;5945.619101746104;0.13801602004776978;1.9898120765382814;0.5105948125402712
-189597344#1;;0.06305170239596469;10.355680796627773;61.62574616238921;0.0;0.0;0.0;0.0
-189597344#1;;0.06305170239596469;10.355680796627773;61.62574616238921;0.0;0.0;0.0;0.0
:9842732475_7;;0.26567481402763016;1.1128310492449676;58.98667364011278;0.0;0.0;0.0;0.0
189597344#0;;0.06775985905949315;10.635937739491357;65.49144901163737;3726.83744303985;0.0493582628513083;1.046526727508329;0.15266313542976206
-28662749;;0.05025125628140704;2.9447717282977797;71.47335788414269;8297.855591209145;0.41674737073151663;2.7642866811515936;0.4403616005308251
189597344#0;;0.06775985905949315;10.635937739491357;65.49144901163737;3726.83744303985;0.0493582628513083;1.046526727508329;0.15266313542976206
:714166587_0;;0.40740871596688194;1.2138251962469073;61.9512110916923;2851.80071964536;0.01912364477679505;0.8234785370064792;0.10714538533540481
-189597344#0;;0.03563583323305528;8.9514477114396;65.77618188302331;6001.260105847862;0.12799155886041227;1.9757687625020914;0.4789249010082134
189597344#2;;0.13793103448275862;4.18884271107577;62.02919254622218;0.0;0.0;0.0;0.0
189597344#2;;0.13793103448275862;4.18884271107577;62.02919254622218;0.0;0.0;0.0;0.0
-189597344#1;;0.06305170239596469;10.378255586277023;62.58776563424988;2761.3907827880466;0.0005293789779741882;1.113109210131264;0.4085147423447798
-189597344#1;;0.06305170239596469;10.378255586277023;62.58776563424988;2761.3907827880466;0.0005293789779741882;1.113109210131264;0.4085147423447798
-189597344#0;;0.03563583323305528;8.9514477114396;65.77618188302331;6001.260105847862;0.12799155886041227;1.9757687625020914;0.4789249010082134
189597344#0;;0.06775985905949315;10.466514183628966;70.01079606430382;8733.972303751032;0.1590466524023882;2.4597036133022483;0.38974295607140536
-28662749;;0.05025125628140704;2.9246131313050667;71.3526029809048;8276.659526493126;0.42493994031777227;2.778694314846239;0.44945914808563103
189597344#0;;0.06775985905949315;10.466514183628966;70.01079606430382;8733.972303751032;0.1590466524023882;2.4597036133022483;0.38974295607140536
:714166587_0;;0.4879982322291685;1.2408561887198843;54.232269243738344;0.0;0.0;0.0;0.0
-189597344#0;;0.04149907432014368;8.973457085518767;62.70607057501766;1745.952110226551;0.014343346957019755;0.6506525981759601;0.2370827156591632
189597344#2;;0.13793103448275862;4.213006976906119;62.30441170489116;0.0;0.0;0.0;0.0
189597344#2;;0.13793103448275862;4.213006976906119;62.30441170489116;0.0;0.0;0.0;0.0
-189597344#1;;0.06305170239596469;10.260630895250248;66.41659583485458;6752.996669719099;0.14557051142762847;2.1426804297511297;0.45818685936440895
-189597344#1;;0.06305170239596469;10.260630895250248;66.41659583485458;6752.996669719099;0.14557051142762847;2.1426804297511297;0.45818685936440895
-189597344#0;;0.04149907432014368;8.973457085518767;62.70607057501766;1745.952110226551;0.014343346957019755;0.6506525981759601;0.2370827156591632
189597344#0;;0.06775985905949315;10.441304949244376;65.10357831507082;3753.7159428443906;0.05532734550201287;1.0721190024508023;0.16488650629598256
-28662749;;0.05025125628140704;2.9081915910823777;69.78700573119666;7252.070143390647;0.3689499900355364;2.4593919595234843;0.4380739547385084
189597344#0;;0.06775985905949315;10.441304949244376;65.10357831507082;3753.7159428443906;0.05532734550201287;1.0721190024508023;0.16488650629598256
:714166587_0;;0.569126247938338;1.2326198185160047;58.69843271314788;1900.0276827665834;0.005498370024523389;0.665863959222633;0.10146993054484754
-189597344#0;;0.0473669491408311;8.949796587128361;64.70264616056141;4700.062217215315;0.07200535269523006;1.6158192874164725;0.4621914717656497
189597344#2;;0.13793103448275862;4.200917051706476;64.86195918577158;4546.228745738715;0.07657102945033972;1.6006254249273733;0.48727761764525496
189597344#2;;0.13793103448275862;4.200917051706476;64.86195918577158;4546.228745738715;0.07657102945033972;1.6006254249273733;0.48727761764525496
-189597344#1;;0.06305170239596469;10.323150529541643;61.77236920037433;0.0;0.0;0.0;0.0
-189597344#1;;0.06305170239596469;10.323150529541643;61.77236920037433;0.0;0.0;0.0;0.0
-189597344#0;;0.0473669491408311;8.949796587128361;64.70264616056141;4700.062217215315;0.07200535269523006;1.6158192874164725;0.4621914717656497
189597344#0;;0.06775985905949315;10.298811787633113;70.06529490843782;8074.819211734826;0.14217556457830344;2.3184104215557415;0.39401506880457615
-28662749;;0.05025125628140704;2.927232789912659;59.73778266481919;0.0;0.0;0.0;0.0
189597344#0;;0.06775985905949315;10.298811787633113;70.06529490843782;8074.819211734826;0.14217556457830344;2.3184104215557415;0.39401506880457615
