simulation generate 2026-03-06 08:49:49-->
189597344#0,55.9402874701336;1521.0;0.0;0.6117;0.0;
189597344#0,67.24703080873428;3382.7986531190472;0.0001992285394446111;0.6403254666237179;0.006665141687640003;
189597344#0,67.55354920442117;3512.569918097704;0.0008284320310255407;0.6715132530423118;0.013599329763418938;
189597344#0,66.03581823861126;3305.944882096564;0.0014676467528667162;0.6864449535667582;0.019603478234501974;
189597344#0,67.07043782800775;3562.6702000836417;0.0028554441364674827;0.7223950910313351;0.026404288089463043;
189597344#0,67.14851766091894;3647.1895841039022;0.0044534571964781194;0.7517496365390761;0.033273582897569605;
189597344#0,65.5238003832331;3375.986204755518;0.005124881548940786;0.7509757845524065;0.03886127061657166;
189597344#0,66.38979196380096;3608.930061029729;0.007443288479568311;0.7888601413569498;0.04542083126728929;
189597344#0,64.55017241659378;3257.044454820159;0.007401861751977485;0.7715761754256387;0.05013670527582419;
189597344#0,64.4543020768476;3269.2400664592346;0.008721094200839065;0.7850026287308116;0.055170412961170354;
189597344#0,66.90867625993774;3875.524753351534;0.014097641885869592;0.8670429563983528;0.06285483537332273;
189597344#0,63.643337372020746;3148.2886709913664;0.010896505634103167;0.7963823813747686;0.06596125308815971;
189597344#0,65.9653191454547;3741.6032338465434;0.017016392427303247;0.8815405543770134;0.07323355778634352;
189597344#0,65.11787906072256;3572.463650817478;0.01758163766604583;0.8738003784064138;0.07828411865106219;
189597344#0,64.97196289372118;3569.801401120577;0.01941910359226928;0.8858253627472796;0.0835922995141806;
189597344#0,66.94758930928012;4130.353718084177;0.027726168770692457;0.9813459468962303;0.09200235407625097;
189597344#0,65.12404412031546;3683.878230349138;0.025074439370759222;0.9293080833853007;0.09596596481513009;
189597344#0,63.72516219498284;3324.69903023978;0.022371655340455807;0.8834942873884647;0.09902660373093368;
189597344#0,67.28556123523096;4362.577397292281;0.03867917503178389;1.0631787000760198;0.10994184332514702;
189597344#0,67.45021436625349;4468.257791964301;0.04388279339759464;1.0998001743422359;0.11756741139014167;
189597344#0,67.19981283236082;4449.498439433096;0.04729197764104007;1.1147939666775886;0.124453489267425;
189597344#0,67.34678825468404;4548.3631413639505;0.05276702657110237;1.150399450129257;0.13200557742711486;
189597344#0,68.27283980714428;4900.510268306646;0.06362780654781036;1.235790095378361;0.14170019683353274;
189597344#0,64.46388002466202;3706.565744733692;0.04332040472516997;1.020004759735873;0.1396089367881407;
189597344#0,64.7474509477631;3819.3815921452674;0.047687434035846035;1.050558631094882;0.14508782512887158;
189597344#0,63.951277844098335;3566.286198556973;0.04420833882264051;1.0077188738154779;0.1476678090965269;
189597344#0,66.0746307243991;4316.759457022919;0.06327194520835931;1.1697489703659358;0.1583276394084722;
189597344#0,67.05946792871902;4698.607824315793;0.07576454640800573;1.2630849673271907;0.16757792380523806;
189597344#0,67.68114271646438;4967.575228544401;0.08667961367604994;1.3366798357851664;0.17669308831948646;
189597344#0,68.88404457279225;5466.981558423248;0.10495903686745414;1.4654479855757714;0.18872617155243207;
189597344#0,68.77891991446356;5492.5370474066085;0.11146864944046841;1.4919393646150347;0.1970955203366313;
189597344#0,67.71830860740214;5136.6565452428085;0.10636608792676855;1.4280661405232151;0.20124830325729398;
189597344#0,68.61406548195974;5542.761497456394;0.12387195639397862;1.5409499854351445;0.21272407618411743;
189597344#0,65.05757044222837;4124.147018602523;0.08323886819687931;1.214873976557851;0.204366856126714;
189597344#0,66.90044953591196;4913.460625320297;0.11182201865920953;1.415570069742188;0.21800154438928762;
189597344#0,67.93032880068867;5384.73124780299;0.1320875388470585;1.5455821795018627;0.22974171419971529;
189597344#0,68.59368399394377;5716.867930322456;0.14904968704731356;1.6454627749242143;0.240858671889006;
189597344#0,70.32379943128625;6540.647013949293;0.1858865540225238;1.8769846881837036;0.259008695528763;
189597344#0,67.29732192670453;5225.615605206134;0.14234469797080662;1.5530108750533032;0.25094681317579415;
189597344#0,70.37455052942784;6696.125219362573;0.20577896544720728;1.9589528872584872;0.2770360301377944;
189597344#0,67.24170127299045;5262.204048933084;0.15403118518568246;1.591651146916602;0.2663449351989293;
189597344#0,65.40469865398791;4368.342692319441;0.1206077482715483;1.3587889702039497;0.25989231309342536;
189597344#0,67.77861102420066;5570.597637067795;0.17459301304794644;1.6967131686158665;0.2813107042438354;
189597344#0,66.96404260421629;5181.523650353823;0.16211897041522866;1.6005615842047736;0.2821191081763186;
189597344#0,65.90311322992929;4638.567158168204;0.14154755349249265;1.457540611337439;0.2797190388301727;
189597344#0,60.831952349712836;1687.5354733635631;0.0122531169638588;0.6344797069795716;0.24071116717172453;
189597344#0,60.021744032552256;0.0;0.0;0.0;0.0;
189597344#0,62.037677312689404;2458.2068133982516;0.0460452086568884;0.8494629685882418;0.2510384448281359;
189597344#0,59.92266432122513;0.0;0.0;0.0;0.0;
189597344#0,60.894798374027744;1741.0824066572552;0.014517913024526681;0.6493947098002429;0.2406601131604408;
189597344#0,59.28353173075258;0.0;0.0;0.0;0.0;
189597344#0,60.28614560460615;1362.2949363449484;0.0;0.544369621996274;0.23369100420879055;
189597344#0,60.57876722818542;1565.5888695206504;0.00670258813504556;0.6007301914115121;0.2361072897452082;
189597344#0,61.345846619931514;2058.4139638843308;0.028051644076419212;0.7373378142542887;0.24296217990757607;
189597344#0,61.02945478710558;1853.7566251809878;0.019219056818183682;0.680607752764767;0.24045684968047515;
189597344#0,61.61691236738508;2218.765555168113;0.035154969280625906;0.7820577952025586;0.24589006664560173;
189597344#0,60.539852166438195;1523.528793338389;0.0049448485638639295;0.5889731129582537;0.23651035384745606;
189597344#0,63.06951210623782;3076.7328086205903;0.07299694941489512;1.0216603534693545;0.2587581266654502;
189597344#0,59.76013907248956;0.0;0.0;0.0;0.0;
189597344#0,63.33321821572927;3223.3808223737765;0.0798003844730199;1.0634059882503148;0.26171620357772063;
189597344#0,60.87639391924287;1707.504980101742;0.01319118609255738;0.6400496453132494;0.241611899493973;
-28662749,55.9402874701336;1521.0;0.0;0.6117;0.0;
189597344#0,59.897337079946055;0.0;0.0;0.0;0.0;
-28662749,67.20785182177772;3376.0464855689193;0.00019716471684624878;0.6401258797721769;0.006641605743215148;
189597344#0,60.659949117252964;1579.8043922824293;0.0074963282298923725;0.6044779846138425;0.23876486548079545;
-28662749,66.55000697337177;3331.8742548231303;0.0006888903659002943;0.6637355913691776;0.012946243654660535;
189597344#0,58.54317750992121;0.0;0.0;0.0;0.0;
-28662749,67.44515561585064;3563.041042012672;0.001715451779632392;0.6981726570688482;0.019898933839826966;
189597344#0,63.180565558176795;3145.344247400499;0.07571378273667534;1.0401490440622145;0.25888351282480687;
-28662749,66.73643572099716;3500.002064942449;0.0027722574774050727;0.7190573062431326;0.02640197047378475;
189597344#0,62.41857550463856;2688.2140468802445;0.056173096021718064;0.9137189193211817;0.2542389831969925;
-28662749,67.23455910499524;3664.8713697525272;0.0045089946798563445;0.7532026642419595;0.033363680928956474;
189597344#0,59.15792924323022;0.0;0.0;0.0;0.0;
-28662749,65.63111321630674;3398.9646957836812;0.00522180947171543;0.7531520557431161;0.03902680297552397;
189597344#0,61.12244250380333;1896.5291065691483;0.021244482946358143;0.6926218054191762;0.24228666460791004;
-28662749,67.13727517736825;3772.140021699466;0.00821187468327985;0.8049627465912156;0.046230804041010314;
189597344#0,59.80062549023642;0.0;0.0;0.0;0.0;
-28662749,65.85211199398817;3550.4805045997223;0.009071332750100925;0.8032245565101418;0.05198735990804971;
189597344#0,61.462481177661076;2120.3861682109286;0.030906113187244223;0.7547636606540529;0.2447340388298496;
-28662749,64.49841615804961;3288.6933729585894;0.00920739697254304;0.7905340670785435;0.05668095753604446;
189597344#0,61.255622574470635;1984.4744464712016;0.025052458298036914;0.7170585604296315;0.24329509642518063;
-28662749,66.57628212697402;3810.2779167964727;0.014159037402078214;0.8636541291639372;0.06402964899668434;
189597344#0,59.67194021068363;0.0;0.0;0.0;0.0;
-28662749,67.0754058634775;3987.8985490237505;0.017903174822360222;0.9045028879727538;0.07127157867778522;
189597344#0,63.20263869715352;3155.273373182568;0.07632913099917527;1.0433194668382249;0.2595110349253053;
-28662749,67.68979092248142;4204.619387717419;0.022641518772164776;0.9536974570309954;0.07913787607360193;
189597344#0,61.80834334018412;2315.081005397458;0.03979652915348557;0.809577233315805;0.24926094152917777;
-28662749,63.17961439537504;3103.6773600809447;0.014487823368498014;0.8188256147209034;0.08036305851030037;
189597344#0,59.45472869389977;0.0;0.0;0.0;0.0;
-28662749,67.34835529839191;4220.626591819732;0.02788557752585473;0.9894284263217231;0.0905602893414951;
189597344#0,60.122840843782015;0.0;0.0;0.0;0.0;
-28662749,64.54698160627206;3516.8922685467537;0.022411412543090047;0.9000162676085184;0.09333683549985594;
189597344#0,59.95400870777346;0.0;0.0;0.0;0.0;
-28662749,63.768346755696975;3327.9094170793624;0.021745747637453048;0.8803210124662603;0.09705284019416885;
189597344#0,62.777828205549454;2912.3029139558034;0.06552613729199402;0.97524121087084;0.2557369698008452;
-28662749,66.34977119228685;4078.297811741635;0.03358236406382276;1.0105795633408985;0.10606804618509101;
189597344#0,61.682627008322925;2243.6208468098653;0.036529950546273435;0.7894291514955709;0.24766547819340307;
-28662749,66.60688887565483;4198.368024990252;0.038278124203487515;1.0461504155810337;0.11304624783227354;
189597344#0,59.62688575068569;0.0;0.0;0.0;0.0;
-28662749,67.35556262790665;4470.562145931045;0.04590143122059212;1.110073194679103;0.12131829156632874;
189597344#0,62.32076076804266;2635.2067850612248;0.05365631689536746;0.8985517183044128;0.2528443801609862;
-28662749,66.93471194845175;4395.887111907163;0.048279470658391783;1.1141870609315616;0.12770733668781986;
189597344#0,59.65616056254507;0.0;0.0;0.0;0.0;
-28662749,66.87925767215168;4426.742878893562;0.05235657030880706;1.1360627906350285;0.13452876679162631;
189597344#0,63.24120502360783;3171.841354492145;0.07743109704330224;1.0487786706423734;0.2607511220112971;
-28662749,66.60525845011732;4383.976403948618;0.05500763539991499;1.143265115207553;0.14070686985959951;
189597344#0,59.92188431300103;0.0;0.0;0.0;0.0;
-28662749,67.68383150538531;4785.25260155457;0.06700561038196222;1.2379370643353007;0.15031945198142435;
189597344#0,61.185522215396624;1924.8267861744391;0.022609720273989976;0.7006177859011042;0.2435896632598117;
-28662749,67.08818637218214;4635.871771718651;0.06788828611810203;1.2248516340281874;0.15616814502816578;
189597344#0,61.10283485438778;1868.3906877615755;0.020163984603254994;0.6849059693639624;0.24302132440215454;
-28662749,65.78392604489014;4223.7612901854445;0.06192201090517803;1.1535986228013966;0.15909678139522712;
189597344#0,58.6737418679946;0.0;0.0;0.0;0.0;
-28662749,68.46355575314271;5210.960167497037;0.0895290732150017;1.3767727078851673;0.1737602357494967;
189597344#0,60.543382694080194;1534.1948539729833;0.005376206307440635;0.5919859711046845;0.23615618266690688;
-28662749,67.55582188445756;4938.812032246775;0.08748669510351662;1.3361463937998055;0.17887777836439203;
189597344#0,62.639010235037134;2830.9927944572896;0.061972539212646574;0.9525979208704398;0.2546368225878099;
-28662749,67.93964122781306;5130.455379264446;0.09723003422294715;1.3953976772825443;0.18773543742934026;
189597344#0,62.91557266440897;2981.160645751111;0.06912452563459458;0.995687105030929;0.25841269907880476;
-28662749,69.51868401705154;5791.8442638563865;0.12150521514828075;1.5655797576094057;0.2019057430974213;
189597344#0,60.42358351843883;1405.487686613327;0.0;0.5558015097280428;0.2371277266767377;
-28662749,66.22661205924899;4557.9808682999765;0.09020192037526971;1.2968359394129445;0.19720857570032513;
189597344#0,59.83307637977353;0.0;0.0;0.0;0.0;
-28662749,68.78768625606908;5620.656077844851;0.12711345572027438;1.5621936537927885;0.2146307729500886;
189597344#0,59.15093323881459;0.0;0.0;0.0;0.0;
-28662749,68.7533405103987;5665.2392620029705;0.13443019393755212;1.592223918422295;0.22306425028770438;
189597344#0,62.757212358098656;2899.488607402359;0.06500216741936278;0.9717492202609591;0.2556754566499689;
-28662749,65.51447283957427;4339.8265992823135;0.09485999923155557;1.2814784730161448;0.2152483869461715;
189597344#0,58.881741507985545;0.0;0.0;0.0;0.0;
-28662749,66.26126952219785;4678.588554427681;0.10933578719569753;1.374414740559196;0.22415108530127492;
189597344#0,62.06018891818011;2492.2180376101023;0.04700375659658634;0.8579654979699285;0.24935992156114295;
-28662749,66.97590747772034;5014.662933792521;0.12473950364649683;1.4698107836416137;0.23374977437683592;
189597344#0,61.25303551684179;1985.8092325094842;0.025075018841903503;0.7173902041316665;0.24308214908604506;
-28662749,68.95911739028674;5932.164537107821;0.16305875622184296;1.7192138897911846;0.2514760339250618;
189597344#0,62.433128948113364;2701.7175073705994;0.05659809295564712;0.9171523567519443;0.25383697080915124;
-28662749,70.45727748980346;6671.971371244027;0.19824038917067005;1.9332555561824418;0.2691581564158871;
189597344#0,59.01251870039739;0.0;0.0;0.0;0.0;
-28662749,70.08494951163337;6574.904269546652;0.2024075300667015;1.930835784299022;0.2772011298881714;
189597344#0,59.89802142394091;0.0;0.0;0.0;0.0;
-28662749,70.1048234605948;6653.091412309672;0.2133655728684644;1.9740721354494786;0.28724218379222033;
:9842732475_0,63.600155168940866;3383.169603401475;0.08619346901906769;1.1065861349626558;0.2622817342238069;
-28662749,66.1815996242919;4765.744939320501;0.13953214961066795;1.4732652909548916;0.269109819376561;
:9842732475_0,58.657121368969754;0.0;0.0;0.0;0.0;
-28662749,69.13587673469031;6273.8754650659575;0.20887792408338207;1.9020190066558267;0.29600879998168045;
:9842732475_0,63.385285360227364;3261.9173595858647;0.08084021138389573;1.0726884749308487;0.2605294713984829;
-28662749,70.66222990410542;7101.553431147638;0.2531785200972869;2.1545533317230956;0.31630062499064354;
:9842732475_0,59.471764664950115;0.0;0.0;0.0;0.0;
-28662749,67.02109593639409;5248.9372340455;0.17469150935710837;1.6442564722944075;0.29714213223968367;
:9842732475_0,61.75066605028362;2298.0718672058406;0.038673814535031346;0.8042106395420487;0.2472767403487631;
-28662749,67.945555082307;5764.362191871334;0.20298488380490368;1.8029505742025211;0.3107163293377313;
:9842732475_0,63.24246583845426;3172.1311062529658;0.07747309459230285;1.0489247946028633;0.26083408194334823;
-28662749,68.36909347115258;6020.417395045305;0.22027623993268486;1.89004411204189;0.3212078262792766;
:9842732475_0,58.6813949103513;0.0;0.0;0.0;0.0;
-28662749,67.17537781021915;5374.764766916855;0.19344545299155913;1.7124790470572278;0.317543897586461;
:9842732475_0,60.91152605287243;1766.0772421141376;0.015504923836915816;0.6563171657720155;0.2400524949803093;
-28662749,68.07099743077654;5899.5657306662915;0.22384060813344026;1.8780978770863201;0.33167705041984624;
:9842732475_0,61.204532232813385;1952.777262391887;0.02365977892451345;0.7082315208617759;0.24279097427055332;
-28662749,68.49334853640829;6164.638903030094;0.24241598231077482;1.9696745509300495;0.34248344533464187;
:9842732475_0,62.90066584705842;2974.71857335236;0.06872422967854944;0.9936363602945193;0.25797847445066635;
-28662749,71.42271435643805;7892.922637500717;0.33989832750765325;2.5100138837024613;0.37895705084887016;
189597344#1,59.411116328713035;0.0;0.0;0.0;0.0;
-28662749,71.74045827791055;8153.219061328394;0.3639504528428684;2.6143806289400016;0.39345972721811295;
189597344#1,59.603706086917036;0.0;0.0;0.0;0.0;
-28662749,70.93079064025554;7741.2938853441765;0.35086612272201373;2.5097061267203338;0.3961719705805609;
189597344#1,60.40062624373711;1440.328708166208;0.001307117087941555;0.5659892676154017;0.23474685229778874;
-28662749,67.46141424075502;5604.894395877829;0.23725333833101445;1.8560847579121489;0.36614708739857604;
189597344#1,63.09587497835256;3096.2133360919024;0.07359397563502659;1.026526303667119;0.2583002125082608;
-28662749,67.68184198016446;5752.675819920453;0.2495509770305757;1.9112236827986857;0.37414802244247203;
189597344#1,59.42965384054332;0.0;0.0;0.0;0.0;
-28662749,71.37697396204797;8154.010437326152;0.3953523445816131;2.6887412430952122;0.4248624301304162;
189597344#1,61.389026913921995;2076.177059749769;0.028953491736852452;0.7424387369346066;0.24397168293155672;
-28662749,71.08509969632775;8025.537270051513;0.39696817737043943;2.668599364325145;0.4318886413881228;
189597344#1,60.91666024925226;1770.7834927197648;0.015699322152539722;0.6576209086625623;0.24002387287926386;
-28662749,69.70399593614773;7153.023641745467;0.35184796410301067;2.403053814935115;0.42382085545122955;
189597344#1,62.82072929749255;2930.98039197427;0.06665154014320372;0.9811028010207651;0.25693015349740544;
-28662749,68.82177726304464;6564.782692677616;0.32154672108085236;2.223780558601101;0.4195284609284504;
189597344#1,60.75528614818795;1640.6935441925477;0.010175714031897688;0.6214290477833783;0.23979177998349452;
-28662749,63.252664941113615;2046.8613071794725;0.04417115075130502;0.7491980562920614;0.33613968491246093;
189597344#1,60.516818185150925;1483.9256396248147;0.003301493319953327;0.5777882600404173;0.23738638271052337;
-28662749,58.75431709463059;0.0;0.0;0.0;0.0;
189597344#1,60.23638635399447;1299.3058558121327;0.0;0.5265265699601568;0.234378857010094;
-28662749,58.22682276638978;0.0;0.0;0.0;0.0;
189597344#0,55.9402874701336;1521.0;0.0;0.6117;0.0;
189597344#1,62.1874799254371;2552.703886645773;0.05010427832930316;0.8756672414385493;0.25196974845227227;
-28662749,57.67985453647877;0.0;0.0;0.0;0.0;
189597344#0,67.12388348431276;3361.5823439948517;0.0001927896445273898;0.6397005132906673;0.0065911786658468825;
189597344#1,61.363182743466815;2033.148125691508;0.02743141673937694;0.730908635099203;0.24552464318838751;
-28662749,57.11191707349705;0.0;0.0;0.0;0.0;
189597344#0,66.66401410272292;3351.783644541124;0.0006983495823789034;0.66437972499144;0.012967115781727084;
189597344#1,60.982666890795194;1783.5217865407328;0.01649244664123485;0.6612616702738972;0.2422863861093069;
-28662749,56.52134049963735;0.0;0.0;0.0;0.0;
189597344#0,66.46688001286752;3380.357375849457;0.0014792018324040121;0.6883387443202483;0.019270972034626455;
189597344#1,60.20882484983406;0.0;0.0;0.0;0.0;
-28662749,55.906253754843014;0.0;0.0;0.0;0.0;
189597344#0,65.92189929433324;3336.750728932439;0.0023585876117298617;0.7066148970667883;0.02524464027397768;
189597344#1,59.53241796740652;0.0;0.0;0.0;0.0;
-28662749,55.26455330927539;0.0;0.0;0.0;0.0;
189597344#0,66.69269368274924;3544.6435711557774;0.003940350346429776;0.7403568351922789;0.03184661630315211;
189597344#1,62.29609263445649;2621.101057261614;0.05301545454448426;0.894574165453113;0.2525705654199673;
-28662749,54.59386651802183;0.0;0.0;0.0;0.0;
189597344#0,67.32434092169503;3738.9557522760247;0.006070198364799742;0.7777853891982048;0.038946881372060815;
189597344#1,58.861879846539075;0.0;0.0;0.0;0.0;
-189597344#2,53.89150898408646;0.0;0.0;0.0;0.0;
189597344#0,66.73881385102133;3682.356389983519;0.007707772107858237;0.7951929148841393;0.04550961408714339;
189597344#1,60.832334131612825;1725.0074421388504;0.013644474783112316;0.6448968485046156;0.23877028663734876;
-189597344#2,60.0499471720758;1618.4872730044742;0.007049675416671618;0.6166498753499562;0.21106266418600408;
189597344#0,66.82022442427898;3761.42125475096;0.010016722176248225;0.8234267823420439;0.05228181764745237;
189597344#1,62.37765233217773;2676.582195054509;0.055220309325480825;0.9095926950617718;0.2525248255562338;
-189597344#2,57.022601686255655;0.0;0.0;0.0;0.0;
189597344#0,65.38043823937747;3490.501763053398;0.010428614394373339;0.8128403347274712;0.05758370026404623;
189597344#1,58.993282696455736;0.0;0.0;0.0;0.0;
-189597344#2,61.74366158443621;2555.465563716466;0.041925723322959366;0.8594149837767028;0.21989996049801455;
189597344#0,67.5104317835729;4037.992667427306;0.01603633476024796;0.8929533331202351;0.06568355946841323;
189597344#1,62.15742277150724;2550.9789768342034;0.049553512338654016;0.8742822764814605;0.2501247876752948;
-189597344#2,61.25414275231328;2291.829646949945;0.03226515099005497;0.7914930608935085;0.21784097972848535;
189597344#0,65.08948936050156;3511.9495630651286;0.014418631653912687;0.8469354354601182;0.07011486910296671;
189597344#1,64.04109745498458;3625.4060937345703;0.09745510508201367;1.175661810288647;0.26701468623974517;
-189597344#2,58.284294999930644;0.0;0.0;0.0;0.0;
189597344#0,65.92320877369052;3757.3010331945434;0.018391439368743864;0.8925000618017913;0.07669248661428461;
189597344#1,58.45675919563709;0.0;0.0;0.0;0.0;
-189597344#2,64.09201407554241;3720.6238936942596;0.0865727360453197;1.1642350177472032;0.23547204429117133;
189597344#0,64.95466290972955;3552.543709224283;0.01853987163127874;0.8787943636507066;0.08149590388554823;
189597344#1,63.77465429837868;3476.1096517899646;0.09082498091947382;1.1338029249571187;0.2648706701367128;
-189597344#2,56.560321816483935;0.0;0.0;0.0;0.0;
189597344#0,63.065408457634284;3090.0824591663722;0.015428803334878264;0.8237679455241114;0.0841405774785642;
189597344#1,59.29585022836487;0.0;0.0;0.0;0.0;
-189597344#2,64.53004200046136;3932.408397436308;0.09442976442532959;1.2189939019612388;0.23757635574256047;
189597344#0,66.33943252283804;3982.3912835576402;0.02683306115980978;0.9641165080741018;0.09310377480434145;
189597344#1,61.225029145370904;1957.2248845513259;0.02395171097721328;0.7095699074543131;0.24351111026103067;
-189597344#2,58.34805483598334;0.0;0.0;0.0;0.0;
189597344#0,67.21162933214258;4271.9968981126485;0.03331830811632118;1.0258673693295215;0.10107057448363777;
189597344#1,60.23417062402447;1299.5483546584696;0.0;0.5266181602860371;0.2342875832890021;
-189597344#2,59.568570819619175;1366.2738332366973;0.0;0.5514447627308077;0.20633482570203912;
189597344#0,65.45503730607061;3827.606728613637;0.030304411187310355;0.9707254802915534;0.10506638835104778;
189597344#1,59.41043630897428;0.0;0.0;0.0;0.0;
-189597344#2,61.80882337058936;2581.517198766134;0.043202177902333994;0.866839778906496;0.22136035595147763;
189597344#0,67.02489744938556;4320.728395881851;0.04015724830890928;1.0670991217812824;0.11385175320971601;
189597344#1,60.53121993858905;1533.1491975558972;0.005303987392743329;0.5917415951838265;0.23571309130885937;
-189597344#2,59.57845809661093;1359.955359857454;0.0;0.5496307615844748;0.2070466884122171;
189597344#0,64.38871590610188;3582.524430650428;0.03148181996583327;0.9540487918519698;0.11540312130269416;
189597344#1,63.39137231499801;3265.732809643879;0.08097971034243273;1.073689228295929;0.2605097942448231;
-189597344#2,58.32939843613453;0.0;0.0;0.0;0.0;
189597344#0,63.354558888515704;3289.1811517327715;0.02839204697113716;0.9104952264691061;0.11796482616545063;
189597344#1,59.778780948873724;0.0;0.0;0.0;0.0;
-189597344#2,64.45867693471544;3898.0067674950583;0.09330439300971172;1.2105085647072504;0.23754165966299937;
189597344#0,64.24831363755581;3577.6344669879554;0.034770917400825864;0.969067042461196;0.12389643007976879;
189597344#1,59.80913267027304;0.0;0.0;0.0;0.0;
-189597344#2,58.313855146870836;0.0;0.0;0.0;0.0;
189597344#0,66.63813948669757;4352.317357996582;0.05109528293415888;1.122680361689233;0.13425645148440732;
189597344#1,61.010843029426965;1846.5154570423;0.018861935685425876;0.6785687368461989;0.24001719037941244;
-189597344#2,60.08205359882531;1652.7521785495562;0.008248759940318756;0.6255921661897527;0.21024406418010905;
189597344#0,65.47689820118133;4018.2411691889156;0.04772604125192033;1.0726044398745676;0.13792575173414703;
189597344#1,63.68834635972056;3431.851672723635;0.08842851807944904;1.120396305064233;0.2631884068963497;
-189597344#2,62.33486124238273;2846.0079620026036;0.053498551606038655;0.9363938093833932;0.22550679217872585;
189597344#0,64.4432039709235;3704.231410399554;0.04376407112766702;1.0215874639937261;0.14073496161216906;
189597344#1,58.59378102510742;0.0;0.0;0.0;0.0;
-189597344#2,56.94565321656071;0.0;0.0;0.0;0.0;
189597344#0,66.78941528518311;4513.602089712994;0.06339631132415854;1.1927763694023095;0.15206739736829622;
189597344#1,62.26901088821627;2615.251562864336;0.05242982891711907;0.8923005985974057;0.2512826123114684;
-189597344#2,64.12127224562175;3734.943144611138;0.08705886336500548;1.1678171181739505;0.23551495358610838;
189597344#0,66.99405218880673;4626.195156211459;0.06961641019144815;1.2306536438165014;0.15944151610462065;
189597344#1,59.3243311304462;0.0;0.0;0.0;0.0;
-189597344#2,58.497271260376465;0.0;0.0;0.0;0.0;
189597344#0,66.75465249901491;4584.224162401226;0.07238773374038006;1.2365482850144587;0.1655814731536205;
189597344#1,65.53713586829099;4443.880267159522;0.13337700629639873;1.4041439532438713;0.2777793213346151;
-189597344#2,61.16687801569516;2240.654422639565;0.03044863292972328;0.7784030391247475;0.21779646719496618;
189597344#0,68.25832173964783;5169.031352296414;0.09116840695260138;1.3779398757905057;0.17743232480248672;
189597344#1,57.605068240996175;0.0;0.0;0.0;0.0;
-189597344#2,60.82015710977306;2047.8614905655259;0.023273349159723785;0.7284105520196891;0.21613294569439648;
189597344#0,68.48491505425415;5311.645157502671;0.10013577040375365;1.4285734683289077;0.18641761670123125;
189597344#1,61.93597565044261;2418.6447585973547;0.04376319665094211;0.8374493002775579;0.24819927012790116;
-189597344#2,60.00083334996659;1589.8517365085813;0.005971553805200883;0.6091976431465552;0.21076578478677982;
189597344#0,69.20965147977162;5649.22306113374;0.11525667699962083;1.5253230192046565;0.1976560939847562;
189597344#1,62.05145270459836;2478.881490802928;0.04663571429089187;0.8546509138149991;0.2500373812290396;
-189597344#2,59.021708985767496;0.0;0.0;0.0;0.0;
189597344#0,67.11288511203222;4893.849119746877;0.09858995227094379;1.369650424001174;0.19794990010492206;
189597344#1,61.395923021994314;2065.338092591912;0.028691875613659386;0.739697243193973;0.24506143325749746;
-189597344#2,58.540423655069205;0.0;0.0;0.0;0.0;
189597344#0,65.63115439057525;4333.752142093233;0.08534096745269809;1.2505648746432807;0.19828190191028158;
189597344#1,61.77912379248277;2298.273394852729;0.039030984492145517;0.8048407440799112;0.24890596700737144;
-189597344#2,61.56474705259451;2459.0266582951836;0.03843770726233814;0.8346791645641045;0.21929576813069304;
189597344#0,69.41190420026359;5899.812451158673;0.13856608165913695;1.6377590168020335;0.2209881622704175;
189597344#1,60.27942287212613;1314.7397065354846;0.0;0.5306262442411325;0.23536458367027108;
-189597344#2,58.20629343311177;0.0;0.0;0.0;0.0;
189597344#0,68.0042504467823;5377.231475304261;0.12739097075314024;1.5297489708967489;0.22335261967446263;
189597344#1,59.03551233766627;0.0;0.0;0.0;0.0;
-189597344#2,60.97909381232501;2158.253680730826;0.026985152465824794;0.7563476741422502;0.2148440349379042;
189597344#0,70.18387522094133;6357.001783653879;0.1670129628344233;1.792475680947931;0.24234484026579672;
189597344#1,63.51953148640928;3334.2608367086245;0.08433635285138309;1.0936050997003126;0.2623378000275923;
-189597344#2,60.09038749001349;1671.6897970422835;0.008868967602198144;0.6305138377380184;0.20935269031371342;
189597344#0,65.38164205815957;4309.530983548004;0.09997476053831407;1.2923648786877053;0.2260692378549377;
189597344#1,59.86894114425433;0.0;0.0;0.0;0.0;
-189597344#2,59.88339336723488;1557.1373586304996;0.004593962864906698;0.6009093815585479;0.20786517931105206;
189597344#0,68.0421193828673;5519.4509438628265;0.14734097469664606;1.6115303314189366;0.24593490519441527;
189597344#1,59.48604190962463;0.0;0.0;0.0;0.0;
-189597344#2,64.2869246599112;3815.038310159369;0.0901970728740506;1.1889757184296075;0.236661635385575;
189597344#0,67.85066989152931;5471.469232296276;0.15057120041392788;1.6139204796911757;0.2523319641272408;
189597344#1,60.3085768142443;1378.686450814304;0.0;0.5489224427424498;0.2338551970730759;
-189597344#2,59.709508387923734;1418.1996352107135;0.0;0.5645100391217098;0.20894517656944525;
189597344#0,65.1990506217756;4253.7148781757915;0.10751650243503583;1.305272483362246;0.24299140029936311;
189597344#1,63.62297760813434;3395.503874763332;0.0867852239108058;1.1101437687023148;0.2625749963745432;
-189597344#2,57.23583339562414;0.0;0.0;0.0;0.0;
189597344#0,66.57006731827022;4919.071017717278;0.13642137602275586;1.4891771360748909;0.256194048146242;
189597344#1,60.82495356625859;1693.1273699120673;0.012434136428946214;0.6360435205418324;0.240122647088431;
-189597344#2,63.54281736143297;3453.1473393031797;0.07623470639257195;1.0939734470495313;0.23188572895498893;
189597344#0,67.60418320722277;5438.107356166315;0.16134421049815378;1.6394590636398112;0.2688308322438475;
189597344#1,62.34499732560507;2641.6823732387707;0.05420320843769281;0.900873100688599;0.2538802485749025;
-189597344#2,57.6455865177219;0.0;0.0;0.0;0.0;
189597344#0,67.00500272170041;5169.414214421344;0.15451617531266307;1.5783056398742579;0.2714577943611458;
189597344#1,59.01504690338096;0.0;0.0;0.0;0.0;
-189597344#2,62.599817101319374;2985.2678002289554;0.058440552686708;0.971876850109729;0.22612155433614725;
189597344#0,59.42931491350559;0.0;0.0;0.0;0.0;
189597344#1,61.14901371849305;1912.3725265890923;0.021948905460036586;0.6970416389833837;0.24259730744631083;
-189597344#2,58.74743870596504;0.0;0.0;0.0;0.0;
189597344#0,59.31419240364942;0.0;0.0;0.0;0.0;
189597344#1,60.63825489773105;1577.4094458897032;0.007337331966147323;0.6038695636290806;0.23798530212544772;
-189597344#2,62.596903096347354;2980.7099598006425;0.05850203485004433;0.9712632011552974;0.2267702725493413;
189597344#0,63.80933416183631;3542.910371417322;0.08769642640702913;1.137895949637692;0.25169320960072156;
189597344#1,60.461114466431134;1462.94396422155;0.0023368248508648347;0.5720951914775312;0.23611758637355237;
-189597344#2,57.70479669462975;0.0;0.0;0.0;0.0;
189597344#0,58.552122811005006;0.0;0.0;0.0;0.0;
189597344#1,63.31521863826183;3215.048279354532;0.07928971756877451;1.0607545696637666;0.26122281515631485;
-189597344#2,60.266537623659204;1765.6371591658794;0.012404239592233333;0.6548293014274986;0.21079217053642402;
189597344#0,60.584243637782;1733.9029221493504;0.012849751132097357;0.647107181798563;0.22729952572316253;
189597344#1,60.630504967825296;1549.7392118724606;0.0062231779658102355;0.5960463232066827;0.23896812810597948;
-189597344#2,58.98161329205973;0.0;0.0;0.0;0.0;
189597344#0,60.69064259766692;1797.779312032631;0.01547265526850813;0.6643643300657875;0.2281958792548257;
189597344#1,61.338265490224;2014.5226436515165;0.026646536996393924;0.7257488601009989;0.24547710908477893;
-189597344#2,60.555219003146014;1932.226838756242;0.01853214375678368;0.6978445689733281;0.21202055797594063;
189597344#0,60.16747528812462;1476.254827994939;0.0023096379111743944;0.5775617965787347;0.2238994575276978;
189597344#1,59.120549665077306;0.0;0.0;0.0;0.0;
-189597344#2,63.20935543168338;3289.2117304019557;0.06995917993193443;1.0510826042428358;0.22978202586681146;
189597344#0,63.70705795904936;3487.5126768712676;0.08556220985130027;1.1232394125040512;0.25136520331422646;
189597344#1,61.169061315527884;1924.9964794626314;0.022502889367807064;0.7005573983061071;0.2427903607580057;
-189597344#2,59.47933895065066;1296.8642636285304;0.0;0.533188871417417;0.20660754363667103;
189597344#0,58.88310739109416;0.0;0.0;0.0;0.0;
189597344#1,61.07165085287271;1859.339648244388;0.01966288374690705;0.6823057888665491;0.24209337027642772;
-189597344#2,61.365156162730756;2342.6881748245905;0.03438862407746854;0.8051252662019971;0.21941307775378444;
189597344#0,61.27943730939916;2138.640073625726;0.029616028943704208;0.7567542296048815;0.23353192137494383;
189597344#1,62.104204453045504;2499.0576351560235;0.04783400017232342;0.8608556048752841;0.2515711558467343;
-189597344#2,58.96774640815724;0.0;0.0;0.0;0.0;
189597344#0,59.42862631446525;0.0;0.0;0.0;0.0;
189597344#1,59.343824942934155;0.0;0.0;0.0;0.0;
-189597344#1,59.71606080310568;1443.5374083852646;0.00040970611284304494;0.5713467246093455;0.2077960793731966;
189597344#0,63.855197990960434;3564.6196737439786;0.08899902563742282;1.1447866549364307;0.25289957727919943;
189597344#1,62.31386450329705;2629.187904268047;0.05345280040127644;0.8969911466042838;0.25298193507239636;
-189597344#1,61.177993249578996;2248.157917180329;0.030696076516242975;0.780287742170472;0.2177036583100006;
189597344#0,57.765706400462534;0.0;0.0;0.0;0.0;
189597344#1,60.19756869473006;0.0;0.0;0.0;0.0;
-189597344#1,61.25014605527507;2279.2149429582214;0.03204289857764674;0.7887008675925712;0.21893631896442542;
189597344#0,63.59189551033395;3425.861086999276;0.08303920082321743;1.1065637702375546;0.25065961364229106;
189597344#1,60.64839229042221;1579.6611839727373;0.007455849385150549;0.6044741092498546;0.23829545806955416;
-189597344#1,59.60453227224814;1360.6785449874696;0.0;0.5496047699529952;0.20799652203292324;
189597344#0,60.03127308102957;1355.3587300128531;0.0;0.5444928296111818;0.22437462389806095;
189597344#1,60.60584209255909;1554.8763599843032;0.006358790336346377;0.597600593274549;0.23772386409678486;
-189597344#1,60.00447403517462;1596.2762092622568;0.0061930392442215414;0.6108888731096856;0.210520507114603;
189597344#0,58.42985911654087;0.0;0.0;0.0;0.0;
189597344#1,59.255680587844;0.0;0.0;0.0;0.0;
-189597344#1,60.34309470778869;1787.103807680221;0.013391580558951361;0.6605091307964174;0.21281428271971517;
189597344#0,63.89587940131182;3587.4758308777464;0.08974005625762332;1.1504906230581988;0.2527139745091996;
189597344#1,64.54594468851775;3906.9810392605477;0.1095316087530974;1.2535830069218092;0.2701389616202576;
-189597344#1,58.49642486862927;0.0;0.0;0.0;0.0;
189597344#0,60.97767635279497;1521.0;0.0;0.6117;0.0;
189597344#0,60.97767635279497;1521.0;0.0;0.6117;0.0;
189597344#1,58.28026837720982;0.0;0.0;0.0;0.0;
-189597344#1,58.643932657898816;0.0;0.0;0.0;0.0;
189597344#0,68.2737064987568;5953.827535883092;0.04913463715329525;1.5219900206465353;0.2470636249257149;
189597344#0,68.2737064987568;5953.827535883092;0.04913463715329525;1.5219900206465353;0.2470636249257149;
189597344#1,64.72953039774707;4006.8616051955637;0.1141233798254343;1.281969296059835;0.27188231556995546;
-189597344#1,61.51050365886689;2435.1602955849876;0.037401959475444925;0.8281902372954497;0.21841541427002278;
189597344#0,67.62342144712082;5180.699636106476;0.018150855817059594;1.339605222997257;0.2440808156525646;
189597344#0,67.62342144712082;5180.699636106476;0.018150855817059594;1.339605222997257;0.2440808156525646;
189597344#1,58.22709424997506;0.0;0.0;0.0;0.0;
-189597344#1,58.912728316998624;0.0;0.0;0.0;0.0;
189597344#0,67.43414266745575;3446.6402115800684;0.0015549763876060991;0.691665019730911;0.01944467946019913;
189597344#0,67.43414266745575;3446.6402115800684;0.0015549763876060991;0.691665019730911;0.01944467946019913;
189597344#1,63.3348780950525;3229.655068757617;0.07969040611741281;1.0642900675377331;0.26078359574324866;
-189597344#1,62.96344983726475;3168.75640813429;0.06522713719058867;1.0192678951330678;0.22788152302192402;
189597344#0,67.01015977879989;5236.554831008758;0.023123815491057128;1.4043395988817093;0.2559168321095255;
189597344#0,67.01015977879989;5236.554831008758;0.023123815491057128;1.4043395988817093;0.2559168321095255;
189597344#1,58.83620981941226;0.0;0.0;0.0;0.0;
-189597344#1,60.553474729176024;1907.4633843953964;0.01789352020202213;0.6917727810418723;0.21392492379585332;
189597344#0,66.6527561703507;5037.832734860665;0.0169188416585802;1.3732299220322908;0.2594522267429368;
189597344#0,66.6527561703507;5037.832734860665;0.0169188416585802;1.3732299220322908;0.2594522267429368;
189597344#1,63.700360247933396;3436.322313416931;0.08885418944797926;1.1221762555638164;0.26380354571364906;
-189597344#1,59.831645360476344;1502.1550312960512;0.0026308206143793355;0.5864707804023084;0.20904728051094665;
189597344#0,67.09859483819338;5589.787297759149;0.03635112381250767;1.516691190661779;0.2714653252469699;
189597344#0,67.09859483819338;5589.787297759149;0.03635112381250767;1.516691190661779;0.2714653252469699;
189597344#1,58.29836297525535;0.0;0.0;0.0;0.0;
-189597344#1,59.904727725304625;1547.501993936082;0.004322160418631014;0.5982682726232823;0.20934081418133282;
189597344#0,66.09789787830506;3310.526313204271;0.0057297988070302;0.7557429837083045;0.04231735407389199;
189597344#0,66.09789787830506;3310.526313204271;0.0057297988070302;0.7557429837083045;0.04231735407389199;
189597344#1,64.2100190025512;3721.743110216375;0.10136553053143643;1.2017965441575127;0.26758947257030724;
-189597344#1,59.090776047752094;0.0;0.0;0.0;0.0;
189597344#0,66.80467698235941;6276.225301803231;0.07366124099028053;1.7641437937354705;0.29322086278820825;
189597344#0,66.80467698235941;6276.225301803231;0.07366124099028053;1.7641437937354705;0.29322086278820825;
189597344#1,61.131123067907716;1882.575945702487;0.02082693709776099;0.6888948235919786;0.24352013385234922;
-189597344#1,60.280504458317665;1770.9390829727436;0.012622990824743689;0.6562139020217591;0.2110591302959505;
189597344#0,67.8209827667384;3871.9837332581915;0.011383301987888136;0.8425037077497723;0.055063932752950295;
189597344#0,67.8209827667384;3871.9837332581915;0.011383301987888136;0.8425037077497723;0.055063932752950295;
189597344#1,58.16591502666692;0.0;0.0;0.0;0.0;
-189597344#1,59.62083103821206;1400.7137994294162;0.0;0.5604112306378201;0.20646664639876028;
189597344#0,68.3260292178498;4062.3381917077936;0.01503990864031833;0.886085456113691;0.06273312291727223;
189597344#0,68.3260292178498;4062.3381917077936;0.01503990864031833;0.886085456113691;0.06273312291727223;
189597344#1,64.54476910563746;3905.8940923610176;0.10958990387899051;1.2535370659912304;0.2703411833634887;
-189597344#1,63.66360993993762;3511.3645650330914;0.07866777295223652;1.1097437907097671;0.23310771941427932;
189597344#0,68.56445701160422;7666.3797922592075;0.1162625320818435;2.098329976644606;0.32499932792645553;
189597344#0,68.56445701160422;7666.3797922592075;0.1162625320818435;2.098329976644606;0.32499932792645553;
189597344#1,58.456983406621994;0.0;0.0;0.0;0.0;
-189597344#1,58.917246670492425;0.0;0.0;0.0;0.0;
189597344#0,65.4131360818597;3302.807865991178;0.013727584994657356;0.8278343175170343;0.07243951710385355;
189597344#0,65.4131360818597;3302.807865991178;0.013727584994657356;0.8278343175170343;0.07243951710385355;
189597344#1,63.38795357998971;3259.24438564011;0.08104564635441523;1.072674790831909;0.2613316039377142;
-189597344#1,57.86922365815418;0.0;0.0;0.0;0.0;
189597344#0,66.00839321666479;3575.6079567147444;0.017685536766352337;0.8747367555333094;0.07851439191129211;
189597344#0,66.00839321666479;3575.6079567147444;0.017685536766352337;0.8747367555333094;0.07851439191129211;
189597344#1,60.92349677749715;1750.077724618366;0.014982822751186151;0.651917963547306;0.24144899679862986;
-189597344#1,64.39955725184258;3869.5003079616254;0.09222038934293122;1.2030661195336776;0.23720491671442046;
189597344#0,65.22665691578705;4872.168709486802;0.026863441554045735;1.4679994198617117;0.3082933909764312;
189597344#0,65.22665691578705;4872.168709486802;0.026863441554045735;1.4679994198617117;0.3082933909764312;
189597344#1,58.84171302452211;0.0;0.0;0.0;0.0;
-189597344#1,58.15012661287575;0.0;0.0;0.0;0.0;
189597344#0,67.82770095418748;7523.212422148261;0.12376893566456142;2.13661889405617;0.34522801043575757;
189597344#0,67.82770095418748;7523.212422148261;0.12376893566456142;2.13661889405617;0.34522801043575757;
189597344#1,63.903111420001714;3549.279145600337;0.0939504230979412;1.1540263009180383;0.26563720428055887;
-189597344#1,60.576557779756;1926.4893498545462;0.018533326049260102;0.6966250786738556;0.2135698385406721;
189597344#0,68.03817500760337;4291.503679058596;0.03184140052792987;1.0189798384998403;0.09758625578012481;
189597344#0,68.03817500760337;4291.503679058596;0.03184140052792987;1.0189798384998403;0.09758625578012481;
189597344#1,58.81870778666787;0.0;0.0;0.0;0.0;
-189597344#1,60.58695033722053;1928.480424328629;0.018653854077322136;0.6971978875133856;0.2139354767237967;
189597344#0,65.96582712542107;5462.914043783355;0.047662498708306876;1.622344284541123;0.33197927514544845;
189597344#0,65.96582712542107;5462.914043783355;0.047662498708306876;1.622344284541123;0.33197927514544845;
189597344#1,60.05574116040251;0.0;0.0;0.0;0.0;
-189597344#1,57.56084780289107;0.0;0.0;0.0;0.0;
189597344#0,66.01133031818301;3765.911843084203;0.02997755197064361;0.9634743395169743;0.10598575172713921;
189597344#0,66.01133031818301;3765.911843084203;0.02997755197064361;0.9634743395169743;0.10598575172713921;
189597344#1,62.38150860439974;2679.15580505418;0.05532307381259135;0.9102899039512253;0.25252573212897494;
-189597344#1,62.7470781847188;3061.8670785794425;0.061105731962497134;0.991244140180773;0.22636483937779073;
189597344#0,67.78008953415444;7307.672770165154;0.11465995204941803;2.092392656657925;0.36199296536532044;
189597344#0,67.78008953415444;7307.672770165154;0.11465995204941803;2.092392656657925;0.36199296536532044;
189597344#1,61.298115244744025;2005.4521235300306;0.026042583644183673;0.7229806319469166;0.24405761119033284;
-189597344#1,58.89054477446561;0.0;0.0;0.0;0.0;
189597344#0,67.71403387448578;4366.298302338872;0.044459912694929576;1.0929812814791937;0.1211604747767831;
189597344#0,67.71403387448578;4366.298302338872;0.044459912694929576;1.0929812814791937;0.1211604747767831;
189597344#1,60.49477637374453;1477.9494373936755;0.003013014232279782;0.5761986474854249;0.23677947370886826;
-189597344#1,59.43049611532522;1297.0342728129663;0.0;0.5337271866111606;0.20479981593497598;
189597344#0,66.75558074516792;5503.9841326443375;0.044783915957048365;1.6268837041252744;0.3503720346849663;
189597344#0,66.75558074516792;5503.9841326443375;0.044783915957048365;1.6268837041252744;0.3503720346849663;
189597344#2,59.15062826850967;0.0;0.0;0.0;0.0;
-189597344#1,62.547422612786185;2960.7213149824743;0.05737664213058559;0.965153858630109;0.22541658046570254;
189597344#0,68.24692755301712;6509.059781392729;0.07609962851524704;1.86420067900971;0.3659838624344953;
189597344#0,68.24692755301712;6509.059781392729;0.07609962851524704;1.86420067900971;0.3659838624344953;
189597344#2,61.537232152302636;2174.517068114519;0.033141331174009726;0.7696298670867104;0.24482808823752344;
-189597344#1,58.8698881468521;0.0;0.0;0.0;0.0;
189597344#0,69.21573852602519;7353.677420779059;0.1070607127137301;2.081921032363224;0.3826854458848156;
189597344#0,69.21573852602519;7353.677420779059;0.1070607127137301;2.081921032363224;0.3826854458848156;
189597344#2,63.700311374140796;3436.1767875773676;0.08885951596955202;1.122162800868665;0.2638298880448813;
-189597344#1,63.272681060619256;3318.530219506279;0.07135262088217911;1.0594500571223167;0.2308536273779441;
189597344#0,69.45968148179385;5261.080997358242;0.07811016128815416;1.3369033501663004;0.15538188863662353;
189597344#0,69.45968148179385;5261.080997358242;0.07811016128815416;1.3369033501663004;0.15538188863662353;
189597344#2,58.68967916614324;0.0;0.0;0.0;0.0;
-189597344#1,60.18086443517569;1687.9411548008761;0.00970452240390946;0.6347207930305805;0.2122703770573114;
189597344#0,67.5515513144026;6452.556526732093;0.08913233352565898;1.9123813365934252;0.38802183292788833;
189597344#0,67.5515513144026;6452.556526732093;0.08913233352565898;1.9123813365934252;0.38802183292788833;
189597344#2,63.099855609383404;3094.7148119234266;0.07375951931700686;1.0266190803812214;0.2589276949971624;
-189597344#1,56.73741306844833;0.0;0.0;0.0;0.0;
189597344#0,67.34104632137422;6961.2087476629185;0.1178551637063471;2.0783235696785365;0.402734235053884;
189597344#0,67.34104632137422;6961.2087476629185;0.1178551637063471;2.0783235696785365;0.402734235053884;
189597344#2,60.78056954422699;1659.649064008942;0.010993820245015738;0.6267148282351644;0.23992010011798692;
-189597344#1,62.780678858380014;3078.141646482041;0.06176471493859194;0.9955890700246228;0.22668791196320523;
189597344#0,67.20493676564136;6156.275275222265;0.0843956556837878;1.8599956774253297;0.397609898404516;
189597344#0,67.20493676564136;6156.275275222265;0.0843956556837878;1.8599956774253297;0.397609898404516;
189597344#2,60.684754867655414;1598.0330599564422;0.008286087593662115;0.6095609476445917;0.23891927601247212;
-189597344#1,57.82877612240095;0.0;0.0;0.0;0.0;
189597344#0,67.6676565249607;4789.650463716771;0.08333943478076755;1.3025229215699345;0.17712054892661014;
189597344#0,67.6676565249607;4789.650463716771;0.08333943478076755;1.3025229215699345;0.17712054892661014;
189597344#2,59.13504367433618;0.0;0.0;0.0;0.0;
-189597344#1,64.37315561522547;3856.8981239185696;0.09157401607365744;1.19932448711203;0.2367078717049871;
189597344#0,69.46883498417624;7692.557173730659;0.1399479583075929;2.2523222488153323;0.4246610536817731;
189597344#0,69.46883498417624;7692.557173730659;0.1399479583075929;2.2523222488153323;0.4246610536817731;
189597344#2,61.356865971826046;2056.34956715193;0.028084939372511185;0.7369220510823323;0.2436665039939378;
-189597344#1,60.18179606259039;1691.507617050562;0.009819130201083433;0.6356488873079764;0.21207469318163497;
189597344#0,68.68525380273704;6643.375732500413;0.10481957360386708;1.9962397170575383;0.4196124426096568;
189597344#0,68.68525380273704;6643.375732500413;0.10481957360386708;1.9962397170575383;0.4196124426096568;
189597344#2,59.66726736200872;0.0;0.0;0.0;0.0;
-189597344#1,60.620670149443285;1934.2206405086054;0.01902918563398346;0.6988857391881096;0.2151825861548764;
189597344#0,66.50577937065768;4248.604536056337;0.0802788523813639;1.2224090088082684;0.19279418969005016;
189597344#0,66.50577937065768;4248.604536056337;0.0802788523813639;1.2224090088082684;0.19279418969005016;
189597344#2,64.21467336749299;3725.3830729278475;0.10135168752488455;1.2023968710960042;0.26726136154570207;
-189597344#1,60.23600426685557;1717.6775498775683;0.010840721888066725;0.6424688763809134;0.21274167199825575;
189597344#0,68.23579773778043;8318.372343829598;0.19085204694716632;2.506594794198085;0.45653225063312075;
189597344#0,68.23579773778043;8318.372343829598;0.19085204694716632;2.506594794198085;0.45653225063312075;
189597344#2,59.24854995048819;0.0;0.0;0.0;0.0;
-189597344#1,59.19346710649612;0.0;0.0;0.0;0.0;
189597344#0,66.80889001001746;4540.251381695258;0.0950525479034191;1.3102894824930804;0.20628099265331398;
189597344#0,66.80889001001746;4540.251381695258;0.0950525479034191;1.3102894824930804;0.20628099265331398;
189597344#2,63.58316082699153;3368.3845541919136;0.08601346350377741;1.1035401362270234;0.263242529910304;
-189597344#1,60.601578504242056;1929.1290326855003;0.018769348048960667;0.6974775457275857;0.21462320785189454;
189597344#0,69.25224690783554;8452.575366589434;0.19441126899069996;2.5361403048276236;0.4680001448752762;
189597344#0,69.25224690783554;8452.575366589434;0.19441126899069996;2.5361403048276236;0.4680001448752762;
189597344#2,58.017988626782056;0.0;0.0;0.0;0.0;
-189597344#1,58.34137418374133;0.0;0.0;0.0;0.0;
189597344#0,67.57788814118277;4946.4309445088575;0.11619219265287875;1.433887311738007;0.2234590385489055;
189597344#0,67.57788814118277;4946.4309445088575;0.11619219265287875;1.433887311738007;0.2234590385489055;
189597344#2,60.7603200056942;1682.5389794354758;0.011774743706806477;0.6331218413139419;0.23788210148551672;
-189597344#1,61.86095072324239;2606.179317678976;0.04422692114049208;0.8734654316762882;0.2220091112634224;
189597344#0,69.11972014908814;5746.142570395131;0.14868441556722228;1.6485510172524307;0.2393278230186537;
189597344#0,69.11972014908814;5746.142570395131;0.14868441556722228;1.6485510172524307;0.2393278230186537;
189597344#2,62.84186480828665;2950.278830258846;0.06715377539684658;0.9857481277524954;0.256153175274522;
-189597344#1,60.80127428249058;2037.004916904144;0.0228712226203196;0.7255961330331181;0.21605928066640107;
189597344#0,67.5632972889876;7614.024746979858;0.1788382659444956;2.368412991324831;0.4774899892537128;
189597344#0,67.5632972889876;7614.024746979858;0.1788382659444956;2.368412991324831;0.4774899892537128;
189597344#2,60.57619988067634;1537.1944686309294;0.005579533960007689;0.5926986200883864;0.23734491064056526;
-189597344#1,56.94214126759533;0.0;0.0;0.0;0.0;
189597344#0,67.06503891458816;6591.13132326997;0.13917355691284697;2.098062936889963;0.47013751751310406;
189597344#0,67.06503891458816;6591.13132326997;0.13917355691284697;2.098062936889963;0.47013751751310406;
189597344#2,60.21656846809939;1299.293678202315;0.0;0.5267101959063566;0.23364822588267056;
-189597344#1,63.32218860103464;3345.5703034180765;0.07199940464973713;1.0655237618259705;0.23021301090704524;
189597344#0,69.19814474658293;5867.239791880878;0.1669731695530785;1.721175531988415;0.2589150815692268;
189597344#0,69.19814474658293;5867.239791880878;0.1669731695530785;1.721175531988415;0.2589150815692268;
189597344#2,63.56776258503531;3360.29515653693;0.08559925352029243;1.1011464791240035;0.26298778885246427;
-189597344#1,57.525413052355006;0.0;0.0;0.0;0.0;
189597344#0,70.46248433167518;6575.375838401771;0.20149468474549606;1.9282719386411342;0.27611915991690167;
189597344#0,70.46248433167518;6575.375838401771;0.20149468474549606;1.9282719386411342;0.27611915991690167;
189597344#2,58.4620620678474;0.0;0.0;0.0;0.0;
-189597344#1,64.02614478339031;3689.0831659175165;0.08517967600540152;1.1554841820455732;0.23467057813981151;
189597344#0,67.10232200738825;6519.283358981634;0.14757810115015615;2.110553862155896;0.48781290328555516;
189597344#0,67.10232200738825;6519.283358981634;0.14757810115015615;2.110553862155896;0.48781290328555516;
189597344#2,63.68537408133029;3427.930280298289;0.08847831423411937;1.1198166948955515;0.2636727424260855;
-189597344#1,58.76866525330861;0.0;0.0;0.0;0.0;
:9842732475_0,63.456399393144984;3351.2285277767232;0.08016619416395827;1.0868108613901812;0.25026397390267613;
189597344#0,67.01699544787854;5172.06285728698;0.15397040281106295;1.5772470580775457;0.2705205622678802;
189597344#2,58.46555484626621;0.0;0.0;0.0;0.0;
-189597344#1,59.88865833797006;1544.398719532262;0.004181826487155185;0.597505860654577;0.20886407277623706;
:9842732475_0,57.33911310075396;0.0;0.0;0.0;0.0;
189597344#0,66.97136640248279;5168.222843574489;0.15772172555083436;1.5867394366760643;0.2762697114167324;
189597344#2,60.524229496479045;1524.1943451301129;0.0049328107432450065;0.589232672218947;0.23584989253677408;
-189597344#1,61.16494665592672;2241.885380601571;0.030444237051694488;0.7786279925909033;0.21755113989918634;
:9842732475_0,62.86715773720924;3039.200181158054;0.06666177986271701;1.0006829954739203;0.24471776299561024;
189597344#0,69.74715170276268;6595.567401492041;0.22507227062959442;1.9973816864378393;0.30294968718915255;
189597344#2,62.400246135807876;2692.512977941083;0.05582824496412313;0.9138512945300179;0.2524336942667509;
-189597344#1,60.45785354901263;1853.5226245124393;0.015872313374564996;0.6777617151309759;0.2133838490407454;
:9842732475_0,59.30802590001723;0.0;0.0;0.0;0.0;
189597344#0,69.69980948695462;6627.349129897379;0.2337420121705097;2.0257775638060025;0.3118665851013837;
189597344#2,62.98395882600665;3023.3253932876282;0.07086273491702277;1.0072141869124542;0.2586407194880662;
-189597344#1,61.17027469970692;2235.5461187033484;0.030409629712480107;0.7773600027165037;0.21852633965756413;
:9842732475_0,62.36148887250178;2757.7783954875445;0.05518010416622729;0.9246601454498289;0.24154693775566627;
189597344#0,61.5744005578412;2107.6973021033727;0.03158419141303055;0.7528872420456728;0.25144840327815676;
189597344#2,60.27363998245451;1307.9822953761513;0.0;0.5287087217640863;0.23541557968826224;
-189597344#1,57.357166768783955;0.0;0.0;0.0;0.0;
:9842732475_0,61.40296165400713;2200.886797843465;0.03237309440229143;0.7739340746374375;0.2353267694244603;
189597344#0,60.211028885231556;0.0;0.0;0.0;0.0;
189597344#2,58.699306464814754;0.0;0.0;0.0;0.0;
-189597344#1,62.68126493826393;3025.444559164913;0.060022840290931634;0.9824931868952091;0.22678460232636702;
:9842732475_0,58.57090726776434;0.0;0.0;0.0;0.0;
189597344#0,63.159909551062626;3087.2668108381504;0.07590618607547171;1.0299169995670734;0.2657764281803669;
189597344#2,63.2162086676051;3163.2723583658008;0.07666591734256492;1.0455192232790327;0.25958185231130343;
-189597344#1,59.89001799305318;1532.8699161090422;0.00379595067461266;0.5944243184288273;0.20961373047201495;
:9842732475_0,59.57738408769579;0.0;0.0;0.0;0.0;
189597344#0,59.4485838129217;0.0;0.0;0.0;0.0;
189597344#2,61.54153363035552;2150.178319778767;0.03251691844847149;0.7634961205268705;0.24682297215701346;
-189597344#1,58.137392559742466;0.0;0.0;0.0;0.0;
:9842732475_0,64.66446892354453;3989.6198041386833;0.10651666133100243;1.2600613509762528;0.25801225983024745;
189597344#0,62.34555201709557;2593.9308964950433;0.053552019242951096;0.8902839758454804;0.25861437660245734;
189597344#2,60.20314640073276;0.0;0.0;0.0;0.0;
-189597344#1,63.58657903511785;3473.891103338262;0.07717079058066137;1.0997728567443374;0.23248974098786543;
:9842732475_0,60.70373256884095;1771.3513512778172;0.01466636718812075;0.6573482323351223;0.23041512018177174;
189597344#0,58.04492901942268;0.0;0.0;0.0;0.0;
189597344#2,58.86858044386466;0.0;0.0;0.0;0.0;
-189597344#1,57.42075556530374;0.0;0.0;0.0;0.0;
:9842732475_0,59.751801660915795;0.0;0.0;0.0;0.0;
189597344#0,61.56838352957614;2131.2655516017808;0.03223562326345805;0.7589797347227242;0.24956070960125246;
189597344#2,63.53678909631063;3345.854267635985;0.08469008830960312;1.096484618382569;0.26210524703501126;
-189597344#1,60.364562157241146;1821.5418390136992;0.014476370017437373;0.6692896328152357;0.21130195536231297;
:9842732475_0,60.59697555764865;1715.738165602943;0.012286673877785448;0.6422257754982493;0.22893659320148654;
189597344#0,61.439639336310066;2042.429810761274;0.028358760484042476;0.7341294726598502;0.24877889751551374;
189597344#2,61.05531927430722;1840.3899996456612;0.01890967399752196;0.6770801651182866;0.2424265663223125;
-189597344#1,61.152216537273134;2241.189555629566;0.030280935375917258;0.7781896918556516;0.21684141249263744;
189597344#1,59.7360231942193;0.0;0.0;0.0;0.0;
189597344#0,61.19752967602377;1879.907183884741;0.021153530125557006;0.6884975566169326;0.2467833187390025;
189597344#2,59.337854244209744;0.0;0.0;0.0;0.0;
-189597344#1,61.75098833550466;2547.1311127759723;0.04207023412238353;0.858259556541876;0.2216033659095329;
189597344#1,61.247553857316966;2114.9714157118106;0.028718809557945188;0.7504573304665088;0.23367142206744237;
189597344#0,61.479571497412806;2060.6296916410297;0.029272763505469233;0.739370475947714;0.2496360273683479;
189597344#2,62.71744911722389;2870.8354611503737;0.06399061609500874;0.9642760928793593;0.2560465841921457;
-189597344#1,57.49882327213729;0.0;0.0;0.0;0.0;
189597344#1,61.49551325401351;2253.7215699805047;0.034592475632844774;0.7883376276989407;0.23615983082000075;
189597344#0,62.91163585246057;2942.3243411635885;0.06917070635150346;0.9885353381941129;0.2631913024436859;
189597344#2,58.401837968066424;0.0;0.0;0.0;0.0;
-189597344#1,62.779896065738484;3075.9165022174548;0.06184612393936573;0.9954232073100945;0.22713489189671185;
189597344#1,59.75984283593293;0.0;0.0;0.0;0.0;
189597344#0,59.24248383815684;0.0;0.0;0.0;0.0;
189597344#2,64.14514212820359;3686.3175729649415;0.09971801602067265;1.1916886027402587;0.2669115597659609;
-189597344#1,60.78305341568158;2029.0607028331567;0.02254032624479188;0.72348210379437;0.2157684386610541;
189597344#1,58.25946112198863;0.0;0.0;0.0;0.0;
189597344#0,61.43107894187122;2026.2512945989367;0.02777098391211829;0.7297382917671782;0.24936846498077556;
189597344#2,58.92229401141193;0.0;0.0;0.0;0.0;
-189597344#1,57.471536432265296;0.0;0.0;0.0;0.0;
189597344#1,60.54356436944616;1717.3480770445929;0.012114209989065991;0.642627639379526;0.2264828163451724;
189597344#0,60.423166050366035;1342.4612301580794;0.0;0.5374603347330323;0.23964684514517065;
189597344#2,63.36794110147311;3247.4482870694883;0.08055457597968355;1.0694432235352858;0.26124222228880056;
-189597344#1,61.872083340534545;2617.626099480034;0.044421596900890564;0.8759091676915507;0.22125278779033697;
189597344#1,62.88681557453508;3049.9367768648203;0.06710330999382935;1.0035908877260158;0.24485056042903516;
189597344#0,64.12175224637402;3650.1687683197783;0.10127490646315937;1.1889850731862794;0.2734290162123276;
-28662749,55.9402874701336;1521.0;0.0;0.6117;0.0;
189597344#2,58.26211206181834;0.0;0.0;0.0;0.0;
-189597344#1,58.96825380523096;0.0;0.0;0.0;0.0;
189597344#1,61.10502360508402;2029.277354945097;0.025193245075001126;0.727233230072563;0.23264615402403757;
189597344#0,60.98194394150039;1694.6235663844848;0.013152919387247082;0.636413412210823;0.24681925337558638;
-28662749,67.44789346726674;3417.448712054872;0.00021003580937298624;0.6413598458863858;0.006785876805403564;
189597344#2,61.94406711531664;2420.9895765443994;0.04392736477975964;0.8382123655415143;0.2484937990817958;
-189597344#1,61.53873803911648;2443.554890847221;0.037917364483839214;0.8307917358498925;0.2193734107183345;
189597344#1,60.29125410455407;1529.4398130280492;0.0045742334852987235;0.5917412507829379;0.2261750377528575;
189597344#0,59.330827143062976;0.0;0.0;0.0;0.0;
-28662749,66.4382357373316;3313.308293805361;0.0006893978333086708;0.6634798145836431;0.013020393321095669;
189597344#2,59.97210146465844;0.0;0.0;0.0;0.0;
-189597344#1,58.61601041319888;0.0;0.0;0.0;0.0;
189597344#1,61.59660974766286;2314.5584621169705;0.0370766825133218;0.804801986860874;0.2367662000646536;
189597344#0,59.41955849369053;0.0;0.0;0.0;0.0;
-28662749,67.21866453059208;3521.4053471449324;0.00167084321370738;0.696163777942434;0.019825965912074646;
28662749,60.87633381243839;1756.3944351342634;0.01498530113520681;0.6535969169282074;0.2390142251735585;
-189597344#1,62.07215389479571;2719.0528688927134;0.04829837315657524;0.9023974504957075;0.22266143074594485;
189597344#1,58.20758956213488;0.0;0.0;0.0;0.0;
189597344#0,62.38836793260184;2636.4640601719266;0.054976871600909985;0.901357879424571;0.25743244563784023;
-28662749,65.85926580320192;3329.341968988651;0.0024297491457859013;0.7077807399348867;0.02572319121722125;
28662749,68.07269087684409;5780.485142231832;0.19416327219029741;1.782845688846123;0.2982189385329893;
-189597344#1,58.108776363724715;0.0;0.0;0.0;0.0;
189597344#1,62.4976693106167;2834.1465042800737;0.05830571008019576;0.945314827709314;0.2424291767260365;
189597344#0,62.473039937579564;2677.1128265415473;0.057163936167476656;0.9135171948638486;0.2592901730546748;
-28662749,67.64304034893999;3741.227508349242;0.004583511698395653;0.7569818260221172;0.03305524346307201;
28662749,68.4233799926242;5994.292196579496;0.20917658979473522;1.8572848361511878;0.30816206878226954;
-189597344#1,60.76237011373394;2040.475445862902;0.02262073918080352;0.7259189915397624;0.21365280148933233;
189597344#1,59.159390386508946;0.0;0.0;0.0;0.0;
189597344#0,59.03561361545761;0.0;0.0;0.0;0.0;
-28662749,66.67848685575981;3614.5254062295417;0.005901016328203259;0.7705960685862278;0.03952223308250102;
28662749,70.58410537147515;7182.636435853498;0.27190146438365054;2.217346283773882;0.3338424880623352;
-189597344#1,63.79464454478581;3575.4202766861727;0.08113946489585172;1.1265610111743116;0.23395066612562462;
189597344#1,61.397785275632835;2212.2119706081053;0.032571356742332386;0.7765639943998495;0.23408220467771815;
189597344#0,63.22424758988747;3132.4850484079475;0.07754143436949422;1.0418222565861948;0.2652848831241384;
-28662749,65.46456778062948;3413.4431526867324;0.0067130689600525695;0.771706906158408;0.045076747414088014;
28662749,67.99567121566119;5825.726982523065;0.2130584913940632;1.8387336208665115;0.3211286874088771;
-189597344#1,58.79198130255584;0.0;0.0;0.0;0.0;
189597344#1,59.00826660096893;0.0;0.0;0.0;0.0;
189597344#0,59.474307127082255;0.0;0.0;0.0;0.0;
-28662749,67.38406618749715;3886.3998602179367;0.01064914981263043;0.8361155714160705;0.05267483228089897;
28662749,68.19011052838556;5957.138664781898;0.2244740139510802;1.889650954420421;0.32965180169093977;
-189597344#1,61.24634455064565;2278.368360853715;0.031982649047169374;0.7884263161649349;0.21878743981918747;
189597344#1,61.10715373822523;2051.4141367859697;0.025809361907758482;0.7328288792314893;0.23110703005399588;
189597344#0,62.67159629786394;2801.1559101103803;0.06264828474743794;0.9483359156548667;0.2606982827575405;
-28662749,67.80906335278937;4054.023082519065;0.014094607138236487;0.8773952052936957;0.060335106993455165;
28662749,68.62788915734708;6231.07541048895;0.24356162366920148;1.984088432467305;0.34072721522786553;
-189597344#1,60.154373791418585;1675.8166731685546;0.009227095838153669;0.6315644549412772;0.21190036089082953;
189597344#1,62.49067327689269;2830.457886716;0.05814420405957659;0.9442940555677719;0.2423523232244962;
189597344#0,61.265713013203566;1901.505610847884;0.02235056096681621;0.6947626907256761;0.2487601438869305;
-28662749,65.92100952016645;3674.2324493875217;0.013979415525471961;0.8538664767753411;0.06575118302268139;
28662749,71.2688025916872;7782.898284313037;0.33116676776870163;2.4693631739282607;0.37414428807703176;
-189597344#1,59.25885647695621;0.0;0.0;0.0;0.0;
189597344#1,58.59035029911528;0.0;0.0;0.0;0.0;
189597344#0,60.16162714110432;0.0;0.0;0.0;0.0;
-28662749,63.68208994403705;3174.1074095885024;0.011931057466760512;0.8059706872437306;0.06920477172775578;
28662749,66.50139359583535;4992.151822308969;0.1899116432797296;1.635680679748178;0.3353093117081808;
-189597344#1,58.698381520983204;0.0;0.0;0.0;0.0;
189597344#1,64.09936318384146;3694.8655268682373;0.09418554314843258;1.1796621997347183;0.2540608162329339;
189597344#0,61.73835469548706;2215.679564182173;0.036406822239055364;0.7833029843216652;0.25280649859820237;
-28662749,63.99146851106023;3273.457544116698;0.013995880026441082;0.8277354769535571;0.0740502824898867;
28662749,69.8570309227732;7049.097756268034;0.30505977845980425;2.2768473384078955;0.3759772621208012;
-189597344#1,60.49901292172165;1890.579612534228;0.017108420052912625;0.6872199267132937;0.21254337262341103;
189597344#1,58.62560517095168;0.0;0.0;0.0;0.0;
189597344#0,60.01007504210882;0.0;0.0;0.0;0.0;
-28662749,68.18063846423468;4374.1381557140585;0.026348564463440177;0.9911682311690413;0.08447660514454156;
28662749,68.60613831497477;6318.445787498503;0.2712389846766285;2.065434890728681;0.37086352946967627;
-189597344#1,59.96497565104687;1593.1441291940675;0.005982152499940391;0.610166264012264;0.2090432679169543;
189597344#1,62.90186475398272;3052.0446368037196;0.0675961936010041;1.0050967384396472;0.24604416460040324;
189597344#0,62.66523733930771;2793.4831895082657;0.06244872596685784;0.9464632987620798;0.26106751238725046;
-28662749,63.614476385524696;3236.7570984149643;0.01718348147323895;0.8461060466636644;0.08562430890117399;
28662749,70.4104231920287;7466.472135468208;0.3421168035881001;2.4394448854271977;0.3984598759856654;
-189597344#1,61.14988433145679;2237.2414784729003;0.030193554852389184;0.777279192146578;0.21710761617532967;
189597344#1,57.479538949317;0.0;0.0;0.0;0.0;
189597344#0,58.898700850342955;0.0;0.0;0.0;0.0;
-28662749,68.43111534214428;4561.061443502269;0.03445608545799791;1.0564631834512486;0.09760880723027542;
28662749,70.34180108502922;7469.385364252387;0.35018257776573375;2.458657168857892;0.4070292643174749;
-189597344#1,61.150961954117776;2230.733543548823;0.030105595610522555;0.775880471426985;0.2178412086069112;
189597344#1,61.85268020521622;2481.304491550186;0.04345230228303234;0.8490579368833506;0.23673458704332723;
189597344#0,60.964084051354426;1726.635725581226;0.014301042846879598;0.6454252114945004;0.2444551795364192;
-28662749,64.81883609548233;3623.0584915352915;0.025821404640429584;0.9283705358313069;0.0995567659464686;
28662749,69.8519082148711;7194.614634328715;0.3415033511098077;2.3878787703138658;0.4101561120107334;
-189597344#1,60.90200472920651;2090.442978070448;0.024917382433205657;0.7395535987253421;0.21683615728343042;
189597344#1,60.07818030953442;1418.6024443674728;0.0;0.5619952110437141;0.22322448051611107;
189597344#0,61.183129225299126;1871.7831961950924;0.020777891424457785;0.6862043570631655;0.246569876678048;
-28662749,66.81945696981342;4223.671754386502;0.03635416125465239;1.0383699888687699;0.10845417165923818;
28662749,71.93697488149017;8592.186319315348;0.43370099066057577;2.857705488877668;0.4450226890968386;
-189597344#1,57.054413970989955;0.0;0.0;0.0;0.0;
189597344#1,61.25866510478783;2135.6015989034495;0.02933734966813191;0.7556957174063473;0.23263921339660185;
189597344#0,64.31369631404145;3760.013164945221;0.10620919350758845;1.21998781085604;0.2748870596593654;
-28662749,65.10306224058682;3769.3249772447552;0.032485668728455784;0.9767755402277029;0.11192557111364305;
28662749,68.53537456063088;6357.564235198982;0.30504064986912127;2.1480613753036564;0.41094378403057874;
-189597344#1,63.269860676934435;3318.9962084618714;0.07110527316175806;1.058889770375139;0.23018195901040253;
189597344#1,63.4939221106388;3371.7787489988286;0.0809792290849083;1.0923037372890105;0.2504241565373175;
189597344#0,59.731910332578124;0.0;0.0;0.0;0.0;
-28662749,65.81701664375038;4012.71033797759;0.03865718628561822;1.0305423881804436;0.11881782534719205;
28662749,70.38025639070929;7649.587622041445;0.391144871525228;2.584405644638405;0.4427934207458501;
-189597344#1,60.558152492986785;1903.997783937904;0.017833360544333342;0.6909519657303099;0.2144304936998733;
189597344#1,59.82548610307503;0.0;0.0;0.0;0.0;
189597344#0,61.40221357961342;1993.3765543703842;0.02646543517645989;0.7206633565162598;0.2499564805682039;
-28662749,64.27230518641564;3574.398056162048;0.03372384579651495;0.9639117442653359;0.12137727129423322;
28662749,67.47988198449175;5592.9234038782;0.26728859649583964;1.9176908019428716;0.4092465002114649;
-189597344#1,59.4069063720561;0.0;0.0;0.0;0.0;
189597344#1,60.73642392673206;1799.3582331938462;0.01576212796550914;0.6649220877110227;0.23019890220861797;
189597344#0,61.524912677488985;2068.8811371469724;0.029927456579443762;0.7420469517614579;0.2514120994109305;
-28662749,63.8072551571215;3448.354921874109;0.0332575760998679;0.9489390033633661;0.1249592727083069;
28662749,71.9110905669642;8776.582677719172;0.47689262917877595;2.988879403853673;0.47924329604335614;
-189597344#1,58.670712730288976;0.0;0.0;0.0;0.0;
189597344#1,58.66593986676819;0.0;0.0;0.0;0.0;
189597344#0,60.42368146590982;1316.2878213402537;0.0;0.5297725640665942;0.2406639171875821;
-28662749,68.90522030269013;5091.976444422491;0.06659026841785198;1.2690146926220491;0.1418173773602184;
28662749,67.82235101300456;5831.489550259156;0.2922606249072926;2.0166559984251364;0.4275072256714109;
-189597344#1,58.73227668754562;0.0;0.0;0.0;0.0;
189597344#1,63.093963939139186;3157.332678984986;0.07192910354311488;1.0336369567817791;0.24729705623551326;
189597344#0,58.703553111181805;0.0;0.0;0.0;0.0;
-28662749,67.97076858464662;4858.1767426264705;0.06685839801169627;1.2452888335261416;0.14809263203523193;
28662749,68.04041809917803;5993.772313178716;0.3065815744089849;2.0786144580557284;0.4358019835759963;
-189597344#1,62.46049859985899;2918.932310441608;0.05566201362549327;0.9539496327837944;0.2244900849790988;
189597344#1,60.45477312468793;1622.3957680346089;0.008456304493467737;0.6168941848270473;0.22804519460000225;
189597344#0,61.794739373736704;2271.7439409708554;0.038558086653604946;0.7985387293742766;0.25184325787043804;
-28662749,63.772173940975414;3496.475466050146;0.041434583634715194;0.9887084106894677;0.14397847069778305;
28662749,72.21666265155561;9124.062794765177;0.5221514447875709;3.154237080873669;0.5076566895929845;
-189597344#1,59.70635514594563;1442.5415644947282;0.0003622596810953123;0.5711417227883685;0.20746998327953045;
189597344#1,58.40141234447888;0.0;0.0;0.0;0.0;
189597344#0,62.80921976070892;2885.800168132714;0.06639647666519147;0.9721009558826557;0.26169794895798976;
-28662749,64.27043486269456;3678.4246627016837;0.047066903259946696;1.031949313321858;0.14949474115998854;
28662749,71.5817463329703;8713.232855441433;0.5041454309115413;3.0345864802591818;0.5086545142294936;
-189597344#1,60.9216509471111;2115.132232330739;0.025603123638220048;0.7455713546652829;0.21566959519309062;
189597344#1,60.04865512700509;1403.085235894356;0.0;0.5578465215353435;0.2228266657200996;
189597344#0,58.81509567024224;0.0;0.0;0.0;0.0;
-28662749,67.48175066976665;4815.470475913114;0.07577140102643988;1.2768829600206233;0.1639227234248027;
28662749,72.12369447283845;9168.352513244006;0.5454597070020928;3.212083365599546;0.5278282617193093;
-189597344#1,61.010151597730015;2156.44094652519;0.027275958505270606;0.7565066319847559;0.21682791969099857;
189597344#1,62.48549132423685;2829.7126495548955;0.058011048253948816;0.9438665682022046;0.24201121858990474;
189597344#0,61.39832170334262;2020.0662130664016;0.02730588616371231;0.7277808974885488;0.2481215732963603;
-28662749,64.77324596925351;3892.833992771436;0.05701767429610565;1.095412549426002;0.16231803150422344;
28662749,72.00664839178333;9130.981782060413;0.5529130945932543;3.2198972668741943;0.5366518182656536;
-189597344#1,59.89226020748066;1535.4627451030424;0.003888633534564606;0.5951076167911444;0.2095509848791483;
189597344#1,60.75899297067139;1823.964363341617;0.016683565749174876;0.671534770207651;0.2297042371970868;
189597344#0,64.78375452856584;4025.8000996250066;0.11814083460905504;1.2949828699323784;0.27840893483545304;
-28662749,67.09777739362072;4757.749287558168;0.08148691023881721;1.2917669773281897;0.17514858130749528;
28662749,73.09668368080705;10030.573469901352;0.6285111245233174;3.5583102445106345;0.5666902371995837;
-189597344#1,58.14965805046326;0.0;0.0;0.0;0.0;
189597344#1,58.46262412129795;0.0;0.0;0.0;0.0;
189597344#0,59.287156228578255;0.0;0.0;0.0;0.0;
-28662749,68.73130294324342;5409.9686592873995;0.10339419579689052;1.4526596446166722;0.1881790693939946;
28662749,69.64937517140395;7278.4858533836095;0.4364543180464927;2.602323290676493;0.5135527962125574;
-189597344#1,62.50367230593178;2937.2276284582967;0.05659412030771804;0.9592967343591275;0.22545695792100767;
189597344#1,61.8274414892373;2465.9551097431213;0.042851791530360776;0.8449643753483588;0.2366589664173242;
189597344#0,63.03400961151741;3012.8404024576844;0.07249729642337052;1.0087697958243986;0.2646049228868272;
-28662749,66.50738361348769;4619.366352334706;0.08621879629549846;1.2913543822901832;0.1879916878200725;
28662749,62.1235708660371;0.0;0.0;0.0;0.0;
-189597344#1,58.053856697116146;0.0;0.0;0.0;0.0;
189597344#1,59.463361183551214;0.0;0.0;0.0;0.0;
189597344#0,58.35299931027013;0.0;0.0;0.0;0.0;
-28662749,64.64234074101776;3917.1503739360564;0.06912558203505799;1.141005058801031;0.18659578957999753;
28662749,60.80664027393021;0.0;0.0;0.0;0.0;
-189597344#1,62.37789799595313;2874.252450898536;0.05417528107590706;0.942812220113314;0.22458093061135181;
189597344#1,61.931360183630844;2523.836663541272;0.04525984938100651;0.860684972002663;0.2375247139009492;
189597344#0,60.6726172605643;1532.751084730031;0.0056530358696373455;0.5910200752692839;0.24144634091107012;
-28662749,69.45847027244368;5847.235528268157;0.13024016754176934;1.6029052860608484;0.21176360596056473;
28662749,60.34838130409965;0.0;0.0;0.0;0.0;
-189597344#1,59.12135195872294;0.0;0.0;0.0;0.0;
189597344#1,62.90201490183038;3052.0715996561826;0.06760095949436229;1.0051124434287266;0.24605499136978967;
189597344#0,63.98746364175034;3576.6257104675565;0.09754570241872165;1.167245666112264;0.27148062756893565;
-28662749,69.64793927633889;5995.953671867423;0.1416744739187013;1.6610271709368531;0.22203252978162552;
28662749,59.875521572599666;0.0;0.0;0.0;0.0;
-189597344#1,62.85710375676855;3110.8053770148936;0.06351765270851611;1.005388559489713;0.22854008827017616;
189597344#1,59.73459554470453;0.0;0.0;0.0;0.0;
189597344#0,59.92759212391963;0.0;0.0;0.0;0.0;
-28662749,68.22489894795258;5470.780266814362;0.13065181414472643;1.5531676589323076;0.22458194021554062;
28662749,59.3973355615835;0.0;0.0;0.0;0.0;
-189597344#1,60.186357706104246;1690.4226464149256;0.009802669173718118;0.6353672728703726;0.21234946027028087;
189597344#1,61.087319381580116;2015.2437865576203;0.02465979409468514;0.7234859579914426;0.23275939400305046;
189597344#0,59.21086858634883;0.0;0.0;0.0;0.0;
-28662749,65.16384638889596;4196.071037234335;0.09166013471131183;1.2509967787685654;0.21668383971462538;
28662749,58.8886087151591;0.0;0.0;0.0;0.0;
-189597344#1,56.81493933591247;0.0;0.0;0.0;0.0;
189597344#1,59.51654020192478;0.0;0.0;0.0;0.0;
189597344#0,62.076634569160134;2449.0010840117834;0.046458942718640615;0.8483557187101842;0.25428334923324214;
-28662749,67.86394712063145;5390.975109307256;0.13648435985458687;1.5600369124925904;0.23573394900760844;
28662749,58.365957758908365;0.0;0.0;0.0;0.0;
:9842732475_7,61.260944056448665;2304.316485745456;0.032511560764187264;0.7942977504800834;0.21691073181277812;
189597344#1,61.40815066057876;2209.81171170368;0.03263263109358693;0.7761776080476351;0.23487535720780178;
189597344#0,62.20100593474994;2516.09615561447;0.049719852154516776;0.867707733578384;0.2562606133761034;
-28662749,66.99877330316924;5043.54004782262;0.12852853164148936;1.4853688387205426;0.23827883037434744;
28662749,57.82419641394269;0.0;0.0;0.0;0.0;
:9842732475_7,58.888706465145795;0.0;0.0;0.0;0.0;
189597344#1,59.051801944612095;0.0;0.0;0.0;0.0;
189597344#0,60.96893270637139;1712.2441747840505;0.013776007707807835;0.6413872546746013;0.24539087554758937;
-28662749,70.33421154962853;6585.048042251226;0.1916485790932999;1.9008011658980564;0.2643205478019615;
28662749,57.261870922887695;0.0;0.0;0.0;0.0;
:9842732475_7,60.654097089168886;1985.433564810567;0.020518328838450776;0.7116065860805754;0.21267631971595155;
189597344#1,60.66442046912809;1778.6660435589088;0.014715694465757425;0.6592135131335448;0.22818639278209807;
:9842732475_0,61.66835725552364;2170.9633327432066;0.03439150814626143;0.7706825308485415;0.25214639601268524;
-28662749,67.87387612731243;5515.253695296879;0.15683126243548318;1.638636923396687;0.25922543170648027;
28662749,56.67735923796779;0.0;0.0;0.0;0.0;
:9842732475_7,59.9617087449443;1603.2641221993276;0.006300787818990942;0.6128377142715828;0.20826108709109592;
189597344#1,62.64707131899634;2913.5817710275114;0.06175667575431665;0.9672449774667367;0.243969940692733;
:9842732475_0,60.74821872090128;1554.0236558551226;0.0067249376812521956;0.5968170842738056;0.24356432627203;
-28662749,68.54321743879123;5868.525537233663;0.17616458053721995;1.747811595017374;0.2708206778499064;
28662749,56.068845482430305;0.0;0.0;0.0;0.0;
:9842732475_7,64.29664037033548;3819.8114163696882;0.09031677621573583;1.1900555333510572;0.23658763494840102;
189597344#1,59.00381217753586;0.0;0.0;0.0;0.0;
:9842732475_0,60.66441165612383;1500.6750059742808;0.004317763066677792;0.5818297384917765;0.24252086872145392;
-28662749,67.45681639756918;5380.599425917981;0.16129642648405434;1.6302945617500675;0.2713501864835812;
28662749,55.43428994193825;0.0;0.0;0.0;0.0;
:9842732475_7,58.58654801318964;0.0;0.0;0.0;0.0;
189597344#1,59.60520055349514;0.0;0.0;0.0;0.0;
:9842732475_0,59.34712146279077;0.0;0.0;0.0;0.0;
-28662749,65.8110826811709;4577.462445878978;0.13135921716118665;1.4210994833001322;0.2661901546661024;
28662749,54.77139388054897;0.0;0.0;0.0;0.0;
:9842732475_7,61.458660366018236;2392.716931278702;0.03626592697267813;0.8181237948787652;0.21993395611249306;
189597344#1,61.58817268275492;2326.688541420725;0.037192987769862865;0.8074022037164318;0.23513839583772075;
:9842732475_0,60.74202766720245;1586.103743728848;0.007997560474085851;0.6060122461591454;0.24185339083793284;
-28662749,65.93910432486756;4648.885437787195;0.1371878852118278;1.44803619348356;0.27184365182274534;
28662749,54.07755851385091;0.0;0.0;0.0;0.0;
:9842732475_7,60.45198173554067;1842.8915522547093;0.015546173655125286;0.6750654414302323;0.21389836142431232;
189597344#1,60.858296525381135;1891.4821810184728;0.019391127284835736;0.6897579081379582;0.23000972334576794;
:9842732475_0,64.48929966911652;3861.9552381994745;0.11039068060210755;1.2478155627778014;0.27541741278906595;
-28662749,66.52508795763833;4960.2471126406745;0.15379153982031304;1.5424728781765287;0.28109437058626774;
28662749,53.3498376877845;0.0;0.0;0.0;0.0;
:9842732475_7,59.98719770894653;1580.8761715449082;0.00563805868425229;0.6068563553000667;0.21074497908201043;
189597344#1,59.412808314951626;0.0;0.0;0.0;0.0;
:9842732475_0,60.69819411246364;1512.887926867021;0.004904301207186093;0.5851890996687379;0.2433451863684233;
-28662749,65.80167079131104;4585.767560364107;0.1402382306801238;1.4453544225633512;0.28072050399317366;
28662749,52.58488439816776;0.0;0.0;0.0;0.0;
:9842732475_7,57.34454161406256;0.0;0.0;0.0;0.0;
189597344#1,60.78434785215482;1857.4780895305626;0.017889207463747333;0.6804698224298644;0.2287339383268701;
:9842732475_0,60.72242054186442;1534.9118501519465;0.005873126984903191;0.5914273778521181;0.24336230699106381;
-28662749,67.92209323161912;5722.466035422598;0.19528290097700912;1.7761861416218092;0.30239922458013696;
28662749,51.77889262168016;0.0;0.0;0.0;0.0;
:9842732475_7,62.16780931500736;2768.617261281023;0.05012869486565412;0.9151939195969132;0.22311984562112835;
189597344#1,61.25233829864095;2130.702530002137;0.029156004156682652;0.7544009327088521;0.23268659253131632;
:9842732475_0,59.08670394341047;0.0;0.0;0.0;0.0;
-28662749,67.98095493417964;5778.951453259697;0.202779111340882;1.8048810303430545;0.3097437639008212;
28662749,50.92753876151872;0.0;0.0;0.0;0.0;
:9842732475_7,60.56493024692457;1916.121739373709;0.01819174993774486;0.6939905234212305;0.21381315932323222;
189597344#1,60.536000823088216;1697.6247723957458;0.011409457540823204;0.6373109355603322;0.22731102205551137;
:9842732475_0,63.545490978047965;3322.4699168711404;0.0859887307237425;1.0952247918677445;0.2676667205731864;
-28662749,68.55580998472442;6117.575411799508;0.22409291625913283;1.9161625823936121;0.3215810297281717;
28662749,50.025932825925224;0.0;0.0;0.0;0.0;
-189597344#0,61.589265104188016;2458.47111716159;0.038850185921698255;0.8354533063380785;0.2211169139224312;
189597344#1,63.4292400019705;1928.6808423575774;0.020915636267413534;0.6998199177451849;0.23045727892893894;
189597344#1,63.4292400019705;1928.6808423575774;0.020915636267413534;0.6998199177451849;0.23045727892893894;
-28662749,70.99004975033078;7491.182153755892;0.2984936997572157;2.3374571513980102;0.35096104869530287;
28662749,49.06860123263709;0.0;0.0;0.0;0.0;
-189597344#0,59.70052100162632;1414.2239030788508;0.0;0.5634916450834374;0.20881279904494646;
189597344#1,63.65382805490044;2343.112075385526;0.042027863394625976;0.8190742237558303;0.25411863324667483;
189597344#1,63.65382805490044;2343.112075385526;0.042027863394625976;0.8190742237558303;0.25411863324667483;
-28662749,70.88818313003601;7504.235193777284;0.3081931890939383;2.3641720257677155;0.3607239561321042;
28662749,48.04954687159342;0.0;0.0;0.0;0.0;
-189597344#0,57.25609472145834;0.0;0.0;0.0;0.0;
189597344#1,63.87276075804096;3558.6900304504616;0.031545682198489355;1.3199799361267766;0.4736607853721244;
189597344#1,63.87276075804096;3558.6900304504616;0.031545682198489355;1.3199799361267766;0.4736607853721244;
-28662749,70.99324287904169;7630.2618005287195;0.32374311221292257;2.424539602044564;0.37225388966171213;
28662749,46.962479871821394;0.0;0.0;0.0;0.0;
-189597344#0,63.81463427817371;3586.0289519542807;0.08130936285526218;1.1287135680706741;0.23354075352309703;
189597344#1,63.712466371062874;2263.2648082480227;0.034468983224060466;0.7900366142278135;0.2337431863269166;
189597344#1,63.712466371062874;2263.2648082480227;0.034468983224060466;0.7900366142278135;0.2337431863269166;
-28662749,69.91404773124178;7059.255857787221;0.3016008852598301;2.2703888644649908;0.3716472794895403;
:714166587_0,45.801294258241015;0.0;0.0;0.0;0.0;
-189597344#0,59.16793439081467;0.0;0.0;0.0;0.0;
189597344#1,64.07550289989491;3815.9533568483857;0.04216107544381395;1.389775250772878;0.4769189510177731;
189597344#1,64.07550289989491;3815.9533568483857;0.04216107544381395;1.389775250772878;0.4769189510177731;
-28662749,71.49849329857916;8053.865343729869;0.36433121651653305;2.597700185133032;0.3975990883531149;
:714166587_0,57.41121693953588;1505.9134059607702;5.619628970650824e-05;0.6012612952825299;0.10173539868551403;
-189597344#0,59.055368008124994;0.0;0.0;0.0;0.0;
189597344#1,63.76109771870542;3415.949009065256;0.02536319681740152;1.2804223377627484;0.4717939865492854;
189597344#1,63.76109771870542;3415.949009065256;0.02536319681740152;1.2804223377627484;0.4717939865492854;
-28662749,69.09171633978758;6637.771722870036;0.2932795934848301;2.1747779610377833;0.3815661884027418;
:714166587_0,56.19685074359037;0.0;0.0;0.0;0.0;
-189597344#0,63.00430481931035;3184.6668380479587;0.0663074950932701;1.0246216542333324;0.22937224510819876;
189597344#1,66.74479484282855;6926.344759342335;0.17809533762171356;2.254787868724519;0.5223447051267017;
189597344#1,66.74479484282855;6926.344759342335;0.17809533762171356;2.254787868724519;0.5223447051267017;
-28662749,71.33562396797342;8075.123814529475;0.38273562256864885;2.6450473731742754;0.4153396260199239;
:714166587_0,54.46871565661206;0.0;0.0;0.0;0.0;
-189597344#0,58.12729735079536;0.0;0.0;0.0;0.0;
189597344#1,61.94528995508027;0.0;0.0;0.0;0.0;
189597344#1,61.94528995508027;0.0;0.0;0.0;0.0;
-28662749,67.91831985737308;5915.3263833463125;0.264099446974146;1.9741353288163723;0.3840112439756817;
:714166587_0,61.9512110916923;2851.80071964536;0.01912364477679505;0.8234785370064792;0.10714538533540481;
-189597344#0,59.085375786924324;0.0;0.0;0.0;0.0;
189597344#1,62.74229036486565;1516.538007594783;0.004955339532952137;0.5864297251908349;0.24158321143628403;
189597344#1,62.74229036486565;1516.538007594783;0.004955339532952137;0.5864297251908349;0.24158321143628403;
-28662749,71.01927868675867;7972.040326723141;0.3919323407687522;2.6471962730718905;0.4290182346024903;
:714166587_0,54.232269243738344;0.0;0.0;0.0;0.0;
-189597344#0,63.346437296816134;3355.889363868562;0.07264294591194054;1.068865995240869;0.23097200052063388;
189597344#1,64.20313587144892;3919.6423779762554;0.04544734154202682;1.415144708711967;0.4771977521529126;
189597344#1,64.20313587144892;3919.6423779762554;0.04544734154202682;1.415144708711967;0.4771977521529126;
-28662749,71.86421035816265;8580.550452872143;0.4383523417578181;2.866067876261362;0.4500135707005875;
:714166587_0,58.69843271314788;1900.0276827665834;0.005498370024523389;0.665863959222633;0.10146993054484754;
-189597344#0,59.605617657805645;1364.2484895735727;0.0;0.5505752383527068;0.2078496975343508;
189597344#1,65.38596423748811;5180.020637483468;0.1039333007237506;1.7756911087297973;0.49703343141992645;
189597344#1,65.38596423748811;5180.020637483468;0.1039333007237506;1.7756911087297973;0.49703343141992645;
-28662749,68.17002003097355;6103.686726020747;0.29290342909366734;2.072583923039769;0.4105691760508748;
:714166587_0,58.49838395160883;1838.8210311585153;0.004692069380947145;0.6560043118016636;0.10176702630561282;
-189597344#0,60.49134846631017;1869.165200053122;0.01649335399604677;0.6818606076179612;0.21382593539834518;
189597344#1,62.33692474510483;0.0;0.0;0.0;0.0;
189597344#1,62.33692474510483;0.0;0.0;0.0;0.0;
-28662749,71.13234744041932;9616.54849773418;0.42380321336693094;3.3533108219649432;0.45630269115225747;
-28662749,71.13234744041932;9616.54849773418;0.42380321336693094;3.3533108219649432;0.45630269115225747;
:714166587_0,57.175060154230756;1444.6620588494566;0.0;0.5914614522859007;0.09980589072253462;
-189597344#0,58.94441328925731;0.0;0.0;0.0;0.0;
189597344#1,66.2825870343538;6412.90560179432;0.15412052829421763;2.1078134712953056;0.5131864893128492;
189597344#1,66.2825870343538;6412.90560179432;0.15412052829421763;2.1078134712953056;0.5131864893128492;
-28662749,67.77048463030627;3359.5293468059367;0.00019217372044544795;0.6396403789277695;0.006584020128127598;
-28662749,67.77048463030627;3359.5293468059367;0.00019217372044544795;0.6396403789277695;0.006584020128127598;
:714166587_0,59.13683444989349;2026.0959901564122;0.007378186893722457;0.6869909699524147;0.10320857410633559;
-189597344#0,58.41704932989488;0.0;0.0;0.0;0.0;
189597344#1,63.44357852806279;2098.4698220592654;0.031156074360301426;0.750267049505097;0.2512434337895386;
189597344#1,63.44357852806279;2098.4698220592654;0.031156074360301426;0.750267049505097;0.2512434337895386;
-28662749,67.80801609694315;3457.466986797431;0.0007764737959847463;0.6688144168765586;0.01332889297617865;
-28662749,67.80801609694315;3457.466986797431;0.0007764737959847463;0.6688144168765586;0.01332889297617865;
:714166587_0,58.91019539849492;1956.4020243106338;0.0064756490174910095;0.6758156783387613;0.10372147882715402;
-189597344#0,63.98793087176462;3670.320850360532;0.08454637098473926;1.1508003844432464;0.23462317067269745;
189597344#1,63.818755789339754;2294.932733084904;0.0360461857191687;0.7990886382398203;0.23548086355585235;
189597344#1,63.818755789339754;2294.932733084904;0.0360461857191687;0.7990886382398203;0.23548086355585235;
-28662749,67.95101888434289;3573.7230240228077;0.0017870821578485057;0.7001499852549868;0.020295297702521056;
-28662749,67.95101888434289;3573.7230240228077;0.0017870821578485057;0.7001499852549868;0.020295297702521056;
:714166587_0,57.6214885962528;1569.5639316957254;0.0009627350519858962;0.6117916428681617;0.10202172349128144;
-189597344#0,60.470856034074075;1851.5300239694968;0.015892228648844785;0.677333212230001;0.21416334015373714;
189597344#1,63.587479728101485;3170.7730371614775;0.014656838948446644;1.2118909158113316;0.4694942942377054;
189597344#1,63.587479728101485;3170.7730371614775;0.014656838948446644;1.2118909158113316;0.4694942942377054;
-28662749,68.03353079005318;3678.7240011401564;0.003219390263636387;0.7324430430470563;0.02743534987360967;
-28662749,68.03353079005318;3678.7240011401564;0.003219390263636387;0.7324430430470563;0.02743534987360967;
-28662749,67.67097923727472;3640.3735368881885;0.004657008991480258;0.7545380986999155;0.03420178931996996;
-189597344#0,57.3218619284449;0.0;0.0;0.0;0.0;
189597344#1,63.955109797745855;3647.412578643743;0.035112539855774116;1.3434673007198745;0.4758992865455333;
189597344#1,63.955109797745855;3647.412578643743;0.035112539855774116;1.3434673007198745;0.4758992865455333;
-28662749,67.67097923727472;3640.3735368881885;0.004657008991480258;0.7545380986999155;0.03420178931996996;
-28662749,67.67097923727472;3640.3735368881885;0.004657008991480258;0.7545380986999155;0.03420178931996996;
-28662749,68.90781212809839;6971.549354595601;0.03185840548570102;1.675270491386412;0.1517432052035329;
-189597344#0,61.764480883301346;2560.860900540457;0.04233423395578756;0.8612714663217779;0.220769043249757;
189597344#1,65.51225533182235;5301.9598877532435;0.10975367489050328;1.8105280012536116;0.5007512633852841;
189597344#1,65.51225533182235;5301.9598877532435;0.10975367489050328;1.8105280012536116;0.5007512633852841;
-28662749,68.90781212809839;6971.549354595601;0.03185840548570102;1.675270491386412;0.1517432052035329;
-28662749,68.90781212809839;6971.549354595601;0.03185840548570102;1.675270491386412;0.1517432052035329;
-28662749,69.29865159933225;7504.159114929958;0.04323779526813603;1.7940154534640917;0.16585729766176713;
-189597344#0,58.343576868974225;0.0;0.0;0.0;0.0;
189597344#1,61.73255063184448;0.0;0.0;0.0;0.0;
189597344#1,61.73255063184448;0.0;0.0;0.0;0.0;
-28662749,69.29865159933225;7504.159114929958;0.04323779526813603;1.7940154534640917;0.16585729766176713;
-28662749,69.29865159933225;7504.159114929958;0.04323779526813603;1.7940154534640917;0.16585729766176713;
-28662749,70.16667955270381;8223.191979393308;0.05707661486162637;1.9374814695149198;0.18199893668466394;
-189597344#0,62.44767757652947;2909.958352072512;0.05549542055643046;0.9520339116318208;0.22491867692984124;
189597344#1,64.81847457515957;4723.225666383122;0.08186126895838661;1.6423015238819847;0.48999273870202503;
189597344#1,64.81847457515957;4723.225666383122;0.08186126895838661;1.6423015238819847;0.48999273870202503;
-189597344#2,55.096449928371;0.0;0.0;0.0;0.0;
-28662749,70.16667955270381;8223.191979393308;0.05707661486162637;1.9374814695149198;0.18199893668466394;
-28662749,68.95087754834672;7783.216555488449;0.05952968151060757;1.9222587936800422;0.19324907834097327;
-189597344#0,60.06156662344216;1636.3139399608458;0.0076599013888447014;0.621316552038537;0.21042363043112075;
189597344#1,64.68823432770026;4342.730882185551;0.06326753210561525;1.5301319584112905;0.48559108848142135;
189597344#1,64.68823432770026;4342.730882185551;0.06326753210561525;1.5301319584112905;0.48559108848142135;
-189597344#2,59.22547790591202;0.0;0.0;0.0;0.0;
-28662749,68.95087754834672;7783.216555488449;0.05952968151060757;1.9222587936800422;0.19324907834097327;
-28662749,71.4373302573041;9278.75148467279;0.08681624374156346;2.1980238831278216;0.21490409300941496;
-189597344#0,59.93737315672425;1567.8127810324625;0.0050775838790241565;0.6035489011599426;0.20945934549414755;
189597344#1,63.47400217758092;1951.9006868899512;0.024471392297198618;0.7088379576402838;0.2485029588507637;
189597344#1,63.47400217758092;1951.9006868899512;0.024471392297198618;0.7088379576402838;0.2485029588507637;
-189597344#2,59.80849524430374;0.0;0.0;0.0;0.0;
-28662749,71.4373302573041;9278.75148467279;0.08681624374156346;2.1980238831278216;0.21490409300941496;
-28662749,68.26183057992162;7496.590598419271;0.06350940501680885;1.9227186951343667;0.21732519813786258;
-189597344#0,59.41586784917317;0.0;0.0;0.0;0.0;
189597344#1,65.5144415272254;5517.902340091037;0.11615728269381785;1.8614512896291868;0.5034281212417664;
189597344#1,65.5144415272254;5517.902340091037;0.11615728269381785;1.8614512896291868;0.5034281212417664;
-189597344#2,62.29776421030085;2683.2828316163996;0.05359787230452896;0.9075692827036618;0.24587475148455448;
-28662749,68.26183057992162;7496.590598419271;0.06350940501680885;1.9227186951343667;0.21732519813786258;
-28662749,70.40986778397438;8920.232896862979;0.09488906041069683;2.2121141021883455;0.23878711553110354;
-189597344#0,58.6677457604464;0.0;0.0;0.0;0.0;
189597344#1,62.75230147690331;0.0;0.0;0.0;0.0;
189597344#1,62.75230147690331;0.0;0.0;0.0;0.0;
-189597344#2,58.505730573193226;0.0;0.0;0.0;0.0;
-28662749,70.40986778397438;8920.232896862979;0.09488906041069683;2.2121141021883455;0.23878711553110354;
-28662749,68.61138416557813;7868.011642326152;0.08005608301355784;2.041849028599548;0.24402956612065801;
-189597344#0,61.75687284272285;2561.937963846037;0.042181491525613866;0.8611225874913649;0.22002753820159213;
189597344#1,62.52661352964652;1367.625520415157;0.0;0.544485417032362;0.24020855808709124;
189597344#1,62.52661352964652;1367.625520415157;0.0;0.544485417032362;0.24020855808709124;
-189597344#2,60.46775093833409;1599.6782122554605;0.0076673501099271835;0.6106006406825386;0.22980209491227768;
-28662749,68.61138416557813;7868.011642326152;0.08005608301355784;2.041849028599548;0.24402956612065801;
-28662749,70.5747838480137;9227.680997344472;0.1150239985837454;2.339601601619342;0.26656189275518144;
-189597344#0,62.429031854211615;2896.0869120407115;0.05526511812673651;0.9491334221232158;0.22567705250632406;
189597344#1,64.09488656189825;3834.557819597976;0.042833893106931226;1.3944891773981043;0.47726066585635385;
189597344#1,64.09488656189825;3834.557819597976;0.042833893106931226;1.3944891773981043;0.47726066585635385;
-189597344#2,64.62533086444074;3963.0155565266964;0.10807608628888091;1.259549079925005;0.26302468766537057;
-28662749,70.5747838480137;9227.680997344472;0.1150239985837454;2.339601601619342;0.26656189275518144;
-28662749,70.75628423543536;9417.085886982233;0.12943799730925915;2.4239564596397574;0.2828652865683543;
-189597344#0,58.46917089576277;0.0;0.0;0.0;0.0;
189597344#1,65.31180810334662;4899.376134795304;0.08638557282931146;1.681650513050902;0.4923276947648847;
189597344#1,65.31180810334662;4899.376134795304;0.08638557282931146;1.681650513050902;0.4923276947648847;
-189597344#2,59.66952672472622;0.0;0.0;0.0;0.0;
-28662749,70.75628423543536;9417.085886982233;0.12943799730925915;2.4239564596397574;0.2828652865683543;
-28662749,71.67245958615679;10147.74084627106;0.15370757495595938;2.6046844433054255;0.3032022344510953;
-189597344#0,58.289646863351535;0.0;0.0;0.0;0.0;
189597344#1,63.705434437126236;3291.827217034818;0.02090565723728192;1.2481894784766059;0.4723603005877556;
189597344#1,63.705434437126236;3291.827217034818;0.02090565723728192;1.2481894784766059;0.4723603005877556;
-189597344#2,60.28277513314854;1451.6299458354085;0.0015600144438659494;0.5699549733137262;0.2296315858833255;
-28662749,71.67245958615679;10147.74084627106;0.15370757495595938;2.6046844433054255;0.3032022344510953;
-28662749,70.47261492405163;9485.926808503158;0.14372000029144624;2.4903648406034895;0.3118288329923802;
-189597344#0,60.62332865479494;1969.9924826078566;0.019926883608735742;0.7075919520258178;0.21238059520244418;
189597344#1,64.14762741072339;3846.1760986144827;0.04500194863300819;1.402056843735505;0.48010017610882727;
189597344#1,64.14762741072339;3846.1760986144827;0.04500194863300819;1.402056843735505;0.48010017610882727;
-189597344#2,61.85431594076778;2420.4822585140905;0.04258933885093835;0.8356774520305988;0.24291259955388372;
-28662749,70.47261492405163;9485.926808503158;0.14372000029144624;2.4903648406034895;0.3118288329923802;
-28662749,69.45427161050856;8860.371346144748;0.1355559746578726;2.38776982447175;0.3196474365039659;
-189597344#0,62.883298352964125;3128.03550679517;0.0637729798045735;1.0088827140073002;0.22763102621813652;
189597344#1,63.178109313116586;1648.5084530250192;0.009508446477603918;0.6239915724267109;0.22804808679494057;
189597344#1,63.178109313116586;1648.5084530250192;0.009508446477603918;0.6239915724267109;0.22804808679494057;
-189597344#2,60.01531869537309;0.0;0.0;0.0;0.0;
-28662749,69.45427161050856;8860.371346144748;0.1355559746578726;2.38776982447175;0.3196474365039659;
-28662749,68.86087962272572;8353.706883922521;0.12487152117918005;2.2873471583354856;0.32573603231142684;
-189597344#0,58.78137711362842;0.0;0.0;0.0;0.0;
189597344#1,63.942746957075926;2299.333931306142;0.039935688201127306;0.8065302271643583;0.25291052404126535;
189597344#1,63.942746957075926;2299.333931306142;0.039935688201127306;0.8065302271643583;0.25291052404126535;
-189597344#2,58.46183278051456;0.0;0.0;0.0;0.0;
-28662749,68.86087962272572;8353.706883922521;0.12487152117918005;2.2873471583354856;0.32573603231142684;
-28662749,71.47897716567795;10458.801157525704;0.19586533634848374;2.8084737788776364;0.35956592556941774;
-189597344#0,60.977014321148715;2145.588757500484;0.0267342784908601;0.7534556590467513;0.21595171483706166;
189597344#1,65.60920148877634;5627.982754806581;0.1207684771749909;1.8915932270406746;0.5045802134754432;
189597344#1,65.60920148877634;5627.982754806581;0.1207684771749909;1.8915932270406746;0.5045802134754432;
-189597344#2,62.633043456632635;2881.3072599081934;0.06166950333867878;0.9612311014012362;0.24748051929727957;
-28662749,71.47897716567795;10458.801157525704;0.19586533634848374;2.8084737788776364;0.35956592556941774;
-28662749,71.76066650484913;10809.910222871473;0.21093442874341753;2.9055570929418337;0.37698284459034204;
-189597344#0,59.59938318741153;1378.8158538737177;0.0;0.5546145257177366;0.2068353454817803;
189597344#0,55.9402874701336;1521.0;0.0;0.6117;0.0;
189597344#1,62.6984939023375;1824.169820975714;0.01890173180807815;0.6729651528844968;0.24788366986730553;
189597344#1,62.6984939023375;1824.169820975714;0.01890173180807815;0.6729651528844968;0.24788366986730553;
-189597344#2,61.48722484679412;2206.450077222885;0.03342299165565734;0.7767658766425835;0.23961389573916198;
-28662749,71.76066650484913;10809.910222871473;0.21093442874341753;2.9055570929418337;0.37698284459034204;
-28662749,72.33671137410863;11379.872068000086;0.23877187649622397;3.0769763216274586;0.39885876226016337;
-189597344#0,62.025959087683056;2690.478695949355;0.04745360478779089;0.8955031826518056;0.2231509922895153;
189597344#0,67.0425906681576;3347.588293335951;0.00018861610243358967;0.6392918017647645;0.00654237789736233;
189597344#1,66.26340745321714;5811.448491565336;0.12540584277982098;1.9325798753689503;0.5061133878581139;
189597344#1,66.26340745321714;5811.448491565336;0.12540584277982098;1.9325798753689503;0.5061133878581139;
-189597344#2,59.361002969768386;0.0;0.0;0.0;0.0;
-28662749,72.33671137410863;11379.872068000086;0.23877187649622397;3.0769763216274586;0.39885876226016337;
-28662749,70.21544485988596;9738.317220102193;0.19639134662643776;2.7192713426653032;0.3967348155908772;
-189597344#0,60.45672007554346;1847.2975025387427;0.015694859585259076;0.6761962355539335;0.21379751290458016;
189597344#0,66.88037387407564;3390.0736630201854;0.0007214698331472634;0.665799954161226;0.013053652458566305;
189597344#1,62.31006643779886;1344.3164287969753;0.0;0.5414074947572296;0.22463079809040304;
189597344#1,62.31006643779886;1344.3164287969753;0.0;0.5414074947572296;0.22463079809040304;
-189597344#2,61.89928299759073;2454.723469128509;0.04383699462266017;0.8446956766949283;0.24251750331591876;
-28662749,70.21544485988596;9738.317220102193;0.19639134662643776;2.7192713426653032;0.3967348155908772;
-28662749,71.62034880877516;10880.165013803009;0.2393833092998296;3.0152370476836805;0.42192828964436513;
-189597344#0,57.57302968628274;0.0;0.0;0.0;0.0;
189597344#0,66.26947913224686;3344.4097807341736;0.0014452797451000262;0.6867144608617137;0.019223861070451695;
189597344#1,64.24990578145162;2634.0465030348814;0.05484642536443427;0.9006345274364284;0.2573184092892711;
189597344#1,64.24990578145162;2634.0465030348814;0.05484642536443427;0.9006345274364284;0.2573184092892711;
-189597344#2,62.15924155491952;2596.344349501154;0.05014202676879996;0.8841620199688397;0.2455738947504404;
-28662749,71.62034880877516;10880.165013803009;0.2393833092998296;3.0152370476836805;0.42192828964436513;
-28662749,71.65122176326514;11117.869475064997;0.26000010736500623;3.116696396600656;0.4404197572465841;
-189597344#0,62.09881148615311;2732.0295456516956;0.048820594397779214;0.9058481336849449;0.22293031777092773;
189597344#0,66.57131001326914;3461.828274298904;0.002586605532853454;0.7144685308515206;0.02565895530753047;
189597344#1,62.39115616234165;0.0;0.0;0.0;0.0;
189597344#1,62.39115616234165;0.0;0.0;0.0;0.0;
-189597344#2,58.18740292295325;0.0;0.0;0.0;0.0;
-28662749,71.65122176326514;11117.869475064997;0.26000010736500623;3.116696396600656;0.4404197572465841;
-28662749,70.06559374738976;9737.096668347302;0.22022765521438575;2.799149915806876;0.43844370074881106;
-189597344#0,57.70989670721158;0.0;0.0;0.0;0.0;
189597344#0,65.32109825752354;3273.700455495572;0.003319881832997518;0.7215242530504953;0.03119394798970341;
189597344#1,64.49145274325376;4341.210279128727;0.06485654354863188;1.5353450543220903;0.48365755752078937;
189597344#1,64.49145274325376;4341.210279128727;0.06485654354863188;1.5353450543220903;0.48365755752078937;
-189597344#2,64.23101595828828;3751.944507555808;0.09926386800341452;1.2019060216466353;0.260620730682478;
-28662749,70.06559374738976;9737.096668347302;0.22022765521438575;2.799149915806876;0.43844370074881106;
-28662749,70.7995715359043;10583.555343180491;0.2607254634586352;3.046378444494794;0.4616443698365241;
-189597344#0,62.1990907267735;2786.9101242336983;0.050687031420484134;0.9196390671653101;0.22289691868088812;
189597344#0,65.19067548040313;3292.3234600823043;0.0044568574022711485;0.7388381046710673;0.036736911162133803;
189597344#1,66.44991985817416;6604.014751185233;0.16345235525832946;2.163518367148301;0.5174914472341811;
189597344#1,66.44991985817416;6604.014751185233;0.16345235525832946;2.163518367148301;0.5174914472341811;
-189597344#2,57.35888327355631;0.0;0.0;0.0;0.0;
-28662749,70.7995715359043;10583.555343180491;0.2607254634586352;3.046378444494794;0.4616443698365241;
-28662749,72.35666192521529;11991.45273422122;0.33226838485741;3.4700332956975517;0.4957993001422941;
-189597344#0,58.175003155914844;0.0;0.0;0.0;0.0;
189597344#0,66.0504867542243;3517.971040861455;0.006525288854196971;0.7742108563040936;0.0430332676486837;
189597344#1,62.03077214758117;0.0;0.0;0.0;0.0;
189597344#1,62.03077214758117;0.0;0.0;0.0;0.0;
-189597344#2,64.91774258101827;4117.5825935427365;0.11460874600599875;1.3019550450184878;0.26496070707314723;
-28662749,72.35666192521529;11991.45273422122;0.33226838485741;3.4700332956975517;0.4957993001422941;
-28662749,72.05610221145598;11848.884531780459;0.3283799639168129;3.4349867727886725;0.5069949569516591;
-189597344#0,62.76045611271955;3068.819851648514;0.06134350438637483;0.992991000448953;0.22637740096786477;
189597344#0,65.77397985302358;3509.447494384006;0.008066279204444367;0.790928130122942;0.048967553132758884;
:30848481_0,61.63533428482586;2353.465414143563;0.03830180177007367;0.814663593025007;0.23552106930030306;
189597344#1,59.023032901844665;0.0;0.0;0.0;0.0;
-189597344#2,59.915962732012176;0.0;0.0;0.0;0.0;
-28662749,72.05610221145598;11848.884531780459;0.3283799639168129;3.4349867727886725;0.5069949569516591;
-28662749,71.09732498926876;11169.166908891872;0.3166904457950188;3.3009835856346665;0.5145662352307776;
-189597344#0,59.72983677841418;1453.3438726494803;0.0007726144165263234;0.5739090457226707;0.20778518184755823;
189597344#0,66.39397723667372;3697.9773491353903;0.01078533617820907;0.8275222426309798;0.05558684746041161;
189597344#2,63.43786049101336;3341.0029346966426;0.07976694873726889;1.0840901912452863;0.25019826207115803;
189597344#1,62.586104215496846;2758.8427086874412;0.06039010411208895;0.9356866386458398;0.2589184799790666;
-189597344#2,58.796334243599546;0.0;0.0;0.0;0.0;
-28662749,71.09732498926876;11169.166908891872;0.3166904457950188;3.3009835856346665;0.5145662352307776;
-28662749,71.06514393072955;11110.840855976512;0.32098809042461207;3.303959146831477;0.5267285900383816;
-189597344#0,60.84965817492151;2074.768103449935;0.024112332946718336;0.7351336019136542;0.21535389278232;
189597344#0,66.19573581865072;3705.9866961100406;0.012851611780623063;0.8464418961050166;0.061850721587975506;
189597344#2,59.51739501060975;0.0;0.0;0.0;0.0;
189597344#1,59.627856303098994;0.0;0.0;0.0;0.0;
-189597344#2,61.42487549358121;2180.072512111576;0.03211293315824007;0.7692297080727576;0.23823967081500885;
-28662749,71.06514393072955;11110.840855976512;0.32098809042461207;3.303959146831477;0.5267285900383816;
-28662749,69.77015674116863;9883.000921427374;0.29128438251933875;3.034338124951847;0.5265599947779975;
-189597344#0,57.71037181269705;0.0;0.0;0.0;0.0;
189597344#0,66.2844453146461;3778.285926429638;0.015482108623700296;0.8723267922712553;0.06829716992793644;
189597344#2,59.379082829605295;0.0;0.0;0.0;0.0;
189597344#1,62.241737856993595;2549.5785193711276;0.050994244837567454;0.8767217478426562;0.2558606180552664;
-189597344#2,60.635347262861316;1691.1987068730425;0.011586015927643257;0.6355563482099446;0.23200932307015082;
-28662749,69.77015674116863;9883.000921427374;0.29128438251933875;3.034338124951847;0.5265599947779975;
-28662749,70.76049419985404;11040.955414884433;0.3430682628634065;3.356813283439844;0.5524347841737854;
-189597344#0,60.14070944438941;1709.2184827958758;0.010200319533773821;0.6402058976988222;0.2090305818082958;
189597344#0,63.3114797636492;3094.8892905066896;0.011889946896049264;0.8003634358525208;0.07104686008931027;
189597344#2,60.87877135386396;1901.15020252603;0.019817191643029627;0.6924022166462007;0.23034905661018815;
189597344#1,62.22750384711364;2530.248321171157;0.05041655733112376;0.8718095484412589;0.2566989846295072;
-189597344#2,61.82655136541942;2410.6109123711303;0.04200798358023741;0.8326675158036431;0.24208568825889343;
-28662749,70.76049419985404;11040.955414884433;0.3430682628634065;3.356813283439844;0.5524347841737854;
-28662749,72.347328738353;12536.851291156767;0.4099089354454179;3.7741174397936437;0.5847787070357183;
-189597344#0,64.06797410456596;3709.602821554795;0.0858555075238683;1.1605609073806769;0.2346881729687216;
189597344#0,68.097953369755;4326.187336859951;0.02462443927498439;0.9760514514972636;0.08155496439934914;
189597344#2,62.87629293670756;3035.1810733022353;0.06707973042624779;1.0009313555231119;0.24635846915797008;
189597344#1,59.34117304519775;0.0;0.0;0.0;0.0;
-189597344#2,59.2790593014453;0.0;0.0;0.0;0.0;
-28662749,72.347328738353;12536.851291156767;0.4099089354454179;3.7741174397936437;0.5847787070357183;
-28662749,71.26994311760706;11682.173759249312;0.39214017099342385;3.5918718721370366;0.5901516007495522;
-189597344#0,59.997479492088644;1591.935132248937;0.006031110009275593;0.6097587621256263;0.2104948039980999;
189597344#0,66.36649118372443;3943.1063555623423;0.023871961249117876;0.9427313215269258;0.0869135052778243;
189597344#2,57.65230902419154;0.0;0.0;0.0;0.0;
189597344#1,63.56961742189665;3335.354325518875;0.08666037402883746;1.099067756439063;0.26807762016194536;
-189597344#2,62.40064826957568;2744.3230430903427;0.05610477474117885;0.9241570579665211;0.2464105622549718;
-28662749,71.26994311760706;11682.173759249312;0.39214017099342385;3.5918718721370366;0.5901516007495522;
-28662749,72.0368511044598;12500.00811648502;0.44258380094401945;3.8588026926504164;0.616879783223894;
-189597344#0,60.41895147471592;1828.6603199317792;0.014967055577755677;0.6713248616770325;0.2133710317622419;
189597344#0,65.02237308029835;3629.482584468601;0.02276561380339444;0.9112885007134707;0.09131240836749645;
189597344#2,60.056894063441675;1411.5005449777836;0.0;0.5601518601396184;0.22274238610210123;
189597344#1,58.93467924544847;0.0;0.0;0.0;0.0;
-189597344#2,60.357147315288195;1499.945739614485;0.0035969346931851998;0.5831787911332562;0.23029080566157165;
-28662749,72.0368511044598;12500.00811648502;0.44258380094401945;3.8588026926504164;0.616879783223894;
-28662749,73.43209731973809;14055.815392759803;0.5211287092494878;4.31822838146066;0.6539278094291612;
-189597344#0,59.48946023011815;1300.3769784197427;0.0;0.5340587589486645;0.20680305068840377;
189597344#0,66.10436217002456;3959.6965856747984;0.028941924830456704;0.9746003649632285;0.09852124736408135;
189597344#2,60.55809929723363;1725.9830127456617;0.012468177867839596;0.6449565510692703;0.22661113767736724;
189597344#1,64.14766373067332;3667.1044904362466;0.10176910690780826;1.1931444080796771;0.2730633806616174;
-189597344#2,61.93961593803241;2469.8735175261813;0.044708272450093074;0.8492869205016126;0.2436620316633885;
-28662749,73.43209731973809;14055.815392759803;0.5211287092494878;4.31822838146066;0.6539278094291612;
-28662749,71.54926535458296;12186.161048079794;0.4511016736766651;3.828031895499671;0.6435738767116111;
-189597344#0,60.08759457310981;1649.708759997981;0.008171023720532402;0.6247911831138144;0.2106845584315512;
189597344#0,64.83598517331225;3644.002090536194;0.027202468838561974;0.9377675932009211;0.10253509822702128;
189597344#2,63.16046416588812;3197.411770413271;0.07326157473054841;1.0437537601077655;0.24692566674770694;
189597344#1,58.52897921587548;0.0;0.0;0.0;0.0;
-189597344#2,58.2607529825752;0.0;0.0;0.0;0.0;
-28662749,71.54926535458296;12186.161048079794;0.4511016736766651;3.828031895499671;0.6435738767116111;
-28662749,72.66317146188557;13217.871177903053;0.5209789639091622;4.180948010713202;0.6762966661635169;
-189597344#0,61.721482282149125;2528.144549731341;0.04148202433993854;0.8535974654383465;0.2218982694890728;
189597344#0,66.55685808988076;4170.093738664342;0.0369643448576359;1.0367550451436096;0.11102121739363706;
189597344#2,60.70569040778903;1787.3629615397003;0.015208999161014428;0.6616365803433749;0.22953127391708605;
189597344#1,61.56246159135034;2120.556260588312;0.03186119159698769;0.7561107751084004;0.24997423496490753;
-189597344#2,64.32785532266503;3804.17716750135;0.10141902681648554;1.216108713269658;0.2611577654926169;
-28662749,72.66317146188557;13217.871177903053;0.5209789639091622;4.180948010713202;0.6762966661635169;
-28662749,72.59670436616187;13254.810348270992;0.5184847431467996;4.1763388842970315;0.6873353177960977;
-189597344#0,59.16296640803624;0.0;0.0;0.0;0.0;
189597344#0,64.8329044541347;3704.2873530536426;0.03258025562836496;0.9711157586136493;0.11415252665026286;
189597344#2,58.97284635230474;0.0;0.0;0.0;0.0;
189597344#1,60.41958633275401;1351.7077012904338;0.0;0.5401954161146022;0.23915200360562575;
-189597344#2,60.88101379751066;1815.3168361245012;0.01706614664324651;0.6696568178179593;0.23586693593330366;
-28662749,72.59670436616187;13254.810348270992;0.5184847431467996;4.1763388842970315;0.6873353177960977;
-28662749,72.74929747223072;13692.600475012125;0.5674869844081987;4.376600442950751;0.7139771007366631;
-189597344#0,61.0923880609652;2194.6352297119292;0.028840107425786958;0.7666626926997403;0.2179384182020994;
189597344#0,67.05544403412263;4405.351265342297;0.04652287970482324;1.106778688046743;0.12412297116404689;
189597344#2,59.51924481206209;0.0;0.0;0.0;0.0;
189597344#1,61.509213429219585;2086.845124363216;0.030348081401441948;0.7466226647911668;0.24945112116407656;
-189597344#2,57.43687538062155;0.0;0.0;0.0;0.0;
-28662749,72.74929747223072;13692.600475012125;0.5674869844081987;4.376600442950751;0.7139771007366631;
-28662749,70.95797582897936;11624.772300530425;0.4709607125564912;3.7794408355447353;0.6941904446591809;
-189597344#0,58.72643455089716;0.0;0.0;0.0;0.0;
189597344#0,64.71677931160099;3726.4922340287008;0.03773269842681252;0.9977800540853546;0.1257680919167624;
189597344#2,64.47504190045602;3891.7253721101233;0.10224351259897126;1.2329068837782804;0.25634066057814126;
189597344#1,62.4906016258581;2693.0655858900996;0.05770974660136216;0.9176846553804288;0.25891419870799975;
-189597344#2,63.512715073780974;3366.6584733858654;0.08237492295338715;1.0947498711361083;0.2543624814678982;
-28662749,70.95797582897936;11624.772300530425;0.4709607125564912;3.7794408355447353;0.6941904446591809;
-28662749,71.67546902088648;8289.12136494782;0.409473145109715;2.746117688548119;0.4334697241355187;
-189597344#0,59.65531667936497;1409.1431484122206;0.0;0.56244230672204;0.2073372186552024;
189597344#0,68.38993214869848;4920.443680460501;0.06277957827210824;1.2341016561763218;0.13981981484961273;
189597344#2,59.34948039205106;0.0;0.0;0.0;0.0;
189597344#1,60.22395676369185;0.0;0.0;0.0;0.0;
-189597344#2,60.43320414682303;1548.1040580086644;0.005632014560364764;0.5963565716428226;0.23100845878479484;
-28662749,71.67546902088648;8289.12136494782;0.409473145109715;2.746117688548119;0.4334697241355187;
-28662749,72.45964683931705;8885.044470900639;0.45599157386302214;2.962990185259346;0.45482433019149315;
-189597344#0,62.686906579475945;3024.6217603866394;0.060289004591861005;0.9830121465970544;0.22764814403282463;
189597344#0,67.86013986228502;4813.460347930099;0.06530162712817555;1.2337932798242464;0.14671265249461593;
189597344#2,61.994745294410805;2545.2028890168367;0.04659897236077297;0.867394806663347;0.2395910461149541;
189597344#1,60.257583762829185;0.0;0.0;0.0;0.0;
-189597344#2,59.708139446761244;0.0;0.0;0.0;0.0;
-28662749,72.45964683931705;8885.044470900639;0.45599157386302214;2.962990185259346;0.45482433019149315;
-28662749,71.95775194011762;8621.191196779873;0.4503956947873863;2.9007341932846504;0.4600692867334585;
-189597344#0,59.610778731842245;1361.1493421899936;0.0;0.5496804650791983;0.20820850722385403;
189597344#0,64.08082490479894;3597.412436158696;0.04317959032727132;1.0072060351084522;0.14379437814713644;
189597344#2,58.70521428710117;0.0;0.0;0.0;0.0;
189597344#1,63.40546469646605;3238.618116697344;0.08235963327137151;1.0718755256797587;0.2668716404135356;
-189597344#2,60.49233079850949;1603.2717323971149;0.007876644707542218;0.6115326649975099;0.2306411761052052;
-28662749,71.95775194011762;8621.191196779873;0.4503956947873863;2.9007341932846504;0.4600692867334585;
-28662749,71.50813485817876;8371.081840106717;0.4443459903631372;2.839583106558192;0.4647969026477796;
-189597344#0,58.406801089698035;0.0;0.0;0.0;0.0;
189597344#0,68.36665044297867;5080.823506394753;0.07862331410100921;1.3188014818630154;0.16083542363155529;
189597344#2,62.970378245350894;3089.607575557588;0.069148446210784;1.0152939102154521;0.24650859968913125;
189597344#1,58.77756874267031;0.0;0.0;0.0;0.0;
-189597344#2,63.170245205178404;3174.3946002673015;0.07453206045557374;1.0426747474818514;0.252647349244368;
-28662749,71.50813485817876;8371.081840106717;0.4443459903631372;2.839583106558192;0.4647969026477796;
-28662749,71.77952267740875;8622.740981078507;0.4700534598907448;2.9442147240271326;0.47921807882616935;
-189597344#0,61.482014079015;2409.262057713074;0.03676626897097136;0.8221729582745635;0.2195781902361443;
189597344#0,69.06254547818249;5390.504910454463;0.09129062665171706;1.4048102546311414;0.1713961657678019;
189597344#2,60.17471384348166;1446.1406995366497;0.001166366044527226;0.5690864694717259;0.22565968359597932;
189597344#1,60.583054506723656;1474.4671633929233;0.003053307613069666;0.5747023680120883;0.2404189357501643;
-189597344#2,58.94687925549778;0.0;0.0;0.0;0.0;
-28662749,71.77952267740875;8622.740981078507;0.4700534598907448;2.9442147240271326;0.47921807882616935;
-28662749,72.12362215394194;8932.987894611255;0.5004647868866241;3.0703112014786105;0.4952345282564976;
-189597344#0,59.295023879274275;0.0;0.0;0.0;0.0;
189597344#0,66.87545209416825;6055.886618371766;0.07484732714797337;1.8516019619426478;0.1715496368026591;
189597344#0,66.87545209416825;6055.886618371766;0.07484732714797337;1.8516019619426478;0.1715496368026591;
189597344#2,58.07559261244266;0.0;0.0;0.0;0.0;
189597344#1,61.74587032116284;2241.615973287584;0.037198959214213664;0.7900471147992887;0.25134703613644005;
-189597344#2,59.552866469646546;0.0;0.0;0.0;0.0;
-28662749,72.12362215394194;8932.987894611255;0.5004647868866241;3.0703112014786105;0.4952345282564976;
-28662749,73.04742836122232;9677.923310367281;0.5616755811585527;3.34769969129677;0.521107065120688;
-189597344#0,61.64233743899251;2490.392100459722;0.03992461657790698;0.84348491846222;0.2209347886723485;
189597344#0,70.69058512508727;8567.296242419203;0.09743087683970546;2.0474507432342723;0.19096310544076517;
189597344#0,70.69058512508727;8567.296242419203;0.09743087683970546;2.0474507432342723;0.19096310544076517;
189597344#2,63.881561484627156;3580.610606154163;0.08933890252056217;1.1483371145165369;0.25236010059856706;
189597344#1,61.81318428177698;2276.2733225342745;0.03889483053858638;0.8000247719971433;0.2525445837930503;
-189597344#2,60.74161140193078;1771.6535314130215;0.014862423038866389;0.6575100746253684;0.23210833641840245;
-28662749,73.04742836122232;9677.923310367281;0.5616755811585527;3.34769969129677;0.521107065120688;
-28662749,74.29112027639442;15629.89819253554;0.7530193566793855;5.142746503700411;0.8030995398087581;
-189597344#0,57.67024330992125;0.0;0.0;0.0;0.0;
189597344#0,69.09810790178942;7518.224141777628;0.07258044650741859;1.8459421234030748;0.19399929247933748;
189597344#0,69.09810790178942;7518.224141777628;0.07258044650741859;1.8459421234030748;0.19399929247933748;
189597344#2,58.67013872062295;0.0;0.0;0.0;0.0;
189597344#1,61.90034680340928;2323.0432045519374;0.041156675599666556;0.8134654190304667;0.2539699968655019;
:30848481_2,61.07622988822478;1975.144282468811;0.023416066992306268;0.7130872180828265;0.23501943334729392;
-28662749,74.29112027639442;15629.89819253554;0.7530193566793855;5.142746503700411;0.8030995398087581;
-28662749,71.74151612589401;12481.782659089251;0.5448933656512326;4.078926964410812;0.7504953432618042;
-189597344#0,60.64455971591532;1973.8086730185203;0.02017406685516291;0.7087225140390373;0.2131642594743264;
189597344#0,69.60287933978259;7767.584568706641;0.07705456689538395;1.8962995553463493;0.20628538407816832;
189597344#0,69.60287933978259;7767.584568706641;0.07705456689538395;1.8962995553463493;0.20628538407816832;
189597344#2,63.22119478055192;3225.9427152789976;0.0748079060777368;1.0523647164838714;0.24826284664174503;
189597344#1,61.90794232610631;2319.153803698769;0.04115555010962734;0.812649963079099;0.25470573564292315;
-189597344#1,63.403601400052295;3304.291015590103;0.07997431766572925;1.0781983059494558;0.2541594163738713;
-28662749,71.74151612589401;12481.782659089251;0.5448933656512326;4.078926964410812;0.7504953432618042;
-28662749,67.17652376556188;4750.299382881645;0.13885653539898274;1.468971784728192;0.268863788889312;
-189597344#0,63.40122933364825;3381.8616381429065;0.07380288077570252;1.0760910759097893;0.23171380782210518;
189597344#0,70.99875370354872;9118.428753921315;0.1228952185493217;2.254818207419392;0.23277993875506947;
189597344#0,70.99875370354872;9118.428753921315;0.1228952185493217;2.254818207419392;0.23277993875506947;
189597344#2,57.71760383594709;0.0;0.0;0.0;0.0;
189597344#1,61.70205652252416;2179.0106471323174;0.03497290602771084;0.7732657936913909;0.25339701548224913;
-189597344#1,59.986238683717595;0.0;0.0;0.0;0.0;
-28662749,67.17652376556188;4750.299382881645;0.13885653539898274;1.468971784728192;0.268863788889312;
-28662749,63.56823219593068;2016.8234176566084;0.02507263482190909;0.7243568504864978;0.23498895163109243;
-189597344#0,57.003631475688614;0.0;0.0;0.0;0.0;
189597344#0,68.66538657127751;7631.9476024211435;0.08701371993488669;1.9628127842547234;0.23177133718761114;
189597344#0,68.66538657127751;7631.9476024211435;0.08701371993488669;1.9628127842547234;0.23177133718761114;
189597344#2,64.60711486846355;3959.808190817893;0.10530215230029571;1.2520122088964323;0.25768064011887465;
189597344#1,58.47169082331164;0.0;0.0;0.0;0.0;
-189597344#1,58.74564705223008;0.0;0.0;0.0;0.0;
-28662749,63.56823219593068;2016.8234176566084;0.02507263482190909;0.7243568504864978;0.23498895163109243;
-28662749,61.04369134020936;0.0;0.0;0.0;0.0;
-189597344#0,60.33498472069246;1807.9974348219441;0.013944912806877187;0.6657641223165753;0.21090534477938694;
189597344#0,70.73654980226326;9155.33227478462;0.13212533406228077;2.314079162539683;0.25761550315773046;
189597344#0,70.73654980226326;9155.33227478462;0.13212533406228077;2.314079162539683;0.25761550315773046;
189597344#2,59.450677304343635;0.0;0.0;0.0;0.0;
189597344#1,62.766654472276684;2860.118040437336;0.06524264698908519;0.9648567881125024;0.2613409198284993;
-189597344#1,60.52341022087835;1635.287676902861;0.009154296249185066;0.6203121999478801;0.2302543923044775;
-28662749,61.04369134020936;0.0;0.0;0.0;0.0;
-28662749,60.62469673992423;0.0;0.0;0.0;0.0;
-189597344#0,60.936619870270206;2129.5158036273256;0.026026779590754515;0.7491064355420578;0.21516502171891608;
189597344#0,69.47423813163927;7979.986683493233;0.09451714508982538;2.0362644459901076;0.25663421575487116;
189597344#0,69.47423813163927;7979.986683493233;0.09451714508982538;2.0362644459901076;0.25663421575487116;
189597344#2,61.20647233490046;2085.586269511437;0.0275818944384854;0.7425968506700856;0.2337417472305362;
189597344#1,60.0430180963854;0.0;0.0;0.0;0.0;
-189597344#1,61.3624634225771;2148.2768957567364;0.030680495515104024;0.7603880383215598;0.23730512944611556;
-28662749,60.62469673992423;0.0;0.0;0.0;0.0;
-28662749,60.19671684365595;0.0;0.0;0.0;0.0;
-189597344#0,62.811938044526826;3088.5289328080853;0.06263494486933278;0.999485064533696;0.22817181538481582;
189597344#0,69.84130572213255;8327.005521403837;0.10674123048201226;2.1319804974543586;0.2710587383321341;
189597344#0,69.84130572213255;8327.005521403837;0.10674123048201226;2.1319804974543586;0.2710587383321341;
189597344#2,61.415177698389705;2202.4815556052954;0.03254289207804557;0.7745356682062472;0.23588446576914238;
189597344#1,61.55339951670334;2103.0121846692186;0.031246102027300084;0.7513991230883197;0.250668760496601;
-189597344#1,60.888632548016574;1855.2540710419403;0.018434221009433444;0.6803802505668811;0.2337898923193735;
-28662749,60.19671684365595;0.0;0.0;0.0;0.0;
-28662749,59.75977396389503;0.0;0.0;0.0;0.0;
-189597344#0,57.6248582195164;0.0;0.0;0.0;0.0;
189597344#0,68.29454637762669;7788.886482210031;0.11004041215308484;2.109506496230308;0.2810596160690379;
189597344#0,68.29454637762669;7788.886482210031;0.11004041215308484;2.109506496230308;0.2810596160690379;
189597344#2,59.118852485250244;0.0;0.0;0.0;0.0;
189597344#1,60.48074285315419;1378.082830817632;0.0;0.5474098444196771;0.24042739621443304;
-189597344#1,59.54874871886826;0.0;0.0;0.0;0.0;
-28662749,59.75977396389503;0.0;0.0;0.0;0.0;
-28662749,59.31392402717722;0.0;0.0;0.0;0.0;
-189597344#0,63.35727520291378;3360.364078646707;0.07294905696242937;1.0703851085987912;0.23136721477229033;
189597344#0,71.10941160964508;9774.58425421122;0.18441605191220195;2.627890860251469;0.3152424100481616;
189597344#0,71.10941160964508;9774.58425421122;0.18441605191220195;2.627890860251469;0.3152424100481616;
189597344#2,58.8524268479087;0.0;0.0;0.0;0.0;
189597344#1,63.45337841040301;3262.6981860563205;0.08372974545070098;1.0793082154578622;0.2679476511613388;
-189597344#1,62.93666301897272;3051.1598044137777;0.0688553517818128;1.0078095328362116;0.24975571043381087;
-28662749,59.31392402717722;0.0;0.0;0.0;0.0;
-28662749,58.859292307487;0.0;0.0;0.0;0.0;
-189597344#0,60.011375153118394;1592.0818891048743;0.006073925468809096;0.6097597352116049;0.21107310128929208;
189597344#0,69.52800819253692;8835.319326626814;0.15411625164640838;2.402491210582565;0.31639880404645515;
189597344#0,69.52800819253692;8835.319326626814;0.15411625164640838;2.402491210582565;0.31639880404645515;
189597344#2,60.24404793500783;1529.213462423085;0.004455340899088393;0.591885627337084;0.22427107858880457;
189597344#1,59.162300268865025;0.0;0.0;0.0;0.0;
-189597344#1,61.24166082054917;2057.8477713754933;0.027138093862513937;0.7360180825739846;0.23763333340945153;
-28662749,58.859292307487;0.0;0.0;0.0;0.0;
-28662749,58.39610507779759;0.0;0.0;0.0;0.0;
-189597344#0,59.47691348364437;0.0;0.0;0.0;0.0;
189597344#0,68.463037796867;8134.798477842052;0.14952109949329426;2.316081952943483;0.32353775361842846;
189597344#0,68.463037796867;8134.798477842052;0.14952109949329426;2.316081952943483;0.32353775361842846;
189597344#2,64.48887957872228;3898.4265999955237;0.10270780827253005;1.2352010718198592;0.2568081836522727;
189597344#1,61.88146563291609;2310.168889807544;0.040596174635545504;0.8098640214834616;0.2538693617298398;
-189597344#1,61.7283147703595;2343.389986507628;0.03937394454314313;0.8146030973782897;0.24213876278034693;
-28662749,58.39610507779759;0.0;0.0;0.0;0.0;
-189597344#2,55.45375735396444;0.0;0.0;0.0;0.0;
-189597344#0,59.8439094493029;1507.4417181603837;0.002835350666660905;0.5878279785781519;0.2092349013275841;
189597344#0,69.7394334462715;9035.231045189097;0.1641770140097518;2.462695608733152;0.33841352311273626;
189597344#0,69.7394334462715;9035.231045189097;0.1641770140097518;2.462695608733152;0.33841352311273626;
189597344#2,58.50790005015219;0.0;0.0;0.0;0.0;
189597344#1,58.9333307683103;0.0;0.0;0.0;0.0;
-189597344#1,59.237256338568365;0.0;0.0;0.0;0.0;
-28662749,54.29851430376027;0.0;0.0;0.0;0.0;
-189597344#2,59.64426241542139;0.0;0.0;0.0;0.0;
-189597344#0,58.74494686179099;0.0;0.0;0.0;0.0;
189597344#0,71.1333845345417;10209.315612313752;0.21056406242796555;2.773467616378444;0.364459691204263;
189597344#0,71.1333845345417;10209.315612313752;0.21056406242796555;2.773467616378444;0.364459691204263;
189597344#2,60.48201385764745;1664.2013446036476;0.01003924567254168;0.6282752734631437;0.22688645565489174;
189597344#1,62.617071989648245;2775.7382477018614;0.061215910573884695;0.940583290715404;0.25938520239895296;
-189597344#1,62.091516383847306;2560.615097714308;0.048506506684726974;0.8741102765502121;0.24465483225398002;
-28662749,54.04713972090928;0.0;0.0;0.0;0.0;
-189597344#2,62.11370497769166;2501.2342618332573;0.04802622178253081;0.8616417294273189;0.25198408295270247;
-189597344#0,62.551055499984294;2958.330131339332;0.05759513710517487;0.965286370007428;0.22632763136610604;
189597344#0,68.7106618844505;8439.530986891321;0.17797204844834397;2.457314040346848;0.3630808743406917;
189597344#0,68.7106618844505;8439.530986891321;0.17797204844834397;2.457314040346848;0.3630808743406917;
189597344#2,62.920472005225285;3062.296656606822;0.06801717821373131;1.0078737037568548;0.2461632752820669;
189597344#1,62.878745615937405;2921.627967353257;0.0682776388404716;0.9827712779245683;0.26302402069831265;
-189597344#1,59.39509498610097;0.0;0.0;0.0;0.0;
-28662749,53.79457751776572;0.0;0.0;0.0;0.0;
-189597344#2,60.104814577997196;0.0;0.0;0.0;0.0;
-189597344#0,59.74964617401568;1448.9126181021018;0.0006435549754526086;0.5725824353137388;0.20881821485002236;
189597344#0,69.65866485979363;9214.992601903494;0.20818788673953154;2.6554615811934443;0.3817493969228742;
189597344#0,69.65866485979363;9214.992601903494;0.20818788673953154;2.6554615811934443;0.3817493969228742;
189597344#2,58.49217144064717;0.0;0.0;0.0;0.0;
189597344#1,61.35835826948221;1953.4608662408618;0.024790938071769908;0.70952058291214;0.2501905722849379;
-189597344#1,59.27312713799508;0.0;0.0;0.0;0.0;
-28662749,53.54104545962028;0.0;0.0;0.0;0.0;
-189597344#2,61.41934563496055;2069.7369980611343;0.029028950810361012;0.741108773637406;0.24596792744520043;
-189597344#0,58.55366274043231;0.0;0.0;0.0;0.0;
189597344#0,70.19899185982891;9559.293789716381;0.23528652194736147;2.7938193568159533;0.39960860944205195;
189597344#0,70.19899185982891;9559.293789716381;0.23528652194736147;2.7938193568159533;0.39960860944205195;
189597344#2,60.743553197237134;1825.4879390151698;0.016647407571792925;0.6718783926269126;0.22888958409789784;
189597344#1,59.31316852648958;0.0;0.0;0.0;0.0;
-189597344#1,61.831413621658314;2422.6153547771114;0.042282788538389314;0.8355266586311914;0.24125599107367668;
-28662749,56.49388302918745;0.0;0.0;0.0;0.0;
-189597344#2,58.100648827343406;0.0;0.0;0.0;0.0;
-189597344#0,59.62078018385825;1400.8030787262367;0.0;0.5604358942953013;0.20645976626920665;
189597344#0,66.6672738233336;6525.7956537999235;0.09800957515469469;1.9309274079927445;0.36409976819288503;
189597344#0,66.6672738233336;6525.7956537999235;0.09800957515469469;1.9309274079927445;0.36409976819288503;
189597344#2,61.21223196687182;2101.3051088078405;0.028040649815322297;0.746583894287465;0.2328384900923662;
189597344#1,59.25557520928892;0.0;0.0;0.0;0.0;
-189597344#1,61.10283129426999;1521.0;0.0;0.6117;0.0;
-28662749,61.634335515249674;2706.308230851568;0.03568225798781998;0.8677355585491886;0.17883081681508295;
-189597344#1,61.10283129426999;1521.0;0.0;0.6117;0.0;
-189597344#2,60.82648586634801;1725.3917671809077;0.013632275662161348;0.644999445172442;0.23849301852861785;
-189597344#0,59.112455733905165;0.0;0.0;0.0;0.0;
189597344#0,65.79683395146756;3676.263350352785;0.03082995470625325;0.95970198930909;0.11072435848105786;
189597344#0,65.79683395146756;3676.263350352785;0.03082995470625325;0.95970198930909;0.11072435848105786;
189597344#2,61.38034127159578;2193.5536174864455;0.03195982133569777;0.771765337385858;0.23465950708034677;
189597344#1,61.956385421348216;2374.236231559305;0.043115959172775026;0.827325014087578;0.2532106298679588;
-189597344#1,68.54495082638734;5981.007728366917;0.04853248499029872;1.516035663703232;0.24995525413998726;
-28662749,59.405746095807956;1750.4954572941936;0.008268858800772048;0.6486444833366943;0.17074010633241796;
-189597344#1,68.54495082638734;5981.007728366917;0.04853248499029872;1.516035663703232;0.24995525413998726;
-189597344#2,61.122258166001096;1914.3649230381752;0.021836110547909206;0.6974122233481495;0.24119856453161587;
-189597344#0,61.80390394395271;2586.6836406768775;0.043088492868626635;0.8674936312204624;0.22023888694552698;
189597344#0,65.37379816400014;3416.3808774098684;0.028702496921649848;0.9244824522981788;0.11391241528215819;
189597344#0,65.37379816400014;3416.3808774098684;0.028702496921649848;0.9244824522981788;0.11391241528215819;
189597344#2,58.71864434512845;0.0;0.0;0.0;0.0;
189597344#1,61.01988916869125;1762.9243414984658;0.015926244554482976;0.6556197893811043;0.24504502189601993;
-189597344#1,67.67419235793828;5340.391257811861;0.025378370814737025;1.384920023577815;0.24952418529167136;
-28662749,65.16529577457243;4145.596788867215;0.07956484204184032;1.206131492583428;0.19623561088154148;
-189597344#1,67.67419235793828;5340.391257811861;0.025378370814737025;1.384920023577815;0.24952418529167136;
-189597344#2,64.3603738005106;3804.2450597067855;0.10512376130579038;1.2251527602107624;0.26898268472384346;
-189597344#0,62.48089310675045;2922.588730413008;0.05625664207999625;0.9560098050268402;0.22595187881197087;
189597344#0,69.81536498382495;8517.32591353312;0.1544002003758688;2.3787496016185714;0.3959531787252323;
189597344#0,69.81536498382495;8517.32591353312;0.1544002003758688;2.3787496016185714;0.3959531787252323;
189597344#2,61.588321810487116;2324.5116626638533;0.037155285335594784;0.8069065261802157;0.2353500709510468;
189597344#1,62.1478237777708;2483.7269953583614;0.048249880390773554;0.8585534449079932;0.25573349308775406;
-189597344#1,67.47810230675188;3413.1627175138806;0.0015400680950801368;0.6905700884164812;0.019520815459417522;
-28662749,66.59573255228575;4745.8486168972595;0.1010261205332836;1.3578307600652504;0.20759786229920107;
-189597344#1,67.47810230675188;3413.1627175138806;0.0015400680950801368;0.6905700884164812;0.019520815459417522;
-189597344#2,59.04172677840375;0.0;0.0;0.0;0.0;
-189597344#0,58.191333145939474;0.0;0.0;0.0;0.0;
189597344#0,64.90811973136809;3447.0400223936167;0.033510851025978075;0.9499368042438601;0.1256819292949144;
189597344#0,64.90811973136809;3447.0400223936167;0.033510851025978075;0.9499368042438601;0.1256819292949144;
189597344#2,62.688880390383545;2933.8913509910817;0.06275144908510875;0.9731063768141047;0.24469972835144957;
189597344#1,61.82721329633139;2272.5205818634204;0.03896338890549473;0.799339320037713;0.25361441037489596;
-189597344#1,68.29256379333975;3672.4520080316847;0.0030589575714363936;0.7293204154848681;0.026696647949103897;
-28662749,65.57249009712044;4345.338869182396;0.09150935104898013;1.2718922618212758;0.20892640340429916;
-189597344#1,68.29256379333975;3672.4520080316847;0.0030589575714363936;0.7293204154848681;0.026696647949103897;
-189597344#2,63.57813034866304;3363.735556283098;0.08596713134653867;1.102604094191852;0.26357303634173146;
-189597344#0,60.11374442803837;1677.269021477982;0.00912521193045147;0.6319534526896421;0.21000994360866385;
189597344#0,69.76704465527685;7695.436388229553;0.11893092499952879;2.1596105819165556;0.3945042041305606;
189597344#0,69.76704465527685;7695.436388229553;0.11893092499952879;2.1596105819165556;0.3945042041305606;
189597344#2,58.06994066273131;0.0;0.0;0.0;0.0;
189597344#1,59.523192444121634;0.0;0.0;0.0;0.0;
-189597344#1,67.19209008300561;5883.8973741880845;0.05110022247933786;1.5980807217132162;0.2752558394494527;
-28662749,57.4247489572198;0.0;0.0;0.0;0.0;
-189597344#1,67.19209008300561;5883.8973741880845;0.05110022247933786;1.5980807217132162;0.2752558394494527;
-189597344#2,59.681174079202925;0.0;0.0;0.0;0.0;
-189597344#0,61.75628720656117;2553.2061077077055;0.042175415930042925;0.8595676510730272;0.22118622924252296;
189597344#0,66.43393382447985;6288.484592240637;0.09616344740160762;1.9087171468090527;0.3927415611298519;
189597344#0,66.43393382447985;6288.484592240637;0.09616344740160762;1.9087171468090527;0.3927415611298519;
189597344#2,63.71355846409077;3490.2637914305365;0.08577264719854172;1.124222579003411;0.25162861481048704;
189597344#1,62.539093682853306;2721.0458196854165;0.05902415221955119;0.9256887580519002;0.25950326968469245;
-189597344#1,67.87190136871462;5444.1776496087605;0.021369894786358642;1.4336326144871767;0.2725955586496718;
-28662749,67.5025393706335;5169.74845791905;0.1207876064633637;1.4798083581986372;0.22151461493768315;
-189597344#1,67.87190136871462;5444.1776496087605;0.021369894786358642;1.4336326144871767;0.2725955586496718;
-189597344#2,59.11751164016578;0.0;0.0;0.0;0.0;
-189597344#0,59.427116996918485;0.0;0.0;0.0;0.0;
189597344#0,66.44293416385398;4133.412631965476;0.054317306496210804;1.1129246047229187;0.14743956773810923;
189597344#0,66.44293416385398;4133.412631965476;0.054317306496210804;1.1129246047229187;0.14743956773810923;
189597344#2,59.01854742948543;0.0;0.0;0.0;0.0;
189597344#1,61.86774396193326;2291.9261579447843;0.03995903307963918;0.8050091257727787;0.25446200676432634;
-189597344#1,68.33988358497332;6925.180697699173;0.08560425022282432;1.8590225876880935;0.30001205387959723;
-28662749,61.778740168699485;2694.7617992975515;0.04088524275094053;0.8802100384555338;0.19902456727058238;
-189597344#1,68.33988358497332;6925.180697699173;0.08560425022282432;1.8590225876880935;0.30001205387959723;
-189597344#2,60.928404648346316;1783.633322342342;0.016217240299514046;0.66117270368074;0.23984039919485334;
-189597344#0,58.879428827339936;0.0;0.0;0.0;0.0;
189597344#0,68.04842479343128;6362.326096824314;0.0817580681660652;1.870938648714504;0.3963288325051685;
189597344#0,68.04842479343128;6362.326096824314;0.0817580681660652;1.870938648714504;0.3963288325051685;
28662749,60.92966030398593;1928.5121966702175;0.020980482737070698;0.6998503521579778;0.2309706716543884;
189597344#1,58.24883137768629;0.0;0.0;0.0;0.0;
-189597344#1,68.62748834206892;5780.014698720648;0.027259387594414417;1.510897892125215;0.28919415938824183;
-28662749,59.7385214226382;1722.7655842245442;0.008988394915074395;0.6430834582862937;0.18949792997956788;
-189597344#1,68.62748834206892;5780.014698720648;0.027259387594414417;1.510897892125215;0.28919415938824183;
-189597344#2,62.228847637516296;1924.0318460667545;0.022340467980274635;0.7001750846201111;0.24193048856327293;
-189597344#0,62.562744528472685;2966.0735307309806;0.057753499681882675;0.966974351532378;0.2260103598514652;
189597344#0,68.0388528453022;7600.819426561028;0.07435143278917038;2.422981143987381;0.39913654719245406;
189597344#0,68.0388528453022;7600.819426561028;0.07435143278917038;2.422981143987381;0.39913654719245406;
28662749,67.25836807629194;5314.944694131213;0.16449040132116693;1.628494610016688;0.27899561168067316;
189597344#1,62.602921617255085;2767.7225244029937;0.0608361110027439;0.9382840629538893;0.25920424710464457;
-189597344#1,65.17461647625541;4554.627165415928;0.011986215584259642;1.3513196382749508;0.2882961610175589;
-189597344#2,62.228847637516296;1924.0318460667545;0.022340467980274635;0.7001750846201111;0.24193048856327293;
-189597344#1,65.17461647625541;4554.627165415928;0.011986215584259642;1.3513196382749508;0.2882961610175589;
189597344#0,68.0388528453022;7600.819426561028;0.07435143278917038;2.422981143987381;0.39913654719245406;
-189597344#2,63.848676694157554;2904.5076406323124;0.06544735534586606;0.9736264243066699;0.25644017928078255;
-189597344#0,58.41104368403377;0.0;0.0;0.0;0.0;
189597344#0,71.89711155146038;11622.472682554324;0.15570731367321303;3.0059148142804046;0.43842144541730466;
189597344#0,71.89711155146038;11622.472682554324;0.15570731367321303;3.0059148142804046;0.43842144541730466;
28662749,66.41673416062505;4901.350402104046;0.15034930362660634;1.523817955817999;0.27892598252121437;
189597344#1,63.038902511402355;3017.700960112769;0.072618856758452;1.0099367203967726;0.26438830807519365;
-189597344#1,66.06415844017918;5240.802179640871;0.03304405124353174;1.5080808267995307;0.29947755710516466;
-189597344#2,63.848676694157554;2904.5076406323124;0.06544735534586606;0.9736264243066699;0.25644017928078255;
-189597344#1,66.06415844017918;5240.802179640871;0.03304405124353174;1.5080808267995307;0.29947755710516466;
189597344#0,71.89711155146038;11622.472682554324;0.15570731367321303;3.0059148142804046;0.43842144541730466;
-189597344#2,64.1893961477701;2918.80979201651;0.04709065099778081;0.9317295099548004;0.1976064109967594;
-189597344#0,60.94646951308051;2130.7752951657967;0.026148502036144657;0.7495603118680534;0.21560908670462642;
189597344#0,71.82867332490544;10990.736106535018;0.13222191391216434;2.874537317074247;0.4448446586962786;
189597344#0,71.82867332490544;10990.736106535018;0.13222191391216434;2.874537317074247;0.4448446586962786;
28662749,71.09338317225314;7327.574751704833;0.2642909136412925;2.2208910895000336;0.3204650280777036;
189597344#1,60.8406898369341;1605.0264316142627;0.009073568968422296;0.6111338549391218;0.24506557736336818;
-189597344#1,67.0734970629058;3784.7902625418433;0.015837006573820946;0.8755027880433386;0.06917749691674904;
-189597344#2,64.1893961477701;2918.80979201651;0.04709065099778081;0.9317295099548004;0.1976064109967594;
-189597344#1,67.0734970629058;3784.7902625418433;0.015837006573820946;0.8755027880433386;0.06917749691674904;
189597344#0,71.82867332490544;10990.736106535018;0.13222191391216434;2.874537317074247;0.4448446586962786;
-189597344#2,64.3286251564371;4452.606149535616;0.06714724232514839;1.5698093174274428;0.4407231146191596;
-189597344#0,61.18524695482918;2251.432543638159;0.030833044611473227;0.7811646947073632;0.2178106906553225;
189597344#0,69.35514978324146;7277.525251619364;0.06368031781017408;1.7949785808291194;0.1980544616018807;
189597344#0,69.35514978324146;7277.525251619364;0.06368031781017408;1.7949785808291194;0.1980544616018807;
28662749,70.3796876587864;7032.934232660114;0.2594438643066612;2.1600486116147444;0.32570139721424196;
189597344#1,59.08490626251003;0.0;0.0;0.0;0.0;
-189597344#1,65.4511275928198;3359.8352956254143;0.01435516065888429;0.8362608300961109;0.07319126546472289;
-189597344#2,64.3286251564371;4452.606149535616;0.06714724232514839;1.5698093174274428;0.4407231146191596;
-189597344#1,65.4511275928198;3359.8352956254143;0.01435516065888429;0.8362608300961109;0.07319126546472289;
189597344#0,69.35514978324146;7277.525251619364;0.06368031781017408;1.7949785808291194;0.1980544616018807;
-189597344#2,63.51092955699417;3651.1190490693302;0.030883077053228514;1.3424929755250075;0.4301479112890769;
-189597344#0,57.67657284922841;0.0;0.0;0.0;0.0;
189597344#0,69.1444628721823;9317.100890608152;0.0983537029246344;2.581217229386742;0.45302225059991963;
189597344#0,69.1444628721823;9317.100890608152;0.0983537029246344;2.581217229386742;0.45302225059991963;
28662749,70.03520549783013;6911.043846190866;0.2615825276850365;2.1454030122703993;0.33275377794664895;
189597344#2,61.03325956495489;1768.3772941985503;0.016195552520947343;0.6571603356112136;0.24535472618930393;
-189597344#1,67.63649171265142;6292.515708533794;0.06260845834853596;1.7504710816877076;0.3220193300583003;
-189597344#2,63.51092955699417;3651.1190490693302;0.030883077053228514;1.3424929755250075;0.4301479112890769;
-189597344#1,67.63649171265142;6292.515708533794;0.06260845834853596;1.7504710816877076;0.3220193300583003;
189597344#0,69.1444628721823;9317.100890608152;0.0983537029246344;2.581217229386742;0.45302225059991963;
-189597344#2,62.220382697212614;1357.7982291050657;0.0;0.5425920617533815;0.23606888241612017;
-189597344#0,60.46951619484844;1883.5484333909594;0.01674278690659981;0.6852866104757276;0.21163565857146546;
189597344#0,69.39518144139794;9941.388887845655;0.12460029577051204;2.7704485681690594;0.47147161239039015;
189597344#0,69.39518144139794;9941.388887845655;0.12460029577051204;2.7704485681690594;0.47147161239039015;
28662749,70.69413564148891;7327.7905900185515;0.2901042151681854;2.28848332798752;0.34812392129709147;
189597344#2,60.36164019772613;1309.2292006919072;0.0;0.5282627593884188;0.23862737253268468;
-189597344#1,69.44586402219369;7297.72820470923;0.08875926267873015;1.9649478922580932;0.3381666475829721;
-189597344#2,62.220382697212614;1357.7982291050657;0.0;0.5425920617533815;0.23606888241612017;
-189597344#1,69.44586402219369;7297.72820470923;0.08875926267873015;1.9649478922580932;0.3381666475829721;
189597344#0,69.39518144139794;9941.388887845655;0.12460029577051204;2.7704485681690594;0.47147161239039015;
-189597344#2,61.80315772121666;1353.7332590243002;0.0;0.5542914150386049;0.18069527600166627;
-189597344#0,59.362871741742936;0.0;0.0;0.0;0.0;
189597344#0,71.90767122437235;11636.167079504228;0.17338877130101255;3.1619761382910636;0.4994196913453516;
189597344#0,71.90767122437235;11636.167079504228;0.17338877130101255;3.1619761382910636;0.4994196913453516;
28662749,69.21384423351088;6557.569440707134;0.2589589484562232;2.0786495570953694;0.34447845244985154;
189597344#2,61.835142232152066;2292.8113111869216;0.03958443451849518;0.8045991789668414;0.2525419443544915;
-189597344#1,67.68650503102621;4177.686641769436;0.030124273357908737;0.9995485147332728;0.09629488491161971;
-189597344#2,61.80315772121666;1353.7332590243002;0.0;0.5542914150386049;0.18069527600166627;
-189597344#1,67.68650503102621;4177.686641769436;0.030124273357908737;0.9995485147332728;0.09629488491161971;
189597344#0,71.90767122437235;11636.167079504228;0.17338877130101255;3.1619761382910636;0.4994196913453516;
-189597344#2,63.68172102509418;3798.412269500495;0.031150062668016912;1.3649047245299322;0.4263228053397182;
-189597344#0,62.44932899172633;2913.3625736312874;0.05544865754796875;0.952493610525228;0.2244123491208974;
189597344#0,70.61584899570096;8782.736900683032;0.11698894327226544;2.216938950477189;0.25788303590406064;
189597344#0,70.61584899570096;8782.736900683032;0.11698894327226544;2.216938950477189;0.25788303590406064;
28662749,68.9809082923893;6458.861945775414;0.2601082743266969;2.0642491932651152;0.3503431378023979;
189597344#2,60.481211519127996;1390.2097452933358;0.0;0.5509434955039113;0.23996163743987814;
-189597344#1,67.60931364949842;5932.678309029751;0.049308034841071456;1.6772757063259416;0.3366974760341852;
-189597344#2,63.68172102509418;3798.412269500495;0.031150062668016912;1.3649047245299322;0.4263228053397182;
-189597344#1,67.60931364949842;5932.678309029751;0.049308034841071456;1.6772757063259416;0.3366974760341852;
189597344#0,70.61584899570096;8782.736900683032;0.11698894327226544;2.216938950477189;0.25788303590406064;
-189597344#2,65.39191614895506;5519.122627454551;0.10938074274735267;1.8531402568505824;0.4527454227185676;
-189597344#0,61.99037961829558;2670.488298040775;0.04677252856284238;0.8904685208757401;0.22318600560628832;
189597344#0,70.04645853141109;10323.556379662194;0.13610359797275556;2.869404795945551;0.5091069240410725;
189597344#0,70.04645853141109;10323.556379662194;0.13610359797275556;2.869404795945551;0.5091069240410725;
28662749,69.38143270264547;6726.104541157552;0.28040294151171347;2.160394879054358;0.3621865894774201;
189597344#2,61.31407081526494;1957.0730353268168;0.024592495362494016;0.7101844129983578;0.24784057859553904;
-189597344#1,68.02288234526503;6552.5731366078;0.07479664634411404;1.8488633183153835;0.35089616808057744;
-189597344#2,65.39191614895506;5519.122627454551;0.10938074274735267;1.8531402568505824;0.4527454227185676;
-189597344#1,68.02288234526503;6552.5731366078;0.07479664634411404;1.8488633183153835;0.35089616808057744;
189597344#0,70.04645853141109;10323.556379662194;0.13610359797275556;2.869404795945551;0.5091069240410725;
-189597344#2,62.742817187296126;1745.6180162745227;0.00942469770202066;0.6484639022966373;0.18613353971749189;
189597344#0,70.54447379477075;11499.637519594584;0.19648857889140625;3.2588009323380795;0.5392295660223037;
189597344#0,70.54447379477075;11499.637519594584;0.19648857889140625;3.2588009323380795;0.5392295660223037;
28662749,68.73178305615849;6368.777361533761;0.2673268544069706;2.065458504862693;0.3634773158962387;
189597344#2,60.23888947430136;0.0;0.0;0.0;0.0;
-189597344#1,67.03714212279144;4166.013942193449;0.03923020254941399;1.0479802699223777;0.11584204548798357;
-189597344#2,62.742817187296126;1745.6180162745227;0.00942469770202066;0.6484639022966373;0.18613353971749189;
-189597344#1,67.03714212279144;4166.013942193449;0.03923020254941399;1.0479802699223777;0.11584204548798357;
189597344#0,70.54447379477075;11499.637519594584;0.19648857889140625;3.2588009323380795;0.5392295660223037;
-189597344#2,61.62658680073986;0.0;0.0;0.0;0.0;
189597344#0,70.84693384468642;11630.672252621036;0.19388599110226098;3.2568776605324397;0.5508219737821971;
189597344#0,70.84693384468642;11630.672252621036;0.19388599110226098;3.2568776605324397;0.5508219737821971;
28662749,69.30928044000729;6747.31674063345;0.29396356629765735;2.1963424042783046;0.3770667452989367;
189597344#2,61.72514780574173;2225.4524439024513;0.03653075621888321;0.7855844177633665;0.25138119772745643;
-189597344#1,65.49380128050319;5342.240151201547;0.05328296795188618;1.6374923675007922;0.35148382101274106;
-189597344#2,61.62658680073986;0.0;0.0;0.0;0.0;
-189597344#1,65.49380128050319;5342.240151201547;0.05328296795188618;1.6374923675007922;0.35148382101274106;
189597344#0,70.84693384468642;11630.672252621036;0.19388599110226098;3.2568776605324397;0.5508219737821971;
-189597344#2,64.06928971415839;4298.970371363479;0.05307313216426484;1.5044179339866597;0.43329695311981953;
189597344#0,70.41876751012312;8707.172245261121;0.1266855133786664;2.2722340015200566;0.30401958086120334;
189597344#0,70.41876751012312;8707.172245261121;0.1266855133786664;2.2722340015200566;0.30401958086120334;
28662749,68.62980623595976;6350.020132002428;0.27765573056539933;2.0859786616569;0.3771939122206157;
189597344#2,64.28437730442337;3743.137546140809;0.10547312796972422;1.2152764083320342;0.27471034677112877;
-189597344#1,66.78848771511699;6971.976658111302;0.12311049089555041;2.0882151578745667;0.3786426897722248;
-189597344#2,64.06928971415839;4298.970371363479;0.05307313216426484;1.5044179339866597;0.43329695311981953;
-189597344#1,66.78848771511699;6971.976658111302;0.12311049089555041;2.0882151578745667;0.3786426897722248;
189597344#0,70.41876751012312;8707.172245261121;0.1266855133786664;2.2722340015200566;0.30401958086120334;
-189597344#2,64.87664993659004;5073.910034945347;0.09010040821853087;1.7297308226296724;0.4467230318573129;
189597344#0,68.49488578089604;9061.018396185418;0.12531013182599174;2.7287919071247875;0.5462197836950524;
189597344#0,68.49488578089604;9061.018396185418;0.12531013182599174;2.7287919071247875;0.5462197836950524;
28662749,70.97761163087199;7854.741367300835;0.3703158451623295;2.5759094624237764;0.41168869090629434;
189597344#2,58.91658879056739;0.0;0.0;0.0;0.0;
-189597344#1,68.9344890474798;4926.371432028571;0.06060730214044612;1.2248836612027143;0.1361207348100286;
-189597344#2,64.87664993659004;5073.910034945347;0.09010040821853087;1.7297308226296724;0.4467230318573129;
-189597344#1,68.9344890474798;4926.371432028571;0.06060730214044612;1.2248836612027143;0.1361207348100286;
189597344#0,68.49488578089604;9061.018396185418;0.12531013182599174;2.7287919071247875;0.5462197836950524;
-189597344#2,63.096570104156875;2322.5128070423707;0.028081159030716864;0.7880564159250691;0.19247627183837226;
189597344#0,70.08693940492404;11190.881032138797;0.20867335775220358;3.2861007938716162;0.5818849676759535;
189597344#0,70.08693940492404;11190.881032138797;0.20867335775220358;3.2861007938716162;0.5818849676759535;
28662749,69.62526235588547;7039.6622824807155;0.33061638499271684;2.334338429785398;0.40533216013417694;
189597344#2,59.6950036212283;0.0;0.0;0.0;0.0;
-189597344#1,67.48620595650316;6944.494657713798;0.10879499318661057;2.0362577877338275;0.38530498410025305;
-189597344#2,63.096570104156875;2322.5128070423707;0.028081159030716864;0.7880564159250691;0.19247627183837226;
-189597344#1,67.48620595650316;6944.494657713798;0.10879499318661057;2.0362577877338275;0.38530498410025305;
189597344#0,70.08693940492404;11190.881032138797;0.20867335775220358;3.2861007938716162;0.5818849676759535;
-189597344#2,64.7348840684025;3309.65544576231;0.08323606372796875;1.0866921598326709;0.2619546220194722;
189597344#0,68.9464792736752;9665.125700583809;0.14671600132697113;2.8634623061510904;0.5718001001483882;
189597344#0,68.9464792736752;9665.125700583809;0.14671600132697113;2.8634623061510904;0.5718001001483882;
28662749,71.01799882685984;7981.629596908862;0.3942528191558251;2.654246465887773;0.4309915867267097;
189597344#2,63.022322070291104;3017.01528331563;0.07211568855125133;1.0087397975902892;0.2630065390564504;
-189597344#1,68.0127955584944;6836.554950531543;0.09922214885743136;1.9902158281851103;0.3887339132160741;
-189597344#2,64.7348840684025;3309.65544576231;0.08323606372796875;1.0866921598326709;0.2619546220194722;
-189597344#1,68.0127955584944;6836.554950531543;0.09922214885743136;1.9902158281851103;0.3887339132160741;
189597344#0,68.9464792736752;9665.125700583809;0.14671600132697113;2.8634623061510904;0.5718001001483882;
-189597344#2,61.20454655648558;0.0;0.0;0.0;0.0;
189597344#0,69.71470685492508;6607.283270879487;0.056893957362613275;1.7815366394769918;0.3143868283703404;
189597344#0,69.71470685492508;6607.283270879487;0.056893957362613275;1.7815366394769918;0.3143868283703404;
28662749,71.62220097236549;8433.104286203874;0.43103584022190294;2.821882846729762;0.4489085390057557;
189597344#2,59.90466082181647;0.0;0.0;0.0;0.0;
-189597344#1,67.46401593489021;4455.465523383832;0.06256540762129559;1.182839187686376;0.15240015999670395;
-189597344#2,61.20454655648558;0.0;0.0;0.0;0.0;
-189597344#1,67.46401593489021;4455.465523383832;0.06256540762129559;1.182839187686376;0.15240015999670395;
189597344#0,69.71470685492508;6607.283270879487;0.056893957362613275;1.7815366394769918;0.3143868283703404;
-189597344#2,66.1226381921114;4292.906084194847;0.12663268108334488;1.3617045292288212;0.2755758282760891;
189597344#0,65.68523298923768;4590.712528278066;0.0201432964570945;1.4246206096818836;0.3064565667624736;
189597344#0,65.68523298923768;4590.712528278066;0.0201432964570945;1.4246206096818836;0.3064565667624736;
28662749,69.30962656703608;6909.702652623312;0.3445382982922248;2.340271674484943;0.4280252965211208;
189597344#2,61.96109389606004;2367.4985809800028;0.043024562634329425;0.8257839202489666;0.2540333595938726;
-189597344#1,66.2690401299882;4140.197512779482;0.058675620613093955;1.1311686662339127;0.15584690088904443;
-189597344#2,66.1226381921114;4292.906084194847;0.12663268108334488;1.3617045292288212;0.2755758282760891;
-189597344#1,66.2690401299882;4140.197512779482;0.058675620613093955;1.1311686662339127;0.15584690088904443;
189597344#0,65.68523298923768;4590.712528278066;0.0201432964570945;1.4246206096818836;0.3064565667624736;
-189597344#2,62.1448673240066;1948.8679369396555;0.015796847691085136;0.6972834777875682;0.18696638551473826;
189597344#0,67.79861551464072;7248.406225661991;0.05434667167806693;2.2471291171312604;0.5556552186776247;
189597344#0,67.79861551464072;7248.406225661991;0.05434667167806693;2.2471291171312604;0.5556552186776247;
28662749,71.72209635053973;8606.790183672842;0.4593094909192923;2.9176985098544446;0.4693777625926506;
189597344#2,59.63415161526004;0.0;0.0;0.0;0.0;
-189597344#1,67.73632327542006;7705.605948345753;0.15313114718786475;2.2941810868664128;0.41850451634429015;
-189597344#2,62.1448673240066;1948.8679369396555;0.015796847691085136;0.6972834777875682;0.18696638551473826;
-189597344#1,67.73632327542006;7705.605948345753;0.15313114718786475;2.2941810868664128;0.41850451634429015;
189597344#0,67.79861551464072;7248.406225661991;0.05434667167806693;2.2471291171312604;0.5556552186776247;
-189597344#2,62.99619901500958;1850.3470608771195;0.01904476047854748;0.679643000053548;0.240202534049674;
189597344#0,68.43693726661259;8884.343897014402;0.11902818858318737;2.6895005324284775;0.5827123543686052;
189597344#0,68.43693726661259;8884.343897014402;0.11902818858318737;2.6895005324284775;0.5827123543686052;
28662749,70.05055709682688;7481.146800636284;0.3953262878507108;2.560661143692045;0.45566364290691297;
189597344#2,63.81627661512826;3478.326913693718;0.09310055749576071;1.1394442363602157;0.27007306667618974;
-189597344#1,68.53295347116166;5096.347180082601;0.08834872268041145;1.3585463893238696;0.17532710878252541;
-189597344#2,62.99619901500958;1850.3470608771195;0.01904476047854748;0.679643000053548;0.240202534049674;
-189597344#1,68.53295347116166;5096.347180082601;0.08834872268041145;1.3585463893238696;0.17532710878252541;
189597344#0,68.43693726661259;8884.343897014402;0.11902818858318737;2.6895005324284775;0.5827123543686052;
-189597344#2,66.08487546431448;6397.30760391954;0.1351732398566015;2.057472669203241;0.4609791100513119;
189597344#0,69.07193763294298;4680.579584227947;0.049452389842207754;1.1476814437146379;0.12283941943688814;
189597344#0,69.07193763294298;4680.579584227947;0.049452389842207754;1.1476814437146379;0.12283941943688814;
28662749,70.01165559860878;7476.670218169866;0.40185793702432654;2.573574367411001;0.4630954585573944;
189597344#2,60.993271329514386;1716.6959011564172;0.014054975508958059;0.6426447712111235;0.2462269045813759;
-189597344#1,69.88470647639048;8100.17247871335;0.15363298742870976;2.349745317561446;0.4304007758144687;
-189597344#2,66.08487546431448;6397.30760391954;0.1351732398566015;2.057472669203241;0.4609791100513119;
-189597344#1,69.88470647639048;8100.17247871335;0.15363298742870976;2.349745317561446;0.4304007758144687;
189597344#0,69.07193763294298;4680.579584227947;0.049452389842207754;1.1476814437146379;0.12283941943688814;
-189597344#2,61.32032272364746;0.0;0.0;0.0;0.0;
189597344#0,70.4353786684712;9899.965217867475;0.1467520036175859;2.9169309407960524;0.603915968397968;
189597344#0,70.4353786684712;9899.965217867475;0.1467520036175859;2.9169309407960524;0.603915968397968;
28662749,69.87057472640302;7392.442941950854;0.4028687244404809;2.5588528251621314;0.4687004275026788;
189597344#2,60.03383402288562;0.0;0.0;0.0;0.0;
-189597344#1,66.25076770788837;4153.382298921649;0.07200817737105583;1.181842184288949;0.18132600253108339;
-189597344#2,61.32032272364746;0.0;0.0;0.0;0.0;
-189597344#1,66.25076770788837;4153.382298921649;0.07200817737105583;1.181842184288949;0.18132600253108339;
189597344#0,70.4353786684712;9899.965217867475;0.1467520036175859;2.9169309407960524;0.603915968397968;
-189597344#2,65.45555281061408;5596.355352333801;0.11211329470796386;1.872595079583181;0.45359104930335825;
189597344#0,68.24475632535353;6555.915488177965;0.08864937529345902;1.9113224381761262;0.384427753597293;
189597344#0,68.24475632535353;6555.915488177965;0.08864937529345902;1.9113224381761262;0.384427753597293;
28662749,71.12864369079108;8355.741104462362;0.4752164257174623;2.902569549554438;0.4966244055723536;
189597344#2,61.171602719692885;1850.4046650668872;0.019948245180898;0.6802795015563979;0.24722441131956138;
-189597344#1,70.36913345767073;9483.90976082278;0.2209044461857127;2.7603603529111433;0.4629174789362642;
-189597344#2,65.45555281061408;5596.355352333801;0.11211329470796386;1.872595079583181;0.45359104930335825;
-189597344#1,70.36913345767073;9483.90976082278;0.2209044461857127;2.7603603529111433;0.4629174789362642;
189597344#0,68.24475632535353;6555.915488177965;0.08864937529345902;1.9113224381761262;0.384427753597293;
-189597344#2,62.878228972821105;1919.18610231463;0.01502850997184697;0.6904101291309633;0.18811879542651788;
189597344#0,67.3383512365314;6756.6864976651095;0.1019905461349885;1.9996851913202298;0.36405547278639844;
189597344#0,67.3383512365314;6756.6864976651095;0.1019905461349885;1.9996851913202298;0.36405547278639844;
28662749,68.1992618574181;6091.396381824234;0.326544289789147;2.1382652840273417;0.45576060434915927;
189597344#2,59.584809425506734;0.0;0.0;0.0;0.0;
-189597344#1,68.43604212010534;5249.757120131282;0.11207543335809662;1.4623363077626381;0.2057949394250285;
-189597344#2,62.878228972821105;1919.18610231463;0.01502850997184697;0.6904101291309633;0.18811879542651788;
-189597344#1,68.43604212010534;5249.757120131282;0.11207543335809662;1.4623363077626381;0.2057949394250285;
189597344#0,67.3383512365314;6756.6864976651095;0.1019905461349885;1.9996851913202298;0.36405547278639844;
-189597344#2,61.576701941377266;0.0;0.0;0.0;0.0;
189597344#0,69.81872638441261;7467.829112934794;0.11622566316406432;2.127393116824504;0.4014484478773417;
189597344#0,69.81872638441261;7467.829112934794;0.11622566316406432;2.127393116824504;0.4014484478773417;
28662749,70.17765293860887;7677.284452987339;0.44124555299352036;2.695242358345869;0.49564689335828144;
189597344#2,60.46747738265553;1394.1030824014958;0.0;0.5521791431721731;0.23927936993564417;
-189597344#1,67.43515651459178;7308.839715697252;0.15374991339564092;2.2461155222951166;0.4525487890399229;
-189597344#2,61.576701941377266;0.0;0.0;0.0;0.0;
-189597344#1,67.43515651459178;7308.839715697252;0.15374991339564092;2.2461155222951166;0.4525487890399229;
189597344#0,69.81872638441261;7467.829112934794;0.11622566316406432;2.127393116824504;0.4014484478773417;
-189597344#2,66.61475376722598;6920.519345298373;0.15850392439017055;2.204487788953009;0.4688265187328481;
189597344#0,67.5640112652752;8350.712974194357;0.12394437782376574;2.6565045195116186;0.6176493526196718;
189597344#0,67.5640112652752;8350.712974194357;0.12394437782376574;2.6565045195116186;0.6176493526196718;
28662749,72.4920587274544;9497.582345873841;0.5780248613640276;3.346049168678043;0.5437663214911542;
189597344#2,61.93063205104793;2357.9577671207826;0.04239259803220632;0.822753938182629;0.25299581574030294;
-189597344#1,69.09486891648156;7184.450395235366;0.14003488731671027;2.184358629810524;0.45434348329844354;
-189597344#2,66.61475376722598;6920.519345298373;0.15850392439017055;2.204487788953009;0.4688265187328481;
-189597344#1,69.09486891648156;7184.450395235366;0.14003488731671027;2.184358629810524;0.45434348329844354;
189597344#0,67.5640112652752;8350.712974194357;0.12394437782376574;2.6565045195116186;0.6176493526196718;
-189597344#2,62.531295214634554;1300.165330042142;0.0;0.5266428837970387;0.23487099515706192;
189597344#0,66.53458527191832;3940.2700854165746;0.05473962494983796;1.0924421376804898;0.15552432153398868;
189597344#0,66.53458527191832;3940.2700854165746;0.05473962494983796;1.0924421376804898;0.15552432153398868;
28662749,69.99641814435233;7561.970252205;0.4480540239388458;2.684887467262372;0.5096849270132812;
189597344#2,63.069518564331034;3040.660873545385;0.07341020539794615;1.0159044142308424;0.26400665253803357;
-189597344#1,68.0715486225312;5217.807787335811;0.12460037700344528;1.498564834940056;0.2252871653657415;
-189597344#2,62.531295214634554;1300.165330042142;0.0;0.5266428837970387;0.23487099515706192;
-189597344#1,68.0715486225312;5217.807787335811;0.12460037700344528;1.498564834940056;0.2252871653657415;
189597344#0,66.53458527191832;3940.2700854165746;0.05473962494983796;1.0924421376804898;0.15552432153398868;
-189597344#2,62.83419098497344;1811.2316317565715;0.0175916444938612;0.6689309441645731;0.2416860613930908;
189597344#0,68.8127313568161;10723.0500120465;0.14882566797332286;3.466340815997456;0.6320200020038227;
189597344#0,68.8127313568161;10723.0500120465;0.14882566797332286;3.466340815997456;0.6320200020038227;
189597344#0,68.8127313568161;10723.0500120465;0.14882566797332286;3.466340815997456;0.6320200020038227;
28662749,68.7247758224141;6482.052670516918;0.3751884898039539;2.3146180662415894;0.49176493733140036;
189597344#2,59.868243167731556;0.0;0.0;0.0;0.0;
-189597344#1,66.9876672622297;5930.510347067779;0.1061708121139395;1.8950294220453694;0.4506302891712157;
-189597344#2,62.83419098497344;1811.2316317565715;0.0175916444938612;0.6689309441645731;0.2416860613930908;
-189597344#1,66.9876672622297;5930.510347067779;0.1061708121139395;1.8950294220453694;0.4506302891712157;
189597344#0,68.8127313568161;10723.0500120465;0.14882566797332286;3.466340815997456;0.6320200020038227;
-189597344#2,61.7648100521799;0.0;0.0;0.0;0.0;
189597344#0,71.02129277776486;10741.998518279064;0.12522869487784632;2.8049694550487585;0.40193160431792824;
189597344#0,71.02129277776486;10741.998518279064;0.12522869487784632;2.8049694550487585;0.40193160431792824;
189597344#0,71.02129277776486;10741.998518279064;0.12522869487784632;2.8049694550487585;0.40193160431792824;
28662749,72.27715551053312;9455.9654487996;0.5997371906506626;3.3816808240296226;0.5659986119907706;
189597344#2,62.74737806196926;2843.736703046953;0.06469991952703083;0.9606301560956387;0.26172816620431305;
-189597344#1,71.03309520312847;9324.25732938914;0.23912537164319592;2.798424643845838;0.499889453916863;
-189597344#2,61.7648100521799;0.0;0.0;0.0;0.0;
-189597344#1,71.03309520312847;9324.25732938914;0.23912537164319592;2.798424643845838;0.499889453916863;
189597344#0,71.02129277776486;10741.998518279064;0.12522869487784632;2.8049694550487585;0.40193160431792824;
-189597344#1,70.77753722920625;10053.863709268713;0.22028505856952516;3.199186392034308;0.736131692636931;
189597344#0,70.63159129338912;12018.775283032086;0.13857379986509924;3.404024426349076;0.6517732506258189;
189597344#0,70.63159129338912;12018.775283032086;0.13857379986509924;3.404024426349076;0.6517732506258189;
189597344#0,70.63159129338912;12018.775283032086;0.13857379986509924;3.404024426349076;0.6517732506258189;
28662749,72.29499602708192;9517.449799845717;0.6144836956188412;3.4239196416001567;0.5769888652411282;
189597344#2,58.914331747369424;0.0;0.0;0.0;0.0;
-189597344#1,70.77753722920625;10053.863709268713;0.22028505856952516;3.199186392034308;0.736131692636931;
-189597344#2,61.935173219840145;2781.2940032088827;0.04258522647484643;0.8982805006283886;0.195961340156121;
-189597344#1,70.77753722920625;10053.863709268713;0.22028505856952516;3.199186392034308;0.736131692636931;
189597344#0,70.63159129338912;12018.775283032086;0.13857379986509924;3.404024426349076;0.6517732506258189;
-189597344#1,69.51559217171273;8722.772581608438;0.17813693975961215;2.8591062361485875;0.7267592067723575;
189597344#0,71.4707843090312;11035.136821232898;0.14174532065898512;2.919907052004525;0.45870825379859587;
189597344#0,71.4707843090312;11035.136821232898;0.14174532065898512;2.919907052004525;0.45870825379859587;
189597344#0,71.4707843090312;11035.136821232898;0.14174532065898512;2.919907052004525;0.45870825379859587;
28662749,69.59231318632145;7219.875679116207;0.4485965772897489;2.6126511216135424;0.5314974604015336;
189597344#2,62.77951697085159;2868.4970323804323;0.06559321792126778;0.9671670716992491;0.2613761771825526;
-189597344#1,69.51559217171273;8722.772581608438;0.17813693975961215;2.8591062361485875;0.7267592067723575;
-189597344#2,59.67588573003561;1729.8762778067228;0.00891469912265931;0.6446620087076892;0.18591917456367923;
-189597344#1,69.51559217171273;8722.772581608438;0.17813693975961215;2.8591062361485875;0.7267592067723575;
189597344#0,71.4707843090312;11035.136821232898;0.14174532065898512;2.919907052004525;0.45870825379859587;
-189597344#1,68.80595512353447;10154.669281268343;0.240860102210608;3.274734341428127;0.7542186302674063;
189597344#0,70.6276762490833;10221.811784547532;0.11934756434785858;2.7860282145598747;0.43404878830633564;
189597344#0,70.6276762490833;10221.811784547532;0.11934756434785858;2.7860282145598747;0.43404878830633564;
189597344#0,70.6276762490833;10221.811784547532;0.11934756434785858;2.7860282145598747;0.43404878830633564;
28662749,72.92841812655081;10125.772403869996;0.6785847719705975;3.678583288873557;0.607643124623623;
189597344#2,60.641435576217475;1483.3300032531938;0.0035459359375709203;0.5769386307541257;0.24234870996529284;
-189597344#1,68.80595512353447;10154.669281268343;0.240860102210608;3.274734341428127;0.7542186302674063;
-189597344#2,57.701076911648094;0.0;0.0;0.0;0.0;
-189597344#1,68.80595512353447;10154.669281268343;0.240860102210608;3.274734341428127;0.7542186302674063;
189597344#0,70.6276762490833;10221.811784547532;0.11934756434785858;2.7860282145598747;0.43404878830633564;
-189597344#1,69.67224635546253;6028.169677980911;0.18636079083678694;1.8012299935456144;0.27763249965461057;
189597344#0,71.0982733873162;12196.284048911377;0.13756241088717444;3.475722859811148;0.6859977632978989;
189597344#0,71.0982733873162;12196.284048911377;0.13756241088717444;3.475722859811148;0.6859977632978989;
189597344#0,71.0982733873162;12196.284048911377;0.13756241088717444;3.475722859811148;0.6859977632978989;
28662749,71.07429414170522;8558.537112722579;0.5662216874785646;3.1256681211343014;0.5792578022978473;
189597344#2,60.159844475352536;0.0;0.0;0.0;0.0;
-189597344#1,69.67224635546253;6028.169677980911;0.18636079083678694;1.8012299935456144;0.27763249965461057;
-189597344#2,59.39900701060846;1611.5488667481611;0.005031056569515692;0.6161808027958227;0.18321433014254487;
-189597344#1,69.67224635546253;6028.169677980911;0.18636079083678694;1.8012299935456144;0.27763249965461057;
189597344#0,71.0982733873162;12196.284048911377;0.13756241088717444;3.475722859811148;0.6859977632978989;
-189597344#1,69.08584706956361;10170.914637455753;0.24822219195991393;3.2972088231396786;0.7657230208598719;
189597344#0,71.4397618876417;13646.298767128163;0.19886989678831526;3.8740101354692094;0.7182770099634422;
189597344#0,71.4397618876417;13646.298767128163;0.19886989678831526;3.8740101354692094;0.7182770099634422;
189597344#0,71.4397618876417;13646.298767128163;0.19886989678831526;3.8740101354692094;0.7182770099634422;
28662749,69.18586534385894;6789.31708466323;0.43335115190881585;2.4890085076092823;0.5431490187906288;
189597344#2,59.84119037862682;0.0;0.0;0.0;0.0;
-189597344#1,69.08584706956361;10170.914637455753;0.24822219195991393;3.2972088231396786;0.7657230208598719;
-189597344#2,62.21626444106826;2905.096099382083;0.04671879629164649;0.9286062577108122;0.19769188611058822;
-189597344#1,69.08584706956361;10170.914637455753;0.24822219195991393;3.2972088231396786;0.7657230208598719;
189597344#0,71.4397618876417;13646.298767128163;0.19886989678831526;3.8740101354692094;0.7182770099634422;
-189597344#1,71.5581992499874;11863.55776545561;0.32756309892479;3.7823658091076364;0.7984469480496424;
189597344#0,69.82592306843583;11813.081743343577;0.1504341101926533;3.5167873025143477;0.7138535777856294;
189597344#0,69.82592306843583;11813.081743343577;0.1504341101926533;3.5167873025143477;0.7138535777856294;
189597344#0,69.82592306843583;11813.081743343577;0.1504341101926533;3.5167873025143477;0.7138535777856294;
28662749,72.57993455245641;9939.65229197454;0.6897105232585348;3.66023079991412;0.6268103988054178;
189597344#2,61.855165769507146;2310.6912419118407;0.04028024878848174;0.8094616154161801;0.25231750246520523;
-189597344#1,71.5581992499874;11863.55776545561;0.32756309892479;3.7823658091076364;0.7984469480496424;
-189597344#2,58.031114625271016;0.0;0.0;0.0;0.0;
-189597344#1,71.5581992499874;11863.55776545561;0.32756309892479;3.7823658091076364;0.7984469480496424;
189597344#0,69.82592306843583;11813.081743343577;0.1504341101926533;3.5167873025143477;0.7138535777856294;
-189597344#1,65.99051900798197;5928.279331865961;0.07337638135354962;2.144062487924495;0.7228467926674158;
189597344#0,70.29986975840815;11030.725548702994;0.1796933069692614;3.1326580495671656;0.5250637877080655;
189597344#0,70.29986975840815;11030.725548702994;0.1796933069692614;3.1326580495671656;0.5250637877080655;
189597344#0,70.29986975840815;11030.725548702994;0.1796933069692614;3.1326580495671656;0.5250637877080655;
28662749,73.14929005674804;10490.271698045213;0.7447538239951125;3.884691945074374;0.6501831942857954;
189597344#2,62.086135880705655;2446.2169928598146;0.04654469513733565;0.8479438625677111;0.25510985082812676;
-189597344#1,65.99051900798197;5928.279331865961;0.07337638135354962;2.144062487924495;0.7228467926674158;
-189597344#2,62.36910222602062;2970.5838826476947;0.04912213927288689;0.9452554746563999;0.19924393944026933;
-189597344#1,65.99051900798197;5928.279331865961;0.07337638135354962;2.144062487924495;0.7228467926674158;
189597344#0,70.29986975840815;11030.725548702994;0.1796933069692614;3.1326580495671656;0.5250637877080655;
-189597344#1,63.760459776767384;0.0;0.0;0.0;0.0;
189597344#0,70.900338854917;10597.913716909712;0.1387818234349272;2.9255361215039626;0.49475669014879675;
189597344#0,70.900338854917;10597.913716909712;0.1387818234349272;2.9255361215039626;0.49475669014879675;
189597344#0,70.900338854917;10597.913716909712;0.1387818234349272;2.9255361215039626;0.49475669014879675;
28662749,73.30372650381739;10679.239493522156;0.771566238468293;3.976757819411953;0.6650914407942707;
189597344#2,63.261425661609735;3147.9884390744623;0.07863248295452226;1.0470536404219744;0.2665742067245338;
-189597344#1,63.760459776767384;0.0;0.0;0.0;0.0;
-189597344#2,59.31700899258089;1541.543845620092;0.0029230146270181577;0.59911591703653;0.18513441396162175;
-189597344#1,63.760459776767384;0.0;0.0;0.0;0.0;
189597344#0,70.900338854917;10597.913716909712;0.1387818234349272;2.9255361215039626;0.49475669014879675;
-189597344#1,67.77676613750606;8566.234377412138;0.18847953846704812;2.878643747037566;0.7567150181071487;
189597344#0,70.32237367522731;11422.740447352204;0.198505359020167;3.2467824720537664;0.55194580554845;
189597344#0,70.32237367522731;11422.740447352204;0.198505359020167;3.2467824720537664;0.55194580554845;
189597344#0,70.32237367522731;11422.740447352204;0.198505359020167;3.2467824720537664;0.55194580554845;
28662749,70.07196944531452;7589.034065116275;0.5244255356043351;2.83239057838645;0.5949476498163944;
189597344#2,60.34346714517507;0.0;0.0;0.0;0.0;
-189597344#1,67.77676613750606;8566.234377412138;0.18847953846704812;2.878643747037566;0.7567150181071487;
-189597344#2,56.603489252314034;0.0;0.0;0.0;0.0;
-189597344#1,67.77676613750606;8566.234377412138;0.18847953846704812;2.878643747037566;0.7567150181071487;
189597344#0,70.32237367522731;11422.740447352204;0.198505359020167;3.2467824720537664;0.55194580554845;
-189597344#1,64.87306489774514;1826.9930195172287;0.017885568836492952;0.6730744077336878;0.23867860447561542;
189597344#0,71.87402454127954;11310.895445227101;0.20025925337012213;3.2783224090301193;0.5326179612489855;
189597344#0,71.87402454127954;11310.895445227101;0.20025925337012213;3.2783224090301193;0.5326179612489855;
189597344#0,71.87402454127954;11310.895445227101;0.20025925337012213;3.2783224090301193;0.5326179612489855;
28662749,71.08976032502825;8616.485295140674;0.6157179179986862;3.2294218251238878;0.6274840248821871;
189597344#2,61.6089502803407;2119.80880324578;0.03227953313684204;0.7565044038191917;0.2524478227005632;
-189597344#1,64.87306489774514;1826.9930195172287;0.017885568836492952;0.6730744077336878;0.23867860447561542;
-189597344#2,60.951886787701135;2336.4084289471966;0.028272782875416548;0.7908205030174436;0.1913693349744533;
-189597344#1,64.87306489774514;1826.9930195172287;0.017885568836492952;0.6730744077336878;0.23867860447561542;
189597344#0,71.87402454127954;11310.895445227101;0.20025925337012213;3.2783224090301193;0.5326179612489855;
-189597344#1,65.30687243873504;2702.0512421354333;0.05425981201430718;0.9124441876259273;0.24565798180192208;
189597344#0,70.2197688105272;11854.892653501485;0.23225895593428802;3.4650359997533147;0.5537821408768023;
189597344#0,70.2197688105272;11854.892653501485;0.23225895593428802;3.4650359997533147;0.5537821408768023;
189597344#0,70.2197688105272;11854.892653501485;0.23225895593428802;3.4650359997533147;0.5537821408768023;
28662749,70.88611626233104;8406.82098600176;0.6044861907886454;3.161418261755956;0.628916181200515;
189597344#2,60.819305537279675;1586.811504021765;0.0082697099484174;0.6059797372343594;0.24500801431407568;
-189597344#1,65.30687243873504;2702.0512421354333;0.05425981201430718;0.9124441876259273;0.24565798180192208;
-189597344#2,58.56891150269868;0.0;0.0;0.0;0.0;
-189597344#1,65.30687243873504;2702.0512421354333;0.05425981201430718;0.9124441876259273;0.24565798180192208;
189597344#0,70.2197688105272;11854.892653501485;0.23225895593428802;3.4650359997533147;0.5537821408768023;
-189597344#1,65.27338109413056;2796.7115317244647;0.06035596537664596;0.9428064309959452;0.25378391002998085;
189597344#0,69.83858218380323;10731.89301774581;0.18723789924588846;3.1412565952878126;0.5764591137174624;
189597344#0,69.83858218380323;10731.89301774581;0.18723789924588846;3.1412565952878126;0.5764591137174624;
189597344#0,69.83858218380323;10731.89301774581;0.18723789924588846;3.1412565952878126;0.5764591137174624;
189597344#2,60.991719455313444;1707.9010787567995;0.013709740138079022;0.6401647222449367;0.24659368282664507;
-189597344#1,65.27338109413056;2796.7115317244647;0.06035596537664596;0.9428064309959452;0.25378391002998085;
-189597344#2,62.50014303885648;3029.565236627061;0.050944040678916065;0.9593066086496534;0.1995664043656754;
-189597344#1,65.27338109413056;2796.7115317244647;0.06035596537664596;0.9428064309959452;0.25378391002998085;
189597344#0,69.83858218380323;10731.89301774581;0.18723789924588846;3.1412565952878126;0.5764591137174624;
-189597344#1,66.1740728822824;6250.3617040550025;0.08701622242673802;2.234046676039072;0.7216656452656407;
189597344#0,71.54081873263847;12366.517959050083;0.24085817599517156;3.5285640455554446;0.6053226561886724;
189597344#0,71.54081873263847;12366.517959050083;0.24085817599517156;3.5285640455554446;0.6053226561886724;
189597344#0,71.54081873263847;12366.517959050083;0.24085817599517156;3.5285640455554446;0.6053226561886724;
189597344#2,59.782323375118324;0.0;0.0;0.0;0.0;
-189597344#1,66.1740728822824;6250.3617040550025;0.08701622242673802;2.234046676039072;0.7216656452656407;
-189597344#2,58.85804898038153;0.0;0.0;0.0;0.0;
-189597344#1,66.1740728822824;6250.3617040550025;0.08701622242673802;2.234046676039072;0.7216656452656407;
189597344#0,71.54081873263847;12366.517959050083;0.24085817599517156;3.5285640455554446;0.6053226561886724;
-189597344#1,68.48918571324596;9949.025299845161;0.2452706928973326;3.2524991200124624;0.7756225059890935;
189597344#0,72.05484375251078;13516.973974480188;0.31496503733735637;3.9674990502805887;0.6099249021990449;
189597344#0,72.05484375251078;13516.973974480188;0.31496503733735637;3.9674990502805887;0.6099249021990449;
189597344#0,72.05484375251078;13516.973974480188;0.31496503733735637;3.9674990502805887;0.6099249021990449;
189597344#2,59.942497881085195;0.0;0.0;0.0;0.0;
-189597344#1,68.48918571324596;9949.025299845161;0.2452706928973326;3.2524991200124624;0.7756225059890935;
-189597344#2,57.09242628277537;0.0;0.0;0.0;0.0;
-189597344#1,68.48918571324596;9949.025299845161;0.2452706928973326;3.2524991200124624;0.7756225059890935;
189597344#0,72.05484375251078;13516.973974480188;0.31496503733735637;3.9674990502805887;0.6099249021990449;
-189597344#1,64.13882558873472;0.0;0.0;0.0;0.0;
189597344#0,70.63786174868474;11677.618626520827;0.22286405249562743;3.3815086575663025;0.6191457623079818;
189597344#0,70.63786174868474;11677.618626520827;0.22286405249562743;3.3815086575663025;0.6191457623079818;
189597344#0,70.63786174868474;11677.618626520827;0.22286405249562743;3.3815086575663025;0.6191457623079818;
189597344#2,60.94371157324731;1710.7631556508659;0.013608164297545484;0.6409680010478529;0.2443699442370718;
-189597344#1,64.13882558873472;0.0;0.0;0.0;0.0;
-189597344#2,61.15822352128636;2430.9447818887006;0.031302615628951654;0.8136223930811959;0.19231315435952415;
-189597344#1,64.13882558873472;0.0;0.0;0.0;0.0;
189597344#0,70.63786174868474;11677.618626520827;0.22286405249562743;3.3815086575663025;0.6191457623079818;
-189597344#1,67.17898184158715;7372.410552734089;0.13387530697258992;2.5387361791819503;0.740573243213415;
189597344#0,68.34280299723707;9268.929658570354;0.14792334753341732;2.845169150225386;0.5838769123507737;
189597344#0,68.34280299723707;9268.929658570354;0.14792334753341732;2.845169150225386;0.5838769123507737;
189597344#0,68.34280299723707;9268.929658570354;0.14792334753341732;2.845169150225386;0.5838769123507737;
189597344#2,61.84360025158381;2293.896477040828;0.039715385147903765;0.8050364174778658;0.2529415362672798;
-189597344#1,67.17898184158715;7372.410552734089;0.13387530697258992;2.5387361791819503;0.740573243213415;
-189597344#2,58.373788387410514;0.0;0.0;0.0;0.0;
-189597344#1,67.17898184158715;7372.410552734089;0.13387530697258992;2.5387361791819503;0.740573243213415;
189597344#0,68.34280299723707;9268.929658570354;0.14792334753341732;2.845169150225386;0.5838769123507737;
-189597344#1,64.64629792237817;1431.9885007526796;0.0007731322441289507;0.5644034972988952;0.23039322893329167;
189597344#0,68.61556383471986;10132.652822990354;0.12127088276349923;3.2386638478239353;0.8053228312198063;
189597344#0,68.61556383471986;10132.652822990354;0.12127088276349923;3.2386638478239353;0.8053228312198063;
189597344#0,68.61556383471986;10132.652822990354;0.12127088276349923;3.2386638478239353;0.8053228312198063;
189597344#2,61.74014797747386;2219.9881553663263;0.036546420173340415;0.7844375595926479;0.2525981081024018;
-189597344#1,64.64629792237817;1431.9885007526796;0.0007731322441289507;0.5644034972988952;0.23039322893329167;
-189597344#2,63.215699601185506;3344.4336517259785;0.06126548273885442;1.035986243267786;0.20303531136882952;
-189597344#1,64.64629792237817;1431.9885007526796;0.0007731322441289507;0.5644034972988952;0.23039322893329167;
189597344#0,68.61556383471986;10132.652822990354;0.12127088276349923;3.2386638478239353;0.8053228312198063;
-189597344#1,64.54322608027493;2960.836204779298;0.006729879654708961;1.1547118662982951;0.4686561042903066;
189597344#0,67.40209137862354;6937.720914243746;0.0524625252214758;2.219602252992999;0.5516284860631033;
189597344#0,67.40209137862354;6937.720914243746;0.0524625252214758;2.219602252992999;0.5516284860631033;
189597344#0,67.40209137862354;6937.720914243746;0.0524625252214758;2.219602252992999;0.5516284860631033;
28662749,62.02596304156742;2393.2515147689983;0.044512569881873056;0.833606654193825;0.255828373347321;
-189597344#1,64.54322608027493;2960.836204779298;0.006729879654708961;1.1547118662982951;0.4686561042903066;
-189597344#2,58.88197482520236;1324.2453299195681;0.0;0.5465661968243045;0.18281952086937592;
-189597344#1,64.54322608027493;2960.836204779298;0.006729879654708961;1.1547118662982951;0.4686561042903066;
189597344#0,67.40209137862354;6937.720914243746;0.0524625252214758;2.219602252992999;0.5516284860631033;
-189597344#1,66.2629882759214;5347.048083104821;0.10693867263223808;1.8109748799423468;0.4933906352336718;
:9842732475_0,64.65692097445258;3967.118106658075;0.11236919734415249;1.2708510815772145;0.2713380262472626;
189597344#0,67.9505896713002;6148.217144322933;0.06332563588918065;1.773988265322033;0.3351561510562152;
189597344#0,67.9505896713002;6148.217144322933;0.06332563588918065;1.773988265322033;0.3351561510562152;
28662749,67.44383802986232;5484.497205794993;0.1877773387557723;1.717153803455619;0.30371319221335674;
-189597344#1,66.2629882759214;5347.048083104821;0.10693867263223808;1.8109748799423468;0.4933906352336718;
-189597344#2,58.80987223794607;0.0;0.0;0.0;0.0;
-189597344#1,66.2629882759214;5347.048083104821;0.10693867263223808;1.8109748799423468;0.4933906352336718;
189597344#0,67.9505896713002;6148.217144322933;0.06332563588918065;1.773988265322033;0.3351561510562152;
-189597344#1,66.94644109986692;7733.879274582378;0.15010389205422936;2.6411871577509007;0.7439383134921476;
:9842732475_0,58.56366447413882;0.0;0.0;0.0;0.0;
189597344#0,68.68667092246503;5918.084910725225;0.051136853555896894;1.686486095860797;0.3516285939270168;
189597344#0,68.68667092246503;5918.084910725225;0.051136853555896894;1.686486095860797;0.3516285939270168;
28662749,68.93509929328764;6314.404374119132;0.2320813726421222;1.9696877882867931;0.322742211118772;
-189597344#1,66.94644109986692;7733.879274582378;0.15010389205422936;2.6411871577509007;0.7439383134921476;
-189597344#2,57.00701270170672;0.0;0.0;0.0;0.0;
-189597344#1,66.94644109986692;7733.879274582378;0.15010389205422936;2.6411871577509007;0.7439383134921476;
189597344#0,68.68667092246503;5918.084910725225;0.051136853555896894;1.686486095860797;0.3516285939270168;
-189597344#1,64.4204442949218;2718.891697822215;0.0;1.087404173371249;0.466324008955993;
:9842732475_0,62.34551951226209;2652.6697473391137;0.05433514873512385;0.9032505914293347;0.25277102239049426;
189597344#0,67.44530806904721;8037.754015347913;0.09595959982234284;2.519992234338096;0.5794103949604829;
189597344#0,67.44530806904721;8037.754015347913;0.09595959982234284;2.519992234338096;0.5794103949604829;
28662749,67.29284811878752;5435.884229553044;0.19469573182314226;1.726148869248385;0.31600313907182004;
-189597344#1,64.4204442949218;2718.891697822215;0.0;1.087404173371249;0.466324008955993;
-189597344#2,61.786903204456294;2715.129388795661;0.04044006915783209;0.8822518417333378;0.1952304111236912;
-189597344#1,64.4204442949218;2718.891697822215;0.0;1.087404173371249;0.466324008955993;
189597344#0,67.44530806904721;8037.754015347913;0.09595959982234284;2.519992234338096;0.5794103949604829;
-189597344#1,66.2411020572406;4972.606078161309;0.09089194677519741;1.7066500395798627;0.49178060621065517;
:9842732475_0,59.445728713975214;0.0;0.0;0.0;0.0;
189597344#0,69.36483849718046;6281.270309215036;0.06492568548813642;1.7917648198274037;0.3509386183130715;
189597344#0,69.36483849718046;6281.270309215036;0.06492568548813642;1.7917648198274037;0.3509386183130715;
28662749,68.4183825782074;6088.027479426037;0.23147165478766807;1.9295520908870256;0.3323138354987716;
-189597344#1,66.2411020572406;4972.606078161309;0.09089194677519741;1.7066500395798627;0.49178060621065517;
-189597344#2,57.63056531895731;0.0;0.0;0.0;0.0;
-189597344#1,66.2411020572406;4972.606078161309;0.09089194677519741;1.7066500395798627;0.49178060621065517;
189597344#0,69.36483849718046;6281.270309215036;0.06492568548813642;1.7917648198274037;0.3509386183130715;
-189597344#1,67.42759660687642;6808.930206480459;0.17306459458800688;2.2223492785069947;0.5219650113923988;
:9842732475_0,60.20009568100605;1298.8286736503067;0.0;0.5267307248793411;0.23305908130904043;
189597344#0,68.52713123582087;6635.165656614243;0.08805300843465294;1.928441954256294;0.3794816139146349;
189597344#0,68.52713123582087;6635.165656614243;0.08805300843465294;1.928441954256294;0.3794816139146349;
28662749,70.02461401746918;7030.729761678821;0.2855290118642377;2.2262103576769254;0.3548504377163386;
-189597344#1,67.42759660687642;6808.930206480459;0.17306459458800688;2.2223492785069947;0.5219650113923988;
-189597344#2,60.884099910217515;2307.2177662599483;0.027273566219667228;0.7836331765355378;0.19075888983834793;
-189597344#1,67.42759660687642;6808.930206480459;0.17306459458800688;2.2223492785069947;0.5219650113923988;
189597344#0,68.52713123582087;6635.165656614243;0.08805300843465294;1.928441954256294;0.3794816139146349;
-189597344#1,65.2025323570476;3626.295729849343;0.03420785972031255;1.33752509717;0.47630945620146536;
:9842732475_0,62.507757286795936;2754.4730026911716;0.05859596804905741;0.9312233882702692;0.25348986113681976;
189597344#0,70.27131502553024;9788.220373092843;0.1465804915955032;2.9228491993441685;0.6126829711481354;
189597344#0,70.27131502553024;9788.220373092843;0.1465804915955032;2.9228491993441685;0.6126829711481354;
28662749,69.62669579726665;6848.949542367734;0.2833550573423833;2.18919865170811;0.3601243474031313;
-189597344#1,65.2025323570476;3626.295729849343;0.03420785972031255;1.33752509717;0.47630945620146536;
-189597344#2,59.9930950483619;1886.3685656689684;0.01388917503987336;0.6823653574754495;0.18707067183442141;
-189597344#1,65.2025323570476;3626.295729849343;0.03420785972031255;1.33752509717;0.47630945620146536;
189597344#0,70.27131502553024;9788.220373092843;0.1465804915955032;2.9228491993441685;0.6126829711481354;
-189597344#1,64.58980394847352;1794.5252903031658;0.016274448787366176;0.6639891524794677;0.2363918582687405;
:9842732475_0,59.47090365138528;0.0;0.0;0.0;0.0;
189597344#0,68.52684613317508;8656.258385238565;0.11934361876111628;2.686072501316317;0.6107354424910758;
189597344#0,68.52684613317508;8656.258385238565;0.11934361876111628;2.686072501316317;0.6107354424910758;
28662749,69.42432492253558;6768.824929097188;0.28586639020242294;2.181073121634175;0.36661223132700194;
-189597344#1,64.58980394847352;1794.5252903031658;0.016274448787366176;0.6639891524794677;0.2363918582687405;
-189597344#2,61.63276615621367;2639.2478697874394;0.03839584281468404;0.864952295691256;0.19595569539485533;
-189597344#1,64.58980394847352;1794.5252903031658;0.016274448787366176;0.6639891524794677;0.2363918582687405;
189597344#0,68.52684613317508;8656.258385238565;0.11934361876111628;2.686072501316317;0.6107354424910758;
-189597344#1,67.26966686232605;7301.884700235381;0.13372268543840515;2.5192994873589183;0.7366582052122354;
:9842732475_0,63.88162089947901;3538.9921835550795;0.09328934851273507;1.1506632333962084;0.2650142175468506;
189597344#0,68.75427887663243;9664.109371362912;0.10108601237895884;3.169369704173725;0.6107042074548539;
189597344#0,68.75427887663243;9664.109371362912;0.10108601237895884;3.169369704173725;0.6107042074548539;
189597344#0,68.75427887663243;9664.109371362912;0.10108601237895884;3.169369704173725;0.6107042074548539;
28662749,69.82067585822033;7043.675340325617;0.3076242390157429;2.2819605389680784;0.37910517764903945;
-189597344#1,67.26966686232605;7301.884700235381;0.13372268543840515;2.5192994873589183;0.7366582052122354;
-189597344#1,67.26966686232605;7301.884700235381;0.13372268543840515;2.5192994873589183;0.7366582052122354;
-189597344#1,67.26966686232605;7301.884700235381;0.13372268543840515;2.5192994873589183;0.7366582052122354;
189597344#0,68.75427887663243;9664.109371362912;0.10108601237895884;3.169369704173725;0.6107042074548539;
-189597344#1,67.45849575640828;6228.094676950303;0.1355623298428691;2.034967302861824;0.4611411300453202;
:9842732475_0,61.16642061849221;1907.2760607606833;0.021893861152544634;0.6957721408246955;0.243731101405549;
189597344#0,71.80843087220141;10743.433755629574;0.11981492860186091;2.775150176586979;0.42067641447650894;
189597344#0,71.80843087220141;10743.433755629574;0.11981492860186091;2.775150176586979;0.42067641447650894;
189597344#0,71.80843087220141;10743.433755629574;0.11981492860186091;2.775150176586979;0.42067641447650894;
28662749,69.426606919017;6839.088101093882;0.3030949484696815;2.234309027417254;0.38335144988933345;
-189597344#1,67.45849575640828;6228.094676950303;0.1355623298428691;2.034967302861824;0.4611411300453202;
-189597344#1,67.45849575640828;6228.094676950303;0.1355623298428691;2.034967302861824;0.4611411300453202;
-189597344#1,67.45849575640828;6228.094676950303;0.1355623298428691;2.034967302861824;0.4611411300453202;
189597344#0,71.80843087220141;10743.433755629574;0.11981492860186091;2.775150176586979;0.42067641447650894;
-189597344#1,67.21263164987677;8097.2502327801485;0.09766201292497645;2.9000586032603604;0.9105207346533999;
:9842732475_0,58.573722167621725;0.0;0.0;0.0;0.0;
189597344#0,72.12765950543917;10927.0103663876;0.12479592221055914;2.8389165291863474;0.41717689403987;
189597344#0,72.12765950543917;10927.0103663876;0.12479592221055914;2.8389165291863474;0.41717689403987;
189597344#0,72.12765950543917;10927.0103663876;0.12479592221055914;2.8389165291863474;0.41717689403987;
28662749,70.23384372619955;7377.646455858801;0.34063155416687546;2.419773524958994;0.40075757338901397;
-189597344#1,67.21263164987677;8097.2502327801485;0.09766201292497645;2.9000586032603604;0.9105207346533999;
-189597344#1,67.21263164987677;8097.2502327801485;0.09766201292497645;2.9000586032603604;0.9105207346533999;
-189597344#1,67.21263164987677;8097.2502327801485;0.09766201292497645;2.9000586032603604;0.9105207346533999;
189597344#0,72.12765950543917;10927.0103663876;0.12479592221055914;2.8389165291863474;0.41717689403987;
-189597344#1,67.11945027367892;7022.98735565766;0.11358985054946392;2.4402649741342355;0.6804338659231101;
189597344#1,60.0669389328536;0.0;0.0;0.0;0.0;
189597344#0,72.33140789883558;16002.181809546826;0.28260172333069417;4.450077709521333;0.7051018102304122;
189597344#0,72.33140789883558;16002.181809546826;0.28260172333069417;4.450077709521333;0.7051018102304122;
189597344#0,72.33140789883558;16002.181809546826;0.28260172333069417;4.450077709521333;0.7051018102304122;
28662749,70.05606230210573;7305.900514250587;0.34398211984701305;2.4142349870198414;0.4076835472729211;
-189597344#1,67.11945027367892;7022.98735565766;0.11358985054946392;2.4402649741342355;0.6804338659231101;
-189597344#1,67.11945027367892;7022.98735565766;0.11358985054946392;2.4402649741342355;0.6804338659231101;
-189597344#1,67.11945027367892;7022.98735565766;0.11358985054946392;2.4402649741342355;0.6804338659231101;
189597344#0,72.33140789883558;16002.181809546826;0.28260172333069417;4.450077709521333;0.7051018102304122;
-189597344#1,66.1478752267233;3486.757289611139;0.0281821453264474;1.299817342208323;0.47137069003327914;
189597344#1,63.337686210041895;3234.96859696156;0.07964897400533996;1.0651519781956105;0.26013389577622875;
189597344#0,70.99701299407167;10285.022659050019;0.11914988951936026;2.7692578538255215;0.45900802068074276;
189597344#0,70.99701299407167;10285.022659050019;0.11914988951936026;2.7692578538255215;0.45900802068074276;
189597344#0,70.99701299407167;10285.022659050019;0.11914988951936026;2.7692578538255215;0.45900802068074276;
28662749,71.78474791624163;8462.329586854103;0.4211022472472767;2.804830351748941;0.43793810604873196;
-189597344#1,66.1478752267233;3486.757289611139;0.0281821453264474;1.299817342208323;0.47137069003327914;
-189597344#1,66.1478752267233;3486.757289611139;0.0281821453264474;1.299817342208323;0.47137069003327914;
-189597344#1,66.1478752267233;3486.757289611139;0.0281821453264474;1.299817342208323;0.47137069003327914;
189597344#0,70.99701299407167;10285.022659050019;0.11914988951936026;2.7692578538255215;0.45900802068074276;
-189597344#1,67.70950084558461;8334.591760374811;0.1589577826753485;2.7646753391936008;0.7025364191192789;
189597344#1,61.39878854421121;2065.1544748237447;0.028711307563117572;0.7396812528353152;0.2452206208789283;
189597344#0,71.39633806330947;13132.703621645795;0.1756975205465039;3.7222331844922363;0.6964102938553921;
189597344#0,71.39633806330947;13132.703621645795;0.1756975205465039;3.7222331844922363;0.6964102938553921;
189597344#0,71.39633806330947;13132.703621645795;0.1756975205465039;3.7222331844922363;0.6964102938553921;
28662749,71.61904525769667;8420.702303271442;0.42863834783663596;2.8141584365793157;0.44705604046295516;
-189597344#1,67.70950084558461;8334.591760374811;0.1589577826753485;2.7646753391936008;0.7025364191192789;
-189597344#1,67.70950084558461;8334.591760374811;0.1589577826753485;2.7646753391936008;0.7025364191192789;
-189597344#1,67.70950084558461;8334.591760374811;0.1589577826753485;2.7646753391936008;0.7025364191192789;
189597344#0,71.39633806330947;13132.703621645795;0.1756975205465039;3.7222331844922363;0.6964102938553921;
-189597344#1,65.93947424349012;4890.632302040359;0.028261041395359114;1.856526030261104;0.7064021916210581;
189597344#1,61.85225464577557;2341.4836387204896;0.04097447939432305;0.8169782904231847;0.24970028733148936;
189597344#0,69.02779828625552;9180.199184194638;0.10275878795698146;2.622659823192484;0.45747155387582084;
189597344#0,69.02779828625552;9180.199184194638;0.10275878795698146;2.622659823192484;0.45747155387582084;
189597344#0,69.02779828625552;9180.199184194638;0.10275878795698146;2.622659823192484;0.45747155387582084;
28662749,72.18973505306737;8864.591694057719;0.46650711905779696;2.9828032154302337;0.46562783630166704;
-189597344#1,65.93947424349012;4890.632302040359;0.028261041395359114;1.856526030261104;0.7064021916210581;
-189597344#1,65.93947424349012;4890.632302040359;0.028261041395359114;1.856526030261104;0.7064021916210581;
-189597344#1,65.93947424349012;4890.632302040359;0.028261041395359114;1.856526030261104;0.7064021916210581;
189597344#0,69.02779828625552;9180.199184194638;0.10275878795698146;2.622659823192484;0.45747155387582084;
-189597344#1,67.77662260917614;8909.482212152709;0.12577126177322465;3.082881457198412;0.9191314335509084;
189597344#1,58.41040966168666;0.0;0.0;0.0;0.0;
189597344#0,70.7221396613409;12218.580233957331;0.15158183222435284;3.5514194073975327;0.7071577411078145;
189597344#0,70.7221396613409;12218.580233957331;0.15158183222435284;3.5514194073975327;0.7071577411078145;
189597344#0,70.7221396613409;12218.580233957331;0.15158183222435284;3.5514194073975327;0.7071577411078145;
28662749,70.52203978085413;7783.736412399394;0.40747539963451374;2.6458416353596186;0.45380099935624996;
-189597344#1,67.77662260917614;8909.482212152709;0.12577126177322465;3.082881457198412;0.9191314335509084;
-189597344#1,67.77662260917614;8909.482212152709;0.12577126177322465;3.082881457198412;0.9191314335509084;
-189597344#1,67.77662260917614;8909.482212152709;0.12577126177322465;3.082881457198412;0.9191314335509084;
189597344#0,70.7221396613409;12218.580233957331;0.15158183222435284;3.5514194073975327;0.7071577411078145;
-189597344#1,65.20044433133059;1503.1557422674298;0.001678612589896442;0.5898419062321383;0.18461303385602387;
189597344#1,61.48038630678765;2131.7497567772953;0.03139876735050506;0.7579194187109728;0.24487648829482922;
189597344#0,69.20140622168427;9152.677984409751;0.10857609620997977;2.65810226757114;0.47882950633073473;
189597344#0,69.20140622168427;9152.677984409751;0.10857609620997977;2.65810226757114;0.47882950633073473;
189597344#0,69.20140622168427;9152.677984409751;0.10857609620997977;2.65810226757114;0.47882950633073473;
28662749,67.87632973989608;5880.980379501403;0.291282275032837;2.0247634192398394;0.4227788656925304;
-189597344#1,65.20044433133059;1503.1557422674298;0.001678612589896442;0.5898419062321383;0.18461303385602387;
-189597344#1,65.20044433133059;1503.1557422674298;0.001678612589896442;0.5898419062321383;0.18461303385602387;
-189597344#1,65.20044433133059;1503.1557422674298;0.001678612589896442;0.5898419062321383;0.18461303385602387;
189597344#0,69.20140622168427;9152.677984409751;0.10857609620997977;2.65810226757114;0.47882950633073473;
-189597344#1,67.90412009777867;8566.967620468591;0.18593221167580126;2.8716118752728637;0.7545347803675315;
189597344#1,60.9980408262545;1820.6620289937964;0.01789483116809442;0.6714929992135675;0.24091860423526312;
189597344#0,69.78872486772525;11542.978621078688;0.14522402760064754;3.4744315077694616;0.7226814550675571;
189597344#0,69.78872486772525;11542.978621078688;0.14522402760064754;3.4744315077694616;0.7226814550675571;
189597344#0,69.78872486772525;11542.978621078688;0.14522402760064754;3.4744315077694616;0.7226814550675571;
28662749,71.06465489802719;8229.834696814502;0.44983100791686925;2.823983152601043;0.47675106728854;
-189597344#1,67.90412009777867;8566.967620468591;0.18593221167580126;2.8716118752728637;0.7545347803675315;
-189597344#1,67.90412009777867;8566.967620468591;0.18593221167580126;2.8716118752728637;0.7545347803675315;
-189597344#1,67.90412009777867;8566.967620468591;0.18593221167580126;2.8716118752728637;0.7545347803675315;
189597344#0,69.78872486772525;11542.978621078688;0.14522402760064754;3.4744315077694616;0.7226814550675571;
-189597344#1,66.75944091296445;4874.4048672516365;0.07425199388147277;1.6515088086112857;0.44167740182340853;
189597344#1,60.2721691998655;1339.7220965826555;0.0;0.5379534716916573;0.23409395220985632;
189597344#0,70.56031901155544;12645.963184529104;0.18680302173849245;3.7624012148261006;0.7462635185425534;
189597344#0,70.56031901155544;12645.963184529104;0.18680302173849245;3.7624012148261006;0.7462635185425534;
189597344#0,70.56031901155544;12645.963184529104;0.18680302173849245;3.7624012148261006;0.7462635185425534;
28662749,71.22282703340724;8385.726110173317;0.4688394758695814;2.8951346928826265;0.48874264618163177;
-189597344#1,66.75944091296445;4874.4048672516365;0.07425199388147277;1.6515088086112857;0.44167740182340853;
-189597344#1,66.75944091296445;4874.4048672516365;0.07425199388147277;1.6515088086112857;0.44167740182340853;
-189597344#1,66.75944091296445;4874.4048672516365;0.07425199388147277;1.6515088086112857;0.44167740182340853;
189597344#0,70.56031901155544;12645.963184529104;0.18680302173849245;3.7624012148261006;0.7462635185425534;
-189597344#1,67.19055769798474;8197.985050529918;0.10936769516832805;2.9469360591273266;0.9148733710798139;
189597344#1,63.872070325178676;3531.7937676239408;0.09318685656193285;1.1491547597005756;0.2654141999762696;
189597344#0,69.69679550439655;10595.123049873058;0.17857309832054624;3.0967801692633374;0.5456454301271907;
189597344#0,69.69679550439655;10595.123049873058;0.17857309832054624;3.0967801692633374;0.5456454301271907;
189597344#0,69.69679550439655;10595.123049873058;0.17857309832054624;3.0967801692633374;0.5456454301271907;
28662749,70.8956978432849;8183.151719650561;0.46360646603982747;2.843772171479664;0.49313592022658326;
-189597344#1,67.19055769798474;8197.985050529918;0.10936769516832805;2.9469360591273266;0.9148733710798139;
-189597344#1,67.19055769798474;8197.985050529918;0.10936769516832805;2.9469360591273266;0.9148733710798139;
-189597344#1,67.19055769798474;8197.985050529918;0.10936769516832805;2.9469360591273266;0.9148733710798139;
189597344#0,69.69679550439655;10595.123049873058;0.17857309832054624;3.0967801692633374;0.5456454301271907;
-189597344#1,66.65596042946814;6141.962866657138;0.07049874547682594;2.1782595098740156;0.672288420271502;
189597344#1,57.770243314600734;0.0;0.0;0.0;0.0;
189597344#0,71.55870622870188;12257.295077606432;0.24358019777080891;3.5350952733162924;0.5775804212527574;
189597344#0,71.55870622870188;12257.295077606432;0.24358019777080891;3.5350952733162924;0.5775804212527574;
189597344#0,71.55870622870188;12257.295077606432;0.24358019777080891;3.5350952733162924;0.5775804212527574;
28662749,72.57498766219341;9477.76546592754;0.5621425911933404;3.3090042578558005;0.5298895268889794;
-189597344#1,66.65596042946814;6141.962866657138;0.07049874547682594;2.1782595098740156;0.672288420271502;
-189597344#1,66.65596042946814;6141.962866657138;0.07049874547682594;2.1782595098740156;0.672288420271502;
-189597344#1,66.65596042946814;6141.962866657138;0.07049874547682594;2.1782595098740156;0.672288420271502;
189597344#0,71.55870622870188;12257.295077606432;0.24358019777080891;3.5350952733162924;0.5775804212527574;
-189597344#1,66.59491870656905;5803.568775073026;0.06293661659799217;2.106603696081505;0.6720721746214509;
189597344#1,63.36538291361309;3251.129973255144;0.08032682257775535;1.0695887134247584;0.2602758788509745;
189597344#0,69.97753273014831;10934.668703828327;0.19219807176110704;3.1949846733344023;0.5536098270154229;
189597344#0,69.97753273014831;10934.668703828327;0.19219807176110704;3.1949846733344023;0.5536098270154229;
189597344#0,69.97753273014831;10934.668703828327;0.19219807176110704;3.1949846733344023;0.5536098270154229;
28662749,70.46293846436495;7912.195873133906;0.4618275069081578;2.785091446173404;0.5051902379338143;
-189597344#1,66.59491870656905;5803.568775073026;0.06293661659799217;2.106603696081505;0.6720721746214509;
-189597344#1,66.59491870656905;5803.568775073026;0.06293661659799217;2.106603696081505;0.6720721746214509;
-189597344#1,66.59491870656905;5803.568775073026;0.06293661659799217;2.106603696081505;0.6720721746214509;
189597344#0,69.97753273014831;10934.668703828327;0.19219807176110704;3.1949846733344023;0.5536098270154229;
-189597344#1,66.19244775979936;3729.448926472506;0.0388813821001604;1.3668136861274092;0.47752003802257803;
189597344#1,62.603419570705974;2797.5860826851217;0.06101908708314405;0.9443399936059251;0.2558437551282352;
189597344#0,73.09258743696165;16841.022896471295;0.3546462479739033;4.877880736366186;0.8424946146059029;
189597344#0,73.09258743696165;16841.022896471295;0.3546462479739033;4.877880736366186;0.8424946146059029;
189597344#0,73.09258743696165;16841.022896471295;0.3546462479739033;4.877880736366186;0.8424946146059029;
28662749,70.56584227693348;8013.979812972319;0.47618926627046687;2.834973288237391;0.5150379100980262;
-189597344#1,66.19244775979936;3729.448926472506;0.0388813821001604;1.3668136861274092;0.47752003802257803;
-189597344#1,66.19244775979936;3729.448926472506;0.0388813821001604;1.3668136861274092;0.47752003802257803;
-189597344#1,66.19244775979936;3729.448926472506;0.0388813821001604;1.3668136861274092;0.47752003802257803;
189597344#0,73.09258743696165;16841.022896471295;0.3546462479739033;4.877880736366186;0.8424946146059029;
-189597344#1,66.401503179556;5669.475886876538;0.06204821249688515;2.072863731701016;0.7161864579154794;
189597344#1,58.217591031703094;0.0;0.0;0.0;0.0;
189597344#0,70.64322100595643;9590.30195263442;0.20331837195037678;2.674889733884986;0.37350220355568586;
189597344#0,70.64322100595643;9590.30195263442;0.20331837195037678;2.674889733884986;0.37350220355568586;
189597344#0,70.64322100595643;9590.30195263442;0.20331837195037678;2.674889733884986;0.37350220355568586;
28662749,69.9383230680036;7517.123319949615;0.44713600485152266;2.673657016220119;0.5112820873236611;
-189597344#1,66.401503179556;5669.475886876538;0.06204821249688515;2.072863731701016;0.7161864579154794;
-189597344#1,66.401503179556;5669.475886876538;0.06204821249688515;2.072863731701016;0.7161864579154794;
-189597344#1,66.401503179556;5669.475886876538;0.06204821249688515;2.072863731701016;0.7161864579154794;
189597344#0,70.64322100595643;9590.30195263442;0.20331837195037678;2.674889733884986;0.37350220355568586;
-189597344#1,66.4294338877803;5513.0174620028665;0.09080043548242879;1.794345196023806;0.44356868724012055;
189597344#1,62.12045999970418;2522.68234322986;0.048493021744517036;0.8667402052739601;0.25041133741889887;
189597344#0,70.64942229043963;13160.05044608244;0.2244032469031313;3.9720810751369386;0.8203054741245893;
189597344#0,70.64942229043963;13160.05044608244;0.2244032469031313;3.9720810751369386;0.8203054741245893;
189597344#0,70.64942229043963;13160.05044608244;0.2244032469031313;3.9720810751369386;0.8203054741245893;
28662749,71.84864455336543;9096.092801463838;0.5697462940665722;3.246823803053883;0.5545344577944566;
:9842732475_7,60.941654931453115;1876.9304383901185;0.019455582624641518;0.6863993586760174;0.23492962132246148;
-189597344#1,66.4294338877803;5513.0174620028665;0.09080043548242879;1.794345196023806;0.44356868724012055;
-189597344#1,66.4294338877803;5513.0174620028665;0.09080043548242879;1.794345196023806;0.44356868724012055;
189597344#0,70.64942229043963;13160.05044608244;0.2244032469031313;3.9720810751369386;0.8203054741245893;
-189597344#1,65.78531177235332;4564.630173329151;0.0763050431816915;1.60161849149238;0.49090525881333236;
189597344#1,60.29469292783606;1349.9790109564235;0.0;0.5407351432615269;0.23452111685305266;
189597344#0,70.87927854355405;15077.406902630215;0.31681034388638774;4.543013280120099;0.861387821057605;
189597344#0,70.87927854355405;15077.406902630215;0.31681034388638774;4.543013280120099;0.861387821057605;
189597344#0,70.87927854355405;15077.406902630215;0.31681034388638774;4.543013280120099;0.861387821057605;
28662749,72.92367356467136;10010.510780641793;0.6479427044492934;3.5935910879546595;0.585103611301178;
:9842732475_7,60.024834557150356;1291.2378377984173;0.0;0.5262165086019392;0.22691810803049234;
-189597344#1,65.78531177235332;4564.630173329151;0.0763050431816915;1.60161849149238;0.49090525881333236;
-189597344#1,65.78531177235332;4564.630173329151;0.0763050431816915;1.60161849149238;0.49090525881333236;
189597344#0,70.87927854355405;15077.406902630215;0.31681034388638774;4.543013280120099;0.861387821057605;
-189597344#1,66.39673020329266;5458.791549185797;0.11403557257208854;1.8459394991693396;0.5048923267847718;
189597344#1,61.61455787002743;2209.931088967044;0.03490005753683383;0.7798017093844959;0.24642702965203983;
189597344#0,69.98024552911336;9214.69101670383;0.2142568022114169;2.6745719088695488;0.4049524685676169;
189597344#0,69.98024552911336;9214.69101670383;0.2142568022114169;2.6745719088695488;0.4049524685676169;
189597344#0,69.98024552911336;9214.69101670383;0.2142568022114169;2.6745719088695488;0.4049524685676169;
28662749,61.39726179568581;0.0;0.0;0.0;0.0;
:9842732475_7,62.461622907428385;2776.3504972351707;0.057578571560191374;0.9331943564634748;0.24722650071906493;
-189597344#1,66.39673020329266;5458.791549185797;0.11403557257208854;1.8459394991693396;0.5048923267847718;
-189597344#1,66.39673020329266;5458.791549185797;0.11403557257208854;1.8459394991693396;0.5048923267847718;
189597344#0,69.98024552911336;9214.69101670383;0.2142568022114169;2.6745719088695488;0.4049524685676169;
-189597344#1,65.06717011455122;2587.5021024546545;0.03662645516564842;0.8521712910604834;0.19506936949275375;
189597344#1,62.092803800642926;2494.745851826331;0.04757461248576906;0.8595228707586355;0.25123344715683943;
189597344#0,68.44119902845519;7868.772233405196;0.08194329364708774;2.4350842744535055;0.5766997990198941;
189597344#0,68.44119902845519;7868.772233405196;0.08194329364708774;2.4350842744535055;0.5766997990198941;
189597344#0,68.44119902845519;7868.772233405196;0.08194329364708774;2.4350842744535055;0.5766997990198941;
28662749,60.875977791256844;0.0;0.0;0.0;0.0;
:9842732475_7,60.1049999195378;1329.4702379260261;0.0;0.5364600039160491;0.22827254997490154;
-189597344#1,65.06717011455122;2587.5021024546545;0.03662645516564842;0.8521712910604834;0.19506936949275375;
-189597344#1,65.06717011455122;2587.5021024546545;0.03662645516564842;0.8521712910604834;0.19506936949275375;
189597344#0,68.44119902845519;7868.772233405196;0.08194329364708774;2.4350842744535055;0.5766997990198941;
-189597344#1,64.76426378964662;3034.868801586014;0.009209623894983511;1.1748763240118554;0.47024743620419995;
189597344#1,58.2811518608321;0.0;0.0;0.0;0.0;
189597344#0,70.92590403221698;12760.783914117183;0.20349897856594856;3.8589135071381007;0.846615582138253;
189597344#0,70.92590403221698;12760.783914117183;0.20349897856594856;3.8589135071381007;0.846615582138253;
189597344#0,70.92590403221698;12760.783914117183;0.20349897856594856;3.8589135071381007;0.846615582138253;
28662749,60.41988708592215;0.0;0.0;0.0;0.0;
:9842732475_7,58.752416494880215;0.0;0.0;0.0;0.0;
-189597344#1,64.76426378964662;3034.868801586014;0.009209623894983511;1.1748763240118554;0.47024743620419995;
-189597344#1,64.76426378964662;3034.868801586014;0.009209623894983511;1.1748763240118554;0.47024743620419995;
189597344#0,70.92590403221698;12760.783914117183;0.20349897856594856;3.8589135071381007;0.846615582138253;
-189597344#1,65.78159835042217;5802.772006033135;0.06876069535002878;2.1207777615778474;0.6719878090040774;
189597344#1,60.92225664891376;1788.2372800315977;0.01634856085566332;0.6624191548436531;0.23930595095586218;
189597344#0,69.21476211109723;9208.751207955773;0.1301961145203881;2.7854800478839823;0.5909641779699719;
189597344#0,69.21476211109723;9208.751207955773;0.1301961145203881;2.7854800478839823;0.5909641779699719;
189597344#0,69.21476211109723;9208.751207955773;0.1301961145203881;2.7854800478839823;0.5909641779699719;
28662749,59.94933689578774;0.0;0.0;0.0;0.0;
:9842732475_7,61.5307084208151;2247.1994873368712;0.03486241462455333;0.7874707018437808;0.23875029105446516;
-189597344#1,65.78159835042217;5802.772006033135;0.06876069535002878;2.1207777615778474;0.6719878090040774;
-189597344#1,65.78159835042217;5802.772006033135;0.06876069535002878;2.1207777615778474;0.6719878090040774;
189597344#0,69.21476211109723;9208.751207955773;0.1301961145203881;2.7854800478839823;0.5909641779699719;
-189597344#1,65.65732975225554;4468.318459899918;0.0546711014382227;1.5335400687851388;0.4330818094715474;
189597344#1,61.62276778589746;2225.699091579541;0.035397243566532344;0.7838917233138708;0.24568685043997932;
189597344#0,70.28372785106954;9393.463184856364;0.1357358851426667;2.815685486244588;0.6308860689884292;
189597344#0,70.28372785106954;9393.463184856364;0.1357358851426667;2.815685486244588;0.6308860689884292;
189597344#0,70.28372785106954;9393.463184856364;0.1357358851426667;2.815685486244588;0.6308860689884292;
28662749,59.46337198296736;0.0;0.0;0.0;0.0;
:9842732475_7,63.003143089305865;3081.9300081773813;0.07056229181834142;1.0171678200633982;0.25131118499795563;
-189597344#1,65.65732975225554;4468.318459899918;0.0546711014382227;1.5335400687851388;0.4330818094715474;
-189597344#1,65.65732975225554;4468.318459899918;0.0546711014382227;1.5335400687851388;0.4330818094715474;
189597344#0,70.28372785106954;9393.463184856364;0.1357358851426667;2.815685486244588;0.6308860689884292;
-189597344#1,65.01255432585667;3789.7067900307848;0.0416569211451982;1.3834212389355438;0.4804639381726481;
189597344#1,61.49331302546311;2138.226184330141;0.03170605070203834;0.7597557245695286;0.24510210078264735;
189597344#0,69.20384579233288;6670.891407650478;0.09163763267859809;1.9391548098591782;0.39882091255603214;
189597344#0,69.20384579233288;6670.891407650478;0.09163763267859809;1.9391548098591782;0.39882091255603214;
189597344#0,69.20384579233288;6670.891407650478;0.09163763267859809;1.9391548098591782;0.39882091255603214;
28662749,58.9609401438398;0.0;0.0;0.0;0.0;
:9842732475_7,58.015647831323854;0.0;0.0;0.0;0.0;
-189597344#1,65.01255432585667;3789.7067900307848;0.0416569211451982;1.3834212389355438;0.4804639381726481;
-189597344#1,65.01255432585667;3789.7067900307848;0.0416569211451982;1.3834212389355438;0.4804639381726481;
189597344#0,69.20384579233288;6670.891407650478;0.09163763267859809;1.9391548098591782;0.39882091255603214;
-189597344#1,64.0657938482495;0.0;0.0;0.0;0.0;
189597344#1,59.89840899884971;0.0;0.0;0.0;0.0;
189597344#0,68.81877838539272;10008.304241750373;0.13157747575015089;3.259004601137242;0.8463167307163807;
189597344#0,68.81877838539272;10008.304241750373;0.13157747575015089;3.259004601137242;0.8463167307163807;
189597344#0,68.81877838539272;10008.304241750373;0.13157747575015089;3.259004601137242;0.8463167307163807;
28662749,58.44087897354497;0.0;0.0;0.0;0.0;
:9842732475_7,61.40969787638432;2177.0098286064685;0.03187877763486139;0.768227650693983;0.23764219632965386;
-189597344#1,64.0657938482495;0.0;0.0;0.0;0.0;
-189597344#1,64.0657938482495;0.0;0.0;0.0;0.0;
189597344#0,68.81877838539272;10008.304241750373;0.13157747575015089;3.259004601137242;0.8463167307163807;
-189597344#1,67.55882271199214;9001.735600917431;0.18706678177773;2.9475690295021755;0.7100537749156306;
189597344#1,60.82203521250218;1718.1778773449719;0.013349076150500905;0.6430026094019582;0.23868376329229113;
189597344#0,69.57224054984296;10970.185396771303;0.15600538639955663;3.4829496396400117;0.8618983023685169;
189597344#0,69.57224054984296;10970.185396771303;0.15600538639955663;3.4829496396400117;0.8618983023685169;
189597344#0,69.57224054984296;10970.185396771303;0.15600538639955663;3.4829496396400117;0.8618983023685169;
28662749,57.90190040737468;0.0;0.0;0.0;0.0;
:9842732475_7,61.67694501433486;2327.929921238879;0.038384862308902756;0.8097731087432074;0.24040773169001023;
-189597344#1,67.55882271199214;9001.735600917431;0.18706678177773;2.9475690295021755;0.7100537749156306;
-189597344#1,67.55882271199214;9001.735600917431;0.18706678177773;2.9475690295021755;0.7100537749156306;
189597344#0,69.57224054984296;10970.185396771303;0.15600538639955663;3.4829496396400117;0.8618983023685169;
-189597344#1,65.12097921595246;2876.34600171751;0.06434439368389322;0.9660490350850167;0.2564724685747621;
189597344#1,61.67658111406265;2255.398887974476;0.03675526838135874;0.7922485489708372;0.24641483449943458;
189597344#0,69.51049850236278;13059.891378759581;0.18894025355017527;4.282975353202852;0.8794169312246357;
189597344#0,69.51049850236278;13059.891378759581;0.18894025355017527;4.282975353202852;0.8794169312246357;
189597344#0,69.51049850236278;13059.891378759581;0.18894025355017527;4.282975353202852;0.8794169312246357;
189597344#0,69.51049850236278;13059.891378759581;0.18894025355017527;4.282975353202852;0.8794169312246357;
28662749,57.342572618307884;0.0;0.0;0.0;0.0;
:9842732475_7,58.875962940401614;0.0;0.0;0.0;0.0;
-189597344#1,65.12097921595246;2876.34600171751;0.06434439368389322;0.9660490350850167;0.2564724685747621;
-189597344#1,65.12097921595246;2876.34600171751;0.06434439368389322;0.9660490350850167;0.2564724685747621;
189597344#0,69.51049850236278;13059.891378759581;0.18894025355017527;4.282975353202852;0.8794169312246357;
-189597344#1,65.0505944342394;3945.3034227324533;0.04266006420264067;1.4227996047058689;0.4284580376480349;
189597344#1,61.10814178072491;1892.1135576064835;0.021003997857516304;0.6913528044623576;0.24187412855793594;
189597344#0,70.28607227993818;8680.612380444933;0.06292645808500674;2.308834089279125;0.4167509130797525;
189597344#0,70.28607227993818;8680.612380444933;0.06292645808500674;2.308834089279125;0.4167509130797525;
189597344#0,70.28607227993818;8680.612380444933;0.06292645808500674;2.308834089279125;0.4167509130797525;
189597344#0,70.28607227993818;8680.612380444933;0.06292645808500674;2.308834089279125;0.4167509130797525;
28662749,56.7612987736107;0.0;0.0;0.0;0.0;
-189597344#0,63.19059414091412;3191.467148066286;0.07481461583479988;1.0463442080929228;0.2516832523377089;
-189597344#1,65.0505944342394;3945.3034227324533;0.04266006420264067;1.4227996047058689;0.4284580376480349;
-189597344#1,65.0505944342394;3945.3034227324533;0.04266006420264067;1.4227996047058689;0.4284580376480349;
189597344#0,70.28607227993818;8680.612380444933;0.06292645808500674;2.308834089279125;0.4167509130797525;
-189597344#1,65.60655124173059;4510.314932284766;0.07283028580899234;1.5829597128770143;0.4907505938571667;
189597344#1,59.835721385222854;0.0;0.0;0.0;0.0;
189597344#0,71.2168335448606;10395.871800916035;0.11621790876862924;2.7396003405899108;0.44530370459372715;
:9842732475_0,63.049099854635735;3209.5835759149;0.06696390801363104;1.0303873960030414;0.2288890655521863;
189597344#0,71.2168335448606;10395.871800916035;0.11621790876862924;2.7396003405899108;0.44530370459372715;
189597344#0,71.2168335448606;10395.871800916035;0.11621790876862924;2.7396003405899108;0.44530370459372715;
28662749,56.15629207246599;0.0;0.0;0.0;0.0;
-189597344#0,61.697772389043905;2328.593530850574;0.03867097408077912;0.810407450340067;0.24160015582856784;
-189597344#1,65.60655124173059;4510.314932284766;0.07283028580899234;1.5829597128770143;0.4907505938571667;
-189597344#1,65.60655124173059;4510.314932284766;0.07283028580899234;1.5829597128770143;0.4907505938571667;
189597344#0,71.2168335448606;10395.871800916035;0.11621790876862924;2.7396003405899108;0.44530370459372715;
-189597344#1,63.94779525109752;0.0;0.0;0.0;0.0;
189597344#1,63.450594749806726;3296.462462857726;0.0825608615077048;1.0827914914580528;0.26153056265388425;
189597344#0,72.51216470694074;14068.710542390492;0.20661006981639546;3.9022112253359094;0.7088094753966967;
:9842732475_0,57.77485092569276;0.0;0.0;0.0;0.0;
189597344#0,72.51216470694074;14068.710542390492;0.20661006981639546;3.9022112253359094;0.7088094753966967;
189597344#0,72.51216470694074;14068.710542390492;0.20661006981639546;3.9022112253359094;0.7088094753966967;
28662749,55.52554641084876;0.0;0.0;0.0;0.0;
-189597344#0,57.96322482899207;0.0;0.0;0.0;0.0;
-189597344#1,63.94779525109752;0.0;0.0;0.0;0.0;
-189597344#1,63.94779525109752;0.0;0.0;0.0;0.0;
189597344#0,72.51216470694074;14068.710542390492;0.20661006981639546;3.9022112253359094;0.7088094753966967;
-189597344#1,67.40721404700588;8190.771099002634;0.15254579304793858;2.7238187881652554;0.6983774614533975;
189597344#1,60.05472654811095;0.0;0.0;0.0;0.0;
189597344#0,70.82741415738568;10984.795500132588;0.10122526490462196;3.1339561295019274;0.685658630094386;
:9842732475_0,63.44317266634049;3403.7945680011862;0.0744284998125247;1.0812760450388095;0.23146056057100267;
189597344#0,70.82741415738568;10984.795500132588;0.10122526490462196;3.1339561295019274;0.685658630094386;
189597344#0,70.82741415738568;10984.795500132588;0.10122526490462196;3.1339561295019274;0.685658630094386;
28662749,54.86680197088491;0.0;0.0;0.0;0.0;
-189597344#0,63.88112185750779;3566.359658595292;0.09088964656324583;1.149698529551181;0.2571048499067733;
-189597344#1,67.40721404700588;8190.771099002634;0.15254579304793858;2.7238187881652554;0.6983774614533975;
-189597344#1,67.40721404700588;8190.771099002634;0.15254579304793858;2.7238187881652554;0.6983774614533975;
189597344#0,70.82741415738568;10984.795500132588;0.10122526490462196;3.1339561295019274;0.685658630094386;
-189597344#1,64.64966448224308;1746.4633382768905;0.009513542235802181;0.6487076815727248;0.1868501426951902;
189597344#1,62.84641426861916;2941.3194477588668;0.06733501805128445;0.9844778185070583;0.2577655562630934;
189597344#0,72.17076805896839;13205.894711780991;0.1758192725799117;3.729453977844229;0.7249549919429854;
:9842732475_0,57.25407308747534;0.0;0.0;0.0;0.0;
189597344#0,72.17076805896839;13205.894711780991;0.1758192725799117;3.729453977844229;0.7249549919429854;
189597344#0,72.17076805896839;13205.894711780991;0.1758192725799117;3.729453977844229;0.7249549919429854;
28662749,54.17750505410396;0.0;0.0;0.0;0.0;
-189597344#0,58.26439453261302;0.0;0.0;0.0;0.0;
-189597344#1,64.64966448224308;1746.4633382768905;0.009513542235802181;0.6487076815727248;0.1868501426951902;
-189597344#1,64.64966448224308;1746.4633382768905;0.009513542235802181;0.6487076815727248;0.1868501426951902;
189597344#0,72.17076805896839;13205.894711780991;0.1758192725799117;3.729453977844229;0.7249549919429854;
-189597344#1,67.65511745544411;8905.23076520055;0.1931332934002613;2.952736782470458;0.7142920398446453;
189597344#1,57.65466343911711;0.0;0.0;0.0;0.0;
189597344#0,70.88505263155142;12479.322431860392;0.15980325021487932;3.57959732872307;0.7321687071624864;
:9842732475_0,61.47300834521645;2413.3827734912675;0.03665506376357836;0.8226892940628934;0.21845932222750458;
189597344#0,70.88505263155142;12479.322431860392;0.15980325021487932;3.57959732872307;0.7321687071624864;
189597344#0,70.88505263155142;12479.322431860392;0.15980325021487932;3.57959732872307;0.7321687071624864;
28662749,53.454761660032815;0.0;0.0;0.0;0.0;
-189597344#0,62.97901308042113;3073.652824644938;0.06987515806690459;1.01413308431315;0.2502491113952639;
-189597344#1,67.65511745544411;8905.23076520055;0.1931332934002613;2.952736782470458;0.7142920398446453;
-189597344#1,67.65511745544411;8905.23076520055;0.1931332934002613;2.952736782470458;0.7142920398446453;
189597344#0,70.88505263155142;12479.322431860392;0.15980325021487932;3.57959732872307;0.7321687071624864;
-189597344#1,63.80426253404444;0.0;0.0;0.0;0.0;
189597344#1,64.15712452432706;3693.8133750411203;0.09991641382195578;1.1934686157382968;0.2667258161501054;
189597344#0,70.22457042304822;8362.356396770138;0.10939223601417673;2.1454627462584734;0.2601703196173205;
:9842732475_0,62.265190084090975;2812.562872628851;0.05210579163565032;0.9273786855591444;0.22470261277249173;
189597344#0,70.22457042304822;8362.356396770138;0.10939223601417673;2.1454627462584734;0.2601703196173205;
189597344#0,70.22457042304822;8362.356396770138;0.10939223601417673;2.1454627462584734;0.2601703196173205;
28662749,52.72950750474649;0.0;0.0;0.0;0.0;
-189597344#0,61.06658494419267;1949.087939395286;0.02255769459295296;0.7062231140037598;0.23629424351786296;
-189597344#1,63.80426253404444;0.0;0.0;0.0;0.0;
-189597344#1,63.80426253404444;0.0;0.0;0.0;0.0;
189597344#0,70.22457042304822;8362.356396770138;0.10939223601417673;2.1454627462584734;0.2601703196173205;
-189597344#1,66.49944623466997;7092.07353825998;0.11702950353285578;2.4576539550293592;0.6901436062835115;
189597344#1,58.48382263960402;0.0;0.0;0.0;0.0;
189597344#0,72.29038264620566;15343.498363618835;0.2865782237913435;4.422629802351901;0.7915728369972508;
:9842732475_0,58.65793797959494;0.0;0.0;0.0;0.0;
189597344#0,72.29038264620566;15343.498363618835;0.2865782237913435;4.422629802351901;0.7915728369972508;
189597344#0,72.29038264620566;15343.498363618835;0.2865782237913435;4.422629802351901;0.7915728369972508;
28662749,51.912309021109024;0.0;0.0;0.0;0.0;
-189597344#0,59.8317506788398;0.0;0.0;0.0;0.0;
-189597344#1,66.49944623466997;7092.07353825998;0.11702950353285578;2.4576539550293592;0.6901436062835115;
-189597344#1,66.49944623466997;7092.07353825998;0.11702950353285578;2.4576539550293592;0.6901436062835115;
189597344#0,72.29038264620566;15343.498363618835;0.2865782237913435;4.422629802351901;0.7915728369972508;
-189597344#1,64.05319859947592;1980.293177698679;0.017123287867138223;0.7053921132452543;0.18967769175542745;
189597344#1,63.66079119833114;3416.6210756933074;0.08773129084503423;1.1160800643563016;0.26291080003999706;
189597344#0,70.99755013618362;12930.564929168146;0.19458997702726694;3.806657248781813;0.7752994578775003;
:9842732475_0,58.907960616638974;0.0;0.0;0.0;0.0;
189597344#0,70.99755013618362;12930.564929168146;0.19458997702726694;3.806657248781813;0.7752994578775003;
189597344#0,70.99755013618362;12930.564929168146;0.19458997702726694;3.806657248781813;0.7752994578775003;
28662749,51.113817945611174;0.0;0.0;0.0;0.0;
-189597344#0,61.71411725087285;2342.6025349473416;0.039168600545068995;0.8140834489001036;0.24134992311490175;
-189597344#1,64.05319859947592;1980.293177698679;0.017123287867138223;0.7053921132452543;0.18967769175542745;
-189597344#1,64.05319859947592;1980.293177698679;0.017123287867138223;0.7053921132452543;0.18967769175542745;
189597344#0,70.99755013618362;12930.564929168146;0.19458997702726694;3.806657248781813;0.7752994578775003;
-189597344#1,65.09355910124829;3975.3997872034556;0.049449414107042816;1.4343312211854022;0.4823456580071176;
189597344#1,60.53931754453764;1503.1091025153514;0.004126649125053564;0.5831572384502983;0.23742233139455554;
189597344#0,69.08147574499527;8971.760843872655;0.1124383695184139;2.6586930086781266;0.516970025858998;
:9842732475_0,62.2459965543052;2807.0888973497063;0.051653317246867496;0.9253719897697846;0.2238246957390015;
189597344#0,69.08147574499527;8971.760843872655;0.1124383695184139;2.6586930086781266;0.516970025858998;
189597344#0,69.08147574499527;8971.760843872655;0.1124383695184139;2.6586930086781266;0.516970025858998;
28662749,50.24047931764632;0.0;0.0;0.0;0.0;
-189597344#0,60.32914112206349;1481.2452870930294;0.0028100866907585613;0.5780556114243214;0.23006866774295978;
-189597344#1,65.09355910124829;3975.3997872034556;0.049449414107042816;1.4343312211854022;0.4823456580071176;
-189597344#1,65.09355910124829;3975.3997872034556;0.049449414107042816;1.4343312211854022;0.4823456580071176;
189597344#0,69.08147574499527;8971.760843872655;0.1124383695184139;2.6586930086781266;0.516970025858998;
-189597344#1,65.52080780341795;5619.198193917767;0.049651460246550365;2.0389969369787533;0.6658504146155639;
189597344#1,59.077493191800855;0.0;0.0;0.0;0.0;
189597344#0,70.95338390038667;11893.123198522162;0.2316474232907657;3.4400145767927413;0.5811932372720472;
:9842732475_0,60.602969902681565;1934.063504577794;0.01890405093702048;0.6986980456061657;0.21429824033368527;
189597344#0,70.95338390038667;11893.123198522162;0.2316474232907657;3.4400145767927413;0.5811932372720472;
189597344#0,70.95338390038667;11893.123198522162;0.2316474232907657;3.4400145767927413;0.5811932372720472;
28662749,49.2682893173136;0.0;0.0;0.0;0.0;
-189597344#0,58.866862371197485;0.0;0.0;0.0;0.0;
-189597344#1,65.52080780341795;5619.198193917767;0.049651460246550365;2.0389969369787533;0.6658504146155639;
-189597344#1,65.52080780341795;5619.198193917767;0.049651460246550365;2.0389969369787533;0.6658504146155639;
189597344#0,70.95338390038667;11893.123198522162;0.2316474232907657;3.4400145767927413;0.5811932372720472;
-189597344#1,66.30326268929973;5405.875576091976;0.10238764437622255;1.8157547883648608;0.4494167710243513;
189597344#1,64.6641137203647;3971.2410868986362;0.11249982725022392;1.271879227006907;0.27129166535174853;
189597344#0,70.57495066231834;12648.117002285542;0.19908333114280885;3.7954758320161317;0.8049642165578994;
:9842732475_0,59.74294050816542;1450.591867976277;0.0006937541868924594;0.5730806609571713;0.2084590329056131;
189597344#0,70.57495066231834;12648.117002285542;0.19908333114280885;3.7954758320161317;0.8049642165578994;
189597344#0,70.57495066231834;12648.117002285542;0.19908333114280885;3.7954758320161317;0.8049642165578994;
28662749,48.26230587955776;0.0;0.0;0.0;0.0;
-189597344#0,63.964147893552514;3610.1304661475547;0.09290436532169095;1.1621045039129931;0.2580378227847305;
-189597344#1,66.30326268929973;5405.875576091976;0.10238764437622255;1.8157547883648608;0.4494167710243513;
-189597344#1,66.30326268929973;5405.875576091976;0.10238764437622255;1.8157547883648608;0.4494167710243513;
189597344#0,70.57495066231834;12648.117002285542;0.19908333114280885;3.7954758320161317;0.8049642165578994;
-189597344#1,65.94365738588;3569.7817301183436;0.094451422999743;1.1588093975657425;0.2649939358787997;
189597344#1,58.20031064217801;0.0;0.0;0.0;0.0;
189597344#0,71.34098964750413;9792.700722303873;0.18610539235126952;2.630091611262263;0.3472643103062069;
:9842732475_0,59.14428860629336;0.0;0.0;0.0;0.0;
189597344#0,71.34098964750413;9792.700722303873;0.18610539235126952;2.630091611262263;0.3472643103062069;
189597344#0,71.34098964750413;9792.700722303873;0.18610539235126952;2.630091611262263;0.3472643103062069;
28662749,47.18959286790913;0.0;0.0;0.0;0.0;
-189597344#0,59.723051655333;0.0;0.0;0.0;0.0;
-189597344#1,65.94365738588;3569.7817301183436;0.094451422999743;1.1588093975657425;0.2649939358787997;
-189597344#1,65.94365738588;3569.7817301183436;0.094451422999743;1.1588093975657425;0.2649939358787997;
189597344#0,71.34098964750413;9792.700722303873;0.18610539235126952;2.630091611262263;0.3472643103062069;
-189597344#1,65.25796685388924;2428.7041548299662;0.044823497737693827;0.8413600816393532;0.2509479237075498;
189597344#1,64.42361715604588;4256.965094439782;0.06272339090117289;1.5199533510947443;0.4617793578043311;
189597344#0,70.52004058649727;14469.921969010975;0.3117555034201806;4.443292770394116;0.8600961269415878;
189597344#1,64.42361715604588;4256.965094439782;0.06272339090117289;1.5199533510947443;0.4617793578043311;
189597344#0,70.52004058649727;14469.921969010975;0.3117555034201806;4.443292770394116;0.8600961269415878;
189597344#0,70.52004058649727;14469.921969010975;0.3117555034201806;4.443292770394116;0.8600961269415878;
28662749,46.105404473210776;0.0;0.0;0.0;0.0;
-189597344#0,60.88078702119041;1835.2377149222627;0.01773240309279552;0.67500765731519;0.23465909438809487;
-189597344#1,65.25796685388924;2428.7041548299662;0.044823497737693827;0.8413600816393532;0.2509479237075498;
-189597344#1,65.25796685388924;2428.7041548299662;0.044823497737693827;0.8413600816393532;0.2509479237075498;
189597344#0,70.52004058649727;14469.921969010975;0.3117555034201806;4.443292770394116;0.8600961269415878;
-189597344#1,65.71880800785324;4838.992370759431;0.08211737552417035;1.6727447866467675;0.4412488895625011;
189597344#1,62.81188951879324;1512.5845190015664;0.002949338574957128;0.5893648766118695;0.207614772415475;
189597344#0,72.4568759786081;13031.123341595987;0.27678337009963455;3.7466032978122112;0.6203831980749676;
189597344#1,62.81188951879324;1512.5845190015664;0.002949338574957128;0.5893648766118695;0.207614772415475;
189597344#0,72.4568759786081;13031.123341595987;0.27678337009963455;3.7466032978122112;0.6203831980749676;
189597344#0,72.4568759786081;13031.123341595987;0.27678337009963455;3.7466032978122112;0.6203831980749676;
:714166587_0,56.22880488401351;0.0;0.0;0.0;0.0;
-189597344#0,59.82647796391796;0.0;0.0;0.0;0.0;
-189597344#1,65.71880800785324;4838.992370759431;0.08211737552417035;1.6727447866467675;0.4412488895625011;
-189597344#1,65.71880800785324;4838.992370759431;0.08211737552417035;1.6727447866467675;0.4412488895625011;
189597344#0,72.4568759786081;13031.123341595987;0.27678337009963455;3.7466032978122112;0.6203831980749676;
-189597344#1,65.8392519235585;4941.263281644827;0.0748049217120535;1.662349801508689;0.44293378204163025;
189597344#1,63.61402377759934;3506.323125326902;0.028601308195946355;1.3097519650236848;0.45058204052075057;
189597344#0,69.71596702446884;11264.351150702194;0.15714095143093543;3.486647085782276;0.8338661703617264;
189597344#1,63.61402377759934;3506.323125326902;0.028601308195946355;1.3097519650236848;0.45058204052075057;
189597344#0,69.71596702446884;11264.351150702194;0.15714095143093543;3.486647085782276;0.8338661703617264;
189597344#0,69.71596702446884;11264.351150702194;0.15714095143093543;3.486647085782276;0.8338661703617264;
:714166587_0,56.21745576624307;0.0;0.0;0.0;0.0;
-189597344#0,63.468063709545646;3336.8392251819805;0.08163074832278021;1.0877873891991547;0.2552781799536049;
-189597344#1,65.8392519235585;4941.263281644827;0.0748049217120535;1.662349801508689;0.44293378204163025;
-189597344#1,65.8392519235585;4941.263281644827;0.0748049217120535;1.662349801508689;0.44293378204163025;
189597344#0,69.71596702446884;11264.351150702194;0.15714095143093543;3.486647085782276;0.8338661703617264;
-189597344#1,65.98115877482249;4969.369697772045;0.09318759109409677;1.7112977318730505;0.498304005834865;
189597344#1,66.24358562162719;6329.013875589606;0.1394702869512246;2.056591505767283;0.48798582115283273;
189597344#0,67.37000834263604;5651.374386395806;0.061343582757543355;1.697359911076933;0.34329949823775174;
189597344#1,66.24358562162719;6329.013875589606;0.1394702869512246;2.056591505767283;0.48798582115283273;
189597344#0,67.37000834263604;5651.374386395806;0.061343582757543355;1.697359911076933;0.34329949823775174;
189597344#0,67.37000834263604;5651.374386395806;0.061343582757543355;1.697359911076933;0.34329949823775174;
:714166587_0,54.92486324778835;0.0;0.0;0.0;0.0;
-189597344#0,59.262037771584474;0.0;0.0;0.0;0.0;
-189597344#1,65.98115877482249;4969.369697772045;0.09318759109409677;1.7112977318730505;0.498304005834865;
-189597344#1,65.98115877482249;4969.369697772045;0.09318759109409677;1.7112977318730505;0.498304005834865;
189597344#0,67.37000834263604;5651.374386395806;0.061343582757543355;1.697359911076933;0.34329949823775174;
-189597344#1,63.96374529453699;4154.207539384654;0.05070188441592066;1.4755493776129074;0.436828304138982;
189597344#1,62.49620522297363;0.0;0.0;0.0;0.0;
189597344#0,70.4611627835797;12761.576152611517;0.22219308628572976;3.9073559753020213;0.8650001533958054;
189597344#1,62.49620522297363;0.0;0.0;0.0;0.0;
189597344#0,70.4611627835797;12761.576152611517;0.22219308628572976;3.9073559753020213;0.8650001533958054;
189597344#0,70.4611627835797;12761.576152611517;0.22219308628572976;3.9073559753020213;0.8650001533958054;
:714166587_0,60.31188556836241;2371.2341025686724;0.012513001129951623;0.7450448244843035;0.10621311518638332;
-189597344#0,60.4223424574154;1544.2656958811667;0.00545745315071862;0.5953252528725014;0.23075632208073613;
-189597344#1,63.96374529453699;4154.207539384654;0.05070188441592066;1.4755493776129074;0.436828304138982;
:9842732475_7,59.765801318429524;0.0;0.0;0.0;0.0;
189597344#0,70.4611627835797;12761.576152611517;0.22219308628572976;3.9073559753020213;0.8650001533958054;
-189597344#1,60.926677102635544;0.0;0.0;0.0;0.0;
189597344#1,61.73588513249807;0.0;0.0;0.0;0.0;
189597344#0,69.71823560712201;8899.846169235228;0.11252166941279293;2.6666986015993275;0.5963013578675742;
189597344#1,61.73588513249807;0.0;0.0;0.0;0.0;
189597344#0,69.71823560712201;8899.846169235228;0.11252166941279293;2.6666986015993275;0.5963013578675742;
189597344#0,69.71823560712201;8899.846169235228;0.11252166941279293;2.6666986015993275;0.5963013578675742;
:714166587_0,57.93062741471584;1658.6280390333882;0.002264891049707558;0.6265645654488317;0.10327510759217103;
-189597344#0,61.402296481513204;2153.3780805575393;0.031209966200993044;0.7622597959035772;0.2390806836964258;
-189597344#1,60.926677102635544;0.0;0.0;0.0;0.0;
:9842732475_7,62.25731865133115;2623.776741149272;0.052300318337490166;0.8936838812487609;0.249567355826066;
189597344#0,69.71823560712201;8899.846169235228;0.11252166941279293;2.6666986015993275;0.5963013578675742;
-189597344#1,62.671649197221896;1857.1266254754544;0.019306907599082112;0.6814995679741749;0.24004905010268288;
189597344#1,66.0246484112746;5439.318315378721;0.09845186836189337;1.8029069851342276;0.47327497320126277;
189597344#0,67.32878815228091;5413.34202565002;0.054326791819104436;1.6500618480843867;0.3582021032235488;
189597344#1,66.0246484112746;5439.318315378721;0.09845186836189337;1.8029069851342276;0.47327497320126277;
189597344#0,67.32878815228091;5413.34202565002;0.054326791819104436;1.6500618480843867;0.3582021032235488;
189597344#0,67.32878815228091;5413.34202565002;0.054326791819104436;1.6500618480843867;0.3582021032235488;
:714166587_0,56.10137293996971;0.0;0.0;0.0;0.0;
-189597344#0,62.00555147528064;2503.80626453207;0.046284866689589046;0.8588701571546553;0.24465336966401813;
-189597344#1,62.671649197221896;1857.1266254754544;0.019306907599082112;0.6814995679741749;0.24004905010268288;
:9842732475_7,58.74514870286022;0.0;0.0;0.0;0.0;
189597344#0,67.32878815228091;5413.34202565002;0.054326791819104436;1.6500618480843867;0.3582021032235488;
-189597344#1,64.96371507042775;5257.051568666163;0.09290167572310032;1.7644797249448247;0.4464472505283623;
189597344#1,64.40386601484276;4241.549400546544;0.060943095742375136;1.5145037156436372;0.4630063806048258;
189597344#0,67.7686710658308;7647.215373513187;0.08918554378195706;2.434291203592533;0.6067544275335681;
189597344#1,64.40386601484276;4241.549400546544;0.060943095742375136;1.5145037156436372;0.4630063806048258;
189597344#0,67.7686710658308;7647.215373513187;0.08918554378195706;2.434291203592533;0.6067544275335681;
189597344#0,67.7686710658308;7647.215373513187;0.08918554378195706;2.434291203592533;0.6067544275335681;
:714166587_0,60.73369479839969;2495.5910492446487;0.014524160178871547;0.7667370432370779;0.10785401505079485;
-189597344#0,57.833337904671524;0.0;0.0;0.0;0.0;
-189597344#1,64.96371507042775;5257.051568666163;0.09290167572310032;1.7644797249448247;0.4464472505283623;
:9842732475_7,60.04939086889274;0.0;0.0;0.0;0.0;
189597344#0,67.7686710658308;7647.215373513187;0.08918554378195706;2.434291203592533;0.6067544275335681;
-189597344#1,62.9605726957097;3044.2150525738425;0.006367434684353471;1.1783852847485825;0.41969351358600604;
189597344#1,63.08654650867314;1660.5573679258923;0.01094529728834815;0.626994076676762;0.238947940786097;
189597344#0,68.86819351118211;8097.3675127080305;0.09478695438030739;2.50760902985536;0.6195683297395282;
189597344#1,63.08654650867314;1660.5573679258923;0.01094529728834815;0.626994076676762;0.238947940786097;
189597344#0,68.86819351118211;8097.3675127080305;0.09478695438030739;2.50760902985536;0.6195683297395282;
189597344#0,68.86819351118211;8097.3675127080305;0.09478695438030739;2.50760902985536;0.6195683297395282;
:714166587_0,56.15903332262918;0.0;0.0;0.0;0.0;
-189597344#0,60.15127395276828;1395.079447913731;0.0;0.5548189547905097;0.22713608209884176;
-189597344#1,62.9605726957097;3044.2150525738425;0.006367434684353471;1.1783852847485825;0.41969351358600604;
:9842732475_7,61.0698612300193;1924.4443983918761;0.021809076181946593;0.6997584050677562;0.23805171850508489;
189597344#0,68.86819351118211;8097.3675127080305;0.09478695438030739;2.50760902985536;0.6195683297395282;
-189597344#1,62.9004722954561;2983.872652009485;0.009758830481286694;1.172856183507064;0.41931357449271256;
189597344#1,65.18171950669489;5132.154583299876;0.09781767408284904;1.7558037873464158;0.47548783505208664;
189597344#0,69.29250316681834;8220.173738771937;0.1536793779542323;2.354838414138711;0.4029961480183988;
189597344#1,65.18171950669489;5132.154583299876;0.09781767408284904;1.7558037873464158;0.47548783505208664;
189597344#0,69.29250316681834;8220.173738771937;0.1536793779542323;2.354838414138711;0.4029961480183988;
189597344#0,69.29250316681834;8220.173738771937;0.1536793779542323;2.354838414138711;0.4029961480183988;
:714166587_0,55.271278418941534;0.0;0.0;0.0;0.0;
-189597344#0,61.307502077487754;2116.7141635988455;0.029332880704863687;0.7517300620001638;0.23676000818631332;
-189597344#1,62.9004722954561;2983.872652009485;0.009758830481286694;1.172856183507064;0.41931357449271256;
:9842732475_7,62.987141713281744;3052.8383156786394;0.07056804406906814;1.0119506344919718;0.25448338656287256;
:9842732475_0,60.46026495339391;1701.8889625755937;0.01124765973021611;0.6384456993666806;0.22373273317967762;
-189597344#1,64.98736659336559;5108.922179270738;0.08030683077261942;1.703374300783973;0.4441034445693118;
189597344#1,63.14858900120244;1877.6270526165672;0.01678800962061716;0.6840363085865967;0.21372517005130473;
189597344#0,69.57533670037125;10510.435586041667;0.20282789127357123;3.192221662293674;0.6663027378261441;
189597344#1,63.14858900120244;1877.6270526165672;0.01678800962061716;0.6840363085865967;0.21372517005130473;
189597344#0,69.57533670037125;10510.435586041667;0.20282789127357123;3.192221662293674;0.6663027378261441;
189597344#0,69.57533670037125;10510.435586041667;0.20282789127357123;3.192221662293674;0.6663027378261441;
:714166587_0,58.36716245524868;1795.7631218826482;0.004158031293984562;0.6491443249043897;0.10259940723367231;
-189597344#0,62.21305478266761;2639.3044809426165;0.05156508474425171;0.895153672366404;0.2446780642078588;
-189597344#1,64.98736659336559;5108.922179270738;0.08030683077261942;1.703374300783973;0.4441034445693118;
:9842732475_7,60.568072934667036;1576.171182221926;0.0070815468790061354;0.6037473891465663;0.23515420111510424;
:9842732475_0,62.39084477343977;2796.635223837839;0.055747676420376;0.9329229948359392;0.2386154425280059;
-189597344#1,62.095554955784806;0.0;0.0;0.0;0.0;
189597344#1,64.18939012552181;4028.060172046672;0.05237620987853728;1.4565080808194997;0.46168501940707396;
189597344#0,66.84595408163051;6548.706446646371;0.05178470933540603;2.163818763706588;0.62335582038995;
189597344#1,64.18939012552181;4028.060172046672;0.05237620987853728;1.4565080808194997;0.46168501940707396;
189597344#0,66.84595408163051;6548.706446646371;0.05178470933540603;2.163818763706588;0.62335582038995;
189597344#0,66.84595408163051;6548.706446646371;0.05178470933540603;2.163818763706588;0.62335582038995;
:714166587_0,59.031790682768786;1991.3413775154056;0.007020437948256879;0.6817791501044639;0.10431826374972808;
-189597344#0,62.70984371779101;2911.9051248388837;0.06360936260225257;0.971035378026153;0.24988278202394448;
-189597344#1,62.095554955784806;0.0;0.0;0.0;0.0;
:9842732475_7,60.787894031733494;1721.397088471555;0.013315496530094747;0.6438749245542097;0.23701499754295058;
:9842732475_0,60.18420477268819;1513.4150780666926;0.0037360211528771493;0.5877912248958574;0.22267181948822226;
-189597344#1,62.75697959439622;1696.1077954365053;0.012390932013002835;0.6368812810228917;0.23836779778600325;
189597344#1,63.354112274696845;2411.506361483691;0.037045171979180815;0.8231587240817265;0.2204554334372348;
189597344#0,67.10934808004197;5259.386901166342;0.050693396170021617;1.664719403700452;0.1551862244717917;
189597344#0,67.10934808004197;5259.386901166342;0.050693396170021617;1.664719403700452;0.1551862244717917;
189597344#1,63.354112274696845;2411.506361483691;0.037045171979180815;0.8231587240817265;0.2204554334372348;
189597344#0,67.10934808004197;5259.386901166342;0.050693396170021617;1.664719403700452;0.1551862244717917;
189597344#0,67.10934808004197;5259.386901166342;0.050693396170021617;1.664719403700452;0.1551862244717917;
:714166587_0,58.29582159374624;1769.0685039917805;0.0038570892834253207;0.6449451342839517;0.10374843329779376;
-189597344#0,58.870605495463735;0.0;0.0;0.0;0.0;
-189597344#1,62.75697959439622;1696.1077954365053;0.012390932013002835;0.6368812810228917;0.23836779778600325;
:9842732475_7,60.855097147730504;1764.557514773629;0.015173141881017932;0.6558018739192237;0.2376149620421813;
-28662749,55.9402874701336;1521.0;0.0;0.6117;0.0;
:9842732475_0,59.57271810955405;0.0;0.0;0.0;0.0;
-189597344#1,65.64833831620165;5430.174934663262;0.11171652241867051;1.848181069042349;0.45319018119394944;
189597344#1,62.425898270062596;1736.3458547067135;0.014236204413290451;0.6480616006815844;0.23988273804581062;
189597344#0,71.96721771627853;10908.320107301464;0.12378409936060703;2.8082293762446637;0.4206615261859392;
189597344#0,71.96721771627853;10908.320107301464;0.12378409936060703;2.8082293762446637;0.4206615261859392;
189597344#1,62.425898270062596;1736.3458547067135;0.014236204413290451;0.6480616006815844;0.23988273804581062;
189597344#0,71.96721771627853;10908.320107301464;0.12378409936060703;2.8082293762446637;0.4206615261859392;
189597344#0,71.96721771627853;10908.320107301464;0.12378409936060703;2.8082293762446637;0.4206615261859392;
-28662749,67.66193063013827;3412.669057509983;0.0002085234103169236;0.6412161530737552;0.0067692268603627105;
-189597344#0,61.54001339038015;2236.8025303874515;0.034732270237993426;0.7851314739940632;0.24014255214065602;
-189597344#1,65.64833831620165;5430.174934663262;0.11171652241867051;1.848181069042349;0.45319018119394944;
:9842732475_7,59.1321205010425;0.0;0.0;0.0;0.0;
-28662749,67.66193063013827;3412.669057509983;0.0002085234103169236;0.6412161530737552;0.0067692268603627105;
:9842732475_0,59.874333191017286;1339.1452940947086;0.0;0.5412610704154025;0.2192227216474255;
-189597344#1,61.9358665254969;0.0;0.0;0.0;0.0;
189597344#1,63.54342352437201;3430.1193348050765;0.022580198638165176;1.2801601271532808;0.4490049506724635;
189597344#0,70.33039632962529;9874.254222605749;0.10716799053057634;2.634505785428466;0.43733315285421426;
189597344#0,70.33039632962529;9874.254222605749;0.10716799053057634;2.634505785428466;0.43733315285421426;
189597344#1,63.54342352437201;3430.1193348050765;0.022580198638165176;1.2801601271532808;0.4490049506724635;
189597344#0,70.33039632962529;9874.254222605749;0.10716799053057634;2.634505785428466;0.43733315285421426;
189597344#0,70.33039632962529;9874.254222605749;0.10716799053057634;2.634505785428466;0.43733315285421426;
-28662749,69.70997606540595;7589.228345134785;0.04145717423943006;1.724087608601455;0.13183172899869178;
-189597344#0,62.04106430291845;2524.4840836926664;0.04717033423786112;0.8645681701791805;0.24494857449721713;
-189597344#1,61.9358665254969;0.0;0.0;0.0;0.0;
:9842732475_7,62.96472794601529;3039.9663703191045;0.07001936074675615;1.0084023932352022;0.2543299857621442;
-28662749,69.70997606540595;7589.228345134785;0.04145717423943006;1.724087608601455;0.13183172899869178;
:9842732475_0,57.65853235151597;0.0;0.0;0.0;0.0;
-189597344#1,63.44578185733572;2604.430067935474;0.036836002261705046;0.8554005804935142;0.19392919567099012;
189597344#1,65.43439565330172;5559.470173905088;0.11303595031165278;1.8645017604108192;0.47911218892950963;
189597344#0,71.84299511524823;14687.710325364775;0.24301224784540038;4.131761638985923;0.7212947785369017;
189597344#0,71.84299511524823;14687.710325364775;0.24301224784540038;4.131761638985923;0.7212947785369017;
189597344#1,65.43439565330172;5559.470173905088;0.11303595031165278;1.8645017604108192;0.47911218892950963;
189597344#0,71.84299511524823;14687.710325364775;0.24301224784540038;4.131761638985923;0.7212947785369017;
189597344#0,71.84299511524823;14687.710325364775;0.24301224784540038;4.131761638985923;0.7212947785369017;
-28662749,69.85019031512527;7861.51642461596;0.05129815640111347;1.8216548627183622;0.1466707214946756;
-189597344#0,63.9047951207252;2536.510487289763;0.048673588469430776;0.8697848686729389;0.24895891703591969;
-189597344#1,63.44578185733572;2604.430067935474;0.036836002261705046;0.8554005804935142;0.19392919567099012;
-189597344#0,63.9047951207252;2536.510487289763;0.048673588469430776;0.8697848686729389;0.24895891703591969;
-28662749,69.85019031512527;7861.51642461596;0.05129815640111347;1.8216548627183622;0.1466707214946756;
:9842732475_0,58.56532398213837;0.0;0.0;0.0;0.0;
-189597344#1,66.01078587584018;6325.752132121444;0.1341541040569244;2.044222280420811;0.461466771414595;
189597344#1,63.806104830757214;2563.8478981143166;0.04275818319925152;0.8627355769934957;0.2220170882897205;
189597344#0,71.6794426804612;10614.409363741817;0.11916643545411633;2.803224375559102;0.4539861029321851;
189597344#0,71.6794426804612;10614.409363741817;0.11916643545411633;2.803224375559102;0.4539861029321851;
189597344#1,63.806104830757214;2563.8478981143166;0.04275818319925152;0.8627355769934957;0.2220170882897205;
189597344#0,71.6794426804612;10614.409363741817;0.11916643545411633;2.803224375559102;0.4539861029321851;
189597344#0,71.6794426804612;10614.409363741817;0.11916643545411633;2.803224375559102;0.4539861029321851;
-28662749,69.54178045834992;7737.280184744707;0.05095848636623273;1.8159344949231093;0.15801204743617733;
-189597344#0,61.87503376665674;0.0;0.0;0.0;0.0;
-189597344#1,66.01078587584018;6325.752132121444;0.1341541040569244;2.044222280420811;0.461466771414595;
-189597344#0,61.87503376665674;0.0;0.0;0.0;0.0;
-28662749,69.54178045834992;7737.280184744707;0.05095848636623273;1.8159344949231093;0.15801204743617733;
:9842732475_0,61.48698108756796;2338.5559022303146;0.03602749605868104;0.8075385012218421;0.22769314890710052;
-189597344#1,63.17326172295617;2386.6014808668447;0.04287861376200542;0.8294389205818062;0.2499709318874552;
189597344#1,63.75378924489831;3664.0523744113807;0.03321004170786529;1.3457440349873844;0.4553439101633424;
189597344#0,70.42689763384305;8303.242869300755;0.09981767835850154;2.0876144224992874;0.23030880167319953;
189597344#0,70.42689763384305;8303.242869300755;0.09981767835850154;2.0876144224992874;0.23030880167319953;
189597344#1,63.75378924489831;3664.0523744113807;0.03321004170786529;1.3457440349873844;0.4553439101633424;
189597344#0,70.42689763384305;8303.242869300755;0.09981767835850154;2.0876144224992874;0.23030880167319953;
189597344#0,70.42689763384305;8303.242869300755;0.09981767835850154;2.0876144224992874;0.23030880167319953;
-28662749,68.78371454137826;7085.255746740993;0.04004825502016471;1.7089321668374917;0.1647270038125142;
-189597344#0,66.07955106757616;6179.6988920724525;0.14298628766929472;2.0411799495768164;0.5067788392140237;
-189597344#1,63.17326172295617;2386.6014808668447;0.04287861376200542;0.8294389205818062;0.2499709318874552;
-189597344#0,66.07955106757616;6179.6988920724525;0.14298628766929472;2.0411799495768164;0.5067788392140237;
-28662749,68.78371454137826;7085.255746740993;0.04004825502016471;1.7089321668374917;0.1647270038125142;
:9842732475_0,60.86886477686204;1984.4371949199392;0.022120803338689966;0.7135507732431617;0.22388591733845725;
-189597344#1,63.11047784888282;3192.648433591082;0.015180008715353395;1.227538280064262;0.4240599583795147;
189597344#1,63.70523980890853;2752.6776928181985;0.05897466624065602;0.9316552033473128;0.25500357103550525;
189597344#0,71.16503432250576;10791.245067207981;0.13895179314616937;2.9241306840993664;0.48212457767421124;
189597344#0,71.16503432250576;10791.245067207981;0.13895179314616937;2.9241306840993664;0.48212457767421124;
189597344#1,63.70523980890853;2752.6776928181985;0.05897466624065602;0.9316552033473128;0.25500357103550525;
189597344#0,71.16503432250576;10791.245067207981;0.13895179314616937;2.9241306840993664;0.48212457767421124;
189597344#0,71.16503432250576;10791.245067207981;0.13895179314616937;2.9241306840993664;0.48212457767421124;
-28662749,69.48758516717517;7832.188159373024;0.057543777695491044;1.8784364161122262;0.18115876462263805;
-189597344#0,63.936952490932896;3547.400271614354;0.03520738992545313;1.315646129034469;0.47303905997920936;
-189597344#1,63.11047784888282;3192.648433591082;0.015180008715353395;1.227538280064262;0.4240599583795147;
-189597344#0,63.936952490932896;3547.400271614354;0.03520738992545313;1.315646129034469;0.47303905997920936;
-28662749,69.48758516717517;7832.188159373024;0.057543777695491044;1.8784364161122262;0.18115876462263805;
:9842732475_0,59.77944281812702;1338.8642102804058;0.0;0.5420256616792397;0.21568234967353617;
-189597344#1,63.54947004242079;3701.809414541439;0.033234593856398084;1.3572212013440395;0.43004083191955533;
189597344#1,62.801808215565785;1609.27722082539;0.0065581944375954215;0.6143649592556114;0.20883368354879808;
189597344#0,72.12286318202433;14415.925683726931;0.25686307607334846;4.210695262431656;0.7706593490190229;
189597344#0,72.12286318202433;14415.925683726931;0.25686307607334846;4.210695262431656;0.7706593490190229;
189597344#1,62.801808215565785;1609.27722082539;0.0065581944375954215;0.6143649592556114;0.20883368354879808;
189597344#0,72.12286318202433;14415.925683726931;0.25686307607334846;4.210695262431656;0.7706593490190229;
189597344#0,72.12286318202433;14415.925683726931;0.25686307607334846;4.210695262431656;0.7706593490190229;
-28662749,69.16750705537171;7871.46395962671;0.06589626474075293;1.9372806180260251;0.1944370391246777;
-189597344#0,63.110864114965366;2074.922697593001;0.02864696625839198;0.7417581578244596;0.24248259389965401;
-189597344#1,63.54947004242079;3701.809414541439;0.033234593856398084;1.3572212013440395;0.43004083191955533;
-189597344#0,63.110864114965366;2074.922697593001;0.02864696625839198;0.7417581578244596;0.24248259389965401;
-28662749,69.16750705537171;7871.46395962671;0.06589626474075293;1.9372806180260251;0.1944370391246777;
:9842732475_0,59.48182693022773;0.0;0.0;0.0;0.0;
-189597344#1,62.12099556752099;0.0;0.0;0.0;0.0;
189597344#1,64.4979323261912;4341.460645190558;0.06568363729004366;1.5435270023411327;0.46382916641985655;
189597344#0,69.22481318492606;8906.93942386788;0.09876450624370814;2.563834672684371;0.48973939975437275;
189597344#0,69.22481318492606;8906.93942386788;0.09876450624370814;2.563834672684371;0.48973939975437275;
189597344#1,64.4979323261912;4341.460645190558;0.06568363729004366;1.5435270023411327;0.46382916641985655;
189597344#0,69.22481318492606;8906.93942386788;0.09876450624370814;2.563834672684371;0.48973939975437275;
189597344#0,69.22481318492606;8906.93942386788;0.09876450624370814;2.563834672684371;0.48973939975437275;
-28662749,69.38275346195313;8114.905897084047;0.07922143359749133;2.0346153679429753;0.20922422123512724;
-189597344#0,62.77901472002546;1367.5944634643918;0.0;0.5472706984188549;0.2270424121668483;
-189597344#1,62.12099556752099;0.0;0.0;0.0;0.0;
-189597344#0,62.77901472002546;1367.5944634643918;0.0;0.5472706984188549;0.2270424121668483;
-28662749,69.38275346195313;8114.905897084047;0.07922143359749133;2.0346153679429753;0.20922422123512724;
:9842732475_0,59.632968899608976;0.0;0.0;0.0;0.0;
-189597344#1,64.63052932028974;4535.991378714756;0.05526903408757436;1.5437224924898367;0.43652910708543796;
189597344#1,65.81220483612228;5158.969697546155;0.08815352476513924;1.7365009264653828;0.4508873166146816;
189597344#0,69.31642567865947;9269.021749473628;0.06137595044913696;2.858603800775025;0.7248486436510586;
189597344#0,69.31642567865947;9269.021749473628;0.06137595044913696;2.858603800775025;0.7248486436510586;
189597344#1,65.81220483612228;5158.969697546155;0.08815352476513924;1.7365009264653828;0.4508873166146816;
189597344#0,69.31642567865947;9269.021749473628;0.06137595044913696;2.858603800775025;0.7248486436510586;
189597344#0,69.31642567865947;9269.021749473628;0.06137595044913696;2.858603800775025;0.7248486436510586;
-28662749,70.66535690569451;8898.26866378422;0.09215803472639607;2.1660483283362026;0.2255356074037086;
-189597344#0,65.88475642044975;5995.493584016418;0.13536052201117754;1.9911678947385947;0.5043373540891356;
-189597344#1,64.63052932028974;4535.991378714756;0.05526903408757436;1.5437224924898367;0.43652910708543796;
-189597344#0,65.88475642044975;5995.493584016418;0.13536052201117754;1.9911678947385947;0.5043373540891356;
-28662749,70.66535690569451;8898.26866378422;0.09215803472639607;2.1660483283362026;0.2255356074037086;
189597344#1,65.81220483612228;5158.969697546155;0.08815352476513924;1.7365009264653828;0.4508873166146816;
-189597344#1,64.39166892651504;3034.2142888039507;0.07135970410082944;1.0102948540654777;0.2588406018920008;
189597344#1,65.13607080927395;3922.8715379469886;0.04732097159123928;1.4245158916587293;0.4665497553735347;
189597344#0,69.26635304512385;9136.78355077226;0.06052456878217201;2.836749081280116;0.729602735849541;
189597344#0,69.26635304512385;9136.78355077226;0.06052456878217201;2.836749081280116;0.729602735849541;
189597344#1,65.13607080927395;3922.8715379469886;0.04732097159123928;1.4245158916587293;0.4665497553735347;
189597344#0,69.26635304512385;9136.78355077226;0.06052456878217201;2.836749081280116;0.729602735849541;
189597344#0,69.26635304512385;9136.78355077226;0.06052456878217201;2.836749081280116;0.729602735849541;
-28662749,71.22965394200143;9392.688077660912;0.10969658222884329;2.3013941154405178;0.24381900438688459;
-189597344#0,63.21333586457965;2324.1958625740526;0.038514995242830696;0.8092531884416696;0.24168188713253325;
-189597344#1,64.39166892651504;3034.2142888039507;0.07135970410082944;1.0102948540654777;0.2588406018920008;
-189597344#0,63.21333586457965;2324.1958625740526;0.038514995242830696;0.8092531884416696;0.24168188713253325;
-28662749,71.22965394200143;9392.688077660912;0.10969658222884329;2.3013941154405178;0.24381900438688459;
189597344#1,65.13607080927395;3922.8715379469886;0.04732097159123928;1.4245158916587293;0.4665497553735347;
-189597344#1,61.35151769123979;0.0;0.0;0.0;0.0;
189597344#1,66.40578258182349;6977.852624667473;0.10619876269040494;2.407731861882981;0.6932853250700277;
189597344#0,68.97987999344777;7712.63463777827;0.048824824928165644;2.26241613043752;0.5034348525175204;
189597344#0,68.97987999344777;7712.63463777827;0.048824824928165644;2.26241613043752;0.5034348525175204;
189597344#1,66.40578258182349;6977.852624667473;0.10619876269040494;2.407731861882981;0.6932853250700277;
189597344#0,68.97987999344777;7712.63463777827;0.048824824928165644;2.26241613043752;0.5034348525175204;
189597344#0,68.97987999344777;7712.63463777827;0.048824824928165644;2.26241613043752;0.5034348525175204;
-28662749,68.48907991856747;7855.3960130546;0.08981654888587137;2.0689189934689542;0.2473305422107528;
-189597344#0,63.839576385099775;2628.7377087476743;0.052136306380245155;0.8943054835842095;0.24825438522355817;
-189597344#1,61.35151769123979;0.0;0.0;0.0;0.0;
-189597344#0,63.839576385099775;2628.7377087476743;0.052136306380245155;0.8943054835842095;0.24825438522355817;
-28662749,68.48907991856747;7855.3960130546;0.08981654888587137;2.0689189934689542;0.2473305422107528;
189597344#1,66.40578258182349;6977.852624667473;0.10619876269040494;2.407731861882981;0.6932853250700277;
-189597344#1,65.09470719288079;5275.085652967249;0.08797625989610403;1.7507886999108937;0.4468449151625068;
189597344#1,64.69975669310043;2340.7465541446522;0.03432037895946093;0.8046299568421159;0.21941441711911233;
189597344#0,69.10365330583875;7890.607134421915;0.0639164102006213;2.340178127704176;0.5145557696649605;
189597344#0,69.10365330583875;7890.607134421915;0.0639164102006213;2.340178127704176;0.5145557696649605;
189597344#1,64.69975669310043;2340.7465541446522;0.03432037895946093;0.8046299568421159;0.21941441711911233;
189597344#0,69.10365330583875;7890.607134421915;0.0639164102006213;2.340178127704176;0.5145557696649605;
189597344#0,69.10365330583875;7890.607134421915;0.0639164102006213;2.340178127704176;0.5145557696649605;
-28662749,70.52222572643913;8982.02891642274;0.12910981661366736;2.360974353979925;0.2702100230595278;
-189597344#0,64.14232158047692;3783.4680137859873;0.044850875577904036;1.3802361484290544;0.4733254285834657;
-189597344#1,65.09470719288079;5275.085652967249;0.08797625989610403;1.7507886999108937;0.4468449151625068;
-189597344#0,64.14232158047692;3783.4680137859873;0.044850875577904036;1.3802361484290544;0.4733254285834657;
-28662749,70.52222572643913;8982.02891642274;0.12910981661366736;2.360974353979925;0.2702100230595278;
189597344#1,64.69975669310043;2340.7465541446522;0.03432037895946093;0.8046299568421159;0.21941441711911233;
:9842732475_7,59.643335541395246;0.0;0.0;0.0;0.0;
189597344#1,64.26799856065173;1958.8254817674879;0.023811788603026657;0.7097967365560516;0.24212353424744895;
189597344#0,68.57509896552978;9137.306553848493;0.1458628964280248;2.790673585739184;0.5915839083865717;
189597344#0,68.57509896552978;9137.306553848493;0.1458628964280248;2.790673585739184;0.5915839083865717;
189597344#1,64.26799856065173;1958.8254817674879;0.023811788603026657;0.7097967365560516;0.24212353424744895;
189597344#0,68.57509896552978;9137.306553848493;0.1458628964280248;2.790673585739184;0.5915839083865717;
189597344#0,68.57509896552978;9137.306553848493;0.1458628964280248;2.790673585739184;0.5915839083865717;
-28662749,69.67353849459994;8514.335672394649;0.10490377655283642;2.1989966249812634;0.27361684550665916;
-189597344#0,63.828744721663135;3551.9319818807408;0.030761248342929662;1.317625402449202;0.4705939367046313;
-189597344#1,59.351991387648575;1561.6784300932366;0.0035618497719195614;0.6040094060789112;0.18509948124251438;
-189597344#0,63.828744721663135;3551.9319818807408;0.030761248342929662;1.317625402449202;0.4705939367046313;
-28662749,69.67353849459994;8514.335672394649;0.10490377655283642;2.1989966249812634;0.27361684550665916;
189597344#1,64.26799856065173;1958.8254817674879;0.023811788603026657;0.7097967365560516;0.24212353424744895;
:9842732475_7,60.91948218690262;1775.82309289173;0.0158937266483003;0.6590109993597931;0.23987255511289318;
189597344#1,66.50916955145317;5252.618307624085;0.09207483739567777;1.7563535577844063;0.471266025848896;
189597344#0,69.97210638127197;10996.561466823145;0.1174772403252145;3.3152421491836903;0.7729708981013403;
189597344#0,69.97210638127197;10996.561466823145;0.1174772403252145;3.3152421491836903;0.7729708981013403;
189597344#1,66.50916955145317;5252.618307624085;0.09207483739567777;1.7563535577844063;0.471266025848896;
189597344#0,69.97210638127197;10996.561466823145;0.1174772403252145;3.3152421491836903;0.7729708981013403;
189597344#0,69.97210638127197;10996.561466823145;0.1174772403252145;3.3152421491836903;0.7729708981013403;
-28662749,71.37143830851235;9932.467088130335;0.14968818805827333;2.542543184705254;0.2999473544248479;
-189597344#0,65.01971421560788;4942.609980370474;0.09055873145773484;1.7015572439485254;0.4905672937751808;
-189597344#1,56.817923123345096;0.0;0.0;0.0;0.0;
-189597344#0,65.01971421560788;4942.609980370474;0.09055873145773484;1.7015572439485254;0.4905672937751808;
-28662749,71.37143830851235;9932.467088130335;0.14968818805827333;2.542543184705254;0.2999473544248479;
189597344#1,66.50916955145317;5252.618307624085;0.09207483739567777;1.7563535577844063;0.471266025848896;
:9842732475_7,63.33427674152978;3227.834616300107;0.07971834495604584;1.0640251188950718;0.2610431653090554;
189597344#1,66.12070159833303;6474.034384348934;0.0926393130896346;2.2939548795203217;0.6870209876848254;
189597344#0,68.62823027516227;6080.122829877624;0.05399224860889022;1.7085496542521827;0.33329131237763787;
189597344#0,68.62823027516227;6080.122829877624;0.05399224860889022;1.7085496542521827;0.33329131237763787;
189597344#1,66.12070159833303;6474.034384348934;0.0926393130896346;2.2939548795203217;0.6870209876848254;
189597344#0,68.62823027516227;6080.122829877624;0.05399224860889022;1.7085496542521827;0.33329131237763787;
189597344#0,68.62823027516227;6080.122829877624;0.05399224860889022;1.7085496542521827;0.33329131237763787;
-28662749,71.55954688123968;10165.541165207072;0.1628903156038622;2.6241202072423766;0.31690008877624537;
-189597344#0,62.12949717335214;0.0;0.0;0.0;0.0;
-189597344#1,59.28462762237545;1556.490084104944;0.00328112950702532;0.6029680355850877;0.18260574137575517;
-189597344#0,62.12949717335214;0.0;0.0;0.0;0.0;
-28662749,71.55954688123968;10165.541165207072;0.1628903156038622;2.6241202072423766;0.31690008877624537;
189597344#1,66.12070159833303;6474.034384348934;0.0926393130896346;2.2939548795203217;0.6870209876848254;
:9842732475_7,61.628566095337256;2197.8478928293393;0.03472984709397618;0.776977613512766;0.24809160841080719;
189597344#1,66.2044171106732;5067.934818806352;0.08700034275202964;1.7198375456582906;0.4512436876936434;
189597344#0,69.27610231987086;9045.5917870179;0.12450088614506641;2.711027104781475;0.6019540319544732;
189597344#0,69.27610231987086;9045.5917870179;0.12450088614506641;2.711027104781475;0.6019540319544732;
189597344#1,66.2044171106732;5067.934818806352;0.08700034275202964;1.7198375456582906;0.4512436876936434;
189597344#0,69.27610231987086;9045.5917870179;0.12450088614506641;2.711027104781475;0.6019540319544732;
189597344#0,69.27610231987086;9045.5917870179;0.12450088614506641;2.711027104781475;0.6019540319544732;
-28662749,71.10956470248777;9885.346885240302;0.161512901130744;2.589413461652766;0.3287442182483107;
-189597344#0,63.8612062244823;3603.121302084074;0.03290285691937438;1.3318597813689554;0.4703569542840742;
-189597344#1,62.06275965180848;2837.225562881366;0.04447611524743773;0.9120424053769355;0.19683100081955554;
-189597344#0,63.8612062244823;3603.121302084074;0.03290285691937438;1.3318597813689554;0.4703569542840742;
-28662749,71.10956470248777;9885.346885240302;0.161512901130744;2.589413461652766;0.3287442182483107;
189597344#1,66.2044171106732;5067.934818806352;0.08700034275202964;1.7198375456582906;0.4512436876936434;
:9842732475_7,60.45440140334754;1425.8344769287564;0.0008000143424637621;0.5614659346655615;0.23746106687553012;
189597344#1,65.96977674575444;3934.345827189876;0.11084828374900087;1.2615021281937717;0.2707380632419207;
189597344#0,67.78564325201857;9186.17257336971;0.08325008977785808;2.992355322229901;0.7762443189133732;
189597344#0,67.78564325201857;9186.17257336971;0.08325008977785808;2.992355322229901;0.7762443189133732;
189597344#1,65.96977674575444;3934.345827189876;0.11084828374900087;1.2615021281937717;0.2707380632419207;
189597344#0,67.78564325201857;9186.17257336971;0.08325008977785808;2.992355322229901;0.7762443189133732;
189597344#0,67.78564325201857;9186.17257336971;0.08325008977785808;2.992355322229901;0.7762443189133732;
-28662749,69.10546108915737;8674.456980835397;0.1505213110090776;2.4139155351274586;0.33490867577818156;
-189597344#0,64.71760863296727;4643.024100788196;0.07729179202527718;1.617946279383304;0.48530021532274736;
-189597344#1,60.1855899733209;1969.0781722499005;0.016674943837063288;0.7025340511605661;0.18892626079818797;
-189597344#0,64.71760863296727;4643.024100788196;0.07729179202527718;1.617946279383304;0.48530021532274736;
-28662749,69.10546108915737;8674.456980835397;0.1505213110090776;2.4139155351274586;0.33490867577818156;
189597344#1,65.96977674575444;3934.345827189876;0.11084828374900087;1.2615021281937717;0.2707380632419207;
:9842732475_7,61.012640906840296;1803.6630783829844;0.017373785049676807;0.6668810814730372;0.24253508487988595;
189597344#1,66.46454679921847;5953.444603807691;0.11779503976864417;1.9425949751262168;0.4585041932435321;
189597344#0,69.7644998066197;6670.990758090451;0.07017832178138914;1.849114527857041;0.3549723675723414;
189597344#0,69.7644998066197;6670.990758090451;0.07017832178138914;1.849114527857041;0.3549723675723414;
189597344#1,66.46454679921847;5953.444603807691;0.11779503976864417;1.9425949751262168;0.4585041932435321;
189597344#0,69.7644998066197;6670.990758090451;0.07017832178138914;1.849114527857041;0.3549723675723414;
189597344#0,69.7644998066197;6670.990758090451;0.07017832178138914;1.849114527857041;0.3549723675723414;
-28662749,68.68167638010621;8447.867342071468;0.1462835811879482;2.36968055371295;0.34265978960741794;
-189597344#0,63.985437842846295;3685.921352221384;0.036890603492449076;1.3554811450674698;0.4734254425344222;
-189597344#1,58.50850219145699;0.0;0.0;0.0;0.0;
-189597344#0,63.985437842846295;3685.921352221384;0.036890603492449076;1.3554811450674698;0.4734254425344222;
-28662749,68.68167638010621;8447.867342071468;0.1462835811879482;2.36968055371295;0.34265978960741794;
189597344#1,66.46454679921847;5953.444603807691;0.11779503976864417;1.9425949751262168;0.4585041932435321;
:9842732475_7,57.986432763179025;0.0;0.0;0.0;0.0;
189597344#1,64.81209082274005;3897.7252719658795;0.04245670992705809;1.4070393823907783;0.461677741814458;
189597344#0,69.78332684073894;6978.020318961428;0.08221483536695573;1.9349957551509496;0.3658424535614914;
:9842732475_0,59.259094562287814;0.0;0.0;0.0;0.0;
189597344#1,64.81209082274005;3897.7252719658795;0.04245670992705809;1.4070393823907783;0.461677741814458;
189597344#0,69.78332684073894;6978.020318961428;0.08221483536695573;1.9349957551509496;0.3658424535614914;
189597344#0,69.78332684073894;6978.020318961428;0.08221483536695573;1.9349957551509496;0.3658424535614914;
-28662749,68.8181422720278;8543.423337781547;0.14883599800903666;2.389040028392249;0.35261266163651;
-189597344#0,62.42889387337765;0.0;0.0;0.0;0.0;
-189597344#1,59.72557253159302;1754.0885716482337;0.009690275377702558;0.650503970829229;0.1861470757658312;
-189597344#0,62.42889387337765;0.0;0.0;0.0;0.0;
-28662749,68.8181422720278;8543.423337781547;0.14883599800903666;2.389040028392249;0.35261266163651;
189597344#1,64.81209082274005;3897.7252719658795;0.04245670992705809;1.4070393823907783;0.461677741814458;
:9842732475_7,64.27675754189787;3759.0098274830425;0.10295252378701414;1.2120806616179678;0.26798354240300093;
189597344#1,65.6474370849926;4852.3593332770815;0.08040020570631762;1.6630336348271106;0.4665711647491323;
189597344#0,68.78333870557415;7603.779713681419;0.10758724591497486;2.1286644339766454;0.3336546431055273;
:9842732475_0,63.61958461666491;3382.779571502538;0.08721543835546323;1.1088663754533594;0.26484047147703604;
189597344#1,65.6474370849926;4852.3593332770815;0.08040020570631762;1.6630336348271106;0.4665711647491323;
189597344#0,68.78333870557415;7603.779713681419;0.10758724591497486;2.1286644339766454;0.3336546431055273;
189597344#0,68.78333870557415;7603.779713681419;0.10758724591497486;2.1286644339766454;0.3336546431055273;
-28662749,71.23129209463129;10468.042382264339;0.2130569516638672;2.8571699121648875;0.3840888280508754;
-189597344#0,64.16936280483513;3974.3482891499557;0.048401928473441734;1.4330719439370103;0.47513917243403514;
-189597344#1,59.925591700918694;1848.0217302939154;0.0127325176888073;0.6732075312945401;0.18734451453177128;
-189597344#0,64.16936280483513;3974.3482891499557;0.048401928473441734;1.4330719439370103;0.47513917243403514;
-28662749,71.23129209463129;10468.042382264339;0.2130569516638672;2.8571699121648875;0.3840888280508754;
189597344#1,65.6474370849926;4852.3593332770815;0.08040020570631762;1.6630336348271106;0.4665711647491323;
:9842732475_7,61.50053007710586;2118.4622558306432;0.031212095785308702;0.7547673109444348;0.24687198662639337;
189597344#1,64.34875085470702;1311.928602742353;0.0;0.5304006281057688;0.2330776043020757;
189597344#0,67.14604585863009;5844.386120974;0.06466554051298845;1.7433437578518745;0.36952154896218725;
:9842732475_0,59.23657074708932;0.0;0.0;0.0;0.0;
189597344#1,64.34875085470702;1311.928602742353;0.0;0.5304006281057688;0.2330776043020757;
189597344#0,67.14604585863009;5844.386120974;0.06466554051298845;1.7433437578518745;0.36952154896218725;
189597344#0,67.14604585863009;5844.386120974;0.06466554051298845;1.7433437578518745;0.36952154896218725;
-28662749,71.66687516357437;10668.448959125857;0.2458633269514955;3.0016804871937954;0.4057053275811918;
-189597344#0,64.95628016639662;4921.536893089751;0.08930553619103007;1.6949174520280637;0.4894010668716501;
-189597344#1,61.09815560223309;2392.5546974420495;0.030480785725295854;0.8053383675659345;0.19381067678289757;
-189597344#0,64.95628016639662;4921.536893089751;0.08930553619103007;1.6949174520280637;0.4894010668716501;
-28662749,71.66687516357437;10668.448959125857;0.2458633269514955;3.0016804871937954;0.4057053275811918;
189597344#1,64.34875085470702;1311.928602742353;0.0;0.5304006281057688;0.2330776043020757;
:9842732475_7,59.48789894791399;0.0;0.0;0.0;0.0;
189597344#1,66.96281214118028;7833.240406125222;0.1390000182682471;2.633267726997005;0.6987350971270386;
189597344#0,68.45073776038215;8859.335354817105;0.11288379021962949;2.6921082878694254;0.57288574795584;
:9842732475_0,57.47720827239078;0.0;0.0;0.0;0.0;
189597344#1,66.96281214118028;7833.240406125222;0.1390000182682471;2.633267726997005;0.6987350971270386;
189597344#0,68.45073776038215;8859.335354817105;0.11288379021962949;2.6921082878694254;0.57288574795584;
189597344#0,68.45073776038215;8859.335354817105;0.11288379021962949;2.6921082878694254;0.57288574795584;
-28662749,71.43946338433719;10508.398976422435;0.2539174135647735;3.007259858768412;0.41929000410539974;
-189597344#0,63.23145670969371;2141.598280638749;0.0306745976543536;0.7589736815171473;0.2387225063979352;
-189597344#1,57.90953102076844;0.0;0.0;0.0;0.0;
-189597344#0,63.23145670969371;2141.598280638749;0.0306745976543536;0.7589736815171473;0.2387225063979352;
-28662749,71.43946338433719;10508.398976422435;0.2539174135647735;3.007259858768412;0.41929000410539974;
189597344#1,66.96281214118028;7833.240406125222;0.1390000182682471;2.633267726997005;0.6987350971270386;
:9842732475_7,61.76817024854337;2294.5024049085737;0.03880520718588193;0.8036897763476185;0.24857294088433998;
189597344#1,65.01791939608833;4033.432938954056;0.049362737116529505;1.4477740185726693;0.4637999298702252;
189597344#0,68.92328780429922;6230.470734706812;0.07042583686578552;1.8099637016388104;0.3815605155905434;
:9842732475_0,61.95749745441145;2439.585283948433;0.04447688198377353;0.8429086633554882;0.24766285026238896;
189597344#1,65.01791939608833;4033.432938954056;0.049362737116529505;1.4477740185726693;0.4637999298702252;
189597344#0,68.92328780429922;6230.470734706812;0.07042583686578552;1.8099637016388104;0.3815605155905434;
189597344#0,68.92328780429922;6230.470734706812;0.07042583686578552;1.8099637016388104;0.3815605155905434;
-28662749,71.32778581799009;10321.426832380002;0.2627327772774546;3.011037870421285;0.4324573045244082;
-189597344#0,63.76904265978923;2628.5136010644646;0.05217042545713381;0.8943308333801514;0.2484109435957511;
-189597344#1,58.373308555620724;0.0;0.0;0.0;0.0;
-189597344#0,63.76904265978923;2628.5136010644646;0.05217042545713381;0.8943308333801514;0.2484109435957511;
-28662749,71.32778581799009;10321.426832380002;0.2627327772774546;3.011037870421285;0.4324573045244082;
189597344#1,65.01791939608833;4033.432938954056;0.049362737116529505;1.4477740185726693;0.4637999298702252;
-189597344#0,66.97931270997712;5921.475591095095;0.13227293682140243;1.9697920159415;0.5073789280699643;
189597344#1,64.82683788234178;4402.361636692531;0.015348593009991158;1.7329204883620606;0.6566832635223131;
189597344#0,66.83064400617779;6010.719449638342;0.08618231563420573;1.8451789661368132;0.3913704080025552;
:9842732475_0,58.80658923802245;0.0;0.0;0.0;0.0;
189597344#1,64.82683788234178;4402.361636692531;0.015348593009991158;1.7329204883620606;0.6566832635223131;
189597344#0,66.83064400617779;6010.719449638342;0.08618231563420573;1.8451789661368132;0.3913704080025552;
189597344#0,66.83064400617779;6010.719449638342;0.08618231563420573;1.8451789661368132;0.3913704080025552;
-28662749,71.2523754143138;10500.540619258882;0.2400025190648796;2.949468230862343;0.4371116267926446;
-189597344#0,66.97931270997712;5921.475591095095;0.13227293682140243;1.9697920159415;0.5073789280699643;
-189597344#1,62.92748117276801;3217.3906194199376;0.05724806526042768;1.0054640152718841;0.2020486656654804;
-189597344#0,66.97931270997712;5921.475591095095;0.13227293682140243;1.9697920159415;0.5073789280699643;
-28662749,71.2523754143138;10500.540619258882;0.2400025190648796;2.949468230862343;0.4371116267926446;
189597344#1,64.82683788234178;4402.361636692531;0.015348593009991158;1.7329204883620606;0.6566832635223131;
-189597344#0,65.17457953499898;4002.7363716939035;0.051042039682400855;1.442559749812189;0.48470433666212054;
189597344#1,65.60094090887765;5017.541952912309;0.0866727942965735;1.705744317570518;0.4697337389321154;
189597344#0,69.23054500089839;9795.056848819657;0.16333114397374443;2.9889159053482603;0.6045476336849506;
:9842732475_0,61.914990412238595;2424.171755381143;0.04355749479753116;0.8381782155742694;0.24639302511403388;
189597344#1,65.60094090887765;5017.541952912309;0.0866727942965735;1.705744317570518;0.4697337389321154;
189597344#0,69.23054500089839;9795.056848819657;0.16333114397374443;2.9889159053482603;0.6045476336849506;
189597344#0,69.23054500089839;9795.056848819657;0.16333114397374443;2.9889159053482603;0.6045476336849506;
-28662749,68.52990913460184;8615.358194038472;0.2023951997427954;2.578928534274448;0.43373587640640643;
-189597344#0,65.17457953499898;4002.7363716939035;0.051042039682400855;1.442559749812189;0.48470433666212054;
-189597344#1,56.86760428052133;0.0;0.0;0.0;0.0;
-189597344#0,65.17457953499898;4002.7363716939035;0.051042039682400855;1.442559749812189;0.48470433666212054;
-28662749,68.52990913460184;8615.358194038472;0.2023951997427954;2.578928534274448;0.43373587640640643;
189597344#1,65.60094090887765;5017.541952912309;0.0866727942965735;1.705744317570518;0.4697337389321154;
-189597344#0,67.20927339119802;6628.419059312326;0.16192300751792074;2.16425175219942;0.5122627552606013;
189597344#1,65.01635959897635;3614.291195872509;0.029748825379069234;1.3276643988456835;0.45539167906172556;
189597344#0,68.5195750625285;8105.399638110171;0.09171025337103358;2.564938988691785;0.35813672285653764;
:9842732475_0,57.29672117059203;0.0;0.0;0.0;0.0;
189597344#1,65.01635959897635;3614.291195872509;0.029748825379069234;1.3276643988456835;0.45539167906172556;
189597344#0,68.5195750625285;8105.399638110171;0.09171025337103358;2.564938988691785;0.35813672285653764;
189597344#0,68.5195750625285;8105.399638110171;0.09171025337103358;2.564938988691785;0.35813672285653764;
189597344#0,68.5195750625285;8105.399638110171;0.09171025337103358;2.564938988691785;0.35813672285653764;
-28662749,72.08053320157123;11498.080692832526;0.3241678296092731;3.3623675905059733;0.48225562546730993;
-189597344#0,67.20927339119802;6628.419059312326;0.16192300751792074;2.16425175219942;0.5122627552606013;
-189597344#1,60.031515256832826;1904.070171818332;0.014464105335951775;0.6866448267717992;0.18731543773413173;
-189597344#0,67.20927339119802;6628.419059312326;0.16192300751792074;2.16425175219942;0.5122627552606013;
-28662749,72.08053320157123;11498.080692832526;0.3241678296092731;3.3623675905059733;0.48225562546730993;
189597344#1,65.01635959897635;3614.291195872509;0.029748825379069234;1.3276643988456835;0.45539167906172556;
-189597344#0,64.39207667674918;1570.6488919997373;0.006969714357820279;0.6020749540981796;0.23686290149089811;
189597344#1,66.173534989664;6612.3351686926835;0.09222853329788643;2.3138079221448553;0.6829716172909218;
189597344#0,72.61638252357845;14956.99757801237;0.22728312555148478;4.081478886067265;0.6442896294101931;
:9842732475_0,62.02652908148476;2516.938451229628;0.046820539523614244;0.8624374395099044;0.24473569872395945;
189597344#1,66.173534989664;6612.3351686926835;0.09222853329788643;2.3138079221448553;0.6829716172909218;
189597344#0,72.61638252357845;14956.99757801237;0.22728312555148478;4.081478886067265;0.6442896294101931;
189597344#0,72.61638252357845;14956.99757801237;0.22728312555148478;4.081478886067265;0.6442896294101931;
189597344#0,72.61638252357845;14956.99757801237;0.22728312555148478;4.081478886067265;0.6442896294101931;
-28662749,68.62014636742516;8773.33361538071;0.21735829852126687;2.644017985743214;0.4580688295810044;
-189597344#0,64.39207667674918;1570.6488919997373;0.006969714357820279;0.6020749540981796;0.23686290149089811;
-189597344#1,62.004936300734116;2806.327190758247;0.04390048588751309;0.9057023350059163;0.19794132240681497;
-189597344#0,64.39207667674918;1570.6488919997373;0.006969714357820279;0.6020749540981796;0.23686290149089811;
-28662749,68.62014636742516;8773.33361538071;0.21735829852126687;2.644017985743214;0.4580688295810044;
189597344#1,66.173534989664;6612.3351686926835;0.09222853329788643;2.3138079221448553;0.6829716172909218;
-189597344#0,67.36532846985146;6502.832869006857;0.16057176113143562;2.1394399389460634;0.519068279792974;
189597344#1,65.29114069753534;3735.6961594401923;0.038123700304741055;1.3553770461258101;0.45300078219468737;
189597344#0,71.09146169159226;8655.591324275953;0.10458132174790176;2.1051191075773397;0.20536379224629991;
:9842732475_0,61.44236001175138;2159.7198009240437;0.031778658627821914;0.7644528248239262;0.2407769934687936;
189597344#1,65.29114069753534;3735.6961594401923;0.038123700304741055;1.3553770461258101;0.45300078219468737;
189597344#0,71.09146169159226;8655.591324275953;0.10458132174790176;2.1051191075773397;0.20536379224629991;
189597344#0,71.09146169159226;8655.591324275953;0.10458132174790176;2.1051191075773397;0.20536379224629991;
189597344#0,71.09146169159226;8655.591324275953;0.10458132174790176;2.1051191075773397;0.20536379224629991;
-28662749,70.9415715244701;10723.809960094837;0.28540272306119857;3.1261649521811994;0.48949081617773604;
-189597344#0,67.36532846985146;6502.832869006857;0.16057176113143562;2.1394399389460634;0.519068279792974;
-189597344#1,58.988003063992736;1375.4854935848;0.0;0.5589134335907303;0.18353262152922348;
-189597344#0,67.36532846985146;6502.832869006857;0.16057176113143562;2.1394399389460634;0.519068279792974;
-28662749,70.9415715244701;10723.809960094837;0.28540272306119857;3.1261649521811994;0.48949081617773604;
189597344#1,65.29114069753534;3735.6961594401923;0.038123700304741055;1.3553770461258101;0.45300078219468737;
-189597344#0,65.63235380528981;4661.633902911518;0.07805200681934957;1.6228340535163233;0.48595312736337865;
189597344#1,65.96833035249605;6167.385835416247;0.08093296902006569;2.2144315762307736;0.6807897598091066;
189597344#0,70.87129802486221;12231.982145023743;0.13222225159736029;3.4384445603687515;0.6374810711688064;
:9842732475_0,58.12037871327371;0.0;0.0;0.0;0.0;
189597344#1,65.96833035249605;6167.385835416247;0.08093296902006569;2.2144315762307736;0.6807897598091066;
189597344#0,70.87129802486221;12231.982145023743;0.13222225159736029;3.4384445603687515;0.6374810711688064;
189597344#0,70.87129802486221;12231.982145023743;0.13222225159736029;3.4384445603687515;0.6374810711688064;
189597344#0,70.87129802486221;12231.982145023743;0.13222225159736029;3.4384445603687515;0.6374810711688064;
-28662749,68.7903477257454;8967.071524091802;0.23990809064034704;2.739683425356117;0.48370961642872684;
-189597344#0,65.63235380528981;4661.633902911518;0.07805200681934957;1.6228340535163233;0.48595312736337865;
-189597344#1,58.41358892822957;0.0;0.0;0.0;0.0;
-189597344#0,65.63235380528981;4661.633902911518;0.07805200681934957;1.6228340535163233;0.48595312736337865;
-28662749,68.7903477257454;8967.071524091802;0.23990809064034704;2.739683425356117;0.48370961642872684;
189597344#1,65.96833035249605;6167.385835416247;0.08093296902006569;2.2144315762307736;0.6807897598091066;
-189597344#0,65.68365534172143;4608.879392650104;0.07646258391400905;1.6095238655255923;0.4880051226632175;
189597344#1,66.76689074259558;5005.543132285886;0.08895510281326935;1.7127852948623925;0.46535529457897484;
189597344#0,72.14715249088623;13856.167747390216;0.19228949900069808;3.861974432044855;0.6703348203017653;
189597344#1,66.76689074259558;5005.543132285886;0.08895510281326935;1.7127852948623925;0.46535529457897484;
189597344#1,66.76689074259558;5005.543132285886;0.08895510281326935;1.7127852948623925;0.46535529457897484;
189597344#0,72.14715249088623;13856.167747390216;0.19228949900069808;3.861974432044855;0.6703348203017653;
189597344#0,72.14715249088623;13856.167747390216;0.19228949900069808;3.861974432044855;0.6703348203017653;
189597344#0,72.14715249088623;13856.167747390216;0.19228949900069808;3.861974432044855;0.6703348203017653;
-28662749,72.3323976269683;12328.958439714477;0.3825835378484426;3.6534968922975013;0.5391524528572544;
-189597344#0,65.68365534172143;4608.879392650104;0.07646258391400905;1.6095238655255923;0.4880051226632175;
-189597344#1,61.43270029833144;2546.14593996561;0.035477767199014;0.8426306603625864;0.19541435842344695;
-189597344#0,65.68365534172143;4608.879392650104;0.07646258391400905;1.6095238655255923;0.4880051226632175;
-28662749,72.3323976269683;12328.958439714477;0.3825835378484426;3.6534968922975013;0.5391524528572544;
189597344#1,66.76689074259558;5005.543132285886;0.08895510281326935;1.7127852948623925;0.46535529457897484;
-189597344#0,67.07168999921858;7574.058338738345;0.14356498180603444;2.5976096202153496;0.7432652945552305;
189597344#1,66.81611870264355;3903.819943150108;0.09554124332927239;1.2174454720043055;0.2417424935101671;
189597344#0,72.28858973734123;14022.459597876263;0.20979759588558577;3.970765358333362;0.6900176251362339;
189597344#1,66.81611870264355;3903.819943150108;0.09554124332927239;1.2174454720043055;0.2417424935101671;
189597344#1,66.81611870264355;3903.819943150108;0.09554124332927239;1.2174454720043055;0.2417424935101671;
189597344#0,72.28858973734123;14022.459597876263;0.20979759588558577;3.970765358333362;0.6900176251362339;
189597344#0,72.28858973734123;14022.459597876263;0.20979759588558577;3.970765358333362;0.6900176251362339;
189597344#0,72.28858973734123;14022.459597876263;0.20979759588558577;3.970765358333362;0.6900176251362339;
-28662749,71.90094653746151;11966.874654665957;0.3844214472825882;3.60524446819694;0.5513423912554317;
-189597344#0,67.07168999921858;7574.058338738345;0.14356498180603444;2.5976096202153496;0.7432652945552305;
-189597344#1,57.65350134735388;0.0;0.0;0.0;0.0;
-189597344#0,67.07168999921858;7574.058338738345;0.14356498180603444;2.5976096202153496;0.7432652945552305;
-28662749,71.90094653746151;11966.874654665957;0.3844214472825882;3.60524446819694;0.5513423912554317;
189597344#1,66.81611870264355;3903.819943150108;0.09554124332927239;1.2174454720043055;0.2417424935101671;
-189597344#0,65.77659372503403;3178.527218484217;0.077765126800608;1.050735462530517;0.26094895031162985;
189597344#1,69.1450038931767;10586.428791498907;0.2585377104565648;3.393120368998602;0.752192994452338;
189597344#0,70.75409364410143;8954.272875581577;0.13565894626110184;2.3111569524684383;0.26406164529986476;
189597344#1,69.1450038931767;10586.428791498907;0.2585377104565648;3.393120368998602;0.752192994452338;
189597344#1,69.1450038931767;10586.428791498907;0.2585377104565648;3.393120368998602;0.752192994452338;
189597344#0,70.75409364410143;8954.272875581577;0.13565894626110184;2.3111569524684383;0.26406164529986476;
189597344#0,70.75409364410143;8954.272875581577;0.13565894626110184;2.3111569524684383;0.26406164529986476;
189597344#0,70.75409364410143;8954.272875581577;0.13565894626110184;2.3111569524684383;0.26406164529986476;
-28662749,72.05408270465311;12104.882723168037;0.40688449213899625;3.6901201183690278;0.5696109064472756;
-189597344#0,65.77659372503403;3178.527218484217;0.077765126800608;1.050735462530517;0.26094895031162985;
-189597344#1,60.36378166654736;2054.7241771699028;0.019416686402321137;0.7232139868296953;0.18964915618060219;
-189597344#0,65.77659372503403;3178.527218484217;0.077765126800608;1.050735462530517;0.26094895031162985;
-28662749,72.05408270465311;12104.882723168037;0.40688449213899625;3.6901201183690278;0.5696109064472756;
189597344#1,69.1450038931767;10586.428791498907;0.2585377104565648;3.393120368998602;0.752192994452338;
-189597344#0,64.59707801318447;1356.818082379864;0.0;0.5422537348164229;0.2363546012149352;
189597344#1,66.82805207793437;6644.726070453447;0.09225370191405019;2.313948487132482;0.6849201488192932;
189597344#0,71.45986652840287;13052.927957216743;0.1741276544720214;3.730836617042222;0.6996558320607044;
189597344#1,66.82805207793437;6644.726070453447;0.09225370191405019;2.313948487132482;0.6849201488192932;
189597344#1,66.82805207793437;6644.726070453447;0.09225370191405019;2.313948487132482;0.6849201488192932;
189597344#0,71.45986652840287;13052.927957216743;0.1741276544720214;3.730836617042222;0.6996558320607044;
189597344#0,71.45986652840287;13052.927957216743;0.1741276544720214;3.730836617042222;0.6996558320607044;
189597344#0,71.45986652840287;13052.927957216743;0.1741276544720214;3.730836617042222;0.6996558320607044;
-28662749,69.37342618904444;9616.869214691475;0.30089569019799506;3.00753648249174;0.5458311626559196;
-189597344#0,64.59707801318447;1356.818082379864;0.0;0.5422537348164229;0.2363546012149352;
-189597344#1,57.23171687557962;0.0;0.0;0.0;0.0;
-189597344#0,64.59707801318447;1356.818082379864;0.0;0.5422537348164229;0.2363546012149352;
-28662749,69.37342618904444;9616.869214691475;0.30089569019799506;3.00753648249174;0.5458311626559196;
189597344#1,66.82805207793437;6644.726070453447;0.09225370191405019;2.313948487132482;0.6849201488192932;
-189597344#0,66.27435182541097;5066.429585057265;0.0947395818244329;1.7328991133329836;0.49003516860101093;
189597344#1,67.28577752731633;8305.062487099225;0.10571082831271107;2.9553034238016633;0.9168399076780467;
189597344#0,69.28106487260825;7656.80563739642;0.10195367015592971;2.048203617604982;0.2750288861876886;
189597344#1,67.28577752731633;8305.062487099225;0.10571082831271107;2.9553034238016633;0.9168399076780467;
189597344#1,67.28577752731633;8305.062487099225;0.10571082831271107;2.9553034238016633;0.9168399076780467;
189597344#0,69.28106487260825;7656.80563739642;0.10195367015592971;2.048203617604982;0.2750288861876886;
189597344#0,69.28106487260825;7656.80563739642;0.10195367015592971;2.048203617604982;0.2750288861876886;
189597344#0,69.28106487260825;7656.80563739642;0.10195367015592971;2.048203617604982;0.2750288861876886;
-28662749,71.80294551278666;12012.601929803106;0.39777529777629705;3.6435559615857303;0.5864823389915574;
-189597344#0,66.27435182541097;5066.429585057265;0.0947395818244329;1.7328991133329836;0.49003516860101093;
-189597344#1,59.741576659325794;1773.2980762572809;0.010199077209656503;0.6550501361892404;0.1851754464084951;
-189597344#0,66.27435182541097;5066.429585057265;0.0947395818244329;1.7328991133329836;0.49003516860101093;
-28662749,71.80294551278666;12012.601929803106;0.39777529777629705;3.6435559615857303;0.5864823389915574;
189597344#1,67.28577752731633;8305.062487099225;0.10571082831271107;2.9553034238016633;0.9168399076780467;
-189597344#0,66.14349800198057;6170.014987344078;0.08368720001091087;2.2114402406932663;0.7233025684680149;
189597344#1,66.23809809406089;3506.924652014982;0.09212861215149142;1.1422908363188828;0.26516243885453195;
189597344#0,72.40675943428522;14968.297103212019;0.25043962224388827;4.262756060878752;0.7450217630471365;
189597344#1,66.23809809406089;3506.924652014982;0.09212861215149142;1.1422908363188828;0.26516243885453195;
189597344#1,66.23809809406089;3506.924652014982;0.09212861215149142;1.1422908363188828;0.26516243885453195;
189597344#0,72.40675943428522;14968.297103212019;0.25043962224388827;4.262756060878752;0.7450217630471365;
189597344#0,72.40675943428522;14968.297103212019;0.25043962224388827;4.262756060878752;0.7450217630471365;
189597344#0,72.40675943428522;14968.297103212019;0.25043962224388827;4.262756060878752;0.7450217630471365;
-28662749,72.33071239443015;12404.89301393087;0.4592028925877304;3.880051251256103;0.6161650450590359;
-189597344#0,66.14349800198057;6170.014987344078;0.08368720001091087;2.2114402406932663;0.7233025684680149;
-189597344#1,59.340251038638755;1579.72746320236;0.004035932914841845;0.6085211255112871;0.183185694759804;
-189597344#0,66.14349800198057;6170.014987344078;0.08368720001091087;2.2114402406932663;0.7233025684680149;
-28662749,72.33071239443015;12404.89301393087;0.4592028925877304;3.880051251256103;0.6161650450590359;
189597344#1,66.23809809406089;3506.924652014982;0.09212861215149142;1.1422908363188828;0.26516243885453195;
-189597344#0,64.93827104294411;1868.8332641382037;0.019242823827564967;0.6842877920448157;0.23581857296354064;
189597344#1,65.44343545146023;1708.4892783633263;0.010209285995262662;0.6400244741021148;0.20943199205891055;
189597344#0,69.9513794678411;12566.130674101412;0.19638559743242856;3.7980401732613194;0.7392820809698755;
189597344#1,65.44343545146023;1708.4892783633263;0.010209285995262662;0.6400244741021148;0.20943199205891055;
189597344#1,65.44343545146023;1708.4892783633263;0.010209285995262662;0.6400244741021148;0.20943199205891055;
189597344#0,69.9513794678411;12566.130674101412;0.19638559743242856;3.7980401732613194;0.7392820809698755;
189597344#0,69.9513794678411;12566.130674101412;0.19638559743242856;3.7980401732613194;0.7392820809698755;
189597344#0,69.9513794678411;12566.130674101412;0.19638559743242856;3.7980401732613194;0.7392820809698755;
-28662749,69.498766085748;9826.43865303378;0.3321989649741555;3.121540895561245;0.5859308526200957;
-189597344#0,64.93827104294411;1868.8332641382037;0.019242823827564967;0.6842877920448157;0.23581857296354064;
-189597344#1,59.11294410713768;1471.2284341809816;0.0005800777133966031;0.5824938244097029;0.1818419937020253;
-189597344#0,64.93827104294411;1868.8332641382037;0.019242823827564967;0.6842877920448157;0.23581857296354064;
-28662749,69.498766085748;9826.43865303378;0.3321989649741555;3.121540895561245;0.5859308526200957;
189597344#1,65.44343545146023;1708.4892783633263;0.010209285995262662;0.6400244741021148;0.20943199205891055;
-189597344#0,67.52423900795118;8152.246902392202;0.16866923779762846;2.758159332731911;0.7509801012344715;
189597344#1,66.00813350907019;3786.7040439628668;0.034533919120063365;1.3757761653022778;0.426813197191608;
189597344#0,72.11002943935675;11666.680753233883;0.21391575475778293;3.3278320963023007;0.5713485448371909;
189597344#1,66.00813350907019;3786.7040439628668;0.034533919120063365;1.3757761653022778;0.426813197191608;
189597344#1,66.00813350907019;3786.7040439628668;0.034533919120063365;1.3757761653022778;0.426813197191608;
189597344#0,72.11002943935675;11666.680753233883;0.21391575475778293;3.3278320963023007;0.5713485448371909;
189597344#0,72.11002943935675;11666.680753233883;0.21391575475778293;3.3278320963023007;0.5713485448371909;
189597344#0,72.11002943935675;11666.680753233883;0.21391575475778293;3.3278320963023007;0.5713485448371909;
-28662749,70.71278300008233;11176.630129219475;0.3949306366674947;3.5031389153577233;0.614566885348079;
-189597344#0,67.52423900795118;8152.246902392202;0.16866923779762846;2.758159332731911;0.7509801012344715;
-189597344#1,61.78154103308677;2711.6643753609446;0.04040207616891565;0.8816096251679489;0.1954597224342279;
-189597344#0,67.52423900795118;8152.246902392202;0.16866923779762846;2.758159332731911;0.7509801012344715;
-28662749,70.71278300008233;11176.630129219475;0.3949306366674947;3.5031389153577233;0.614566885348079;
189597344#1,66.00813350907019;3786.7040439628668;0.034533919120063365;1.3757761653022778;0.426813197191608;
-189597344#0,63.86377611835651;0.0;0.0;0.0;0.0;
189597344#1,67.42897635628293;8580.214397105558;0.11415267935360282;3.023357774847679;0.9105600536811819;
189597344#0,68.92038192321203;7812.179934792926;0.14190500339173395;2.2439985382298606;0.3297500100797302;
189597344#1,67.42897635628293;8580.214397105558;0.11415267935360282;3.023357774847679;0.9105600536811819;
189597344#1,67.42897635628293;8580.214397105558;0.11415267935360282;3.023357774847679;0.9105600536811819;
189597344#0,68.92038192321203;7812.179934792926;0.14190500339173395;2.2439985382298606;0.3297500100797302;
189597344#0,68.92038192321203;7812.179934792926;0.14190500339173395;2.2439985382298606;0.3297500100797302;
189597344#0,68.92038192321203;7812.179934792926;0.14190500339173395;2.2439985382298606;0.3297500100797302;
-28662749,72.081825804494;12599.994261032869;0.49067645152767414;3.9898395774830586;0.6544572361156891;
-189597344#0,63.86377611835651;0.0;0.0;0.0;0.0;
-189597344#1,58.068642179695296;0.0;0.0;0.0;0.0;
-189597344#0,63.86377611835651;0.0;0.0;0.0;0.0;
-28662749,72.081825804494;12599.994261032869;0.49067645152767414;3.9898395774830586;0.6544572361156891;
189597344#1,67.42897635628293;8580.214397105558;0.11415267935360282;3.023357774847679;0.9105600536811819;
-189597344#0,67.65355934999258;8778.38235504107;0.19489225657364745;2.929279255982534;0.7585307415923813;
189597344#1,66.67865447213609;5010.758394409568;0.085281648459383;1.6999709934487242;0.47188396266820787;
189597344#0,70.60696430645147;12655.000068345345;0.2026083850396817;3.831767300872855;0.7685807013686528;
189597344#1,66.67865447213609;5010.758394409568;0.085281648459383;1.6999709934487242;0.47188396266820787;
189597344#1,66.67865447213609;5010.758394409568;0.085281648459383;1.6999709934487242;0.47188396266820787;
189597344#0,70.60696430645147;12655.000068345345;0.2026083850396817;3.831767300872855;0.7685807013686528;
189597344#0,70.60696430645147;12655.000068345345;0.2026083850396817;3.831767300872855;0.7685807013686528;
189597344#0,70.60696430645147;12655.000068345345;0.2026083850396817;3.831767300872855;0.7685807013686528;
-28662749,71.70170077026812;12029.323461999085;0.48123707384748915;3.871443829867159;0.6616591543422441;
-189597344#0,67.65355934999258;8778.38235504107;0.19489225657364745;2.929279255982534;0.7585307415923813;
-189597344#1,58.89607715677084;1363.0589070141398;0.0;0.556523755563015;0.18081114064068307;
-189597344#0,67.65355934999258;8778.38235504107;0.19489225657364745;2.929279255982534;0.7585307415923813;
-28662749,71.70170077026812;12029.323461999085;0.48123707384748915;3.871443829867159;0.6616591543422441;
189597344#1,66.67865447213609;5010.758394409568;0.085281648459383;1.6999709934487242;0.47188396266820787;
-189597344#0,64.00193065514016;0.0;0.0;0.0;0.0;
189597344#1,68.11682814999313;9074.594852212977;0.200430448469208;2.9976921808337442;0.7293172406578927;
189597344#0,70.97350015881504;14331.514536159848;0.2860215618498404;4.33815247401437;0.8060961823156699;
189597344#1,68.11682814999313;9074.594852212977;0.200430448469208;2.9976921808337442;0.7293172406578927;
189597344#1,68.11682814999313;9074.594852212977;0.200430448469208;2.9976921808337442;0.7293172406578927;
189597344#0,70.97350015881504;14331.514536159848;0.2860215618498404;4.33815247401437;0.8060961823156699;
189597344#0,70.97350015881504;14331.514536159848;0.2860215618498404;4.33815247401437;0.8060961823156699;
189597344#0,70.97350015881504;14331.514536159848;0.2860215618498404;4.33815247401437;0.8060961823156699;
-28662749,72.2314500119078;13036.843481027434;0.5262098283253175;4.149098086587792;0.6865733456641733;
-189597344#0,64.00193065514016;0.0;0.0;0.0;0.0;
-189597344#1,61.67687250222094;2664.809628712138;0.03887904506111541;0.870247789974694;0.19493074838328153;
-189597344#0,64.00193065514016;0.0;0.0;0.0;0.0;
-28662749,72.2314500119078;13036.843481027434;0.5262098283253175;4.149098086587792;0.6865733456641733;
189597344#1,68.11682814999313;9074.594852212977;0.200430448469208;2.9976921808337442;0.7293172406578927;
-189597344#0,66.21884098755123;4964.766280981359;0.09085827085040671;1.7061037801661154;0.48940452657934563;
189597344#1,66.0524918646968;4411.425054847182;0.058286733532395524;1.5385823847050242;0.43524308012620694;
189597344#0,69.727961594374;12249.982478439884;0.1989568437550397;3.7792481064505967;0.7893418446650988;
189597344#1,66.0524918646968;4411.425054847182;0.058286733532395524;1.5385823847050242;0.43524308012620694;
189597344#1,66.0524918646968;4411.425054847182;0.058286733532395524;1.5385823847050242;0.43524308012620694;
189597344#0,69.727961594374;12249.982478439884;0.1989568437550397;3.7792481064505967;0.7893418446650988;
189597344#0,69.727961594374;12249.982478439884;0.1989568437550397;3.7792481064505967;0.7893418446650988;
189597344#0,69.727961594374;12249.982478439884;0.1989568437550397;3.7792481064505967;0.7893418446650988;
-28662749,74.19309789934535;15365.747048065263;0.6596391427851321;4.878515339884467;0.740690719590905;
-189597344#0,66.21884098755123;4964.766280981359;0.09085827085040671;1.7061037801661154;0.48940452657934563;
-189597344#1,59.044419756533756;1422.4311091206125;0.0;0.5705522682856048;0.1825566898027559;
-189597344#0,66.21884098755123;4964.766280981359;0.09085827085040671;1.7061037801661154;0.48940452657934563;
-28662749,74.19309789934535;15365.747048065263;0.6596391427851321;4.878515339884467;0.740690719590905;
189597344#1,66.0524918646968;4411.425054847182;0.058286733532395524;1.5385823847050242;0.43524308012620694;
-189597344#0,66.8477110857111;5700.43427917442;0.12534298486287965;1.915864205701709;0.5069870057528824;
189597344#1,66.81496840419129;6885.946781614271;0.1055537560256565;2.3942009299331266;0.6868472067450861;
189597344#0,70.9116397313126;12903.196515003463;0.20636137087701864;3.8709136761481506;0.8020871047447863;
189597344#1,66.81496840419129;6885.946781614271;0.1055537560256565;2.3942009299331266;0.6868472067450861;
189597344#1,66.81496840419129;6885.946781614271;0.1055537560256565;2.3942009299331266;0.6868472067450861;
189597344#0,70.9116397313126;12903.196515003463;0.20636137087701864;3.8709136761481506;0.8020871047447863;
189597344#0,70.9116397313126;12903.196515003463;0.20636137087701864;3.8709136761481506;0.8020871047447863;
189597344#0,70.9116397313126;12903.196515003463;0.20636137087701864;3.8709136761481506;0.8020871047447863;
-28662749,73.7630654693679;14978.884158343899;0.6523021083916962;4.793244300153793;0.7517468376798857;
-189597344#0,66.8477110857111;5700.43427917442;0.12534298486287965;1.915864205701709;0.5069870057528824;
-189597344#1,59.4325087890763;1616.011451332268;0.005236502172077579;0.6172070211510624;0.18434073419058697;
-189597344#0,66.8477110857111;5700.43427917442;0.12534298486287965;1.915864205701709;0.5069870057528824;
-28662749,73.7630654693679;14978.884158343899;0.6523021083916962;4.793244300153793;0.7517468376798857;
189597344#1,66.81496840419129;6885.946781614271;0.1055537560256565;2.3942009299331266;0.6868472067450861;
-189597344#0,67.21604667531851;8050.335763466402;0.1648999916450884;2.7310284904006945;0.7523964796764697;
:30848481_0,59.989536922312865;0.0;0.0;0.0;0.0;
189597344#0,69.67477644169423;4768.182928803837;0.044565094551414934;1.130826059226825;0.11230094780098603;
189597344#1,66.47390059016888;5865.986404555433;0.11779922419664005;1.927268379945552;0.4690472932393157;
189597344#1,66.47390059016888;5865.986404555433;0.11779922419664005;1.927268379945552;0.4690472932393157;
189597344#0,69.67477644169423;4768.182928803837;0.044565094551414934;1.130826059226825;0.11230094780098603;
189597344#0,69.67477644169423;4768.182928803837;0.044565094551414934;1.130826059226825;0.11230094780098603;
189597344#0,69.67477644169423;4768.182928803837;0.044565094551414934;1.130826059226825;0.11230094780098603;
-28662749,72.96006846758812;14109.394609928117;0.6315548557233329;4.593772123116393;0.7573549147032359;
-189597344#0,67.21604667531851;8050.335763466402;0.1648999916450884;2.7310284904006945;0.7523964796764697;
-189597344#1,58.657655181124085;0.0;0.0;0.0;0.0;
-189597344#0,67.21604667531851;8050.335763466402;0.1648999916450884;2.7310284904006945;0.7523964796764697;
-28662749,72.96006846758812;14109.394609928117;0.6315548557233329;4.593772123116393;0.7573549147032359;
189597344#1,66.47390059016888;5865.986404555433;0.11779922419664005;1.927268379945552;0.4690472932393157;
-189597344#0,63.85760701271672;0.0;0.0;0.0;0.0;
189597344#2,62.49310066117043;2739.5629903125086;0.058179749807710526;0.9275504834507741;0.2540847418707;
189597344#0,69.68730651271814;12639.067098399686;0.2193229939882068;3.9071134285165865;0.8162293836064313;
189597344#1,67.15456273278916;6905.646506424184;0.16111265596503294;2.2106205428666037;0.481446789376629;
189597344#1,67.15456273278916;6905.646506424184;0.16111265596503294;2.2106205428666037;0.481446789376629;
189597344#0,69.68730651271814;12639.067098399686;0.2193229939882068;3.9071134285165865;0.8162293836064313;
189597344#0,69.68730651271814;12639.067098399686;0.2193229939882068;3.9071134285165865;0.8162293836064313;
189597344#0,69.68730651271814;12639.067098399686;0.2193229939882068;3.9071134285165865;0.8162293836064313;
-28662749,71.57862015195863;12515.182847922248;0.5476451309137059;4.10835135624546;0.7420647039157781;
-189597344#0,63.85760701271672;0.0;0.0;0.0;0.0;
-189597344#1,60.69695768196101;2217.7325563038116;0.024497679656018408;0.7622606331855;0.19033016149646736;
-189597344#0,63.85760701271672;0.0;0.0;0.0;0.0;
-28662749,71.57862015195863;12515.182847922248;0.5476451309137059;4.10835135624546;0.7420647039157781;
189597344#1,67.15456273278916;6905.646506424184;0.16111265596503294;2.2106205428666037;0.481446789376629;
-189597344#0,65.78294320951943;5374.104954817689;0.0514229061373576;1.9902881825227228;0.7127345821092164;
189597344#2,61.29481580597641;1994.0470478746702;0.02565670415785389;0.7199314488210156;0.24462302578890466;
189597344#0,68.01168466398548;6658.388208152939;0.09596927647372341;1.946552755701169;0.3710229359946886;
189597344#1,64.5852585688935;3909.952092639934;0.039755029447905384;1.4087855117772823;0.43161173305791933;
189597344#1,64.5852585688935;3909.952092639934;0.039755029447905384;1.4087855117772823;0.43161173305791933;
189597344#0,68.01168466398548;6658.388208152939;0.09596927647372341;1.946552755701169;0.3710229359946886;
189597344#0,68.01168466398548;6658.388208152939;0.09596927647372341;1.946552755701169;0.3710229359946886;
189597344#0,68.01168466398548;6658.388208152939;0.09596927647372341;1.946552755701169;0.3710229359946886;
-28662749,71.681839990839;12346.416335607479;0.5676618786494408;4.129764589340306;0.7574507935369656;
-189597344#0,65.78294320951943;5374.104954817689;0.0514229061373576;1.9902881825227228;0.7127345821092164;
-189597344#1,59.54378077436199;1668.4133032317327;0.00692450157831101;0.6298318889805481;0.18504085114970462;
-189597344#0,65.78294320951943;5374.104954817689;0.0514229061373576;1.9902881825227228;0.7127345821092164;
-28662749,71.681839990839;12346.416335607479;0.5676618786494408;4.129764589340306;0.7574507935369656;
189597344#1,64.5852585688935;3909.952092639934;0.039755029447905384;1.4087855117772823;0.43161173305791933;
-189597344#0,65.05558612583297;1879.2918912946998;0.020178170592084117;0.6875705697837311;0.23968750547595513;
189597344#2,61.0934612026762;1860.693018777497;0.019841238882667447;0.6827701691352906;0.24302948931713458;
189597344#0,70.77767340258093;13658.370840939215;0.23330780156634506;4.091676309835632;0.8333272070599681;
189597344#1,65.31357549999723;4265.648193548897;0.05832695543724137;1.500877179918253;0.4486398091628607;
189597344#1,65.31357549999723;4265.648193548897;0.05832695543724137;1.500877179918253;0.4486398091628607;
189597344#0,70.77767340258093;13658.370840939215;0.23330780156634506;4.091676309835632;0.8333272070599681;
189597344#0,70.77767340258093;13658.370840939215;0.23330780156634506;4.091676309835632;0.8333272070599681;
189597344#0,70.77767340258093;13658.370840939215;0.23330780156634506;4.091676309835632;0.8333272070599681;
-28662749,71.90198282770608;12648.095877809028;0.5958771580953295;4.248941981966162;0.7754890707438544;
-189597344#0,65.05558612583297;1879.2918912946998;0.020178170592084117;0.6875705697837311;0.23968750547595513;
-189597344#1,57.78953720751816;0.0;0.0;0.0;0.0;
-189597344#0,65.05558612583297;1879.2918912946998;0.020178170592084117;0.6875705697837311;0.23968750547595513;
-28662749,71.90198282770608;12648.095877809028;0.5958771580953295;4.248941981966162;0.7754890707438544;
189597344#1,65.31357549999723;4265.648193548897;0.05832695543724137;1.500877179918253;0.4486398091628607;
-189597344#0,66.86078105956378;5984.056733585352;0.1370020219163962;1.993567709855245;0.5074468223782893;
189597344#2,58.05530889724927;0.0;0.0;0.0;0.0;
189597344#0,69.79282928999709;5051.333058396232;0.06551879082938272;1.2599893485517257;0.1410843169698799;
189597344#1,64.38449349133919;2540.796094268629;0.04524280543258316;0.8638241681433968;0.23495298707220316;
189597344#1,64.38449349133919;2540.796094268629;0.04524280543258316;0.8638241681433968;0.23495298707220316;
189597344#0,69.79282928999709;5051.333058396232;0.06551879082938272;1.2599893485517257;0.1410843169698799;
189597344#0,69.79282928999709;5051.333058396232;0.06551879082938272;1.2599893485517257;0.1410843169698799;
189597344#0,69.79282928999709;5051.333058396232;0.06551879082938272;1.2599893485517257;0.1410843169698799;
-28662749,73.45959560855323;14637.440324817817;0.6826343168560711;4.800624421433901;0.8137422989177935;
-189597344#0,66.86078105956378;5984.056733585352;0.1370020219163962;1.993567709855245;0.5074468223782893;
-189597344#1,61.1327771805916;2420.063852323685;0.0309243437522606;0.8109260729318535;0.19207190810569527;
-189597344#0,66.86078105956378;5984.056733585352;0.1370020219163962;1.993567709855245;0.5074468223782893;
-28662749,73.45959560855323;14637.440324817817;0.6826343168560711;4.800624421433901;0.8137422989177935;
189597344#1,64.38449349133919;2540.796094268629;0.04524280543258316;0.8638241681433968;0.23495298707220316;
-189597344#0,63.92630452951774;0.0;0.0;0.0;0.0;
189597344#2,61.59631285910179;2211.8341217671195;0.03475011945456429;0.7799720148419488;0.24527373507404004;
189597344#0,70.39017725692267;8932.342517036275;0.10445723380168852;2.657221172994519;0.572898828610303;
189597344#1,71.0903019871235;12599.282186194056;0.33408454627977324;3.924492923246482;0.7469536194702024;
189597344#1,71.0903019871235;12599.282186194056;0.33408454627977324;3.924492923246482;0.7469536194702024;
189597344#0,70.39017725692267;8932.342517036275;0.10445723380168852;2.657221172994519;0.572898828610303;
189597344#0,70.39017725692267;8932.342517036275;0.10445723380168852;2.657221172994519;0.572898828610303;
189597344#0,70.39017725692267;8932.342517036275;0.10445723380168852;2.657221172994519;0.572898828610303;
-28662749,67.83234922788739;4895.293360411277;0.1668490758547328;1.5642311406281946;0.3052688596685559;
-189597344#0,63.92630452951774;0.0;0.0;0.0;0.0;
-189597344#1,62.30804084059127;2942.42352215719;0.048311046671912446;0.938706869979106;0.19927931162849452;
-189597344#0,63.92630452951774;0.0;0.0;0.0;0.0;
-28662749,67.83234922788739;4895.293360411277;0.1668490758547328;1.5642311406281946;0.3052688596685559;
189597344#1,71.0903019871235;12599.282186194056;0.33408454627977324;3.924492923246482;0.7469536194702024;
-189597344#0,66.88249328452352;7580.277386909358;0.1434635509479829;2.5991950335621357;0.7398908151499979;
189597344#2,62.35662925756798;2662.8479470504008;0.05466153777843954;0.9058508273624915;0.25248493527359694;
189597344#0,68.69940212351759;8602.674534848722;0.10577813327398286;2.634548085579471;0.5807477177514759;
189597344#1,69.96659878962946;11618.60084712689;0.3004785985252597;3.677014481018759;0.7456604995458034;
189597344#1,69.96659878962946;11618.60084712689;0.3004785985252597;3.677014481018759;0.7456604995458034;
189597344#0,68.69940212351759;8602.674534848722;0.10577813327398286;2.634548085579471;0.5807477177514759;
189597344#0,68.69940212351759;8602.674534848722;0.10577813327398286;2.634548085579471;0.5807477177514759;
:9842732475_0,60.61733352784938;1698.183907466984;0.011760271193109986;0.637465955818629;0.23083452658372058;
-28662749,69.81647185254155;6576.469515199817;0.2535605719082669;2.068466527522477;0.33724392151331567;
-189597344#0,66.88249328452352;7580.277386909358;0.1434635509479829;2.5991950335621357;0.7398908151499979;
-189597344#1,56.54872838543395;0.0;0.0;0.0;0.0;
-189597344#0,66.88249328452352;7580.277386909358;0.1434635509479829;2.5991950335621357;0.7398908151499979;
-28662749,69.81647185254155;6576.469515199817;0.2535605719082669;2.068466527522477;0.33724392151331567;
189597344#1,69.96659878962946;11618.60084712689;0.3004785985252597;3.677014481018759;0.7456604995458034;
-189597344#0,67.30362993373271;8078.523776099042;0.16449861338467614;2.734673587517956;0.750051059370982;
189597344#2,60.25694952292943;1320.270953653142;0.0;0.5324401449376612;0.2343102328950026;
189597344#0,67.72741787308115;7179.24748677649;0.1312795182175361;2.148560780254054;0.4107039097103703;
189597344#1,72.19057284787962;13883.38651727723;0.40729205352108155;4.3284411540511964;0.7894725499680765;
189597344#1,72.19057284787962;13883.38651727723;0.40729205352108155;4.3284411540511964;0.7894725499680765;
189597344#0,67.72741787308115;7179.24748677649;0.1312795182175361;2.148560780254054;0.4107039097103703;
189597344#0,67.72741787308115;7179.24748677649;0.1312795182175361;2.148560780254054;0.4107039097103703;
:9842732475_0,62.755088793440265;2949.9624353151635;0.06456599449683367;0.9800396561356284;0.24837845427490277;
-28662749,67.79602949422157;5332.997443920219;0.1965410016619022;1.7126287929390986;0.32435278496206693;
-189597344#0,67.30362993373271;8078.523776099042;0.16449861338467614;2.734673587517956;0.750051059370982;
-189597344#1,62.14719832936221;2872.6253690815875;0.04583336282252676;0.9211931917206404;0.1978920558378499;
-189597344#0,67.30362993373271;8078.523776099042;0.16449861338467614;2.734673587517956;0.750051059370982;
-28662749,67.79602949422157;5332.997443920219;0.1965410016619022;1.7126287929390986;0.32435278496206693;
189597344#1,72.19057284787962;13883.38651727723;0.40729205352108155;4.3284411540511964;0.7894725499680765;
-189597344#0,65.07084537506577;3241.0051220600244;0.01800199257622416;1.2319488470233053;0.4718830982028128;
189597344#2,61.92857900721903;2399.987104785096;0.043285212849623333;0.8328558309615174;0.2493768550748912;
189597344#0,68.45713156156327;6925.604181938754;0.09969031115604803;2.0242272453207697;0.3565757022397617;
189597344#1,68.30588114902801;7062.965694440637;0.18439280551446566;2.2994427582988033;0.503097450887001;
189597344#1,68.30588114902801;7062.965694440637;0.18439280551446566;2.2994427582988033;0.503097450887001;
189597344#0,68.45713156156327;6925.604181938754;0.09969031115604803;2.0242272453207697;0.3565757022397617;
189597344#0,68.45713156156327;6925.604181938754;0.09969031115604803;2.0242272453207697;0.3565757022397617;
:9842732475_0,61.98504092576867;2498.918781654572;0.04587449229279603;0.8571382324440464;0.2437792170730459;
-28662749,65.30124246150343;3506.3735522085676;0.10667277699007624;1.1742796569170995;0.29934759539636596;
-189597344#0,65.07084537506577;3241.0051220600244;0.01800199257622416;1.2319488470233053;0.4718830982028128;
-189597344#1,57.23924590641052;0.0;0.0;0.0;0.0;
-189597344#0,65.07084537506577;3241.0051220600244;0.01800199257622416;1.2319488470233053;0.4718830982028128;
-28662749,65.30124246150343;3506.3735522085676;0.10667277699007624;1.1742796569170995;0.29934759539636596;
189597344#1,68.30588114902801;7062.965694440637;0.18439280551446566;2.2994427582988033;0.503097450887001;
-189597344#0,64.87479357540064;3199.6763032441045;0.016293539283231753;1.2200903909370848;0.47353844856851823;
189597344#0,68.49109806971941;10681.017798133285;0.15794592195668658;3.4995892935727304;0.6116378653229732;
189597344#2,60.605778206332275;1549.9962521550647;0.006165744021998442;0.5962157522371452;0.23794979467913902;
189597344#0,68.49109806971941;10681.017798133285;0.15794592195668658;3.4995892935727304;0.6116378653229732;
189597344#1,67.35987810408665;8110.23937213065;0.15446643619473455;2.7153276801308115;0.7214956089442254;
189597344#1,67.35987810408665;8110.23937213065;0.15446643619473455;2.7153276801308115;0.7214956089442254;
189597344#0,68.49109806971941;10681.017798133285;0.15794592195668658;3.4995892935727304;0.6116378653229732;
189597344#0,68.49109806971941;10681.017798133285;0.15794592195668658;3.4995892935727304;0.6116378653229732;
:9842732475_0,58.66300215579252;0.0;0.0;0.0;0.0;
-28662749,60.721585378436494;0.0;0.0;0.0;0.0;
-189597344#0,64.87479357540064;3199.6763032441045;0.016293539283231753;1.2200903909370848;0.47353844856851823;
-189597344#1,63.07398697018441;3282.063721118912;0.05930499012750424;1.0210366998470608;0.2025783047753177;
-189597344#0,64.87479357540064;3199.6763032441045;0.016293539283231753;1.2200903909370848;0.47353844856851823;
-28662749,60.721585378436494;0.0;0.0;0.0;0.0;
189597344#1,67.35987810408665;8110.23937213065;0.15446643619473455;2.7153276801308115;0.7214956089442254;
-189597344#0,67.0365332478461;7726.709960246388;0.14957074889340843;2.6380793781560676;0.7452770056032443;
189597344#0,72.14426604031088;13943.542902183814;0.18535282825094926;3.811616045675541;0.6355069339562847;
189597344#2,59.79462076495554;0.0;0.0;0.0;0.0;
189597344#0,72.14426604031088;13943.542902183814;0.18535282825094926;3.811616045675541;0.6355069339562847;
189597344#1,63.628438710469084;0.0;0.0;0.0;0.0;
189597344#1,63.628438710469084;0.0;0.0;0.0;0.0;
189597344#0,72.14426604031088;13943.542902183814;0.18535282825094926;3.811616045675541;0.6355069339562847;
189597344#0,72.14426604031088;13943.542902183814;0.18535282825094926;3.811616045675541;0.6355069339562847;
:9842732475_0,61.149159917359015;2013.9357997988507;0.025116965676329837;0.7237755696676289;0.23600103949097342;
-28662749,60.312835126360376;0.0;0.0;0.0;0.0;
-189597344#0,67.0365332478461;7726.709960246388;0.14957074889340843;2.6380793781560676;0.7452770056032443;
-189597344#1,58.639632655225846;0.0;0.0;0.0;0.0;
-189597344#0,67.0365332478461;7726.709960246388;0.14957074889340843;2.6380793781560676;0.7452770056032443;
-28662749,60.312835126360376;0.0;0.0;0.0;0.0;
189597344#1,63.628438710469084;0.0;0.0;0.0;0.0;
-189597344#0,64.39437212086928;0.0;0.0;0.0;0.0;
189597344#0,69.44124265290074;7247.41524438532;0.06537780176815473;1.7879830100825087;0.1908127536675648;
189597344#2,63.50705639222815;3325.804934755422;0.0840796934374371;1.0915069164785252;0.2625131621804895;
189597344#0,69.44124265290074;7247.41524438532;0.06537780176815473;1.7879830100825087;0.1908127536675648;
189597344#1,67.39327127111493;8029.262737814763;0.1538830067692485;2.702560952671802;0.7203021552772151;
189597344#1,67.39327127111493;8029.262737814763;0.1538830067692485;2.702560952671802;0.7203021552772151;
189597344#0,69.44124265290074;7247.41524438532;0.06537780176815473;1.7879830100825087;0.1908127536675648;
189597344#0,69.44124265290074;7247.41524438532;0.06537780176815473;1.7879830100825087;0.1908127536675648;
:9842732475_0,62.986255336503575;3071.4180812956147;0.07018472140012967;1.0144349089536053;0.2513678777113168;
-28662749,59.73072983477428;0.0;0.0;0.0;0.0;
-189597344#0,64.39437212086928;0.0;0.0;0.0;0.0;
-189597344#1,60.16891975026489;1956.2980922362444;0.016336135181512668;0.6995605044755264;0.18935849259907142;
-189597344#0,64.39437212086928;0.0;0.0;0.0;0.0;
-28662749,59.73072983477428;0.0;0.0;0.0;0.0;
189597344#1,67.39327127111493;8029.262737814763;0.1538830067692485;2.702560952671802;0.7203021552772151;
-189597344#0,67.47440853799246;8641.891526472893;0.1901166173426499;2.8942846041780865;0.7588330362225557;
189597344#0,69.9899646527194;10009.781429595645;0.10772246304649966;2.696763888802435;0.3970847641877424;
189597344#2,60.26940185263028;1307.0812932475155;0.0;0.5284851071197338;0.23529398370689;
189597344#0,69.9899646527194;10009.781429595645;0.10772246304649966;2.696763888802435;0.3970847641877424;
189597344#1,66.02302971071772;4683.010402831633;0.08761410695217108;1.6417147377397932;0.4926396696278042;
189597344#1,66.02302971071772;4683.010402831633;0.08761410695217108;1.6417147377397932;0.4926396696278042;
189597344#0,69.9899646527194;10009.781429595645;0.10772246304649966;2.696763888802435;0.3970847641877424;
189597344#0,69.9899646527194;10009.781429595645;0.10772246304649966;2.696763888802435;0.3970847641877424;
:9842732475_0,61.3908891159468;2133.40014640442;0.03057483966427986;0.7570884919580645;0.2399766599672299;
-28662749,59.27317425947735;0.0;0.0;0.0;0.0;
-189597344#0,67.47440853799246;8641.891526472893;0.1901166173426499;2.8942846041780865;0.7588330362225557;
-189597344#1,59.91974256515924;1833.5909275400957;0.012398115396069342;0.6698696600867534;0.18842807352853091;
-189597344#0,67.47440853799246;8641.891526472893;0.1901166173426499;2.8942846041780865;0.7588330362225557;
-28662749,59.27317425947735;0.0;0.0;0.0;0.0;
189597344#1,66.02302971071772;4683.010402831633;0.08761410695217108;1.6417147377397932;0.4926396696278042;
-189597344#0,63.29317768546416;0.0;0.0;0.0;0.0;
189597344#0,71.62221348390445;12833.465933874952;0.1594765553531034;3.63311786574642;0.6568284035379671;
189597344#2,60.41783607641076;1418.9077544427284;0.00045510431412949977;0.5597172044536717;0.23634062880278456;
189597344#0,71.62221348390445;12833.465933874952;0.1594765553531034;3.63311786574642;0.6568284035379671;
189597344#1,66.2844531481289;4936.033750266348;0.08073312898495545;1.6735486846775207;0.47521856559813014;
189597344#1,66.2844531481289;4936.033750266348;0.08073312898495545;1.6735486846775207;0.47521856559813014;
189597344#0,71.62221348390445;12833.465933874952;0.1594765553531034;3.63311786574642;0.6568284035379671;
189597344#0,71.62221348390445;12833.465933874952;0.1594765553531034;3.63311786574642;0.6568284035379671;
:9842732475_0,57.74426945527096;0.0;0.0;0.0;0.0;
-28662749,58.74187268112373;0.0;0.0;0.0;0.0;
-189597344#0,63.29317768546416;0.0;0.0;0.0;0.0;
-189597344#1,56.27228545810187;0.0;0.0;0.0;0.0;
-189597344#0,63.29317768546416;0.0;0.0;0.0;0.0;
-28662749,58.74187268112373;0.0;0.0;0.0;0.0;
189597344#1,66.2844531481289;4936.033750266348;0.08073312898495545;1.6735486846775207;0.47521856559813014;
-189597344#0,67.55267422242936;8367.387799140432;0.1776143982085357;2.817043228217509;0.7525157953657334;
189597344#0,70.54563994648689;11885.028917657028;0.13685465450430634;3.448891798184259;0.6611277397825805;
189597344#2,59.188023985341175;0.0;0.0;0.0;0.0;
189597344#0,70.54563994648689;11885.028917657028;0.13685465450430634;3.448891798184259;0.6611277397825805;
189597344#1,64.82752982368635;1902.5408519899793;0.01991698999245938;0.6928203934488728;0.23068452905215509;
189597344#1,64.82752982368635;1902.5408519899793;0.01991698999245938;0.6928203934488728;0.23068452905215509;
189597344#0,70.54563994648689;11885.028917657028;0.13685465450430634;3.448891798184259;0.6611277397825805;
189597344#0,70.54563994648689;11885.028917657028;0.13685465450430634;3.448891798184259;0.6611277397825805;
:9842732475_0,61.82326790756221;2415.9018762113406;0.04204958233943104;0.8337812741493801;0.24137840308290492;
-189597344#2,55.71823667268686;0.0;0.0;0.0;0.0;
-189597344#0,67.55267422242936;8367.387799140432;0.1776143982085357;2.817043228217509;0.7525157953657334;
-189597344#1,60.80883177911473;2270.2801468147927;0.026160535439187952;0.7748876025280708;0.19074220551299653;
-189597344#0,67.55267422242936;8367.387799140432;0.1776143982085357;2.817043228217509;0.7525157953657334;
-28662749,54.85170940733741;0.0;0.0;0.0;0.0;
189597344#1,64.82752982368635;1902.5408519899793;0.01991698999245938;0.6928203934488728;0.23068452905215509;
-189597344#0,65.78197189104203;4553.3925757336365;0.07388933318438853;1.594020005660719;0.4859659090726751;
189597344#0,69.26047926141624;7602.498554836135;0.09397646339683068;2.002467948713018;0.242368651047856;
189597344#2,62.87920980535647;2969.7471715313413;0.06811981958073565;0.991418110716108;0.2567604768442255;
189597344#0,69.26047926141624;7602.498554836135;0.09397646339683068;2.002467948713018;0.242368651047856;
189597344#1,64.10124566271428;1523.6450549255385;0.0034048888596743127;0.5921263189345267;0.20862394691473407;
189597344#1,64.10124566271428;1523.6450549255385;0.0034048888596743127;0.5921263189345267;0.20862394691473407;
189597344#0,69.26047926141624;7602.498554836135;0.09397646339683068;2.002467948713018;0.242368651047856;
189597344#0,69.26047926141624;7602.498554836135;0.09397646339683068;2.002467948713018;0.242368651047856;
:9842732475_0,59.00496042308855;0.0;0.0;0.0;0.0;
-189597344#2,59.40808012848913;0.0;0.0;0.0;0.0;
-189597344#0,65.78197189104203;4553.3925757336365;0.07388933318438853;1.594020005660719;0.4859659090726751;
-189597344#1,60.49181355340715;2117.120162286216;0.021383577732991915;0.7382152007814946;0.19000273049823835;
-189597344#0,65.78197189104203;4553.3925757336365;0.07388933318438853;1.594020005660719;0.4859659090726751;
-28662749,53.853609859708634;0.0;0.0;0.0;0.0;
189597344#1,64.10124566271428;1523.6450549255385;0.0034048888596743127;0.5921263189345267;0.20862394691473407;
-189597344#0,65.83600948309582;4351.229151898963;0.06689922567336562;1.5414579130524322;0.4896800020138351;
189597344#0,70.75283324890069;11867.847290508767;0.13507159153012666;3.4313360344333472;0.678716473463619;
189597344#2,62.274187455590486;2600.561718880358;0.05234301716201924;0.8892870506968266;0.2531345089765677;
189597344#0,70.75283324890069;11867.847290508767;0.13507159153012666;3.4313360344333472;0.678716473463619;
189597344#1,68.2010299873884;9630.283632794086;0.2227178874164255;3.1443604317649774;0.7432419730242072;
189597344#1,68.2010299873884;9630.283632794086;0.2227178874164255;3.1443604317649774;0.7432419730242072;
189597344#0,70.75283324890069;11867.847290508767;0.13507159153012666;3.4313360344333472;0.678716473463619;
189597344#0,70.75283324890069;11867.847290508767;0.13507159153012666;3.4313360344333472;0.678716473463619;
:9842732475_0,61.548432641897364;2261.5387556715746;0.03538859735486181;0.7912626428770068;0.2385665909482445;
-189597344#2,59.57703879953185;0.0;0.0;0.0;0.0;
-189597344#0,65.83600948309582;4351.229151898963;0.06689922567336562;1.5414579130524322;0.4896800020138351;
-189597344#1,58.68743422289404;0.0;0.0;0.0;0.0;
-189597344#0,65.83600948309582;4351.229151898963;0.06689922567336562;1.5414579130524322;0.4896800020138351;
-28662749,63.702160861433825;3534.8054720139708;0.07842953985171755;1.1128791789560213;0.23074422079945045;
189597344#1,68.2010299873884;9630.283632794086;0.2227178874164255;3.1443604317649774;0.7432419730242072;
-189597344#0,65.76617395145213;4200.904791130956;0.05977340881576048;1.4976431867578854;0.48849484770227203;
189597344#0,71.74192145606142;14990.273448290282;0.2542164802564523;4.282392352492135;0.7302759305782434;
189597344#2,59.72310273031343;0.0;0.0;0.0;0.0;
189597344#0,71.74192145606142;14990.273448290282;0.2542164802564523;4.282392352492135;0.7302759305782434;
189597344#1,67.18051908563814;5168.8428536106885;0.09999115997351887;1.760768032449274;0.5015073787942032;
189597344#1,67.18051908563814;5168.8428536106885;0.09999115997351887;1.760768032449274;0.5015073787942032;
189597344#0,71.74192145606142;14990.273448290282;0.2542164802564523;4.282392352492135;0.7302759305782434;
189597344#0,71.74192145606142;14990.273448290282;0.2542164802564523;4.282392352492135;0.7302759305782434;
189597344#1,67.18051908563814;5168.8428536106885;0.09999115997351887;1.760768032449274;0.5015073787942032;
-189597344#2,62.629755469271586;2780.286352151833;0.061538155343998126;0.9421026037205628;0.25984001953081165;
-189597344#0,65.76617395145213;4200.904791130956;0.05977340881576048;1.4976431867578854;0.48849484770227203;
-189597344#1,59.98895001226224;1881.1325439997881;0.013762844997087808;0.6811592729706597;0.1873778216986063;
-189597344#0,65.76617395145213;4200.904791130956;0.05977340881576048;1.4976431867578854;0.48849484770227203;
-28662749,59.97512046676677;1602.3832404323696;0.006310081358195839;0.612573815555761;0.20888877200652528;
189597344#1,67.18051908563814;5168.8428536106885;0.09999115997351887;1.760768032449274;0.5015073787942032;
-189597344#0,62.705703657029204;1365.1886675007624;0.0;0.5447614602064333;0.2356505792587888;
189597344#0,71.09805431252727;10893.483480205;0.16366553568825784;3.076050113954204;0.4810251248183492;
189597344#2,61.00227125960344;1810.6818272727103;0.01756709244631134;0.6687775464245298;0.24167426882451298;
189597344#0,71.09805431252727;10893.483480205;0.16366553568825784;3.076050113954204;0.4810251248183492;
189597344#1,65.55279610382125;2000.4848239388868;0.021290007117452103;0.7158013532565264;0.21428039208547367;
189597344#1,65.55279610382125;2000.4848239388868;0.021290007117452103;0.7158013532565264;0.21428039208547367;
189597344#0,71.09805431252727;10893.483480205;0.16366553568825784;3.076050113954204;0.4810251248183492;
189597344#0,71.09805431252727;10893.483480205;0.16366553568825784;3.076050113954204;0.4810251248183492;
189597344#1,65.55279610382125;2000.4848239388868;0.021290007117452103;0.7158013532565264;0.21428039208547367;
-189597344#2,61.643927799991815;2154.5017613178043;0.033662452463286835;0.7660548017826069;0.2519702775033014;
-189597344#1,59.41788520921292;1604.6036298640845;0.004893577831043849;0.6144393021520779;0.18461018569350782;
-189597344#0,62.705703657029204;1365.1886675007624;0.0;0.5447614602064333;0.2356505792587888;
-28662749,61.390696562950694;2365.7385540654254;0.034997447085579454;0.8105952805963021;0.21848559815532903;
189597344#1,65.55279610382125;2000.4848239388868;0.021290007117452103;0.7158013532565264;0.21428039208547367;
-189597344#0,63.263184899471824;1667.8130617214604;0.011305327498748869;0.6290003672135954;0.2395306448838625;
189597344#0,69.97600460921306;11020.060881607085;0.1888152855793968;3.159436168851954;0.547446944750275;
189597344#2,60.97017486759492;1788.5367233085485;0.016607987389153516;0.6626145262743327;0.241450105744694;
189597344#0,69.97600460921306;11020.060881607085;0.1888152855793968;3.159436168851954;0.547446944750275;
189597344#1,69.21261325456362;10570.975851833098;0.273618472425352;3.430018630324693;0.7806180739763313;
189597344#1,69.21261325456362;10570.975851833098;0.273618472425352;3.430018630324693;0.7806180739763313;
189597344#0,69.97600460921306;11020.060881607085;0.1888152855793968;3.159436168851954;0.547446944750275;
189597344#0,69.97600460921306;11020.060881607085;0.1888152855793968;3.159436168851954;0.547446944750275;
189597344#1,69.21261325456362;10570.975851833098;0.273618472425352;3.430018630324693;0.7806180739763313;
-189597344#2,61.97982355680495;2361.515228499207;0.04313457437970406;0.8247297920980233;0.25561229642602706;
-189597344#1,57.999151417662;0.0;0.0;0.0;0.0;
-189597344#0,63.263184899471824;1667.8130617214604;0.011305327498748869;0.6290003672135954;0.2395306448838625;
-28662749,64.02922226995277;3688.2678093507325;0.08606659792993444;1.1577124609908742;0.23668706390428557;
189597344#1,69.21261325456362;10570.975851833098;0.273618472425352;3.430018630324693;0.7806180739763313;
-189597344#0,64.23631746446807;2754.2826795786696;0.05745909982389587;0.9288426312654876;0.24968810568739236;
189597344#0,67.63942235547799;5800.363063174553;0.04008351142182687;1.6195407937656214;0.25909784059479046;
189597344#2,60.48638820455117;1468.2734682919797;0.002602857217855836;0.5734744054361712;0.2368768708838911;
189597344#0,67.63942235547799;5800.363063174553;0.04008351142182687;1.6195407937656214;0.25909784059479046;
189597344#1,65.53706091802594;1535.1968375944957;0.0038048014633854056;0.595185646767532;0.20813150679920617;
189597344#1,65.53706091802594;1535.1968375944957;0.0038048014633854056;0.595185646767532;0.20813150679920617;
189597344#0,67.63942235547799;5800.363063174553;0.04008351142182687;1.6195407937656214;0.25909784059479046;
189597344#0,67.63942235547799;5800.363063174553;0.04008351142182687;1.6195407937656214;0.25909784059479046;
189597344#1,65.53706091802594;1535.1968375944957;0.0038048014633854056;0.595185646767532;0.20813150679920617;
-189597344#2,61.37242143597664;1960.4305645041973;0.02513151398728931;0.7115155487986329;0.25046211660297707;
-189597344#1,60.90931425481406;2316.1829848916045;0.027645569767208594;0.7859910123939192;0.19127048188762558;
-189597344#0,64.23631746446807;2754.2826795786696;0.05745909982389587;0.9288426312654876;0.24968810568739236;
-28662749,62.17156472155179;2744.0988442482662;0.0505502785064816;0.9119337013743837;0.22746163858318125;
189597344#1,65.53706091802594;1535.1968375944957;0.0038048014633854056;0.595185646767532;0.20813150679920617;
-189597344#0,65.05670033547914;4761.654661493452;0.08461222341786798;1.6553086874664102;0.4944200049038694;
189597344#0,68.83019783497915;9714.987892123994;0.14912451169246066;2.8813480697565126;0.5449541358052589;
189597344#2,62.28789225900031;2610.1967797670322;0.052724613028966125;0.8918964783814269;0.253110588331706;
189597344#0,68.83019783497915;9714.987892123994;0.14912451169246066;2.8813480697565126;0.5449541358052589;
189597344#1,67.16741589190265;5341.026578539046;0.11019391322676447;1.8178062485589994;0.5003460294661471;
189597344#1,67.16741589190265;5341.026578539046;0.11019391322676447;1.8178062485589994;0.5003460294661471;
189597344#0,68.83019783497915;9714.987892123994;0.14912451169246066;2.8813480697565126;0.5449541358052589;
189597344#0,68.83019783497915;9714.987892123994;0.14912451169246066;2.8813480697565126;0.5449541358052589;
189597344#1,67.16741589190265;5341.026578539046;0.11019391322676447;1.8178062485589994;0.5003460294661471;
-189597344#2,59.12569561307755;0.0;0.0;0.0;0.0;
:9842732475_7,57.923965929692315;0.0;0.0;0.0;0.0;
-189597344#0,65.05670033547914;4761.654661493452;0.08461222341786798;1.6553086874664102;0.4944200049038694;
-28662749,61.0176240890779;2117.7594176210096;0.02658377111835334;0.7477102421160939;0.22082690024929355;
189597344#1,67.16741589190265;5341.026578539046;0.11019391322676447;1.8178062485589994;0.5003460294661471;
-189597344#0,64.25152150651972;3975.886076413087;0.050097068648824086;1.4356858233957448;0.4846881710829427;
189597344#0,69.07323785431981;8615.083301103541;0.08180449384985045;2.507328451579275;0.47934811873901595;
189597344#2,58.03715702732202;0.0;0.0;0.0;0.0;
189597344#0,69.07323785431981;8615.083301103541;0.08180449384985045;2.507328451579275;0.47934811873901595;
189597344#1,67.98596905861707;6868.957182076426;0.15839228578966652;2.1947813067947237;0.4873057290423862;
189597344#1,67.98596905861707;6868.957182076426;0.15839228578966652;2.1947813067947237;0.4873057290423862;
189597344#0,69.07323785431981;8615.083301103541;0.08180449384985045;2.507328451579275;0.47934811873901595;
189597344#0,69.07323785431981;8615.083301103541;0.08180449384985045;2.507328451579275;0.47934811873901595;
189597344#1,67.98596905861707;6868.957182076426;0.15839228578966652;2.1947813067947237;0.4873057290423862;
-189597344#2,62.03886223290528;2407.559174090993;0.04501915664475979;0.8374108808711639;0.25544321450930046;
:9842732475_7,62.8354539640676;3178.298723272342;0.05566407141906457;0.9950807481435148;0.20079113889719521;
-189597344#0,64.25152150651972;3975.886076413087;0.050097068648824086;1.4356858233957448;0.4846881710829427;
-28662749,63.29724370824373;3311.5881307967184;0.07361483277306177;1.064040819490365;0.2372382390783361;
189597344#1,67.98596905861707;6868.957182076426;0.15839228578966652;2.1947813067947237;0.4873057290423862;
-189597344#0,63.350967728182006;1723.4894519606087;0.013368971783320763;0.6444480860652241;0.23668255592974746;
189597344#0,68.33138140808224;5609.989013786638;0.033224945230563865;1.566259858026776;0.3216246740887973;
189597344#2,61.2556376059088;1999.0357255128765;0.025509505470498794;0.7209046352425712;0.24235782263427183;
189597344#0,68.33138140808224;5609.989013786638;0.033224945230563865;1.566259858026776;0.3216246740887973;
189597344#1,66.50936894979512;5953.3417427449895;0.07198856450766788;2.151242944196581;0.6951966960818796;
189597344#1,66.50936894979512;5953.3417427449895;0.07198856450766788;2.151242944196581;0.6951966960818796;
189597344#0,68.33138140808224;5609.989013786638;0.033224945230563865;1.566259858026776;0.3216246740887973;
189597344#0,68.33138140808224;5609.989013786638;0.033224945230563865;1.566259858026776;0.3216246740887973;
189597344#1,66.50936894979512;5953.3417427449895;0.07198856450766788;2.151242944196581;0.6951966960818796;
-189597344#2,60.28323558501975;0.0;0.0;0.0;0.0;
:9842732475_7,57.28392657050438;0.0;0.0;0.0;0.0;
-189597344#0,63.350967728182006;1723.4894519606087;0.013368971783320763;0.6444480860652241;0.23668255592974746;
-28662749,59.82869512524434;1403.0508696396323;0.0;0.559474089873162;0.21436187802688328;
189597344#1,66.50936894979512;5953.3417427449895;0.07198856450766788;2.151242944196581;0.6951966960818796;
-189597344#0,63.121070743222994;1415.125147173232;0.00013672496974473543;0.5593931592855553;0.23227516654481492;
189597344#0,67.59964714447126;7754.276373131679;0.07862128062280387;2.407340292870678;0.535615440399286;
189597344#2,63.78599152344475;3485.0341535585194;0.09094809932181422;1.135668208059834;0.26435199038381396;
189597344#0,67.59964714447126;7754.276373131679;0.07862128062280387;2.407340292870678;0.535615440399286;
189597344#1,66.233784868616;4217.246879660299;0.06104890417422313;1.504380345812375;0.4868409623483244;
189597344#1,66.233784868616;4217.246879660299;0.06104890417422313;1.504380345812375;0.4868409623483244;
189597344#0,67.59964714447126;7754.276373131679;0.07862128062280387;2.407340292870678;0.535615440399286;
189597344#0,67.59964714447126;7754.276373131679;0.07862128062280387;2.407340292870678;0.535615440399286;
189597344#1,66.233784868616;4217.246879660299;0.06104890417422313;1.504380345812375;0.4868409623483244;
-189597344#2,62.826034096957116;2887.881927424893;0.06683784741559207;0.9734047594150413;0.2628075333203263;
:9842732475_7,62.84938345903855;3183.421991910165;0.05604065890610505;0.9969227543357095;0.2014232464928443;
-189597344#0,63.121070743222994;1415.125147173232;0.00013672496974473543;0.5593931592855553;0.23227516654481492;
-28662749,59.44419083966186;0.0;0.0;0.0;0.0;
189597344#1,66.233784868616;4217.246879660299;0.06104890417422313;1.504380345812375;0.4868409623483244;
-189597344#0,64.30986586843477;3981.941852302655;0.050481164715441396;1.4382051077356994;0.48321531624322045;
189597344#0,69.70028318834515;12199.824433705026;0.18154072253739784;3.7167287803338676;0.7578210576387074;
189597344#2,58.04076567677343;0.0;0.0;0.0;0.0;
189597344#0,69.70028318834515;12199.824433705026;0.18154072253739784;3.7167287803338676;0.7578210576387074;
189597344#1,68.38331824616438;10408.076981873619;0.18896369446326702;3.509382152252966;0.9598319474433722;
189597344#1,68.38331824616438;10408.076981873619;0.18896369446326702;3.509382152252966;0.9598319474433722;
189597344#0,69.70028318834515;12199.824433705026;0.18154072253739784;3.7167287803338676;0.7578210576387074;
189597344#0,69.70028318834515;12199.824433705026;0.18154072253739784;3.7167287803338676;0.7578210576387074;
189597344#1,68.38331824616438;10408.076981873619;0.18896369446326702;3.509382152252966;0.9598319474433722;
-189597344#2,59.97902248141678;0.0;0.0;0.0;0.0;
:9842732475_7,58.856772011156025;0.0;0.0;0.0;0.0;
-189597344#0,64.30986586843477;3981.941852302655;0.050481164715441396;1.4382051077356994;0.48321531624322045;
-28662749,67.62001576117571;5438.96238304655;0.16030164320444631;1.6366922244026965;0.26732818703834893;
189597344#1,68.38331824616438;10408.076981873619;0.18896369446326702;3.509382152252966;0.9598319474433722;
-189597344#0,65.68176673496839;5705.3228127496395;0.12543415121354057;1.9163546440266837;0.5087245733955065;
189597344#0,67.77959397755478;5476.92378408044;0.03495494922656356;1.5883335885564516;0.28807519627870354;
189597344#2,65.31668215685008;4325.528171495782;0.12807610898664462;1.3708396726309924;0.2760282992796671;
189597344#0,67.77959397755478;5476.92378408044;0.03495494922656356;1.5883335885564516;0.28807519627870354;
189597344#1,65.64766648661842;3005.967990860154;0.007581256366561023;1.1664345916092502;0.4671555870661881;
189597344#1,65.64766648661842;3005.967990860154;0.007581256366561023;1.1664345916092502;0.4671555870661881;
189597344#0,67.77959397755478;5476.92378408044;0.03495494922656356;1.5883335885564516;0.28807519627870354;
189597344#0,67.77959397755478;5476.92378408044;0.03495494922656356;1.5883335885564516;0.28807519627870354;
189597344#1,65.64766648661842;3005.967990860154;0.007581256366561023;1.1664345916092502;0.4671555870661881;
-189597344#2,58.69802484640111;0.0;0.0;0.0;0.0;
:9842732475_7,59.6776566134784;1721.8417392829713;0.008728070629231616;0.6427559230112183;0.18670658537639623;
-189597344#0,65.68176673496839;5705.3228127496395;0.12543415121354057;1.9163546440266837;0.5087245733955065;
-28662749,59.476523320762496;0.0;0.0;0.0;0.0;
189597344#1,65.64766648661842;3005.967990860154;0.007581256366561023;1.1664345916092502;0.4671555870661881;
-189597344#0,62.75520862500479;1699.974772467074;0.01282930384926862;0.637947701207924;0.24119548864989787;
189597344#0,67.83635906676147;8367.046621724854;0.10483178886427222;2.5927738295090847;0.5470399669374348;
189597344#2,60.71534145672995;1604.5074618354874;0.008637517638658776;0.6113100344150036;0.2398794656072126;
189597344#0,67.83635906676147;8367.046621724854;0.10483178886427222;2.5927738295090847;0.5470399669374348;
189597344#1,68.22307977285614;9757.878905398215;0.17449573582832087;3.3633367299715786;0.9545980128562341;
189597344#1,68.22307977285614;9757.878905398215;0.17449573582832087;3.3633367299715786;0.9545980128562341;
189597344#0,67.83635906676147;8367.046621724854;0.10483178886427222;2.5927738295090847;0.5470399669374348;
189597344#0,67.83635906676147;8367.046621724854;0.10483178886427222;2.5927738295090847;0.5470399669374348;
189597344#1,68.22307977285614;9757.878905398215;0.17449573582832087;3.3633367299715786;0.9545980128562341;
-189597344#2,65.14872045909938;4229.528878935945;0.1271668745125963;1.3521730476862825;0.2808947095096189;
:9842732475_7,57.40987661443539;0.0;0.0;0.0;0.0;
-189597344#0,62.75520862500479;1699.974772467074;0.01282930384926862;0.637947701207924;0.24119548864989787;
-28662749,60.68785941174312;1863.8752736492709;0.01751244394469954;0.6816366648923855;0.22371159559458467;
189597344#1,68.22307977285614;9757.878905398215;0.17449573582832087;3.3633367299715786;0.9545980128562341;
-189597344#0,63.72234196574287;2556.748779330153;0.048940703030813396;0.8742184362016987;0.2468973913180214;
189597344#0,68.90187025498767;9511.311588315277;0.1411012112943975;2.853616429275548;0.5760918567089786;
189597344#2,58.00759496087802;0.0;0.0;0.0;0.0;
189597344#0,68.90187025498767;9511.311588315277;0.1411012112943975;2.853616429275548;0.5760918567089786;
189597344#1,65.30578557379856;1379.1823843974119;0.0;0.5505215430918581;0.2267563273265058;
189597344#1,65.30578557379856;1379.1823843974119;0.0;0.5505215430918581;0.2267563273265058;
189597344#0,68.90187025498767;9511.311588315277;0.1411012112943975;2.853616429275548;0.5760918567089786;
189597344#0,68.90187025498767;9511.311588315277;0.1411012112943975;2.853616429275548;0.5760918567089786;
189597344#1,65.30578557379856;1379.1823843974119;0.0;0.5505215430918581;0.2267563273265058;
-189597344#2,60.4687790892975;1344.5130024993603;0.0;0.5376760643761834;0.24128074487997173;
:9842732475_7,59.71089773446514;1754.5078015635465;0.009637104427298628;0.6505579850994669;0.18539879368617926;
-189597344#0,63.72234196574287;2556.748779330153;0.048940703030813396;0.8742184362016987;0.2468973913180214;
-28662749,63.61365586933503;3454.7561161788094;0.08194165143675057;1.1087740785335218;0.24550830282756325;
189597344#1,65.30578557379856;1379.1823843974119;0.0;0.5505215430918581;0.2267563273265058;
-189597344#0,65.27520283758486;5117.663568357806;0.09998794288219043;1.753795306089135;0.4995441513393054;
189597344#0,70.27419052534276;6818.486417768585;0.06981157477103189;1.8808345498250745;0.3279661449590256;
189597344#2,62.72510727697661;2882.657532064881;0.06417681192349063;0.9668717996884756;0.25516841538171997;
189597344#0,70.27419052534276;6818.486417768585;0.06981157477103189;1.8808345498250745;0.3279661449590256;
189597344#1,69.58867559871983;13373.565264870098;0.31670163174620247;4.328572873602655;1.0019695379693336;
189597344#1,69.58867559871983;13373.565264870098;0.31670163174620247;4.328572873602655;1.0019695379693336;
189597344#0,70.27419052534276;6818.486417768585;0.06981157477103189;1.8808345498250745;0.3279661449590256;
189597344#0,70.27419052534276;6818.486417768585;0.06981157477103189;1.8808345498250745;0.3279661449590256;
189597344#1,69.58867559871983;13373.565264870098;0.31670163174620247;4.328572873602655;1.0019695379693336;
-189597344#2,60.99705430440852;1718.5922802567366;0.014144682104372149;0.6431798129307531;0.24629727997812184;
:9842732475_7,62.12623112075714;2862.298578855734;0.045587276075853264;0.9189308040908684;0.1980760278985975;
-189597344#0,65.27520283758486;5117.663568357806;0.09998794288219043;1.753795306089135;0.4995441513393054;
-28662749,61.02271361743266;2026.2829393144596;0.024438448751418148;0.7255840606702927;0.22861620477298614;
189597344#1,69.58867559871983;13373.565264870098;0.31670163174620247;4.328572873602655;1.0019695379693336;
-189597344#0,63.72538328663382;3280.2368264477027;0.01977864690902225;1.2422630133185693;0.47513654644543313;
189597344#0,68.13797624093057;6939.49009212417;0.04611393504399843;2.1918667846606885;0.5424797603850058;
189597344#2,60.70250687448778;1622.1982965802347;0.009279637140602402;0.6163286166677036;0.23848286052129342;
189597344#0,68.13797624093057;6939.49009212417;0.04611393504399843;2.1918667846606885;0.5424797603850058;
189597344#1,65.7433102633201;2914.2091758420224;0.007157618666913712;1.1400010844370239;0.4681579136912086;
189597344#1,65.7433102633201;2914.2091758420224;0.007157618666913712;1.1400010844370239;0.4681579136912086;
189597344#0,68.13797624093057;6939.49009212417;0.04611393504399843;2.1918667846606885;0.5424797603850058;
189597344#0,68.13797624093057;6939.49009212417;0.04611393504399843;2.1918667846606885;0.5424797603850058;
189597344#1,65.7433102633201;2914.2091758420224;0.007157618666913712;1.1400010844370239;0.4681579136912086;
-189597344#2,61.93183463744905;1850.2684749392783;0.020070617868398706;0.6803258463390184;0.2482135839066599;
:9842732475_7,58.056090733753294;0.0;0.0;0.0;0.0;
-189597344#0,63.72538328663382;3280.2368264477027;0.01977864690902225;1.2422630133185693;0.47513654644543313;
-189597344#2,61.93183463744905;1850.2684749392783;0.020070617868398706;0.6803258463390184;0.2482135839066599;
189597344#1,65.7433102633201;2914.2091758420224;0.007157618666913712;1.1400010844370239;0.4681579136912086;
-189597344#0,64.27526050763025;3882.4367057426316;0.04580323244134414;1.4089979133851052;0.48351823823268864;
189597344#0,69.47857393250932;12573.842692149907;0.19523899482477453;3.843726345481803;0.7927926638371107;
189597344#2,61.30927126418247;2014.815139066314;0.02642356120267598;0.7255545399453205;0.24400894398426295;
189597344#0,69.47857393250932;12573.842692149907;0.19523899482477453;3.843726345481803;0.7927926638371107;
189597344#1,65.45287655847586;2033.4111855676897;0.025995859933686482;0.7291788116581828;0.23663091041546117;
189597344#1,65.45287655847586;2033.4111855676897;0.025995859933686482;0.7291788116581828;0.23663091041546117;
189597344#0,69.47857393250932;12573.842692149907;0.19523899482477453;3.843726345481803;0.7927926638371107;
189597344#0,69.47857393250932;12573.842692149907;0.19523899482477453;3.843726345481803;0.7927926638371107;
189597344#1,65.45287655847586;2033.4111855676897;0.025995859933686482;0.7291788116581828;0.23663091041546117;
-189597344#2,62.60860418927471;1774.549843200971;0.016675105762826097;0.6589674215507173;0.24722480547193004;
:9842732475_7,60.33194667429517;2040.1524581005042;0.018938279136396265;0.7196740717698608;0.18944359554340584;
-189597344#0,64.27526050763025;3882.4367057426316;0.04580323244134414;1.4089979133851052;0.48351823823268864;
-189597344#2,62.60860418927471;1774.549843200971;0.016675105762826097;0.6589674215507173;0.24722480547193004;
189597344#1,65.45287655847586;2033.4111855676897;0.025995859933686482;0.7291788116581828;0.23663091041546117;
-189597344#0,63.99955727988999;2313.1150411044323;0.03960972212409328;0.8088617626109611;0.24877170463179626;
189597344#0,67.77238159320008;5699.142526675258;0.05895092856524834;1.704678186455069;0.37516326730640875;
189597344#2,62.26129802638165;2594.678670448052;0.05202616871762072;0.8875321249848885;0.2528383752343138;
189597344#0,67.77238159320008;5699.142526675258;0.05895092856524834;1.704678186455069;0.37516326730640875;
189597344#1,69.3468515141545;12914.948095369484;0.29930808446038415;4.208977740589551;0.9963836987358194;
189597344#1,69.3468515141545;12914.948095369484;0.29930808446038415;4.208977740589551;0.9963836987358194;
189597344#0,67.77238159320008;5699.142526675258;0.05895092856524834;1.704678186455069;0.37516326730640875;
189597344#0,67.77238159320008;5699.142526675258;0.05895092856524834;1.704678186455069;0.37516326730640875;
189597344#1,69.3468515141545;12914.948095369484;0.29930808446038415;4.208977740589551;0.9963836987358194;
-189597344#2,64.34642805815223;3098.3982598736156;0.06257695813960742;1.0009778823067474;0.2270642941924709;
:9842732475_7,59.53572069087538;1656.0462409026134;0.006582063061762363;0.6268412849480194;0.18570482350520057;
-189597344#0,63.99955727988999;2313.1150411044323;0.03960972212409328;0.8088617626109611;0.24877170463179626;
-189597344#2,64.34642805815223;3098.3982598736156;0.06257695813960742;1.0009778823067474;0.2270642941924709;
189597344#1,69.3468515141545;12914.948095369484;0.29930808446038415;4.208977740589551;0.9963836987358194;
-189597344#0,64.62157811287761;4206.447248733295;0.05998359268486635;1.4990273840809936;0.4887828993843864;
189597344#0,67.83019416678911;5432.839406927893;0.05170417931336714;1.6512637563105037;0.3393838122053801;
189597344#2,60.28865182018293;1320.7473755481892;0.0;0.5322934711810152;0.23547040488242427;
189597344#0,67.83019416678911;5432.839406927893;0.05170417931336714;1.6512637563105037;0.3393838122053801;
189597344#1,66.11853403214583;4149.467836514804;0.050851111749434644;1.4731416941332571;0.45036648038939564;
189597344#1,66.11853403214583;4149.467836514804;0.050851111749434644;1.4731416941332571;0.45036648038939564;
189597344#0,67.83019416678911;5432.839406927893;0.05170417931336714;1.6512637563105037;0.3393838122053801;
189597344#0,67.83019416678911;5432.839406927893;0.05170417931336714;1.6512637563105037;0.3393838122053801;
189597344#1,66.11853403214583;4149.467836514804;0.050851111749434644;1.4731416941332571;0.45036648038939564;
-189597344#2,65.75294283892396;5819.240156795306;0.12728721609539434;1.943503478646491;0.4899989242746716;
:9842732475_7,57.13687850066117;0.0;0.0;0.0;0.0;
-189597344#0,64.62157811287761;4206.447248733295;0.05998359268486635;1.4990273840809936;0.4887828993843864;
-189597344#2,65.75294283892396;5819.240156795306;0.12728721609539434;1.943503478646491;0.4899989242746716;
189597344#1,66.11853403214583;4149.467836514804;0.050851111749434644;1.4731416941332571;0.45036648038939564;
-189597344#0,66.07759568946652;5506.33577614465;0.09936599415423461;1.8188779609046635;0.4511651523742377;
189597344#0,69.94440606168963;11535.335193400446;0.17119721870972798;3.6233514603741375;0.7977400408893425;
189597344#2,60.957116823766526;1776.5354717289026;0.016109691129368463;0.6592823373790819;0.24152057251485815;
189597344#0,69.94440606168963;11535.335193400446;0.17119721870972798;3.6233514603741375;0.7977400408893425;
189597344#1,66.46568105441945;4492.608608175322;0.07127150144114751;1.5753585631790485;0.491202678313494;
189597344#1,66.46568105441945;4492.608608175322;0.07127150144114751;1.5753585631790485;0.491202678313494;
189597344#0,69.94440606168963;11535.335193400446;0.17119721870972798;3.6233514603741375;0.7977400408893425;
189597344#0,69.94440606168963;11535.335193400446;0.17119721870972798;3.6233514603741375;0.7977400408893425;
189597344#1,66.46568105441945;4492.608608175322;0.07127150144114751;1.5753585631790485;0.491202678313494;
-189597344#2,61.559683161771716;0.0;0.0;0.0;0.0;
-189597344#0,66.07759568946652;5506.33577614465;0.09936599415423461;1.8188779609046635;0.4511651523742377;
-189597344#0,66.07759568946652;5506.33577614465;0.09936599415423461;1.8188779609046635;0.4511651523742377;
-189597344#2,61.559683161771716;0.0;0.0;0.0;0.0;
189597344#1,66.46568105441945;4492.608608175322;0.07127150144114751;1.5753585631790485;0.491202678313494;
-189597344#0,66.28718602827736;5536.466767827025;0.10563770602493225;1.8443395242561387;0.45046874287715943;
189597344#0,68.64414351732306;10360.694160307303;0.12414979238267355;3.3168863315086208;0.7899375917854925;
189597344#2,61.08510967681502;1858.5823809190151;0.019717836959793775;0.6821591096026176;0.24276290490370095;
189597344#0,68.64414351732306;10360.694160307303;0.12414979238267355;3.3168863315086208;0.7899375917854925;
189597344#1,67.03282061405255;6447.479744802247;0.09132958725664647;2.281770645617807;0.7003680020712991;
189597344#1,67.03282061405255;6447.479744802247;0.09132958725664647;2.281770645617807;0.7003680020712991;
189597344#0,68.64414351732306;10360.694160307303;0.12414979238267355;3.3168863315086208;0.7899375917854925;
189597344#0,68.64414351732306;10360.694160307303;0.12414979238267355;3.3168863315086208;0.7899375917854925;
189597344#1,67.03282061405255;6447.479744802247;0.09132958725664647;2.281770645617807;0.7003680020712991;
-189597344#2,65.21782132790534;5245.810746801686;0.10297047054860274;1.7864995609147272;0.48082381663667484;
-189597344#0,66.28718602827736;5536.466767827025;0.10563770602493225;1.8443395242561387;0.45046874287715943;
-189597344#0,66.28718602827736;5536.466767827025;0.10563770602493225;1.8443395242561387;0.45046874287715943;
-189597344#2,65.21782132790534;5245.810746801686;0.10297047054860274;1.7864995609147272;0.48082381663667484;
189597344#1,67.03282061405255;6447.479744802247;0.09132958725664647;2.281770645617807;0.7003680020712991;
-189597344#0,63.91877017753316;1621.5336556742307;0.00928563658681418;0.6161221005314672;0.23890200478748494;
189597344#0,67.94089546407234;8640.59514896568;0.07806723463597251;2.942781694390191;0.5939301300624402;
189597344#2,61.78998818265668;2300.372173524711;0.039216027768585696;0.8055789124361172;0.24936686646795111;
189597344#0,67.94089546407234;8640.59514896568;0.07806723463597251;2.942781694390191;0.5939301300624402;
189597344#1,67.71635824523582;7968.392046693412;0.15831377104478528;2.705507581677314;0.7271479584085456;
189597344#1,67.71635824523582;7968.392046693412;0.15831377104478528;2.705507581677314;0.7271479584085456;
189597344#0,67.94089546407234;8640.59514896568;0.07806723463597251;2.942781694390191;0.5939301300624402;
189597344#0,67.94089546407234;8640.59514896568;0.07806723463597251;2.942781694390191;0.5939301300624402;
189597344#0,67.94089546407234;8640.59514896568;0.07806723463597251;2.942781694390191;0.5939301300624402;
189597344#1,67.71635824523582;7968.392046693412;0.15831377104478528;2.705507581677314;0.7271479584085456;
-189597344#2,61.46282232991021;0.0;0.0;0.0;0.0;
-189597344#0,63.91877017753316;1621.5336556742307;0.00928563658681418;0.6161221005314672;0.23890200478748494;
-189597344#0,63.91877017753316;1621.5336556742307;0.00928563658681418;0.6161221005314672;0.23890200478748494;
-189597344#2,61.46282232991021;0.0;0.0;0.0;0.0;
189597344#1,67.71635824523582;7968.392046693412;0.15831377104478528;2.705507581677314;0.7271479584085456;
-189597344#0,66.80613388032923;7731.541188759792;0.1379325489209905;2.6136515406042977;0.6961261253513509;
189597344#0,71.54918015249581;11698.126265005509;0.15612051997581672;3.0422382525685094;0.39967578697349787;
189597344#2,59.376168229110206;0.0;0.0;0.0;0.0;
189597344#0,71.54918015249581;11698.126265005509;0.15612051997581672;3.0422382525685094;0.39967578697349787;
189597344#1,66.83593185556009;4908.9824407992255;0.08688902600493158;1.6847435062391785;0.4917771525290012;
189597344#1,66.83593185556009;4908.9824407992255;0.08688902600493158;1.6847435062391785;0.4917771525290012;
189597344#0,71.54918015249581;11698.126265005509;0.15612051997581672;3.0422382525685094;0.39967578697349787;
189597344#0,71.54918015249581;11698.126265005509;0.15612051997581672;3.0422382525685094;0.39967578697349787;
189597344#0,71.54918015249581;11698.126265005509;0.15612051997581672;3.0422382525685094;0.39967578697349787;
189597344#1,66.83593185556009;4908.9824407992255;0.08688902600493158;1.6847435062391785;0.4917771525290012;
-189597344#2,67.92925219250405;8232.701557364344;0.2244524372926144;2.59014139725147;0.5194055656140163;
-189597344#0,66.80613388032923;7731.541188759792;0.1379325489209905;2.6136515406042977;0.6961261253513509;
-189597344#0,66.80613388032923;7731.541188759792;0.1379325489209905;2.6136515406042977;0.6961261253513509;
-189597344#2,67.92925219250405;8232.701557364344;0.2244524372926144;2.59014139725147;0.5194055656140163;
189597344#1,66.83593185556009;4908.9824407992255;0.08688902600493158;1.6847435062391785;0.4917771525290012;
-189597344#0,64.81116222316479;4359.367442689986;0.004266001208668773;1.7171402941349292;0.6546953037252454;
189597344#0,70.68349199811065;9471.007141136059;0.08463264015586872;2.511218632828049;0.4252054034807665;
189597344#2,58.75149051498616;0.0;0.0;0.0;0.0;
189597344#0,70.68349199811065;9471.007141136059;0.08463264015586872;2.511218632828049;0.4252054034807665;
189597344#1,68.3584181823802;10800.061335164395;0.21578575351072365;3.6469658600781747;0.9713421740479555;
189597344#1,68.3584181823802;10800.061335164395;0.21578575351072365;3.6469658600781747;0.9713421740479555;
189597344#0,70.68349199811065;9471.007141136059;0.08463264015586872;2.511218632828049;0.4252054034807665;
189597344#0,70.68349199811065;9471.007141136059;0.08463264015586872;2.511218632828049;0.4252054034807665;
189597344#0,70.68349199811065;9471.007141136059;0.08463264015586872;2.511218632828049;0.4252054034807665;
189597344#1,68.3584181823802;10800.061335164395;0.21578575351072365;3.6469658600781747;0.9713421740479555;
-189597344#2,61.48610621024976;0.0;0.0;0.0;0.0;
-189597344#0,64.81116222316479;4359.367442689986;0.004266001208668773;1.7171402941349292;0.6546953037252454;
-189597344#0,64.81116222316479;4359.367442689986;0.004266001208668773;1.7171402941349292;0.6546953037252454;
-189597344#2,61.48610621024976;0.0;0.0;0.0;0.0;
189597344#1,68.3584181823802;10800.061335164395;0.21578575351072365;3.6469658600781747;0.9713421740479555;
-189597344#0,65.87193224418381;6216.933121401059;0.08161104827996053;2.2229964150751242;0.6795062713879977;
189597344#0,71.66926359050275;12880.536639695452;0.14654894167827054;3.5822795762636237;0.6021384153551469;
189597344#2,61.260676743282204;2005.196571232517;0.02573974243763326;0.7225708648296845;0.24220670075370637;
189597344#0,71.66926359050275;12880.536639695452;0.14654894167827054;3.5822795762636237;0.6021384153551469;
189597344#1,65.33318476619979;1524.2850044584648;0.005443638845151999;0.5883524868575053;0.24394090929097917;
189597344#1,65.33318476619979;1524.2850044584648;0.005443638845151999;0.5883524868575053;0.24394090929097917;
189597344#0,71.66926359050275;12880.536639695452;0.14654894167827054;3.5822795762636237;0.6021384153551469;
189597344#0,71.66926359050275;12880.536639695452;0.14654894167827054;3.5822795762636237;0.6021384153551469;
189597344#0,71.66926359050275;12880.536639695452;0.14654894167827054;3.5822795762636237;0.6021384153551469;
189597344#1,65.33318476619979;1524.2850044584648;0.005443638845151999;0.5883524868575053;0.24394090929097917;
-189597344#2,62.89187425658448;1655.9174373393107;0.008290689082507649;0.6264329585534604;0.20928937259786856;
-189597344#0,65.87193224418381;6216.933121401059;0.08161104827996053;2.2229964150751242;0.6795062713879977;
-189597344#0,65.87193224418381;6216.933121401059;0.08161104827996053;2.2229964150751242;0.6795062713879977;
-189597344#2,62.89187425658448;1655.9174373393107;0.008290689082507649;0.6264329585534604;0.20928937259786856;
189597344#1,65.33318476619979;1524.2850044584648;0.005443638845151999;0.5883524868575053;0.24394090929097917;
-189597344#0,63.988523295890545;0.0;0.0;0.0;0.0;
189597344#0,72.43076176968665;11568.96318492432;0.14903122468955204;3.048508556526823;0.42034275561316803;
189597344#2,64.2371446195203;3736.7684251018027;0.10202805399592335;1.2059973262088683;0.26779707730900515;
189597344#0,72.43076176968665;11568.96318492432;0.14903122468955204;3.048508556526823;0.42034275561316803;
189597344#1,65.9605976113039;3560.6360624725385;0.028102852075410814;1.3195021740039947;0.43896520024379526;
189597344#1,65.9605976113039;3560.6360624725385;0.028102852075410814;1.3195021740039947;0.43896520024379526;
189597344#0,72.43076176968665;11568.96318492432;0.14903122468955204;3.048508556526823;0.42034275561316803;
189597344#0,72.43076176968665;11568.96318492432;0.14903122468955204;3.048508556526823;0.42034275561316803;
189597344#0,72.43076176968665;11568.96318492432;0.14903122468955204;3.048508556526823;0.42034275561316803;
189597344#1,65.9605976113039;3560.6360624725385;0.028102852075410814;1.3195021740039947;0.43896520024379526;
-189597344#2,63.043607066537106;1606.5852025269735;0.00890745288485082;0.6117533538956182;0.24215493340154015;
-189597344#0,63.988523295890545;0.0;0.0;0.0;0.0;
-189597344#0,63.988523295890545;0.0;0.0;0.0;0.0;
-189597344#2,63.043607066537106;1606.5852025269735;0.00890745288485082;0.6117533538956182;0.24215493340154015;
189597344#1,65.9605976113039;3560.6360624725385;0.028102852075410814;1.3195021740039947;0.43896520024379526;
-189597344#0,64.19451572453508;1653.1684010922427;0.006403385914741391;0.6261634309931167;0.1843960621777932;
189597344#0,72.36121363706357;17220.622522925136;0.2787414701529595;5.006748164740937;0.9022285857369239;
189597344#2,58.3484080978387;0.0;0.0;0.0;0.0;
189597344#0,72.36121363706357;17220.622522925136;0.2787414701529595;5.006748164740937;0.9022285857369239;
189597344#1,67.55160672573973;8578.516413727752;0.12361784581031478;3.0445605006208307;0.9376564394282693;
189597344#1,67.55160672573973;8578.516413727752;0.12361784581031478;3.0445605006208307;0.9376564394282693;
189597344#0,72.36121363706357;17220.622522925136;0.2787414701529595;5.006748164740937;0.9022285857369239;
189597344#0,72.36121363706357;17220.622522925136;0.2787414701529595;5.006748164740937;0.9022285857369239;
189597344#0,72.36121363706357;17220.622522925136;0.2787414701529595;5.006748164740937;0.9022285857369239;
189597344#1,67.55160672573973;8578.516413727752;0.12361784581031478;3.0445605006208307;0.9376564394282693;
-189597344#2,65.13490336751242;4948.214584671351;0.0930297732838082;1.7138033696372643;0.4754030963816792;
-189597344#0,64.19451572453508;1653.1684010922427;0.006403385914741391;0.6261634309931167;0.1843960621777932;
-189597344#0,64.19451572453508;1653.1684010922427;0.006403385914741391;0.6261634309931167;0.1843960621777932;
-189597344#2,65.13490336751242;4948.214584671351;0.0930297732838082;1.7138033696372643;0.4754030963816792;
189597344#1,67.55160672573973;8578.516413727752;0.12361784581031478;3.0445605006208307;0.9376564394282693;
-189597344#0,65.82922926856195;6162.78893606599;0.07948179842183839;2.210152900997877;0.6741613587243827;
189597344#0,70.96082841865451;13674.11162812239;0.14349282982218425;4.097920841511878;0.87277686364824;
28662749,61.62358220877702;2224.243000020842;0.035369256033767;0.7835424534582881;0.24584373212908336;
189597344#0,70.96082841865451;13674.11162812239;0.14349282982218425;4.097920841511878;0.87277686364824;
189597344#1,68.01598663823776;8227.864902256279;0.16457098872442377;2.7674906851895114;0.7122194352026683;
189597344#1,68.01598663823776;8227.864902256279;0.16457098872442377;2.7674906851895114;0.7122194352026683;
189597344#0,70.96082841865451;13674.11162812239;0.14349282982218425;4.097920841511878;0.87277686364824;
189597344#0,70.96082841865451;13674.11162812239;0.14349282982218425;4.097920841511878;0.87277686364824;
189597344#0,70.96082841865451;13674.11162812239;0.14349282982218425;4.097920841511878;0.87277686364824;
189597344#1,68.01598663823776;8227.864902256279;0.16457098872442377;2.7674906851895114;0.7122194352026683;
-189597344#2,63.311271769414155;1921.8925424598308;0.018114471356227433;0.6951328907702858;0.2116497599009255;
-189597344#0,65.82922926856195;6162.78893606599;0.07948179842183839;2.210152900997877;0.6741613587243827;
-189597344#0,65.82922926856195;6162.78893606599;0.07948179842183839;2.210152900997877;0.6741613587243827;
-189597344#2,63.311271769414155;1921.8925424598308;0.018114471356227433;0.6951328907702858;0.2116497599009255;
189597344#1,68.01598663823776;8227.864902256279;0.16457098872442377;2.7674906851895114;0.7122194352026683;
-189597344#0,66.3241377938576;6870.499064299315;0.11067285439533257;2.4073124402585404;0.6858283365508508;
189597344#0,71.52860255414116;15379.288711027692;0.2119181944329177;4.564749279541716;0.9068712073455526;
28662749,70.8156295074545;7202.043140583515;0.26041710656724876;2.190215745713554;0.3206508512096004;
189597344#0,71.52860255414116;15379.288711027692;0.2119181944329177;4.564749279541716;0.9068712073455526;
189597344#1,67.0560347808958;5446.994014550097;0.11505427762263015;1.8481577004157859;0.5014076870370923;
189597344#1,67.0560347808958;5446.994014550097;0.11505427762263015;1.8481577004157859;0.5014076870370923;
189597344#0,71.52860255414116;15379.288711027692;0.2119181944329177;4.564749279541716;0.9068712073455526;
189597344#0,71.52860255414116;15379.288711027692;0.2119181944329177;4.564749279541716;0.9068712073455526;
189597344#0,71.52860255414116;15379.288711027692;0.2119181944329177;4.564749279541716;0.9068712073455526;
189597344#1,67.0560347808958;5446.994014550097;0.11505427762263015;1.8481577004157859;0.5014076870370923;
-189597344#2,63.97288788805668;3887.47913593495;0.044203445895769564;1.410886229204205;0.4607388125245746;
-189597344#0,66.3241377938576;6870.499064299315;0.11067285439533257;2.4073124402585404;0.6858283365508508;
-189597344#0,66.3241377938576;6870.499064299315;0.11067285439533257;2.4073124402585404;0.6858283365508508;
-189597344#2,63.97288788805668;3887.47913593495;0.044203445895769564;1.410886229204205;0.4607388125245746;
189597344#1,67.0560347808958;5446.994014550097;0.11505427762263015;1.8481577004157859;0.5014076870370923;
-189597344#0,65.29241133383516;2821.2025376481824;0.04420290734065634;0.9088256089272166;0.19748516191401408;
189597344#0,70.70261701877844;8917.914001001142;0.1391600500411629;2.3378345122389126;0.28088542852370635;
28662749,67.35431450026438;5435.474372008994;0.185291970555704;1.702584022639174;0.3027061266782242;
189597344#0,70.70261701877844;8917.914001001142;0.1391600500411629;2.3378345122389126;0.28088542852370635;
189597344#1,66.34909791122818;5457.461811418195;0.052293637165369514;2.0154072291505902;0.6918816555239233;
189597344#1,66.34909791122818;5457.461811418195;0.052293637165369514;2.0154072291505902;0.6918816555239233;
189597344#0,70.70261701877844;8917.914001001142;0.1391600500411629;2.3378345122389126;0.28088542852370635;
189597344#0,70.70261701877844;8917.914001001142;0.1391600500411629;2.3378345122389126;0.28088542852370635;
189597344#0,70.70261701877844;8917.914001001142;0.1391600500411629;2.3378345122389126;0.28088542852370635;
189597344#1,66.34909791122818;5457.461811418195;0.052293637165369514;2.0154072291505902;0.6918816555239233;
-189597344#2,63.881292323956735;3721.065023398128;0.03911975231770814;1.3711288324825188;0.45953681835550375;
-189597344#0,65.29241133383516;2821.2025376481824;0.04420290734065634;0.9088256089272166;0.19748516191401408;
-189597344#0,65.29241133383516;2821.2025376481824;0.04420290734065634;0.9088256089272166;0.19748516191401408;
-189597344#2,63.881292323956735;3721.065023398128;0.03911975231770814;1.3711288324825188;0.45953681835550375;
189597344#1,66.34909791122818;5457.461811418195;0.052293637165369514;2.0154072291505902;0.6918816555239233;
-189597344#0,63.11499604018799;3196.2706371286968;0.01154933293753344;1.217817329077325;0.4235889704948256;
189597344#0,71.40763920922261;15757.082031841128;0.2243877822201632;4.659785265128693;0.9286482146211668;
28662749,68.28256168940185;5958.939713903299;0.2146204240419907;1.8653290693303175;0.3167928529885232;
189597344#0,71.40763920922261;15757.082031841128;0.2243877822201632;4.659785265128693;0.9286482146211668;
189597344#1,67.73156113953988;9246.7267558197;0.1435950198665779;3.2022139085737016;0.945914611673593;
189597344#1,67.73156113953988;9246.7267558197;0.1435950198665779;3.2022139085737016;0.945914611673593;
189597344#0,71.40763920922261;15757.082031841128;0.2243877822201632;4.659785265128693;0.9286482146211668;
189597344#0,71.40763920922261;15757.082031841128;0.2243877822201632;4.659785265128693;0.9286482146211668;
189597344#0,71.40763920922261;15757.082031841128;0.2243877822201632;4.659785265128693;0.9286482146211668;
189597344#1,67.73156113953988;9246.7267558197;0.1435950198665779;3.2022139085737016;0.945914611673593;
-189597344#2,64.99377059114033;5024.387508396263;0.08849124688819213;1.7102034608626626;0.476593419854198;
-189597344#0,63.11499604018799;3196.2706371286968;0.01154933293753344;1.217817329077325;0.4235889704948256;
-189597344#2,64.99377059114033;5024.387508396263;0.08849124688819213;1.7102034608626626;0.476593419854198;
189597344#1,67.73156113953988;9246.7267558197;0.1435950198665779;3.2022139085737016;0.945914611673593;
-189597344#0,63.794775819754285;2972.1449759975026;0.06867752657893882;0.9930602353083728;0.25814147857774733;
189597344#0,71.04691723445688;13398.156739411279;0.21778306406135126;3.9642198482217665;0.7546841200029859;
28662749,69.28059521075836;6536.7994074360995;0.24840611798269352;2.048733244180385;0.33283347616663633;
189597344#0,71.04691723445688;13398.156739411279;0.21778306406135126;3.9642198482217665;0.7546841200029859;
189597344#1,65.32694601392396;0.0;0.0;0.0;0.0;
189597344#1,65.32694601392396;0.0;0.0;0.0;0.0;
189597344#0,71.04691723445688;13398.156739411279;0.21778306406135126;3.9642198482217665;0.7546841200029859;
189597344#0,71.04691723445688;13398.156739411279;0.21778306406135126;3.9642198482217665;0.7546841200029859;
189597344#0,71.04691723445688;13398.156739411279;0.21778306406135126;3.9642198482217665;0.7546841200029859;
189597344#1,65.32694601392396;0.0;0.0;0.0;0.0;
-189597344#2,61.93087855994514;0.0;0.0;0.0;0.0;
-189597344#0,63.794775819754285;2972.1449759975026;0.06867752657893882;0.9930602353083728;0.25814147857774733;
-189597344#2,61.93087855994514;0.0;0.0;0.0;0.0;
189597344#1,65.32694601392396;0.0;0.0;0.0;0.0;
-189597344#0,65.06596878246651;3647.2796531314107;0.07116573747399642;1.1096807480500572;0.20621765705530598;
189597344#0,71.09019602296739;11586.486620132444;0.18488592654543848;3.2374070509091424;0.5236069065815723;
28662749,69.43017068971142;6661.074139454585;0.26119825628150534;2.102057214091079;0.34259245462003424;
189597344#0,71.09019602296739;11586.486620132444;0.18488592654543848;3.2374070509091424;0.5236069065815723;
189597344#1,68.62323137420455;10636.870907220902;0.20615741468427584;3.5953831158434166;0.9650574097085327;
189597344#1,68.62323137420455;10636.870907220902;0.20615741468427584;3.5953831158434166;0.9650574097085327;
:9842732475_0,59.66256945149145;1724.565768128393;0.008735061931941117;0.6433760297680575;0.1857535930719222;
189597344#0,71.09019602296739;11586.486620132444;0.18488592654543848;3.2374070509091424;0.5236069065815723;
189597344#0,71.09019602296739;11586.486620132444;0.18488592654543848;3.2374070509091424;0.5236069065815723;
189597344#1,68.62323137420455;10636.870907220902;0.20615741468427584;3.5953831158434166;0.9650574097085327;
-189597344#2,66.28473416057172;6494.164812137411;0.15106926358494033;2.114319166527647;0.49628607769411986;
-189597344#0,65.06596878246651;3647.2796531314107;0.07116573747399642;1.1096807480500572;0.20621765705530598;
-189597344#2,66.28473416057172;6494.164812137411;0.15106926358494033;2.114319166527647;0.49628607769411986;
189597344#1,68.62323137420455;10636.870907220902;0.20615741468427584;3.5953831158434166;0.9650574097085327;
-189597344#0,62.39443565927157;1411.6654122706702;0.0;0.5676480421068127;0.18400597923050338;
189597344#0,69.25953529230176;11596.9532559951;0.1722485429757286;3.5910421182903147;0.7595267041492444;
28662749,69.59114534812747;6793.926536794038;0.274766413491651;2.1585986046230636;0.3526332867321609;
189597344#0,69.25953529230176;11596.9532559951;0.1722485429757286;3.5910421182903147;0.7595267041492444;
189597344#1,65.23442110161578;2814.511882185017;0.0631213374441115;0.9518462608441252;0.26047199576045993;
:30848481_0,63.63008943603626;3495.477143300051;0.07794173264367374;1.1052768553562977;0.2326294533578405;
:9842732475_0,60.313491566026286;2031.8314192276478;0.018662847304271167;0.7176488544784846;0.1893096822921707;
189597344#0,69.25953529230176;11596.9532559951;0.1722485429757286;3.5910421182903147;0.7595267041492444;
189597344#0,69.25953529230176;11596.9532559951;0.1722485429757286;3.5910421182903147;0.7595267041492444;
189597344#1,65.23442110161578;2814.511882185017;0.0631213374441115;0.9518462608441252;0.26047199576045993;
-189597344#2,62.80942543334086;1664.6912799095874;0.008803547427251267;0.6286690961930165;0.21172969969045566;
-189597344#0,62.39443565927157;1411.6654122706702;0.0;0.5676480421068127;0.18400597923050338;
-189597344#2,62.80942543334086;1664.6912799095874;0.008803547427251267;0.6286690961930165;0.21172969969045566;
189597344#1,65.23442110161578;2814.511882185017;0.0631213374441115;0.9518462608441252;0.26047199576045993;
-189597344#0,63.333573666057816;3466.6467381622533;0.02534401385973402;1.2999252514015538;0.4263850049472977;
189597344#0,68.4772239600994;8862.005470620597;0.05095687161395675;2.819513395476029;0.7288000923708868;
28662749,70.84392186308041;7562.966030489672;0.3227278196685335;2.4103152895803013;0.37380698658080225;
189597344#0,68.4772239600994;8862.005470620597;0.05095687161395675;2.819513395476029;0.7288000923708868;
189597344#1,67.11830466326674;7633.5804212067;0.14250380882806019;2.6039554801579445;0.739960622369348;
189597344#2,57.72746301500253;0.0;0.0;0.0;0.0;
:9842732475_0,60.427405893707856;2080.5069033018817;0.020332522410571242;0.7296121332599583;0.19045173865285792;
189597344#0,68.4772239600994;8862.005470620597;0.05095687161395675;2.819513395476029;0.7288000923708868;
189597344#0,68.4772239600994;8862.005470620597;0.05095687161395675;2.819513395476029;0.7288000923708868;
189597344#1,67.11830466326674;7633.5804212067;0.14250380882806019;2.6039554801579445;0.739960622369348;
-189597344#2,63.90781821402644;2665.8224527785464;0.056435743465049086;0.9099046757919672;0.2583538820189771;
-189597344#0,63.333573666057816;3466.6467381622533;0.02534401385973402;1.2999252514015538;0.4263850049472977;
-189597344#2,63.90781821402644;2665.8224527785464;0.056435743465049086;0.9099046757919672;0.2583538820189771;
189597344#1,67.11830466326674;7633.5804212067;0.14250380882806019;2.6039554801579445;0.739960622369348;
-189597344#0,63.11879831236068;2134.3270949471057;0.03144923856514223;0.7585481329993553;0.2445736602674365;
189597344#0,67.36261743344186;7014.372127085573;0.049095482290896365;2.214127781985857;0.5003211909640134;
28662749,67.07733812011166;5351.031417362763;0.21097795079483217;1.7496606206359564;0.34424125006325995;
189597344#0,67.36261743344186;7014.372127085573;0.049095482290896365;2.214127781985857;0.5003211909640134;
189597344#1,63.751206520204626;0.0;0.0;0.0;0.0;
189597344#2,60.94558969827926;2131.559674423078;0.026154624408553928;0.749723995244748;0.21548421223937378;
:9842732475_0,60.2723474523119;2002.2428145694369;0.0178805115170744;0.7107921725613686;0.1902293481137018;
189597344#0,67.36261743344186;7014.372127085573;0.049095482290896365;2.214127781985857;0.5003211909640134;
189597344#0,67.36261743344186;7014.372127085573;0.049095482290896365;2.214127781985857;0.5003211909640134;
189597344#1,63.751206520204626;0.0;0.0;0.0;0.0;
-189597344#2,64.25815471041552;2768.7063417537715;0.050494978852659474;0.9160685852580505;0.22435308181096575;
-189597344#0,63.11879831236068;2134.3270949471057;0.03144923856514223;0.7585481329993553;0.2445736602674365;
-189597344#2,64.25815471041552;2768.7063417537715;0.050494978852659474;0.9160685852580505;0.22435308181096575;
189597344#1,63.751206520204626;0.0;0.0;0.0;0.0;
-189597344#0,65.07180724117845;5277.857612572643;0.09803452789881956;1.7831154401029328;0.45021441635996995;
189597344#0,68.32777311531665;8146.25384967882;0.08970875627911507;2.4886590306539174;0.5413844225577469;
28662749,66.60903676343676;5055.5216595751845;0.1983113541392708;1.6663487038253963;0.34412874954400524;
189597344#0,68.32777311531665;8146.25384967882;0.08970875627911507;2.4886590306539174;0.5413844225577469;
189597344#1,67.61945140217104;8560.945996748986;0.18501230704969862;2.868329239739901;0.7521880878983915;
189597344#2,62.31803099448584;2838.3224619142607;0.05315298928414498;0.934261191883841;0.22524044690673095;
:9842732475_0,56.14531272413345;0.0;0.0;0.0;0.0;
189597344#0,68.32777311531665;8146.25384967882;0.08970875627911507;2.4886590306539174;0.5413844225577469;
189597344#0,68.32777311531665;8146.25384967882;0.08970875627911507;2.4886590306539174;0.5413844225577469;
189597344#1,67.61945140217104;8560.945996748986;0.18501230704969862;2.868329239739901;0.7521880878983915;
-189597344#2,62.63688036547236;1432.7775767268488;0.0012314384411492487;0.5629119037475345;0.24045099209823273;
-189597344#0,65.07180724117845;5277.857612572643;0.09803452789881956;1.7831154401029328;0.45021441635996995;
-189597344#2,62.63688036547236;1432.7775767268488;0.0012314384411492487;0.5629119037475345;0.24045099209823273;
189597344#1,67.61945140217104;8560.945996748986;0.18501230704969862;2.868329239739901;0.7521880878983915;
-189597344#0,61.62223386751467;0.0;0.0;0.0;0.0;
189597344#0,67.74176709874826;7026.373692294103;0.05273854850826254;2.2132952279732314;0.5453449731662061;
28662749,69.83581591940239;7078.791352256548;0.3142169035561079;2.3038205368561853;0.384945862554145;
189597344#0,67.74176709874826;7026.373692294103;0.05273854850826254;2.2132952279732314;0.5453449731662061;
189597344#1,65.18012381573755;2401.5939073550176;0.044898110023772475;0.835979297002791;0.25598618675783974;
189597344#2,59.140568098861166;0.0;0.0;0.0;0.0;
:9842732475_0,59.61363251569516;1712.4246607938671;0.008256084638813272;0.6404121023990514;0.1845040758169301;
189597344#0,67.74176709874826;7026.373692294103;0.05273854850826254;2.2132952279732314;0.5453449731662061;
189597344#0,67.74176709874826;7026.373692294103;0.05273854850826254;2.2132952279732314;0.5453449731662061;
189597344#1,65.18012381573755;2401.5939073550176;0.044898110023772475;0.835979297002791;0.25598618675783974;
-189597344#2,64.89024810659075;4938.161328353354;0.08581733990256393;1.6897295849720255;0.4756580746311635;
-189597344#0,61.62223386751467;0.0;0.0;0.0;0.0;
-189597344#2,64.89024810659075;4938.161328353354;0.08581733990256393;1.6897295849720255;0.4756580746311635;
189597344#1,65.18012381573755;2401.5939073550176;0.044898110023772475;0.835979297002791;0.25598618675783974;
-189597344#0,63.008047962765986;1838.3343966383873;0.012330219175176764;0.6707606588054372;0.18639136817045582;
189597344#0,70.82893283942897;12333.987454989767;0.170620177813052;3.6886114323357373;0.7866110835286428;
28662749,69.75763573808754;7067.900918209361;0.3206347803819802;2.3167747802470133;0.3926743005369135;
189597344#0,70.82893283942897;12333.987454989767;0.170620177813052;3.6886114323357373;0.7866110835286428;
189597344#1,66.29109788538167;5005.213381020625;0.0937492666219914;1.7176379142392852;0.500293387080001;
189597344#2,60.01577220947483;1608.6128896840207;0.006628032984247877;0.6141191696471606;0.21022616968326707;
:9842732475_0,59.613085697100644;1711.405001263702;0.0082295026189776;0.6401692867044096;0.18456792850293308;
189597344#0,70.82893283942897;12333.987454989767;0.170620177813052;3.6886114323357373;0.7866110835286428;
189597344#0,70.82893283942897;12333.987454989767;0.170620177813052;3.6886114323357373;0.7866110835286428;
189597344#1,66.29109788538167;5005.213381020625;0.0937492666219914;1.7176379142392852;0.500293387080001;
-189597344#2,62.944599031834905;2037.7843998882674;0.02832692151332203;0.7330318004481473;0.24977056807689033;
-189597344#0,63.008047962765986;1838.3343966383873;0.012330219175176764;0.6707606588054372;0.18639136817045582;
-189597344#2,62.944599031834905;2037.7843998882674;0.02832692151332203;0.7330318004481473;0.24977056807689033;
189597344#1,66.29109788538167;5005.213381020625;0.0937492666219914;1.7176379142392852;0.500293387080001;
-189597344#0,62.9014133332554;1716.0001012050416;0.008430419119524824;0.641297211725435;0.18529451696570098;
189597344#0,68.247063193042;10144.744475109126;0.11689757108723407;3.241739263074965;0.7767226251853068;
28662749,68.36487075806724;6203.366075675091;0.27704363304011487;2.0572890956741676;0.38431202754228283;
189597344#0,68.247063193042;10144.744475109126;0.11689757108723407;3.241739263074965;0.7767226251853068;
189597344#1,65.97711048948007;5043.319830260665;0.09219771665243837;1.7235821980293582;0.48327688050325307;
189597344#2,57.70387595415585;0.0;0.0;0.0;0.0;
:9842732475_0,58.56197098470403;0.0;0.0;0.0;0.0;
189597344#0,68.247063193042;10144.744475109126;0.11689757108723407;3.241739263074965;0.7767226251853068;
189597344#0,68.247063193042;10144.744475109126;0.11689757108723407;3.241739263074965;0.7767226251853068;
189597344#1,65.97711048948007;5043.319830260665;0.09219771665243837;1.7235821980293582;0.48327688050325307;
-189597344#1,60.95180362136273;1701.4847590250545;0.013288785859662202;0.6383585180727779;0.24518308351872573;
-189597344#0,62.9014133332554;1716.0001012050416;0.008430419119524824;0.641297211725435;0.18529451696570098;
-189597344#2,59.43049250974489;1301.2167184051;0.0;0.5348786836119653;0.20458436704170613;
189597344#1,65.97711048948007;5043.319830260665;0.09219771665243837;1.7235821980293582;0.48327688050325307;
-189597344#0,63.974183953956576;2723.8903781144622;0.057125883128673734;0.9224370527656461;0.2526146673019628;
189597344#0,68.26950748693206;7633.388989944745;0.07147999473425012;2.3651472751094254;0.5703986697829304;
28662749,68.620385699575;6384.265093862058;0.2925755130263944;2.1259746000220354;0.39388009845446315;
189597344#0,68.26950748693206;7633.388989944745;0.07147999473425012;2.3651472751094254;0.5703986697829304;
189597344#1,66.04876757303475;5973.055742926567;0.07587791431062231;2.159054333801384;0.7199600470483127;
189597344#2,61.162308496503364;2254.3556953140865;0.030594426591576615;0.7812619553390823;0.2160818852962748;
:9842732475_0,59.55883079846035;1692.4017529354448;0.00757247638458378;0.6355890995413005;0.1836832583301412;
189597344#0,68.26950748693206;7633.388989944745;0.07147999473425012;2.3651472751094254;0.5703986697829304;
189597344#0,68.26950748693206;7633.388989944745;0.07147999473425012;2.3651472751094254;0.5703986697829304;
189597344#1,66.04876757303475;5973.055742926567;0.07587791431062231;2.159054333801384;0.7199600470483127;
-189597344#1,62.061351036761806;2419.9690342849017;0.045617453257042084;0.8409818510014884;0.2557866562641959;
-189597344#0,63.974183953956576;2723.8903781144622;0.057125883128673734;0.9224370527656461;0.2526146673019628;
-189597344#2,64.38286939168842;3861.5706951782104;0.0917635996849501;1.2005764186547105;0.23678838906026625;
189597344#1,66.04876757303475;5973.055742926567;0.07587791431062231;2.159054333801384;0.7199600470483127;
-189597344#0,64.61469635380013;3255.8203780734034;0.05839108699444688;1.0144904895649351;0.2021518414995087;
189597344#0,67.76855187501697;4362.033071005883;0.04732118822812587;1.106305918321373;0.1267813163988311;
28662749,72.15364361317384;8716.569153842642;0.43903776682848905;2.8930078652180065;0.4452494250102619;
:9842732475_0,64.3162113769959;3230.596507945556;0.05726663950946608;1.0074938380684988;0.20107536175785623;
189597344#1,65.80106071110288;4220.335341529065;0.062020975841043324;1.5076754920729045;0.48711254139648763;
189597344#2,61.37807802190548;2360.1587742590114;0.03475836509798607;0.8090868660930446;0.2182857582791496;
:9842732475_0,64.3162113769959;3230.596507945556;0.05726663950946608;1.0074938380684988;0.20107536175785623;
189597344#0,67.76855187501697;4362.033071005883;0.04732118822812587;1.106305918321373;0.1267813163988311;
189597344#0,67.76855187501697;4362.033071005883;0.04732118822812587;1.106305918321373;0.1267813163988311;
189597344#1,65.80106071110288;4220.335341529065;0.062020975841043324;1.5076754920729045;0.48711254139648763;
-189597344#1,61.19556996873611;1851.861406578273;0.020143884019315998;0.6807763601805631;0.2482485608644196;
-189597344#0,64.61469635380013;3255.8203780734034;0.05839108699444688;1.0144904895649351;0.2021518414995087;
-189597344#2,58.900215588114776;0.0;0.0;0.0;0.0;
189597344#1,65.80106071110288;4220.335341529065;0.062020975841043324;1.5076754920729045;0.48711254139648763;
-189597344#0,64.03059281253876;4216.297260370701;0.055190066231613946;1.499184903814517;0.43645653845909244;
189597344#0,69.73173438788524;9508.931703872484;0.12322353432670821;2.8073615454339773;0.559157953438865;
28662749,68.7164882319067;6480.5530436968365;0.31118110150786676;2.18512899508594;0.41155904122090026;
:9842732475_0,64.17950213350198;4364.760036333893;0.06162170876007958;1.5415235463735457;0.43493820246240655;
189597344#1,65.1424680127547;2821.7348659757718;0.059677994746333334;0.946030994272627;0.2483923164298546;
189597344#2,58.47454059734517;0.0;0.0;0.0;0.0;
:9842732475_0,64.17950213350198;4364.760036333893;0.06162170876007958;1.5415235463735457;0.43493820246240655;
189597344#0,69.73173438788524;9508.931703872484;0.12322353432670821;2.8073615454339773;0.559157953438865;
189597344#0,69.73173438788524;9508.931703872484;0.12322353432670821;2.8073615454339773;0.559157953438865;
189597344#1,65.1424680127547;2821.7348659757718;0.059677994746333334;0.946030994272627;0.2483923164298546;
-189597344#1,60.97916731775025;1704.8093963983183;0.013535465250808138;0.6392926927170541;0.24620231829925943;
-189597344#0,64.03059281253876;4216.297260370701;0.055190066231613946;1.499184903814517;0.43645653845909244;
-189597344#2,59.551835035241815;1348.8530314264128;0.0;0.5468198984388387;0.20662691800582908;
189597344#1,65.1424680127547;2821.7348659757718;0.059677994746333334;0.946030994272627;0.2483923164298546;
-189597344#0,64.64974115274073;3481.463518666038;0.09098923910220334;1.135132814300808;0.2647734890375306;
189597344#0,67.33636827582278;8384.786228094681;0.11352063379560595;2.6379997893177762;0.5620555664380398;
28662749,69.71370168829064;7185.065139519417;0.3603796064424213;2.427858578897176;0.43184218915195943;
:9842732475_0,62.37823340209255;1431.802026646285;0.000844178299039107;0.5640170426309467;0.232348000584027;
189597344#1,65.39907098954386;4223.584144880042;0.06001761024993686;1.5031691217251506;0.48329306182998844;
189597344#2,64.1276137508581;3738.014132883408;0.08717803419656692;1.16862522523848;0.2355566605292043;
:9842732475_0,62.37823340209255;1431.802026646285;0.000844178299039107;0.5640170426309467;0.232348000584027;
189597344#0,67.33636827582278;8384.786228094681;0.11352063379560595;2.6379997893177762;0.5620555664380398;
189597344#0,67.33636827582278;8384.786228094681;0.11352063379560595;2.6379997893177762;0.5620555664380398;
189597344#1,65.39907098954386;4223.584144880042;0.06001761024993686;1.5031691217251506;0.48329306182998844;
-189597344#1,58.46541728502611;0.0;0.0;0.0;0.0;
-189597344#0,64.64974115274073;3481.463518666038;0.09098923910220334;1.135132814300808;0.2647734890375306;
-189597344#2,62.12067231942405;2738.0718825663607;0.049309463985616205;0.9080268467737339;0.22390507923701086;
189597344#1,65.39907098954386;4223.584144880042;0.06001761024993686;1.5031691217251506;0.48329306182998844;
-189597344#0,61.56692957253377;1455.5341584146809;0.0001032279199762072;0.5785841678139627;0.18254736863686874;
189597344#0,69.0968775009111;8170.098808636552;0.08328089768414776;2.500582027718425;0.559021436328714;
28662749,68.67580329224894;6471.103986686237;0.3214218046152867;2.2051489949553202;0.42477140508877614;
:9842732475_0,64.01582453130662;4203.4636922911905;0.04716827263862705;1.4728376422155798;0.43030525140792786;
189597344#1,65.4089257564203;4894.261639874826;0.030732061821616075;1.854200524382383;0.7012466601128213;
189597344#2,57.21718241653579;0.0;0.0;0.0;0.0;
:9842732475_0,64.01582453130662;4203.4636922911905;0.04716827263862705;1.4728376422155798;0.43030525140792786;
189597344#0,69.0968775009111;8170.098808636552;0.08328089768414776;2.500582027718425;0.559021436328714;
189597344#0,69.0968775009111;8170.098808636552;0.08328089768414776;2.500582027718425;0.559021436328714;
189597344#1,65.4089257564203;4894.261639874826;0.030732061821616075;1.854200524382383;0.7012466601128213;
-189597344#1,62.746612622039464;2854.0329102874994;0.06471922019489022;0.9626277036232658;0.2604646474567498;
-189597344#0,61.56692957253377;1455.5341584146809;0.0001032279199762072;0.5785841678139627;0.18254736863686874;
-189597344#2,57.04303268147101;0.0;0.0;0.0;0.0;
189597344#1,65.4089257564203;4894.261639874826;0.030732061821616075;1.854200524382383;0.7012466601128213;
-189597344#0,64.96474824225595;5057.183211776101;0.0776520080603681;1.6879441898652152;0.44272608086472076;
189597344#0,68.00314324530281;4503.936651214271;0.06387762429306688;1.1936508808606532;0.1532276215107976;
28662749,71.35689093542943;8384.977144077453;0.4502204483315624;2.8550739835238783;0.4700603946483968;
:9842732475_0,63.11375614412671;2267.8317622445775;0.03674870508074722;0.7948106332971194;0.2439478816596698;
189597344#1,67.65224919289602;8260.755187344086;0.17991540237162992;2.800407531459409;0.7505111438852975;
189597344#2,63.39389335082064;3379.6092530125457;0.07349477190305301;1.0749271805701348;0.231133268354392;
:9842732475_0,63.11375614412671;2267.8317622445775;0.03674870508074722;0.7948106332971194;0.2439478816596698;
189597344#0,68.00314324530281;4503.936651214271;0.06387762429306688;1.1936508808606532;0.1532276215107976;
189597344#0,68.00314324530281;4503.936651214271;0.06387762429306688;1.1936508808606532;0.1532276215107976;
189597344#1,67.65224919289602;8260.755187344086;0.17991540237162992;2.800407531459409;0.7505111438852975;
-189597344#1,60.747048416070875;1567.1791251298537;0.007254620405138454;0.6005927378870571;0.24292656795825646;
-189597344#0,64.96474824225595;5057.183211776101;0.0776520080603681;1.6879441898652152;0.44272608086472076;
-189597344#2,63.888701069689475;3622.370922466803;0.08261329450217733;1.1379925434612126;0.23380101075451545;
189597344#1,67.65224919289602;8260.755187344086;0.17991540237162992;2.800407531459409;0.7505111438852975;
-189597344#0,64.09166599727483;2976.7709653105135;0.06845190921396295;0.9934286826431915;0.2569289767601607;
189597344#0,68.92843582594175;7898.002932945359;0.08509140872601594;2.4625870250377435;0.5674388337825695;
28662749,68.64976165813243;6463.065902193622;0.33255719704598147;2.2267388786534474;0.439128186324982;
:9842732475_0,60.55135723401268;1570.939486674391;0.006831394276935001;0.6023316895410332;0.23472210291479972;
189597344#1,65.78009157270155;4029.9712788759985;0.044980809782553116;1.4444126782002062;0.4215329943361339;
189597344#2,58.94038152597253;0.0;0.0;0.0;0.0;
189597344#1,65.78009157270155;4029.9712788759985;0.044980809782553116;1.4444126782002062;0.4215329943361339;
189597344#0,68.92843582594175;7898.002932945359;0.08509140872601594;2.4625870250377435;0.5674388337825695;
189597344#0,68.92843582594175;7898.002932945359;0.08509140872601594;2.4625870250377435;0.5674388337825695;
189597344#1,65.78009157270155;4029.9712788759985;0.044980809782553116;1.4444126782002062;0.4215329943361339;
-189597344#1,59.91275103682249;0.0;0.0;0.0;0.0;
-189597344#0,64.09166599727483;2976.7709653105135;0.06845190921396295;0.9934286826431915;0.2569289767601607;
-189597344#2,58.6186896712259;0.0;0.0;0.0;0.0;
189597344#1,65.78009157270155;4029.9712788759985;0.044980809782553116;1.4444126782002062;0.4215329943361339;
-189597344#0,63.41387476531062;3542.8766403190402;0.028232150605248058;1.3192969183906222;0.4283218843214178;
189597344#0,70.49277239422605;11293.883433897716;0.14793700389710562;3.5504972243598436;0.5957838373871511;
28662749,70.74722323872395;8025.134806604423;0.4414535640405258;2.765812492553268;0.4778825924129133;
:9842732475_0,62.57352666029257;2807.7887490130092;0.06032250193827001;0.9448103969830326;0.25224891336801425;
189597344#1,67.3478784281395;7674.920861938917;0.1409927122894961;2.6150815372474208;0.6964113275504402;
189597344#2,59.54008034305844;1343.8297386491336;0.0;0.5455468964632209;0.20644855676048293;
189597344#1,67.3478784281395;7674.920861938917;0.1409927122894961;2.6150815372474208;0.6964113275504402;
189597344#0,70.49277239422605;11293.883433897716;0.14793700389710562;3.5504972243598436;0.5957838373871511;
189597344#0,70.49277239422605;11293.883433897716;0.14793700389710562;3.5504972243598436;0.5957838373871511;
189597344#1,67.3478784281395;7674.920861938917;0.1409927122894961;2.6150815372474208;0.6964113275504402;
-189597344#1,63.64566146057567;3380.3410687285686;0.088622277273002;1.1116264335827535;0.2685470460475577;
-189597344#0,63.41387476531062;3542.8766403190402;0.028232150605248058;1.3192969183906222;0.4283218843214178;
189597344#0,70.49277239422605;11293.883433897716;0.14793700389710562;3.5504972243598436;0.5957838373871511;
-189597344#2,61.890645897860935;2620.042876743604;0.044813753486560984;0.8772155659067812;0.22240854191923753;
189597344#1,67.3478784281395;7674.920861938917;0.1409927122894961;2.6150815372474208;0.6964113275504402;
-189597344#0,64.43626228163411;4610.664743687711;0.0639584521199486;1.5813648661809339;0.4408704778502574;
189597344#0,70.3978565825634;9094.951351579972;0.07210926000330597;2.3966202365963194;0.3864278016974177;
28662749,72.40033578136035;9270.384690424866;0.5343962620475223;3.209180035408738;0.5129178513586966;
:9842732475_0,58.63005699414587;0.0;0.0;0.0;0.0;
189597344#1,67.74980644432705;8141.7068464579315;0.16133732126571587;2.751376414700668;0.6872614369565035;
189597344#2,58.47116848041794;0.0;0.0;0.0;0.0;
189597344#1,67.74980644432705;8141.7068464579315;0.16133732126571587;2.751376414700668;0.6872614369565035;
189597344#0,70.3978565825634;9094.951351579972;0.07210926000330597;2.3966202365963194;0.3864278016974177;
189597344#0,70.3978565825634;9094.951351579972;0.07210926000330597;2.3966202365963194;0.3864278016974177;
189597344#1,67.74980644432705;8141.7068464579315;0.16133732126571587;2.751376414700668;0.6872614369565035;
-189597344#1,58.614613527109576;0.0;0.0;0.0;0.0;
-189597344#0,64.43626228163411;4610.664743687711;0.0639584521199486;1.5813648661809339;0.4408704778502574;
189597344#0,70.3978565825634;9094.951351579972;0.07210926000330597;2.3966202365963194;0.3864278016974177;
-189597344#2,60.556835485057604;1901.6272447264676;0.017762735100643235;0.6903562115592273;0.21455009666794964;
189597344#1,67.74980644432705;8141.7068464579315;0.16133732126571587;2.751376414700668;0.6872614369565035;
-189597344#0,60.67248529952538;0.0;0.0;0.0;0.0;
189597344#0,70.26302924550801;11400.52330666631;0.10598301212442461;3.2324724132938973;0.6043393808915072;
28662749,70.00424693227258;7525.598992999687;0.4239726252483911;2.629160303365194;0.4849428189295441;
:9842732475_0,61.834907102896096;2380.2480685419187;0.041564764103303016;0.8258492810913161;0.2453680053248375;
189597344#1,66.18533985798649;5223.945053206315;0.10702217859222178;1.7894456710938484;0.5048335153273502;
189597344#2,66.16659025895426;6097.097584369512;0.12558425516507973;1.9839616924137167;0.47254626758810436;
189597344#1,66.18533985798649;5223.945053206315;0.10702217859222178;1.7894456710938484;0.5048335153273502;
189597344#0,70.26302924550801;11400.52330666631;0.10598301212442461;3.2324724132938973;0.6043393808915072;
189597344#0,70.26302924550801;11400.52330666631;0.10598301212442461;3.2324724132938973;0.6043393808915072;
189597344#1,66.18533985798649;5223.945053206315;0.10702217859222178;1.7894456710938484;0.5048335153273502;
-189597344#1,64.14903910466215;3669.776286635634;0.10164123217738683;1.1933198848293507;0.2725509541360083;
-189597344#0,60.67248529952538;0.0;0.0;0.0;0.0;
189597344#0,70.26302924550801;11400.52330666631;0.10598301212442461;3.2324724132938973;0.6043393808915072;
-189597344#2,57.654593612895454;0.0;0.0;0.0;0.0;
189597344#2,66.16659025895426;6097.097584369512;0.12558425516507973;1.9839616924137167;0.47254626758810436;
189597344#0,69.6727697687354;8983.569081862239;0.07930884552026578;2.4565078192177485;0.4085651333410666;
28662749,72.15679822584404;9196.84521996454;0.5481294580113864;3.223369928564763;0.5290843693102432;
:9842732475_0,61.26497934194194;2024.0722702109874;0.026349391445953392;0.7275521365078989;0.24116971110472019;
189597344#1,66.42637374062345;5380.55804184665;0.08499621944098679;1.7575932389360376;0.4409801558024354;
189597344#2,62.53083192229965;1837.0241496644867;0.01735835158226573;0.6751738941114606;0.23100043602087703;
189597344#1,66.42637374062345;5380.55804184665;0.08499621944098679;1.7575932389360376;0.4409801558024354;
189597344#0,69.6727697687354;8983.569081862239;0.07930884552026578;2.4565078192177485;0.4085651333410666;
189597344#0,69.6727697687354;8983.569081862239;0.07930884552026578;2.4565078192177485;0.4085651333410666;
189597344#1,66.42637374062345;5380.55804184665;0.08499621944098679;1.7575932389360376;0.4409801558024354;
-189597344#1,60.57110045672648;1428.706509408652;0.0011149476210979385;0.5615168332048217;0.24186407219577047;
-189597344#0,62.23588804654987;2912.738766003801;0.0470795900541281;0.930769343861602;0.19813181259737256;
189597344#0,69.6727697687354;8983.569081862239;0.07930884552026578;2.4565078192177485;0.4085651333410666;
-189597344#2,60.27331517649432;1769.3862805806386;0.012544356416868479;0.6557999426703894;0.2108369654081631;
189597344#2,62.53083192229965;1837.0241496644867;0.01735835158226573;0.6751738941114606;0.23100043602087703;
189597344#0,70.69314602660258;12473.238525984716;0.14240607245151965;3.5153015275815926;0.636344103661038;
28662749,68.74131276541223;6519.768135508752;0.3669557761992239;2.306988890114898;0.4787068539297134;
:9842732475_0,61.97612383051216;2451.7640112621475;0.04498018218540452;0.8462415473123799;0.24772682420157982;
189597344#1,65.24620952807405;3049.6789231396515;0.07363986749347987;1.018072891943677;0.26362887263406515;
189597344#2,63.729510930795;3785.6264581614887;0.03617657322236604;1.3759843758852435;0.44409113975914793;
189597344#1,65.24620952807405;3049.6789231396515;0.07363986749347987;1.018072891943677;0.26362887263406515;
189597344#0,70.69314602660258;12473.238525984716;0.14240607245151965;3.5153015275815926;0.636344103661038;
189597344#0,70.69314602660258;12473.238525984716;0.14240607245151965;3.5153015275815926;0.636344103661038;
189597344#1,65.24620952807405;3049.6789231396515;0.07363986749347987;1.018072891943677;0.26362887263406515;
-189597344#1,62.389955645626536;2619.956844426411;0.05477139026046973;0.8977238825145595;0.2591457023654825;
-189597344#0,57.76583264444672;0.0;0.0;0.0;0.0;
189597344#0,70.69314602660258;12473.238525984716;0.14240607245151965;3.5153015275815926;0.636344103661038;
-189597344#2,61.81617974852908;2585.484160081545;0.04334547189516749;0.8678573329665792;0.22138301588302095;
189597344#2,63.729510930795;3785.6264581614887;0.03617657322236604;1.3759843758852435;0.44409113975914793;
189597344#0,70.49760077697727;10554.617969742296;0.13131977540801623;2.8791528746189146;0.4377188778359004;
28662749,71.13343859669585;8475.740238430706;0.5123001896573418;3.0029867857500996;0.52838793998019;
189597344#1,66.86593811401713;7423.9962091513735;0.06661729400260202;2.704478118032373;0.9082500832057963;
189597344#1,66.86593811401713;7423.9962091513735;0.06661729400260202;2.704478118032373;0.9082500832057963;
189597344#2,62.7073610873702;2160.428733092765;0.027326334771206467;0.7573686631133756;0.21631833132138817;
189597344#1,66.86593811401713;7423.9962091513735;0.06661729400260202;2.704478118032373;0.9082500832057963;
189597344#0,70.49760077697727;10554.617969742296;0.13131977540801623;2.8791528746189146;0.4377188778359004;
189597344#0,70.49760077697727;10554.617969742296;0.13131977540801623;2.8791528746189146;0.4377188778359004;
189597344#1,66.86593811401713;7423.9962091513735;0.06661729400260202;2.704478118032373;0.9082500832057963;
-189597344#1,59.33315937039534;0.0;0.0;0.0;0.0;
-189597344#0,60.356479991782514;2056.7409205177496;0.01937770033540578;0.7235063084024004;0.18898032452617453;
189597344#0,70.49760077697727;10554.617969742296;0.13131977540801623;2.8791528746189146;0.4377188778359004;
-189597344#2,60.809442389420056;2045.1847479827125;0.0231227253298224;0.7276383719338865;0.21578729077667674;
189597344#2,62.7073610873702;2160.428733092765;0.027326334771206467;0.7573686631133756;0.21631833132138817;
189597344#0,69.95684208230512;10984.856128215164;0.15942080153908833;3.043377058852281;0.46724427776926136;
28662749,71.24093027296976;8591.190330817637;0.5288758534445401;3.060131005784247;0.53929895914379;
189597344#1,64.83465346641746;0.0;0.0;0.0;0.0;
189597344#1,64.83465346641746;0.0;0.0;0.0;0.0;
189597344#2,65.25033108656282;5459.0468851279775;0.1040165047605697;1.8259711869607544;0.4653155606128152;
189597344#1,64.83465346641746;0.0;0.0;0.0;0.0;
189597344#0,69.95684208230512;10984.856128215164;0.15942080153908833;3.043377058852281;0.46724427776926136;
189597344#0,69.95684208230512;10984.856128215164;0.15942080153908833;3.043377058852281;0.46724427776926136;
189597344#1,64.83465346641746;0.0;0.0;0.0;0.0;
-189597344#1,62.42318952153788;2645.2847238901954;0.05576682764785733;0.904600345920791;0.25897193112982964;
-189597344#0,58.080400346396075;0.0;0.0;0.0;0.0;
189597344#0,69.95684208230512;10984.856128215164;0.15942080153908833;3.043377058852281;0.46724427776926136;
-189597344#2,57.649114888106034;0.0;0.0;0.0;0.0;
189597344#2,65.25033108656282;5459.0468851279775;0.1040165047605697;1.8259711869607544;0.4653155606128152;
189597344#0,70.77157629639967;12228.221320814704;0.13949234375773367;3.515424723339547;0.6672453117776399;
28662749,71.21108499557491;8594.505641515709;0.5373055709859926;3.0775394836034122;0.5476676098491773;
189597344#1,69.17503670376439;12652.144173171924;0.28479414082419846;4.1282194583777505;0.9753927674082818;
189597344#1,69.17503670376439;12652.144173171924;0.28479414082419846;4.1282194583777505;0.9753927674082818;
189597344#2,62.23903459166688;1825.492662162269;0.01678507514964088;0.6719755861130563;0.23004846860978784;
189597344#1,69.17503670376439;12652.144173171924;0.28479414082419846;4.1282194583777505;0.9753927674082818;
189597344#0,70.77157629639967;12228.221320814704;0.13949234375773367;3.515424723339547;0.6672453117776399;
189597344#0,70.77157629639967;12228.221320814704;0.13949234375773367;3.515424723339547;0.6672453117776399;
189597344#1,69.17503670376439;12652.144173171924;0.28479414082419846;4.1282194583777505;0.9753927674082818;
-189597344#1,61.28646237090276;1910.1556685222092;0.022791347338443534;0.6972468968364262;0.24924920637607006;
-189597344#0,60.761765436002875;2248.121851322025;0.025461948064852073;0.7695691812808566;0.19058100112567258;
189597344#0,70.77157629639967;12228.221320814704;0.13949234375773367;3.515424723339547;0.6672453117776399;
-189597344#2,59.603633535220126;1400.8991415024218;0.0;0.5605937734150487;0.20579198311314098;
189597344#2,62.23903459166688;1825.492662162269;0.01678507514964088;0.6719755861130563;0.23004846860978784;
189597344#0,69.32209772624846;9979.533881000221;0.13142027772138476;2.8477308667102426;0.46680462866924255;
28662749,69.25951713457118;6930.178561452036;0.41997587337252545;2.4959403799622457;0.5166224864489246;
189597344#1,65.83641341453688;3177.411368445997;0.014940374313774873;1.214405814383179;0.4675580742133199;
189597344#1,65.83641341453688;3177.411368445997;0.014940374313774873;1.214405814383179;0.4675580742133199;
189597344#2,64.48552907801175;3095.844207254198;0.06239778201159231;1.0001059580108824;0.2267993820249439;
189597344#1,65.83641341453688;3177.411368445997;0.014940374313774873;1.214405814383179;0.4675580742133199;
189597344#0,69.32209772624846;9979.533881000221;0.13142027772138476;2.8477308667102426;0.46680462866924255;
189597344#0,69.32209772624846;9979.533881000221;0.13142027772138476;2.8477308667102426;0.46680462866924255;
189597344#1,65.83641341453688;3177.411368445997;0.014940374313774873;1.214405814383179;0.4675580742133199;
-189597344#1,58.73440217095727;0.0;0.0;0.0;0.0;
-189597344#0,59.60999274751779;1700.6215833153483;0.007955742061129832;0.6375969107854118;0.18536199195123979;
189597344#0,69.32209772624846;9979.533881000221;0.13142027772138476;2.8477308667102426;0.46680462866924255;
-189597344#2,62.74326285218837;3059.3052028767916;0.061066782496108765;0.990721758970204;0.22650083365011273;
189597344#2,64.48552907801175;3095.844207254198;0.06239778201159231;1.0001059580108824;0.2267993820249439;
189597344#0,71.90561890410991;11802.843194824576;0.18519863627781902;3.2538848267053133;0.506267417564528;
28662749,71.02158305326151;8474.28820967149;0.542028993671899;3.0612803391379617;0.5589536140411623;
189597344#1,66.48149976823818;5323.330529173156;0.037929305847768546;1.9492080079058165;0.65623932995272;
189597344#1,66.48149976823818;5323.330529173156;0.037929305847768546;1.9492080079058165;0.65623932995272;
189597344#2,65.29029209424682;5409.791225442295;0.10331833920006164;1.8164872703996526;0.46591394024654365;
189597344#1,66.48149976823818;5323.330529173156;0.037929305847768546;1.9492080079058165;0.65623932995272;
189597344#0,71.90561890410991;11802.843194824576;0.18519863627781902;3.2538848267053133;0.506267417564528;
189597344#0,71.90561890410991;11802.843194824576;0.18519863627781902;3.2538848267053133;0.506267417564528;
189597344#1,66.48149976823818;5323.330529173156;0.037929305847768546;1.9492080079058165;0.65623932995272;
-189597344#1,64.30118992978412;3753.6520006882715;0.10580759308561234;1.2179204949452336;0.2745535769426714;
-189597344#0,61.28340295880384;2480.4617922627053;0.033223455051097826;0.8263927189674947;0.19423128880644844;
189597344#0,71.90561890410991;11802.843194824576;0.18519863627781902;3.2538848267053133;0.506267417564528;
-189597344#2,60.281433708431045;1759.7264752585859;0.012300262865887047;0.6533589531482968;0.2119020543750917;
189597344#2,65.29029209424682;5409.791225442295;0.10331833920006164;1.8164872703996526;0.46591394024654365;
189597344#0,68.99697446725128;8604.957664994996;0.08418872479509629;2.498063740883302;0.48777688911383865;
28662749,71.35263448957572;8779.328158627082;0.5730864807811831;3.186484511412548;0.5740583825511761;
189597344#1,66.76285982106836;3465.125944691975;0.0926216052290841;1.135979921755113;0.270165181789949;
189597344#1,66.76285982106836;3465.125944691975;0.0926216052290841;1.135979921755113;0.270165181789949;
189597344#2,61.074619382191145;0.0;0.0;0.0;0.0;
189597344#1,66.76285982106836;3465.125944691975;0.0926216052290841;1.135979921755113;0.270165181789949;
189597344#0,68.99697446725128;8604.957664994996;0.08418872479509629;2.498063740883302;0.48777688911383865;
189597344#0,68.99697446725128;8604.957664994996;0.08418872479509629;2.498063740883302;0.48777688911383865;
189597344#1,66.76285982106836;3465.125944691975;0.0926216052290841;1.135979921755113;0.270165181789949;
-189597344#1,59.06441519763101;0.0;0.0;0.0;0.0;
-189597344#0,57.34072744655984;0.0;0.0;0.0;0.0;
189597344#0,68.99697446725128;8604.957664994996;0.08418872479509629;2.498063740883302;0.48777688911383865;
-189597344#2,59.16031624600486;0.0;0.0;0.0;0.0;
189597344#2,61.074619382191145;0.0;0.0;0.0;0.0;
189597344#0,66.58824576816924;4761.518420335741;0.01926073763298648;1.4199934195501958;0.2770671999463681;
28662749,72.62657681474155;9907.28221357889;0.6695903575957844;3.614554751882548;0.6097334966752717;
189597344#1,68.7303932772709;11402.705607460495;0.23372361315531034;3.7913010029982863;0.9610412309967408;
189597344#1,68.7303932772709;11402.705607460495;0.23372361315531034;3.7913010029982863;0.9610412309967408;
189597344#2,64.4987415459881;3128.0563907773612;0.06364819730544878;1.0085720637691284;0.2272809020684376;
189597344#1,68.7303932772709;11402.705607460495;0.23372361315531034;3.7913010029982863;0.9610412309967408;
189597344#0,66.58824576816924;4761.518420335741;0.01926073763298648;1.4199934195501958;0.2770671999463681;
189597344#0,66.58824576816924;4761.518420335741;0.01926073763298648;1.4199934195501958;0.2770671999463681;
189597344#1,68.7303932772709;11402.705607460495;0.23372361315531034;3.7913010029982863;0.9610412309967408;
-189597344#1,63.46481098765453;3269.462671978895;0.08403214064017589;1.081214109395289;0.2680338790733801;
-189597344#0,59.0686749145156;1443.9345594496328;0.0;0.5758655285467259;0.18201327004195822;
189597344#0,66.58824576816924;4761.518420335741;0.01926073763298648;1.4199934195501958;0.2770671999463681;
-189597344#2,61.14546745446784;2233.781360263276;0.03008814855435389;0.7764267167761358;0.217194244981508;
189597344#2,64.4987415459881;3128.0563907773612;0.06364819730544878;1.0085720637691284;0.2272809020684376;
189597344#0,69.34389491681642;11876.356613251572;0.1553410754938323;3.5755005645520352;0.7097321909518743;
28662749,71.40945851091986;8872.884943449666;0.597623701188046;3.253468079103902;0.5937068191723572;
189597344#1,64.29909701964448;0.0;0.0;0.0;0.0;
189597344#1,64.29909701964448;0.0;0.0;0.0;0.0;
189597344#2,64.08310370728532;4007.8022679164014;0.045812947473756596;1.4311041285757748;0.44549375139661107;
189597344#1,64.29909701964448;0.0;0.0;0.0;0.0;
189597344#0,69.34389491681642;11876.356613251572;0.1553410754938323;3.5755005645520352;0.7097321909518743;
189597344#0,69.34389491681642;11876.356613251572;0.1553410754938323;3.5755005645520352;0.7097321909518743;
189597344#1,64.29909701964448;0.0;0.0;0.0;0.0;
-189597344#1,59.41988150073779;0.0;0.0;0.0;0.0;
-189597344#0,59.40884393681286;1612.8261166027132;0.005090221088466707;0.6164733216272313;0.18354739343954216;
189597344#0,69.34389491681642;11876.356613251572;0.1553410754938323;3.5755005645520352;0.7097321909518743;
-189597344#2,60.91123091977706;2101.8781707307876;0.0252390461297481;0.7423508247870606;0.21630998910065335;
189597344#2,64.08310370728532;4007.8022679164014;0.045812947473756596;1.4311041285757748;0.44549375139661107;
189597344#0,69.08547796153707;6077.387170748996;0.03933009760130382;1.6485919480140154;0.27570410427793846;
28662749,73.32268934131316;10602.754031428776;0.7449906158657695;3.909523591828698;0.6450663817431767;
189597344#1,68.87398624393329;9800.355630162201;0.23424330130101223;3.2068651613192154;0.7300463930035337;
189597344#1,68.87398624393329;9800.355630162201;0.23424330130101223;3.2068651613192154;0.7300463930035337;
189597344#2,63.934200421325286;3956.3063442413195;0.04492642984701268;1.4277196093736078;0.44661595595129666;
189597344#1,68.87398624393329;9800.355630162201;0.23424330130101223;3.2068651613192154;0.7300463930035337;
189597344#0,69.08547796153707;6077.387170748996;0.03933009760130382;1.6485919480140154;0.27570410427793846;
189597344#0,69.08547796153707;6077.387170748996;0.03933009760130382;1.6485919480140154;0.27570410427793846;
189597344#1,68.87398624393329;9800.355630162201;0.23424330130101223;3.2068651613192154;0.7300463930035337;
-189597344#1,60.23765553598778;0.0;0.0;0.0;0.0;
-189597344#0,61.33438538271923;2508.9086403336755;0.033908600071194714;0.8326969710535007;0.1935357933218913;
189597344#0,69.08547796153707;6077.387170748996;0.03933009760130382;1.6485919480140154;0.27570410427793846;
-189597344#2,60.46887523154644;1855.7491114967256;0.01599673860160197;0.678379535560756;0.21375010485885843;
189597344#2,63.934200421325286;3956.3063442413195;0.04492642984701268;1.4277196093736078;0.44661595595129666;
189597344#0,66.95652894416219;5771.911579508083;0.05616017525396285;1.6957776239825062;0.29268895424781316;
28662749,70.6797586752601;8214.578924516787;0.5614327617460192;3.0407627050569777;0.5947195218280523;
189597344#1,66.80151701752875;6046.422561276638;0.0767360785698531;2.183974731962591;0.6769433229060807;
189597344#1,66.80151701752875;6046.422561276638;0.0767360785698531;2.183974731962591;0.6769433229060807;
189597344#2,62.47633914225986;0.0;0.0;0.0;0.0;
189597344#1,66.80151701752875;6046.422561276638;0.0767360785698531;2.183974731962591;0.6769433229060807;
189597344#0,66.95652894416219;5771.911579508083;0.05616017525396285;1.6957776239825062;0.29268895424781316;
189597344#0,66.95652894416219;5771.911579508083;0.05616017525396285;1.6957776239825062;0.29268895424781316;
189597344#1,66.80151701752875;6046.422561276638;0.0767360785698531;2.183974731962591;0.6769433229060807;
-189597344#1,62.74116817275201;2842.8979496769525;0.06454315581635343;0.9601508574101335;0.2613375634172565;
-189597344#0,58.73144513927484;0.0;0.0;0.0;0.0;
189597344#0,66.95652894416219;5771.911579508083;0.05616017525396285;1.6957776239825062;0.29268895424781316;
-189597344#2,59.39714772611328;0.0;0.0;0.0;0.0;
189597344#2,62.47633914225986;0.0;0.0;0.0;0.0;
