simulation generate 2026-03-06 10:34:04-->
189597344#0;;0.033879929529746576;17.71668667466987;55.9402874701336;1521.0;0.0;0.6117;0.0
189597344#0;;0.033879929529746576;17.196671080748175;67.11737315784563;3360.461298078088;0.00019245316154894085;0.6396676692963642;0.006587269755680731
189597344#0;;0.033879929529746576;16.714372044416844;67.02281421059914;3416.127191941722;0.0007453890939881381;0.6670645445548066;0.013187817638345504
189597344#0;;0.033879929529746576;16.28208141075186;66.53024702529676;3394.286942332263;0.0015263280447536894;0.6898193828542051;0.01952760749360775
189597344#0;;0.033879929529746576;15.874075785732431;66.55483443128608;3461.4895660569064;0.002637336559014324;0.7154276827516025;0.02594206611782133
189597344#0;;0.033879929529746576;15.474247206620339;66.96584285879476;3606.013376956485;0.004244964349385637;0.747158393405059;0.03270901055904888
189597344#0;;0.033879929529746576;15.07692559673385;67.55177477617259;3795.166239511575;0.006492212761210609;0.7854938301949451;0.03997415575972865
189597344#0;;0.033879929529746576;14.78581735899787;65.04980417726755;3326.54704992794;0.0064116655308918725;0.7643434673800222;0.04501203446214872
189597344#0;;0.033879929529746576;14.412300209338577;68.05086370666643;4036.6847389165105;0.011489983114944225;0.8521671301571058;0.053350061328944265
189597344#0;;0.033879929529746576;14.099544869710765;66.7543285486941;3813.11218144502;0.01267642326662312;0.8511269407711489;0.05969900132227177
189597344#0;;0.033879929529746576;13.90691434265892;63.20639624161913;3030.0786207801457;0.009328375866080046;0.7764883622700116;0.06252151121704007
189597344#0;;0.033879929529746576;13.666233996718743;65.12018560279652;3510.8628292323747;0.014013642386526085;0.8437855083063027;0.06887801067039923
189597344#0;;0.033879929529746576;13.384351036005796;66.99117705860694;4015.563073912372;0.020292330442669235;0.9239264786798833;0.07679823488089071
189597344#0;;0.033879929529746576;13.089269422573295;68.01983257469486;4341.77475408976;0.02645631203424512;0.9894910069980258;0.08525828972446992
189597344#0;;0.033879929529746576;12.840583000641914;66.78382335414474;4082.210866977385;0.026938177622222483;0.9727091488673018;0.09121637469753685
189597344#0;;0.033879929529746576;12.595063150001835;67.1250555181791;4229.591451801764;0.03172714851491498;1.0131904179397577;0.09863428245803928
189597344#0;;0.033879929529746576;12.386894194018957;66.02004686183322;3973.197603442269;0.03138848393959019;0.98942567466665;0.10379401038991662
189597344#0;;0.033879929529746576;12.193787042316675;65.7400704417615;3933.222862322194;0.03342819234557332;0.9967391196235669;0.10945832186920826
189597344#0;;0.033879929529746576;12.05999009980862;63.43118280399693;3287.9127588305832;0.025910168907849813;0.8984837858563028;0.1107929606810477
189597344#0;;0.033879929529746576;11.889212316824509;65.31071107790478;3866.1818329985126;0.03667262597858387;1.0067132496503848;0.11875164058783937
189597344#0;;0.033879929529746576;11.73889989747903;64.64885578788004;3692.644927845363;0.036003835050110275;0.9863915416025244;0.1228219582747607
189597344#0;;0.033879929529746576;11.601705930941026;64.26981109193449;3596.253195586775;0.03625166094199159;0.9776828847421687;0.1268973390439735
189597344#0;;0.033879929529746576;11.392501840600115;68.06294024665016;4831.369015200725;0.06214546688529587;1.2219618742975804;0.14099190841873857
189597344#0;;0.033879929529746576;11.19527505777257;67.92639401367057;4848.432655894637;0.06702318812338826;1.2449297856924257;0.14862409842944393
189597344#0;;0.033879929529746576;11.046698370879218;65.79387502118334;4182.693018714201;0.05662532065638283;1.1278817989906027;0.1502889694758332
189597344#0;;0.033879929529746576;10.917273034558713;65.04975313455773;3954.636084349596;0.05421711278297116;1.0920924618398737;0.15385415417839263
189597344#0;;0.033879929529746576;10.717173224806771;69.23411039887111;5455.451338502228;0.09322752602135322;1.4199780142926948;0.17245156173970216
189597344#0;;0.033879929529746576;10.574331154755706;66.43879978484905;4512.042611112337;0.07457928925717913;1.236118100752097;0.17189208104364959
189597344#0;;0.033879929529746576;10.387809577197418;69.34621626918282;5627.544358891124;0.1083679323978451;1.4978250294432798;0.18889250210317848
189597344#0;;0.033879929529746576;10.244082726508074;67.21621543040571;4885.715966613647;0.09324598812011843;1.350164648953653;0.18977642252167418
189597344#0;;0.033879929529746576;10.10455066481424;67.2899638874133;4954.377260344503;0.09943256231512018;1.3804787754921857;0.1970756993772536
189597344#0;;0.033879929529746576;9.964280824648066;67.6704061277461;5145.922476259921;0.10960523492821377;1.4402092612162902;0.20576674666849082
189597344#0;;0.033879929529746576;9.850537993752836;66.27231276063381;4615.942562766203;0.09723397155478163;1.3277367573454573;0.2067288243800716
189597344#0;;0.033879929529746576;9.734501644621787;66.6781781325962;4809.455312831138;0.10694606550787583;1.3855988331966445;0.21455582309075166
189597344#0;;0.033879929529746576;9.60609516748413;67.79850857454575;5313.753476992893;0.12790956667394437;1.5224803847841248;0.22644033379562253
189597344#0;;0.033879929529746576;9.449633290114377;70.13694928996208;6369.3299649689025;0.17063431928606132;1.80554370303747;0.24631294125249348
189597344#0;;0.033879929529746576;9.326981974329792;68.12895905293422;5550.723120974193;0.1475644054493697;1.6167969746392754;0.24503114847496255
189597344#0;;0.033879929529746576;9.233186369971941;66.32362877838567;4764.751454791797;0.12273569437163268;1.4267603426293067;0.24199449940135523
189597344#0;;0.033879929529746576;9.128517429383244;67.35677975963621;5264.404939429346;0.14555894160531468;1.5681406432257277;0.25393820474675766
189597344#0;;0.033879929529746576;8.99557779164668;69.83214063359846;6462.440262449575;0.1985269344933944;1.9025609298082649;0.27651066007102926
189597344#0;;0.033879929529746576;8.92263390923658;65.5086722768501;4417.0382133947205;0.12046080029579963;1.3662642982179878;0.2567215865153694
189597344#0;;0.033879929529746576;8.827261278679165;67.4338516897688;5382.83928062662;0.16374020484129037;1.637331437897676;0.274720519185476
189597344#0;;0.033879929529746576;8.71804597832204;68.82416825081913;6104.878801282408;0.19966437882509608;1.8500197460507575;0.2913668482904132
189597344#0;;0.033879929529746576;8.655130614912787;65.33321571072544;4335.1710211059635;0.12663981030300872;1.3688607595377993;0.27280233880287413
189597344#0;;0.033879929529746576;8.602571969616646;64.64779664707653;3961.961785608734;0.1121844520160902;1.2695130111310444;0.2713534331671392
189597344#0;;0.033879929529746576;8.665551773389383;57.61351154150891;0.0;0.0;0.0;0.0
189597344#0;;0.033879929529746576;8.6073204209682;65.07436628894452;4194.8391797235545;0.12224311155981252;1.3341186571704724;0.27411878302482184
189597344#0;;0.033879929529746576;8.636023774957941;59.20794788234659;0.0;0.0;0.0;0.0
189597344#0;;0.033879929529746576;8.644713920997699;60.32746602802396;1373.9129437867327;0.0;0.5473959884040555;0.2347726402941104
189597344#0;;0.033879929529746576;8.621639633270735;62.4428920890501;2710.0687506100394;0.05687386750236004;0.9192999204463684;0.253637748848061
189597344#0;;0.033879929529746576;8.630469996581462;60.338568843620635;1367.0872483567143;0.0;0.5453322804408135;0.23547570833884418
-189597344#2;;0.06873797085510036;8.732292917166866;55.9402874701336;1521.0;0.0;0.6117;0.0
189597344#0;;0.033879929529746576;8.658989046106305;59.187075974271536;0.0;0.0;0.0;0.0
-189597344#2;;0.06873797085510036;8.469816640503161;67.39470216245;3408.2674918532844;0.00020713679243634733;0.6410841124570634;0.006753892768845624
189597344#0;;0.033879929529746576;8.601806105743137;65.00504423965668;4156.9086993778565;0.12077194340638113;1.3240098795169986;0.27398228560807475
-189597344#2;;0.06873797085510036;8.242161380219168;66.56269564563203;3335.286276014009;0.0007022294346965993;0.6642783228963693;0.013066296870045393
189597344#0;;0.033879929529746576;8.631208116332406;59.17776567209033;0.0;0.0;0.0;0.0
-189597344#2;;0.06873797085510036;8.010638909006587;67.44476763370982;3564.2874892582595;0.001735548643858816;0.6986916549173374;0.020020077046075318
189597344#0;;0.033879929529746576;8.632385251168495;60.807726180641446;1688.9897019375503;0.01220804020291982;0.6348956692598337;0.23959188077710794
-189597344#2;;0.06873797085510036;7.803093114898282;66.94063860386325;3540.9846282949325;0.0028772968596122205;0.7221831066179973;0.026668208543110396
189597344#0;;0.033879929529746576;8.602653032788137;62.94843545294448;3000.66378403431;0.06996897107739465;1.001106747807596;0.25863511058559374
-189597344#2;;0.06873797085510036;7.622344483614904;66.12511487893578;3443.098477679317;0.0039475028787486835;0.7370075105099844;0.03277285572691801
189597344#0;;0.033879929529746576;8.65742674223224;57.95160346845846;0.0;0.0;0.0;0.0
-189597344#2;;0.06873797085510036;7.422043888333918;67.82946142246743;3855.39163579265;0.006761995727940996;0.7913829174842886;0.04037211099161647
189597344#0;;0.033879929529746576;8.604447402951394;64.67616483783466;3977.736515719789;0.11281574284034877;1.273767570440286;0.2714392644376848
-189597344#2;;0.06873797085510036;7.26342717451642;65.99927973555137;3534.0574367618105;0.007402080748037543;0.7849525640072712;0.046187737208186364
189597344#0;;0.033879929529746576;8.630712594741624;59.344425800756056;0.0;0.0;0.0;0.0
-189597344#2;;0.06873797085510036;7.132041180495871;64.7740950248353;3312.3052384699445;0.007885787917983538;0.7792418221650323;0.05118911300596478
189597344#0;;0.033879929529746576;8.616600159093398;61.83198174519096;2335.337526092902;0.04056929988295066;0.8150346160918267;0.24900655028232038
-189597344#2;;0.06873797085510036;6.963186344054638;67.63308882384707;4005.8556595945065;0.013517409794570591;0.8695324290006723;0.05940738371765898
189597344#0;;0.033879929529746576;8.607567247765306;61.50462221540806;2123.409859661973;0.03139430608112223;0.7561001372689305;0.2467446149815702
-189597344#2;;0.06873797085510036;6.813153564909419;66.96511793933867;3916.8208507976465;0.015498916897376707;0.8811387840351488;0.06608358374295857
189597344#0;;0.033879929529746576;8.61040649558096;60.73451200608165;1619.9630339855366;0.009303013504625323;0.6156303378759695;0.23993382241614128
-189597344#2;;0.06873797085510036;6.665807526062954;67.32141933585298;4065.317923041701;0.019284694429226493;0.919986136108632;0.07347362190444269
189597344#0;;0.033879929529746576;8.628053785767484;59.82453844093502;0.0;0.0;0.0;0.0
-189597344#2;;0.06873797085510036;6.546654570417743;65.76130226813117;3732.093386756062;0.018922237601971974;0.894415418863475;0.07863437769426254
189597344#0;;0.033879929529746576;8.65310306832206;59.3800085955929;0.0;0.0;0.0;0.0
-189597344#2;;0.06873797085510036;6.462188594090633;63.48435979262105;3184.919507865095;0.015482214031140222;0.8313730372009616;0.08145768993658996
189597344#0;;0.033879929529746576;8.633117944983319;62.20887077712098;2575.4609164858675;0.05081034523537676;0.8814551424665873;0.25117708198853983
-189597344#2;;0.06873797085510036;6.323478595821389;68.03981470743399;4414.10753776152;0.030564885249733643;1.0211849326803089;0.09257280670468582
189597344#0;;0.033879929529746576;8.663670066624208;59.07466412484283;0.0;0.0;0.0;0.0
-189597344#2;;0.06873797085510036;6.1864822178081305;68.48699401015128;4609.675277289452;0.03683714341573863;1.0743823757911768;0.10125747225667889
189597344#0;;0.033879929529746576;8.651461515411384;61.65041783934055;2244.786057394767;0.03618985166172825;0.7891341749487051;0.24576354780394433
-189597344#2;;0.06873797085510036;6.102928049489702;64.45314932904017;3538.1099703900313;0.025907289022132574;0.9214276766519557;0.10226799465023347
189597344#0;;0.033879929529746576;8.652110488699183;60.81312371823359;1709.7147589460458;0.012999582288728516;0.6406559917700954;0.23874379494399256
-189597344#2;;0.06873797085510036;5.999403266594682;66.49126897105609;4152.074964826953;0.0367602343094122;1.0340488863413304;0.11104191978164527
189597344#0;;0.033879929529746576;8.65578067500529;60.61914452770268;1583.7192985164004;0.007525564707073938;0.6057114211163801;0.2368936404699147
-189597344#2;;0.06873797085510036;5.92624968268399;64.11524693023695;3492.28511197631;0.029294391026242754;0.9346707293099067;0.11280582974461523
189597344#0;;0.033879929529746576;8.600795672103004;64.83768172319662;4065.697520192444;0.11679990093329676;1.298624370745662;0.2728422665921332
-189597344#2;;0.06873797085510036;5.825447183730996;66.93823092848412;4366.490045023907;0.04563887706884544;1.0987269301484945;0.12343096483378366
189597344#0;;0.033879929529746576;8.608079360012779;60.463318672774676;1431.301264759119;0.0010414624688967235;0.5629839907332864;0.2375749613986347
-189597344#2;;0.06873797085510036;5.729462467099882;66.8878286204763;4400.07570216635;0.04969890810834726;1.121215536820258;0.13028045504801242
189597344#0;;0.033879929529746576;8.656895817747056;58.207289551457094;0.0;0.0;0.0;0.0
-189597344#2;;0.06873797085510036;5.639536476461826;66.68140686218608;4381.2635906252135;0.05281338580852746;1.1333657111621354;0.13667324761809177
189597344#0;;0.033879929529746576;8.611147869618065;64.113757360324;3668.113344119755;0.09903153172903359;1.1868760972957204;0.26691573379512973
-189597344#2;;0.06873797085510036;5.5617540741184905;65.80230854099783;4136.364972995613;0.05117475150925795;1.1001226078423672;0.14104803421623163
189597344#0;;0.033879929529746576;8.652126564080204;58.57245987270993;0.0;0.0;0.0;0.0
-189597344#2;;0.06873797085510036;5.5046716093681844;63.932517218453945;3542.6302345882164;0.04137339103773005;0.9937084581827252;0.14176127970169383
189597344#0;;0.033879929529746576;8.618511156974376;63.201972197483684;3153.8927654933245;0.07633447800183325;1.043081303742286;0.2596718595742986
-189597344#2;;0.06873797085510036;5.430481328004298;65.94920136076098;4240.936356756003;0.05843371534924939;1.1417991495288224;0.15178431432576941
189597344#0;;0.033879929529746576;8.640376240121974;59.571105111469834;0.0;0.0;0.0;0.0
-189597344#2;;0.06873797085510036;5.33399305017734;68.73676046305843;5244.084687765905;0.08521626322335828;1.363889544456553;0.16641831868516913
189597344#0;;0.033879929529746576;8.607065015226222;63.200029493074425;3148.762296222736;0.07637140830968149;1.0422326896966772;0.2603180340771882
-189597344#2;;0.06873797085510036;5.260910956470071;66.52774209776724;4519.596319262809;0.0723339872406776;1.2286252383223282;0.1676828656183114
189597344#0;;0.033879929529746576;8.647055875696593;58.626377236704634;0.0;0.0;0.0;0.0
-189597344#2;;0.06873797085510036;5.21112472636008;64.13269137147428;3677.200989666273;0.054104941318002364;1.058174397014599;0.16578471059207134
189597344#0;;0.033879929529746576;8.645242872808636;60.97907381246553;1813.0538931130393;0.017523846049023236;0.669355967609258;0.2404840149355624
-189597344#2;;0.06873797085510036;5.157045027093573;64.80939352634613;3939.295659899989;0.06278482952873873;1.122128464852318;0.1723834216628099
189597344#0;;0.033879929529746576;8.662811147588902;59.78243294954373;0.0;0.0;0.0;0.0
-189597344#2;;0.06873797085510036;5.077730382370372;68.08554216389504;5193.8795242116;0.09978228164180412;1.4125298100117367;0.1895321601282126
189597344#0;;0.033879929529746576;8.656557405716805;61.24930249239768;1996.218272055694;0.02537269328041336;0.7201061517126526;0.24222592985910762
-189597344#2;;0.06873797085510036;5.015354892387404;66.35241642032658;4574.3700995209165;0.08663263623203998;1.2869391935934384;0.1904368386841618
189597344#0;;0.033879929529746576;8.615030171931114;63.79051552596975;3487.9684168519166;0.09103490193961525;1.1363890785035395;0.2642920500176003
-189597344#2;;0.06873797085510036;4.9466762999582015;67.43976609554673;5032.965421226889;0.1038836061833442;1.405956883113577;0.201138999617856
189597344#0;;0.033879929529746576;8.625494848238539;60.24731359763691;1297.7689605139808;0.0;0.5259750717975805;0.23484206876643335
-189597344#2;;0.06873797085510036;4.885271060259283;66.81705706969257;4821.456780171927;0.10161442051906495;1.3700587412123506;0.20551808638517408
189597344#0;;0.033879929529746576;8.608789954799105;62.021093914652624;2447.4776630567667;0.04558817924627408;0.8464937804742;0.2509513936423965
-189597344#2;;0.06873797085510036;4.809037601438229;69.12353761028773;5804.858590091443;0.13771268078202187;1.622033671731683;0.2228652753017607
189597344#0;;0.033879929529746576;8.627324991909465;59.77506855011019;0.0;0.0;0.0;0.0
-189597344#2;;0.06873797085510036;4.732796399211414;69.56262370506919;6053.54513609389;0.15256654736491324;1.7042039653844354;0.23403636135331424
189597344#0;;0.033879929529746576;8.633975912693675;60.46599500934658;1458.9539620372286;0.0021835862473819304;0.5709223004200118;0.23648505910334336
-189597344#2;;0.06873797085510036;4.684132939321747;66.05621010712429;4595.082564347611;0.10742177051175925;1.356505886365157;0.22483626543844257
189597344#0;;0.033879929529746576;8.62849260784467;61.2400836009642;1969.2609888504655;0.024450468259613962;0.7128925739174252;0.24349390025693418
-189597344#2;;0.06873797085510036;4.620700445413013;68.42427547556258;5663.087923292902;0.14946414800084207;1.6389365676290828;0.24337554007272869
189597344#0;;0.033879929529746576;8.642728462598633;60.00137623268066;0.0;0.0;0.0;0.0
-189597344#2;;0.06873797085510036;4.581368675043884;65.21009133852358;4245.522602757776;0.10170108943872408;1.2877267240562476;0.23272222160504502
189597344#0;;0.033879929529746576;8.61954562618535;62.453940093959105;2715.6450598001998;0.057154407335081175;0.9209275445388404;0.25383819306586863
-189597344#2;;0.06873797085510036;4.526726067060646;67.6634035128467;5388.905825019306;0.14785695597614998;1.5936116048921711;0.2519207332295211
189597344#0;;0.033879929529746576;8.657162842138083;58.72754419344902;0.0;0.0;0.0;0.0
-189597344#2;;0.06873797085510036;4.54158044814118;58.429165360926454;0.0;0.0;0.0;0.0
189597344#0;;0.033879929529746576;8.66026542503085;60.648130413966626;1607.2049014456054;0.00852239863703352;0.6122399080422389;0.23694778756571167
-189597344#2;;0.06873797085510036;4.521523990576999;62.76045611271955;3068.819851648514;0.06134350438637483;0.992991000448953;0.22637740096786477
189597344#0;;0.033879929529746576;8.606128514294458;64.76144033924128;4024.5765577945804;0.11481561927753192;1.2867055118137938;0.2719481126017834
-189597344#2;;0.06873797085510036;4.5250865341853235;59.72983677841418;1453.3438726494803;0.0007726144165263234;0.5739090457226707;0.20778518184755823
189597344#0;;0.033879929529746576;8.62316770672627;59.86586991077879;0.0;0.0;0.0;0.0
-189597344#2;;0.06873797085510036;4.5196028003015005;60.84965817492151;2074.768103449935;0.024112332946718336;0.7351336019136542;0.21535389278232
189597344#0;;0.033879929529746576;8.629890378561598;60.46727112386732;1455.8125046259374;0.002057667645993501;0.5700131282152513;0.23667274115289277
-189597344#2;;0.06873797085510036;4.541572877503651;57.71037181269705;0.0;0.0;0.0;0.0
189597344#0;;0.033879929529746576;8.613161611880411;62.015869218887694;2446.832021058331;0.045496540839282326;0.8461995801435858;0.2506811395126868
-189597344#2;;0.06873797085510036;4.5413671024439415;60.14070944438941;1709.2184827958758;0.010200319533773821;0.6402058976988222;0.2090305818082958
189597344#0;;0.033879929529746576;8.624364575105695;60.2048640297468;0.0;0.0;0.0;0.0
-189597344#2;;0.06873797085510036;4.512111467394332;64.06797410456596;3709.602821554795;0.0858555075238683;1.1605609073806769;0.2346881729687216
189597344#0;;0.033879929529746576;8.66271159846937;58.68454090260906;0.0;0.0;0.0;0.0
-189597344#2;;0.06873797085510036;4.513660185689882;59.997479492088644;1591.935132248937;0.006031110009275593;0.6097587621256263;0.2104948039980999
189597344#0;;0.033879929529746576;8.634497593267541;62.78530785968962;2918.223799917267;0.06571029519196202;0.9767308438252638;0.2555882719722445
-189597344#2;;0.06873797085510036;4.511788261182675;60.41895147471592;1828.6603199317792;0.014967055577755677;0.6713248616770325;0.2133710317622419
189597344#0;;0.033879929529746576;8.622891267542693;61.653296095559476;2227.910256935281;0.03579519392009471;0.7849771978557474;0.2472203153415428
-189597344#2;;0.06873797085510036;4.517560817617779;59.48946023011815;1300.3769784197427;0.0;0.5340587589486645;0.20680305068840377
:9842732475_0;;0.021507839017591904;1.1024194464758181;59.563007798543325;0.0;0.0;0.0;0.0
-189597344#2;;0.06873797085510036;4.518267310016178;60.08759457310981;1649.708759997981;0.008171023720532402;0.6247911831138144;0.2106845584315512
:9842732475_0;;0.06816979658656834;1.099827109987515;62.2465053761768;2593.576423196021;0.051738968980737085;0.8867639582478678;0.2519347814338791
-189597344#2;;0.06873797085510036;4.50631594246655;61.721482282149125;2528.144549731341;0.04148202433993854;0.8535974654383465;0.2218982694890728
189597344#0;;0.059066570187293554;17.71668667466987;55.9402874701336;1521.0;0.0;0.6117;0.0
:9842732475_0;;0.11499753278267058;1.0978254686512365;61.95200541476554;2404.86966349022;0.04372053167538536;0.8346070285939848;0.2503899400417487
-189597344#2;;0.06873797085510036;4.51499783749261;59.16296640803624;0.0;0.0;0.0;0.0
189597344#0;;0.05309490739280484;17.184117437777594;67.39556720790438;3408.416774162415;0.00020718372418577585;0.6410885862239465;0.006754412854967591
:9842732475_0;;0.1615034501324009;1.101717848008384;59.10862805344574;0.0;0.0;0.0;0.0
-189597344#2;;0.06873797085510036;4.507855145929158;61.0923880609652;2194.6352297119292;0.028840107425786958;0.7666626926997403;0.2179384182020994
189597344#0;;0.047164284242500416;16.72580022435822;66.47926303128048;3320.341653191086;0.0006914492995614181;0.6636597005726295;0.013014647488825616
:9842732475_0;;0.2081602984578524;1.0998889158753244;61.83467127421106;2342.2045081784577;0.040759434441038536;0.8167613111878983;0.24860132213053365
-189597344#2;;0.06873797085510036;4.520375066347839;58.72643455089716;0.0;0.0;0.0;0.0
189597344#0;;0.04121441376218474;16.26140328587463;67.3071248457285;3537.915665139193;0.001692070549814779;0.6970473463982073;0.01987800808083283
:9842732475_0;;0.2550088939714479;1.0975741253838238;62.12388482474992;2509.3904148062543;0.04833271692249092;0.8638230955337086;0.2518884544540925
-189597344#2;;0.06873797085510036;4.524581414556898;59.65531667936497;1409.1431484122206;0.0;0.56244230672204;0.2073372186552024
189597344#0;;0.03524009090294995;15.868963395662918;66.1807104968367;3391.97288650135;0.0025572991628462246;0.7119588861092498;0.025996212288221587
:9842732475_0;;0.26567481402763016;1.0973400400101712;61.038418545299734;1818.7426511611986;0.01805178083884998;0.6710984153503267;0.24287092189081796
-189597344#2;;0.06873797085510036;4.505449974738706;62.686906579475945;3024.6217603866394;0.060289004591861005;0.9830121465970544;0.22764814403282463
189597344#0;;0.033879929529746576;15.51677981510234;65.67420712368745;3347.2350415988317;0.003573838998290598;0.7279800317636281;0.03182248300028343
:9842732475_0;;0.26567481402763016;1.1023618717356345;58.65936793955992;0.0;0.0;0.0;0.0
-189597344#2;;0.06873797085510036;4.510328375006501;59.610778731842245;1361.1493421899936;0.0;0.5496804650791983;0.20820850722385403
189597344#0;;0.033879929529746576;15.162339921474704;66.25504653036435;3517.0815921367857;0.005321806438861138;0.7591659810265193;0.03817490391370381
:9842732475_0;;0.26567481402763016;1.097576093889927;63.50949781824426;3326.4446862000395;0.08417073757492685;1.0918292460316492;0.2626807444023386
-189597344#2;;0.06873797085510036;4.525734700997023;58.406801089698035;0.0;0.0;0.0;0.0
189597344#0;;0.033879929529746576;14.814414238557118;66.61932219568298;3651.1049554016818;0.007410198631286082;0.7903982415692475;0.0448062697135234
:9842732475_0;;0.26567481402763016;1.1015249708879549;59.08773558189928;0.0;0.0;0.0;0.0
:30848481_2;;0.152359707159238;0.033521063666146454;61.482014079015;2409.262057713074;0.03676626897097136;0.8221729582745635;0.2195781902361443
189597344#0;;0.033879929529746576;14.48297671285949;66.68149309785142;3724.3129728747335;0.009616282938147203;0.8175279686055038;0.051469269859867224
:9842732475_0;;0.26567481402763016;1.0977779462107358;62.913418107706335;2982.467199203053;0.06904989012949539;0.995768028014219;0.2580389463494003
-189597344#1;;0.0037281115649499233;9.83868372370978;60.55923996527299;1907.5708538033687;0.01793362966227304;0.691842211845938;0.21420446199805096
189597344#0;;0.033879929529746576;14.193010426588348;65.89402441136806;3602.408603087401;0.010890949097424494;0.8232663474952274;0.057341750638153936
189597344#1;;0.0041460645385430275;9.343254908253206;60.178715031593214;0.0;0.0;0.0;0.0
-189597344#1;;0.00859732645983159;9.880034931839711;58.029116523067415;0.0;0.0;0.0;0.0
189597344#0;;0.033879929529746576;13.882638328828225;67.05348284958953;3925.0765985534995;0.015048259687196155;0.8779581046682583;0.06473481444358942
189597344#1;;0.00962813846983433;9.35486439757269;60.22528351270427;1287.9064096603129;0.0;0.5233074754221375;0.2344153246776158
-189597344#1;;0.01351061533965622;9.837198603526124;62.736675433222466;3052.596169576247;0.06110825559105435;0.9897089364722278;0.22727448625211594
189597344#0;;0.033879929529746576;13.578923258197863;67.38145154444781;4067.5605623081506;0.018762824449056612;0.916231699961804;0.07214777288577248
189597344#1;;0.015075279490791462;9.385535637183441;59.19854202374899;0.0;0.0;0.0;0.0
-189597344#1;;0.01843740960673057;9.824146716057744;60.95056930222572;2115.584947210261;0.025891522609777902;0.7461413833440911;0.21726127896902855
189597344#0;;0.033879929529746576;13.306847083299166;66.78834988940937;3982.14634473984;0.020803321575061803;0.9251867140425636;0.07865685756324035
189597344#1;;0.02058471278619316;9.33098238813839;64.46516054216626;3862.369125961908;0.10761513932388105;1.2412321743434478;0.26963021935715187
-189597344#1;;0.023354888269941844;9.833145800576572;59.7000225156668;1413.231522199957;0.0;0.5632246967146036;0.2088475027382862
189597344#0;;0.033879929529746576;13.024919314426565;67.66866969713037;4268.294280532053;0.0265555799197353;0.9846446650625111;0.08677000631076187
189597344#1;;0.026067486021005462;9.354252452703232;59.606550607534615;0.0;0.0;0.0;0.0
-189597344#1;;0.028274233941853955;9.83134090709549;60.29755262949433;1756.9618707335455;0.012292135007655752;0.6526877897336933;0.2128386486857939
189597344#0;;0.033879929529746576;12.769005042169663;67.19263391116405;4206.234734972956;0.029153240179690218;0.9960656225588675;0.0936006660225311
189597344#1;;0.0312578144536134;9.337570187751586;61.92163011755983;2389.8075335136746;0.042975679259144126;0.8302573263179887;0.24982580153846942
-189597344#1;;0.031525851197982346;9.896694437063402;56.98627895766669;0.0;0.0;0.0;0.0
189597344#0;;0.033879929529746576;12.536497562637706;66.72346885083903;4134.333164603639;0.031395035932218256;1.0033019080638925;0.09999601418467374
189597344#1;;0.0312578144536134;9.371518551606504;59.05815665133704;0.0;0.0;0.0;0.0
-189597344#1;;0.031525851197982346;9.838444511246736;63.7109375180022;3535.8082420494247;0.0792967951626464;1.1153341246653077;0.23269572966558474
189597344#0;;0.033879929529746576;12.275245275073843;68.41246158952453;4669.25280322912;0.042135726054957995;1.1090068401706608;0.10993010040383072
189597344#1;;0.0312578144536134;9.338485292132791;62.979539936250255;3024.009872475659;0.07071460101206399;1.0070181768340514;0.2581329733798495
-189597344#1;;0.031525851197982346;9.827643163310155;60.81545489794963;2043.3584445807805;0.023133138683697672;0.7272834984039936;0.21627157475695902
189597344#0;;0.033879929529746576;12.126016156459821;63.995580087140226;3443.9520713656157;0.02743893626942942;0.9208511600853221;0.10946699392085683
189597344#1;;0.0312578144536134;9.359219605250741;59.73131475616921;0.0;0.0;0.0;0.0
-189597344#1;;0.031525851197982346;9.856394660036491;58.65420455525452;0.0;0.0;0.0;0.0
189597344#0;;0.033879929529746576;11.96268053297339;64.85991130843058;3720.0519251277865;0.03343698523602968;0.976843119421396;0.11573038618245766
189597344#1;;0.0312578144536134;9.37710295691111;59.8588574372885;0.0;0.0;0.0;0.0
-189597344#1;;0.031525851197982346;9.840451615186085;61.09941734923584;2203.5092212709337;0.029069652718233547;0.7687819057597375;0.21747809395775614
189597344#0;;0.033879929529746576;11.718060505812002;68.95696128468872;5002.807755813234;0.057941927135501003;1.2201130202344959;0.13003028483314277
189597344#1;;0.0312578144536134;9.345106092782036;62.90027732782863;2980.205233476141;0.06867088438026818;0.9945339962049409;0.2571790761055859
-189597344#1;;0.031525851197982346;9.830780707604996;60.746291302016886;2006.8971620451882;0.02173279918227861;0.7177558072933815;0.2157072864233445
189597344#0;;0.033879929529746576;11.506369401740857;67.92589786534425;4753.702342510114;0.05823404272171336;1.1963668819608222;0.13635700933144318
189597344#1;;0.0312578144536134;9.337907869316199;61.335325317442226;2020.5698548633868;0.02681244404428452;0.7273194871444107;0.24494072972953648
-189597344#1;;0.031525851197982346;9.841486872004277;59.599017557446395;1359.3867906059738;0.0;0.5492975627816727;0.20785550208011727
189597344#0;;0.033879929529746576;11.316903596171908;67.27794923189086;4603.453798564605;0.059503228321605345;1.1862250210719387;0.14253177721744598
189597344#1;;0.0312578144536134;9.331150768299995;61.31783765754072;2004.6007123292097;0.02617109141063336;0.7229336514597952;0.24509351772376387
-189597344#1;;0.031525851197982346;9.882265131456569;58.05322448293693;0.0;0.0;0.0;0.0
189597344#0;;0.033879929529746576;11.108436588448297;68.6907473982526;5127.181467263439;0.0748290054297581;1.3083964664733658;0.15376180930989372
189597344#1;;0.0312578144536134;9.388236486084644;58.034062255642525;0.0;0.0;0.0;0.0
-189597344#1;;0.031525851197982346;9.829975097879778;63.344135744152645;3354.4445576247444;0.0726354602361155;1.0686114394025419;0.23107396631668853
189597344#0;;0.033879929529746576;10.961642679619308;65.86678141009858;4225.00687663579;0.05923553129721328;1.143191235727699;0.15388262274433678
189597344#1;;0.0312578144536134;9.337256267732297;64.20396912502295;3718.9208590506523;0.10115511960084059;1.2008019057751913;0.26736345780027804
-189597344#1;;0.031525851197982346;9.842220179901078;59.516031740906314;1310.5736965011522;0.0;0.5366151501170311;0.2072686626712977
189597344#0;;0.033879929529746576;10.815186337435478;66.13888659021349;4350.157441513909;0.06512343990082388;1.1808727433445756;0.16059945156788508
189597344#1;;0.0312578144536134;9.373130198387287;58.96535190133379;0.0;0.0;0.0;0.0
-189597344#1;;0.031525851197982346;9.840355620755519;60.29042624655781;1758.112592729742;0.012293759705061502;0.6529667411333892;0.21243013775831635
189597344#0;;0.033879929529746576;10.636040318242786;68.29875174427924;5157.001309139098;0.08859316979020729;1.3667569942684525;0.1739104114138677
189597344#1;;0.0312578144536134;9.3837326272677;60.244444831963904;1329.2588711218762;0.0;0.5351614999110433;0.23348258292432703
-189597344#1;;0.031525851197982346;9.878720985893192;58.16905267197144;0.0;0.0;0.0;0.0
189597344#0;;0.033879929529746576;10.505684233603686;65.88502745373059;4326.90248467538;0.07163877313705914;1.202513705314957;0.17348837483132923
189597344#1;;0.0312578144536134;9.352374236488448;62.846628964099025;2951.598804697183;0.06728436843936905;0.9862724056451792;0.25639060442340333
-189597344#1;;0.031525851197982346;9.875625540296902;60.31867914052681;1793.725547951704;0.013460568966663457;0.6621062030891212;0.21118895070736565
189597344#0;;0.033879929529746576;10.352798663973083;67.49791074436521;4959.013927463232;0.09197448748272229;1.3549694333504796;0.18526535326728008
189597344#1;;0.0312578144536134;9.35025306091336;61.0150189452282;1821.2899923812638;0.018011421505146105;0.6717203965568693;0.24165951360328794
-189597344#1;;0.031525851197982346;9.83438891165263;62.64099733704982;3003.758645103191;0.05931493100869456;0.9771222793237997;0.22686187817241446
189597344#0;;0.033879929529746576;10.191104606278362;68.40834268032445;5354.23155666052;0.10782892112660451;1.4614214021540406;0.1962137402121951
189597344#1;;0.0312578144536134;9.342072850757686;61.38920901319658;2057.9879149276226;0.02841215247566349;0.7377025361302709;0.24520953768745124
-189597344#1;;0.031525851197982346;9.860769611539991;58.76717546773709;0.0;0.0;0.0;0.0
189597344#0;;0.033879929529746576;10.057194765092952;67.05881898688313;4878.053804074387;0.09872238125195335;1.3680122708872007;0.1987430798805123
189597344#1;;0.0312578144536134;9.34845753372807;60.52508821215738;1490.7641738978632;0.0035964245593589766;0.5797013838454672;0.23740984004559296
-189597344#1;;0.031525851197982346;9.847869501522068;60.91242522406735;2105.8031877556823;0.02532959422571082;0.7432768382294608;0.21601577180742
189597344#0;;0.033879929529746576;9.930922017951476;66.87832612708652;4840.92754815052;0.10158902674293059;1.3726119078126444;0.20471563249640956
189597344#1;;0.0312578144536134;9.350270941570507;60.78469880705654;1668.48392323983;0.011344746089242186;0.6291846450378183;0.2396508339769208
-189597344#1;;0.031525851197982346;9.848259277572556;60.15521898289038;1686.2225955492163;0.009554961892174313;0.6342730558056073;0.21124737129368734
189597344#0;;0.033879929529746576;9.76251600330062;69.9979836373822;6156.986164444276;0.14860197546783427;1.7056652720204566;0.22590631472619416
189597344#1;;0.0312578144536134;9.354800495149767;60.6224714950054;1562.86841626666;0.006720557280566565;0.5998057555479863;0.23802724250252752
-189597344#1;;0.031525851197982346;9.891786404994;57.91749690527798;0.0;0.0;0.0;0.0
189597344#0;;0.033879929529746576;9.644741498574321;67.00022752826527;4966.752217302129;0.11506815809107003;1.4332678194171025;0.2208797024354401
189597344#1;;0.0312578144536134;9.342465563674878;61.643414856073875;2219.3926424371725;0.035464078374358374;0.7826680872178274;0.24731325886597916
-189597344#1;;0.031525851197982346;9.849389887681467;62.691013058870425;3032.1464847242055;0.06012701873825517;0.9838687079389838;0.22642673822587558
189597344#0;;0.033879929529746576;9.517598343901698;67.93995154298395;5403.079603625059;0.13440251294747174;1.555377371753606;0.23232812652462229
189597344#1;;0.0312578144536134;9.351081396379124;60.396148125618566;1404.0392276025805;0.0;0.5555806716151096;0.23613446839126226
-189597344#1;;0.031525851197982346;9.875793165922426;58.750352963896674;0.0;0.0;0.0;0.0
189597344#0;;0.033879929529746576;9.432519879516738;65.28757991922208;4266.952727828439;0.0983244829577951;1.2811974633889138;0.22531696490107014
189597344#1;;0.0312578144536134;9.368578671489168;59.88989051273013;0.0;0.0;0.0;0.0
-189597344#1;;0.031525851197982346;9.844019718860462;62.043205573333765;2701.314373410069;0.04777014263630982;0.8981100140216974;0.2229483590124979
189597344#0;;0.033879929529746576;9.330379955027686;66.68346724826198;4907.430090827047;0.12435551424598504;1.4528709033994422;0.23788234526368585
189597344#1;;0.0312578144536134;9.336045965682413;62.95015039644533;3005.986815409949;0.0699734964023545;1.0020972634307834;0.2580345862267607
-189597344#1;;0.031525851197982346;9.846071472261572;60.065429103463856;1633.7645255394868;0.00759054182575093;0.6206418951385004;0.2107547765110723
189597344#0;;0.033879929529746576;9.222399090398875;67.35873516298643;5239.0899694626;0.1406650852032783;1.550169758084194;0.24791108740923218
189597344#1;;0.0312578144536134;9.348642200264434;60.179000211826256;0.0;0.0;0.0;0.0
-189597344#1;;0.031525851197982346;9.851330992096976;59.88296764395276;1532.2205553948668;0.0037589198972610774;0.5942813791395223;0.20936286205999677
189597344#0;;0.033879929529746576;9.080832412437676;70.21377282804339;6594.3292924698835;0.19877859118124483;1.9232363620360409;0.2723171107728411
189597344#1;;0.0312578144536134;9.345021003632818;61.11095249518678;1880.206530270341;0.020619027989286012;0.6881505673080252;0.2427118978029031
-189597344#1;;0.031525851197982346;9.836573936045736;61.03475241817505;2166.928067365085;0.027725479823028365;0.7593289669615901;0.21724910674417916
189597344#0;;0.033879929529746576;8.949459684213814;69.8561161839238;6496.706673383447;0.20254260188755543;1.9192904170399787;0.28006554886648716
189597344#1;;0.0312578144536134;9.32656401039321;62.049706499855645;2462.704688978029;0.04631522480799724;0.8508498898607018;0.25139535054229734
-189597344#1;;0.031525851197982346;9.828455198504045;60.6597614306622;1957.9789607403868;0.01990098142399841;0.7050407729773299;0.21526125861746093
189597344#0;;0.033879929529746576;8.837546122989506;68.68901636026004;5991.285216706321;0.18831246948325145;1.8009063418470024;0.2815799522483777
189597344#1;;0.0312578144536134;9.369322098549407;58.65624291539335;0.0;0.0;0.0;0.0
-189597344#1;;0.031525851197982346;9.886213117940795;57.30447293737101;0.0;0.0;0.0;0.0
189597344#0;;0.033879929529746576;8.852579571803687;59.680491554100435;0.0;0.0;0.0;0.0
189597344#1;;0.0312578144536134;9.338020374749092;62.86542945310603;2957.1745541970618;0.06779891855898526;0.988407000648953;0.2572786546834104
-189597344#1;;0.031525851197982346;9.846919800969593;62.50175435817579;2936.167203667874;0.056560571178935024;0.9590366177877216;0.22546442137223205
189597344#0;;0.033879929529746576;8.834014422406213;61.80125328645212;2438.780364479552;0.04207152446563117;0.838258474581374;0.23772291469602475
189597344#1;;0.0312578144536134;9.339753592695597;60.803093086553844;1672.165029580047;0.011556254114178837;0.6301985226336199;0.24025170126170914
-189597344#1;;0.031525851197982346;9.896925054277437;57.62346593670577;0.0;0.0;0.0;0.0
189597344#0;;0.033879929529746576;8.851399585247242;59.548069320486775;0.0;0.0;0.0;0.0
189597344#1;;0.0312578144536134;9.382362670646176;58.64661808160098;0.0;0.0;0.0;0.0
-189597344#1;;0.031525851197982346;9.88246958587115;60.96023416567462;2147.0937964903433;0.026590303630600415;0.7534975105897109;0.21483552361544603
189597344#0;;0.033879929529746576;8.855777582566322;60.30520796086829;1552.3777662909242;0.005461848054214603;0.5980404520180879;0.22555630833666604
189597344#1;;0.0312578144536134;9.37363705284851;61.37925531304826;2072.6606392109124;0.028763606005066146;0.7414134205688493;0.24370795584212
-189597344#1;;0.031525851197982346;9.890246208398413;59.70306156477032;1453.7118667210843;0.0007489747276957538;0.574179388326058;0.20670401610251038
189597344#0;;0.033879929529746576;8.87661546476653;59.32331204093401;0.0;0.0;0.0;0.0
189597344#1;;0.0312578144536134;9.365463688874968;61.35688181658354;2053.0575111850776;0.0279864329449588;0.7360640284573007;0.24388902669066487
-189597344#1;;0.031525851197982346;9.848488451139463;62.65255812587439;3012.619024569265;0.059408580888674206;0.9788344991134406;0.22625115316502675
189597344#0;;0.033879929529746576;8.87504720336593;60.64499802666819;1778.571756783746;0.014616429828887657;0.6591409469227143;0.2273079853601206
189597344#1;;0.0312578144536134;9.34131993503726;62.39220095583627;2678.0892088615515;0.055533271549548464;0.9105047861357861;0.25341594590995736
-189597344#1;;0.031525851197982346;9.82325981789911;61.67430808926468;2502.6025320430867;0.04054231822489855;0.8469998752933745;0.2217139263533181
189597344#0;;0.033879929529746576;8.828319395275125;63.77579233317364;3524.894260437375;0.08698723939935123;1.1330928779251315;0.2515495266529646
189597344#1;;0.0312578144536134;9.323808465748252;61.993786324870854;2426.732972934024;0.044772823702838485;0.8408735675927197;0.25107220923658563
-189597344#1;;0.031525851197982346;9.893146066907217;56.81487297809302;0.0;0.0;0.0;0.0
189597344#0;;0.033879929529746576;8.831804543796112;60.39120610284628;1587.1983440851618;0.006978412168546564;0.6073646442583932;0.22727030755035607
189597344#1;;0.0312578144536134;9.32993879424533;60.56335005538802;1500.451492335925;0.0040742717016032035;0.5822763202043714;0.23850084045253653
-189597344#1;;0.031525851197982346;9.860788160605924;62.05558637180563;2712.5309664850747;0.04795661195526862;0.900479383634081;0.22224643967984395
189597344#0;;0.033879929529746576;8.843290610435664;59.89782344161977;0.0;0.0;0.0;0.0
189597344#1;;0.0312578144536134;9.331109753902902;60.84712503559015;1694.6352588876493;0.01258331475979075;0.6364583903592613;0.24100346012549811
-189597344#1;;0.031525851197982346;9.86455021463865;59.95021339377669;1579.3002444035726;0.005489715702964199;0.606551652674362;0.20928720725311414
189597344#0;;0.033879929529746576;8.829452753211099;61.49439355497384;2257.8926643402388;0.03466752383020878;0.7893041436037543;0.23573302161564577
189597344#1;;0.0312578144536134;9.383235107786453;58.23919614148434;0.0;0.0;0.0;0.0
-189597344#1;;0.031525851197982346;9.891358727879302;58.71399914037759;0.0;0.0;0.0;0.0
189597344#0;;0.06775985905949315;13.224633827263549;62.53421821268802;3751.346389651491;0.033675602481431546;1.3937727856842854;0.23612109505852605
189597344#0;;0.06775985905949315;13.224633827263549;62.53421821268802;3751.346389651491;0.033675602481431546;1.3937727856842854;0.23612109505852605
189597344#1;;0.0312578144536134;9.345712783075633;63.26810895710429;3193.24780387435;0.07796441949453811;1.053843713330041;0.25994697745507095
-189597344#1;;0.031525851197982346;9.83216284744393;63.78213905315934;3570.0702856917987;0.08073010957384323;1.1246209368825928;0.23341242783381702
189597344#0;;0.06775985905949315;13.02422573016842;68.06764434852855;5185.168327014308;0.016705008975150277;1.309302274491634;0.23769512749818145
189597344#0;;0.06775985905949315;13.02422573016842;68.06764434852855;5185.168327014308;0.016705008975150277;1.309302274491634;0.23769512749818145
189597344#1;;0.0312578144536134;9.327632932525258;62.02423648862342;2447.6089732982573;0.04563839057473176;0.8466104275562271;0.25113669393404026
-189597344#1;;0.031525851197982346;9.889241173118956;57.329529224254;0.0;0.0;0.0;0.0
189597344#0;;0.06775985905949315;12.862806276871584;68.14936634948643;3513.6270430571403;0.0008242300551388247;0.6713805029611964;0.013558739833157784
189597344#0;;0.06775985905949315;12.862806276871584;68.14936634948643;3513.6270430571403;0.0008242300551388247;0.6713805029611964;0.013558739833157784
189597344#1;;0.0312578144536134;9.376217727094216;58.39537136965883;0.0;0.0;0.0;0.0
-189597344#1;;0.031525851197982346;9.886476741163342;60.28755438511671;1782.3832335899037;0.012985244469838673;0.6591360372978977;0.21055824785943844
189597344#0;;0.06775985905949315;12.674865306559063;67.716246928731;5527.562877479884;0.030415541918883723;1.4427959742897336;0.2539619629425385
189597344#0;;0.06775985905949315;12.674865306559063;67.716246928731;5527.562877479884;0.030415541918883723;1.4427959742897336;0.2539619629425385
189597344#1;;0.0312578144536134;9.365056179645025;61.53971585851562;2168.3040083909523;0.03299939438344709;0.7680939274044163;0.24541947155366006
-189597344#1;;0.031525851197982346;9.85563117034562;61.970618934667854;2667.36124075559;0.04633439005127035;0.8889236476939769;0.22199073219319204
189597344#0;;0.06775985905949315;12.501313232969448;67.39742408244288;5480.7519312996865;0.030163935257741768;1.4548008649745494;0.2602444803609091
189597344#0;;0.06775985905949315;12.501313232969448;67.39742408244288;5480.7519312996865;0.030163935257741768;1.4548008649745494;0.2602444803609091
189597344#1;;0.0312578144536134;9.360675007492517;61.13530718869634;1907.506519352029;0.021695840855875153;0.6956511607750694;0.24223809930575657
-189597344#1;;0.031525851197982346;9.854485898691635;60.23374892797574;1734.2740450721076;0.011333910881314831;0.646746260574529;0.21150156893609556
189597344#0;;0.06775985905949315;12.397430740583246;66.60966046729561;3386.53785271569;0.003696182686521335;0.7312122937089597;0.03207153685279713
189597344#0;;0.06775985905949315;12.397430740583246;66.60966046729561;3386.53785271569;0.003696182686521335;0.7312122937089597;0.03207153685279713
189597344#1;;0.0312578144536134;9.377784774160698;59.899068727980904;0.0;0.0;0.0;0.0
-189597344#1;;0.031525851197982346;9.886383982035618;58.469272776203205;0.0;0.0;0.0;0.0
189597344#0;;0.06775985905949315;12.246615618402256;66.50346443431143;5565.70604521861;0.04275262780880083;1.5489645094558675;0.2736168931106185
189597344#0;;0.06775985905949315;12.246615618402256;66.50346443431143;5565.70604521861;0.04275262780880083;1.5489645094558675;0.2736168931106185
189597344#1;;0.0312578144536134;9.36688307976643;61.52125390943084;2157.8571382764603;0.03252687139621636;0.7651640111133375;0.24518429994365215
-189597344#1;;0.031525851197982346;9.898002275491832;59.48883058754197;1334.4211098215592;0.0;0.5434346681275327;0.2050200881981769
189597344#0;;0.06775985905949315;12.072259844841604;67.97307780921264;5969.617481192003;0.04280632890558241;1.5861646657984738;0.28052836113308294
189597344#0;;0.06775985905949315;12.072259844841604;67.97307780921264;5969.617481192003;0.04280632890558241;1.5861646657984738;0.28052836113308294
189597344#1;;0.0312578144536134;9.362467247106121;61.13497859930991;1908.5887423238628;0.021729695797624914;0.695940136534125;0.24215710162417223
-189597344#1;;0.031525851197982346;9.823242272587297;64.8091149211367;4066.316630675408;0.09970874362749876;1.2544631712985486;0.23953356482132104
189597344#0;;0.06775985905949315;11.934221427277139;68.38708436494093;3972.148892981312;0.010758792759567258;0.8415795703254768;0.05197735622610068
189597344#0;;0.06775985905949315;11.934221427277139;68.38708436494093;3972.148892981312;0.010758792759567258;0.8415795703254768;0.05197735622610068
189597344#1;;0.0312578144536134;9.325725052533553;63.2483313126994;3175.594518315232;0.07762011015434161;1.0498804616259063;0.26086631175928743
-189597344#1;;0.031525851197982346;9.838070896679783;59.383747943162035;0.0;0.0;0.0;0.0
189597344#0;;0.06775985905949315;11.823578072864851;66.41035388825509;4753.178563114768;0.01015163815857304;1.3340692306694024;0.27905808721659237
189597344#0;;0.06775985905949315;11.823578072864851;66.41035388825509;4753.178563114768;0.01015163815857304;1.3340692306694024;0.27905808721659237
189597344#1;;0.0312578144536134;9.32320707433705;61.074544239166556;1839.8616649172805;0.019002802961643424;0.6770090410441708;0.2433420547192388
-189597344#1;;0.031525851197982346;9.839790057173632;60.09101989472231;1644.5496290315184;0.008018164453736331;0.6234361550377303;0.21116811568013344
189597344#0;;0.06775985905949315;11.694268314613536;66.93973982151653;5411.837190087369;0.028149531091545416;1.5040244217445682;0.29165139613305957
189597344#0;;0.06775985905949315;11.694268314613536;66.93973982151653;5411.837190087369;0.028149531091545416;1.5040244217445682;0.29165139613305957
189597344#1;;0.0312578144536134;9.335127587914203;60.23313756286356;1273.8978948163115;0.0;0.519135116503741;0.23524238319068744
-189597344#1;;0.031525851197982346;9.887876380573983;57.71717370598489;0.0;0.0;0.0;0.0
189597344#0;;0.06775985905949315;11.516889490490785;68.28729727428082;7012.1709812104;0.0868786658379612;1.9122227387615376;0.3171434989536178
189597344#0;;0.06775985905949315;11.516889490490785;68.28729727428082;7012.1709812104;0.0868786658379612;1.9122227387615376;0.3171434989536178
189597344#1;;0.0312578144536134;9.382945983499885;58.419369793997106;0.0;0.0;0.0;0.0
-189597344#1;;0.031525851197982346;9.873933180790365;60.940969551838734;2132.9959159347636;0.026135597067872128;0.749971566337523;0.21508236349564416
189597344#0;;0.06775985905949315;11.38636221655143;68.37025392082285;4201.998625407005;0.0222797176150719;0.9509733644201924;0.07835038352942102
189597344#0;;0.06775985905949315;11.38636221655143;68.37025392082285;4201.998625407005;0.0222797176150719;0.9509733644201924;0.07835038352942102
189597344#1;;0.0312578144536134;9.380971548119202;60.96578037530972;1812.2891505267573;0.01742444985886427;0.6691063706184959;0.23992113550748584
-189597344#1;;0.031525851197982346;9.822979299715787;63.270331054362636;3316.8837803075767;0.07135777435380002;1.0591942601719513;0.2310072169777849
189597344#0;;0.06775985905949315;11.300453782797845;65.08748368642051;5087.252524850064;0.04083685551109709;1.5457671680064935;0.31303795351563013
189597344#0;;0.06775985905949315;11.300453782797845;65.08748368642051;5087.252524850064;0.04083685551109709;1.5457671680064935;0.31303795351563013
189597344#1;;0.0312578144536134;9.332703990931204;64.02381050532925;3617.771300823623;0.09684708130129592;1.172885269500136;0.26629906588216057
-189597344#1;;0.031525851197982346;9.877018310883805;57.47038882218413;0.0;0.0;0.0;0.0
189597344#0;;0.06775985905949315;11.248224528524599;64.59129068166916;3098.4648291661633;0.015270577520376962;0.8234287862161292;0.08331470712574075
189597344#0;;0.06775985905949315;11.248224528524599;64.59129068166916;3098.4648291661633;0.015270577520376962;0.8234287862161292;0.08331470712574075
189597344#1;;0.0312578144536134;9.337992511803789;60.600846595739036;1533.43049161416;0.005493495162336284;0.5915228244860088;0.23851588431030196
-189597344#1;;0.031525851197982346;9.837031890451504;62.55925960558617;2963.0064329955685;0.05773363834974345;0.9664106468735691;0.2262657323282003
189597344#0;;0.06775985905949315;11.17254671155189;66.30072600277327;3731.1369217944375;0.02352421041926632;0.9240139386208607;0.09078535406467984
189597344#0;;0.06775985905949315;11.17254671155189;66.30072600277327;3731.1369217944375;0.02352421041926632;0.9240139386208607;0.09078535406467984
189597344#1;;0.0312578144536134;9.35773984765782;59.78467998808296;0.0;0.0;0.0;0.0
-189597344#1;;0.031525851197982346;9.834871699899804;60.31342399320866;1767.9508977477385;0.012690298723180936;0.65553925242874;0.2127982735886001
189597344#0;;0.06775985905949315;11.052916403891885;66.65341328426818;6200.67371933141;0.0727422577335387;1.7988964322075103;0.3342669534333118
189597344#0;;0.06775985905949315;11.052916403891885;66.65341328426818;6200.67371933141;0.0727422577335387;1.7988964322075103;0.3342669534333118
189597344#1;;0.0312578144536134;9.371106250566866;60.10877399090748;0.0;0.0;0.0;0.0
-189597344#1;;0.031525851197982346;9.863241003106255;58.66591058761386;0.0;0.0;0.0;0.0
189597344#0;;0.06775985905949315;10.962485505630845;66.0745990260934;5284.68650516603;0.037367194413574785;1.5629651937430276;0.32802521818687314
189597344#0;;0.06775985905949315;10.962485505630845;66.0745990260934;5284.68650516603;0.037367194413574785;1.5629651937430276;0.32802521818687314
189597344#1;;0.0312578144536134;9.330980122489574;63.46845855695289;3303.614873035504;0.0831199921719974;1.085346022072769;0.26225326117754144
-189597344#1;;0.031525851197982346;9.885624913801745;58.942307930564496;0.0;0.0;0.0;0.0
189597344#0;;0.06775985905949315;10.873691120289214;66.54250562873781;5194.1531863373275;0.03126516555739162;1.5214683456533067;0.3297767259132338
189597344#0;;0.06775985905949315;10.873691120289214;66.54250562873781;5194.1531863373275;0.03126516555739162;1.5214683456533067;0.3297767259132338
189597344#1;;0.0312578144536134;9.349647795980387;59.85148435313065;0.0;0.0;0.0;0.0
-189597344#1;;0.031525851197982346;9.826346686153025;63.797194101272595;3576.9460308287416;0.08112182294455571;1.1267596953168844;0.23379465507101826
189597344#0;;0.06775985905949315;10.753129401150927;66.78856780795962;6783.074142895983;0.10549436433351275;1.9985834594675813;0.3591261686941021
189597344#0;;0.06775985905949315;10.753129401150927;66.78856780795962;6783.074142895983;0.10549436433351275;1.9985834594675813;0.3591261686941021
189597344#1;;0.0312578144536134;9.360559267249606;60.25655867160896;1315.4993027658645;0.0;0.5310557666170326;0.23448585625114912
-189597344#1;;0.031525851197982346;9.84839749826996;58.998480350424984;0.0;0.0;0.0;0.0
189597344#0;;0.06775985905949315;10.697326617040147;65.3886206684958;3518.316684899934;0.03041568064603917;0.9426599812142086;0.11486056647854453
189597344#0;;0.06775985905949315;10.697326617040147;65.3886206684958;3518.316684899934;0.03041568064603917;0.9426599812142086;0.11486056647854453
189597344#1;;0.0312578144536134;9.379636565998448;59.792743235357605;0.0;0.0;0.0;0.0
-189597344#1;;0.031525851197982346;9.834888126933564;60.963942429957825;2127.8054367842406;0.026264386073849393;0.7491748222648166;0.21688556442383805
189597344#0;;0.06775985905949315;10.585658022680079;69.17484422046138;4916.367031023506;0.05641662046977681;1.2043195030007459;0.129439543473864
189597344#0;;0.06775985905949315;10.585658022680079;69.17484422046138;4916.367031023506;0.05641662046977681;1.2043195030007459;0.129439543473864
189597344#1;;0.0312578144536134;9.364381885530877;61.793972479706724;2326.1392765964683;0.03986792082032272;0.811967592207765;0.24752231465597482
-189597344#1;;0.031525851197982346;9.902163643974912;56.905243449691284;0.0;0.0;0.0;0.0
189597344#0;;0.06775985905949315;10.490973798850142;67.31242550338285;5827.609330238672;0.05501800519969725;1.7055860148859454;0.3576733082155465
189597344#0;;0.06775985905949315;10.490973798850142;67.31242550338285;5827.609330238672;0.05501800519969725;1.7055860148859454;0.3576733082155465
189597344#1;;0.0312578144536134;9.337379205315465;62.583875902046024;2790.78077054991;0.06052821451012365;0.9420455214127631;0.25512177709232553
-189597344#1;;0.031525851197982346;9.847083642104757;63.49416440188757;3430.4911459371233;0.07514465395421845;1.0874639591036994;0.23105387590922158
189597344#0;;0.06775985905949315;10.439296524774639;65.07757426424875;3403.4675395759486;0.0351393696862545;0.9524302662314479;0.13182913382296965
189597344#0;;0.06775985905949315;10.439296524774639;65.07757426424875;3403.4675395759486;0.0351393696862545;0.9524302662314479;0.13182913382296965
189597344#1;;0.0312578144536134;9.390176737235755;58.20288784660946;0.0;0.0;0.0;0.0
-189597344#1;;0.031525851197982346;9.833026290908757;60.998249614909305;2145.573519000077;0.02695042618354308;0.7538252957826557;0.2171766820386571
189597344#0;;0.06775985905949315;10.312814976341249;68.28154922985593;7329.540424155894;0.11635342178894634;2.114558327461563;0.38600222476260937
189597344#0;;0.06775985905949315;10.312814976341249;68.28154922985593;7329.540424155894;0.11635342178894634;2.114558327461563;0.38600222476260937
189597344#1;;0.0312578144536134;9.380456903420189;61.43040265059426;2109.35939975087;0.030290328833766686;0.7515115714302912;0.2438219572556382
-189597344#1;;0.031525851197982346;9.869181130108858;58.28301816944631;0.0;0.0;0.0;0.0
189597344#0;;0.06775985905949315;10.165677522415354;69.55198789610421;8282.968515964563;0.15010546044884732;2.3545271896957294;0.404625217423747
189597344#0;;0.06775985905949315;10.165677522415354;69.55198789610421;8282.968515964563;0.15010546044884732;2.3545271896957294;0.404625217423747
189597344#1;;0.0312578144536134;9.35149585549158;62.690290202107974;2859.606932606073;0.06328874542264717;0.9607043502578766;0.2552320559553063
-189597344#1;;0.031525851197982346;9.89577103465571;58.720299392255725;0.0;0.0;0.0;0.0
189597344#0;;0.06775985905949315;10.088392141705295;68.93786070457982;5161.652107835879;0.08247640673236231;1.3434960385620576;0.1645334252225013
189597344#0;;0.06775985905949315;10.088392141705295;68.93786070457982;5161.652107835879;0.08247640673236231;1.3434960385620576;0.1645334252225013
189597344#1;;0.0312578144536134;9.38942815748637;58.849635106165536;0.0;0.0;0.0;0.0
-189597344#1;;0.031525851197982346;9.859272846023407;62.31131107088692;2842.6079114824674;0.05285311724365265;0.9342746633531497;0.2237894870326381
189597344#0;;0.06775985905949315;9.981809217167369;69.56880693507568;6867.414588026203;0.09551944579259156;1.9897878592591471;0.39901044537309205
189597344#0;;0.06775985905949315;9.981809217167369;69.56880693507568;6867.414588026203;0.09551944579259156;1.9897878592591471;0.39901044537309205
189597344#1;;0.0312578144536134;9.325362082848883;65.15011646501561;4235.633666521163;0.12416431522129565;1.3458302193540412;0.27490240544138417
-189597344#1;;0.031525851197982346;9.8901775604739;58.513625748701166;0.0;0.0;0.0;0.0
189597344#0;;0.06775985905949315;9.891237387445825;67.9067699702729;6555.2230747393605;0.09842654082549387;1.9612206387352784;0.4054131989495495
189597344#0;;0.06775985905949315;9.891237387445825;67.9067699702729;6555.2230747393605;0.09842654082549387;1.9612206387352784;0.4054131989495495
189597344#1;;0.0312578144536134;9.391942169775996;57.67380701384408;0.0;0.0;0.0;0.0
-189597344#1;;0.031525851197982346;9.859113415380664;61.979118859517925;2672.7743787251093;0.04648996839482662;0.8902196252926607;0.22188032814681483
189597344#0;;0.06775985905949315;9.818266668985812;67.44588420277375;5921.930604698438;0.08261914607472447;1.8088077464992747;0.40369097224904466
189597344#0;;0.06775985905949315;9.818266668985812;67.44588420277375;5921.930604698438;0.08261914607472447;1.8088077464992747;0.40369097224904466
189597344#1;;0.0312578144536134;9.340586287815572;64.22410517322929;3730.6377677329124;0.10157666935719037;1.2038496798427387;0.26732009848913413
-189597344#1;;0.031525851197982346;9.849716251355625;60.70761311813973;1995.0157472790982;0.02115195497990276;0.7144770095218873;0.21467406035521766
189597344#0;;0.06775985905949315;9.679124927576595;70.31238053256192;8994.14846803041;0.19478209570219435;2.6095019360508878;0.44783692768931005
189597344#0;;0.06775985905949315;9.679124927576595;70.31238053256192;8994.14846803041;0.19478209570219435;2.6095019360508878;0.44783692768931005
189597344#1;;0.0312578144536134;9.382394395073847;58.68227985452806;0.0;0.0;0.0;0.0
-189597344#1;;0.031525851197982346;9.884969180822813;58.3095577208814;0.0;0.0;0.0;0.0
189597344#0;;0.06775985905949315;9.613387245433625;67.31860715008332;4638.670438447303;0.0914535314934874;1.3117782510191505;0.19607073069513595
189597344#0;;0.06775985905949315;9.613387245433625;67.31860715008332;4638.670438447303;0.0914535314934874;1.3117782510191505;0.19607073069513595
189597344#1;;0.0312578144536134;9.326960091206209;64.5345559533549;3900.0589478292195;0.10938544033810091;1.2520336161741912;0.2703695607383555
-189597344#1;;0.031525851197982346;9.852884155070457;62.049915235052715;2707.3467011217354;0.047872915344265035;0.899390706650072;0.22257822067759264
189597344#0;;0.06775985905949315;9.550332173057337;68.21458277918586;5155.664679203289;0.11105947839222582;1.4463592094584108;0.20758864123006937
189597344#0;;0.06775985905949315;9.550332173057337;68.21458277918586;5155.664679203289;0.11105947839222582;1.4463592094584108;0.20758864123006937
189597344#1;;0.0312578144536134;9.349066374658292;59.672792699424875;0.0;0.0;0.0;0.0
-189597344#1;;0.031525851197982346;9.897638885833011;57.855885910674985;0.0;0.0;0.0;0.0
189597344#0;;0.06775985905949315;9.452928591027788;67.86555598354727;7762.829994477479;0.17052688943341304;2.3644189713742065;0.4555156793429229
189597344#0;;0.06775985905949315;9.452928591027788;67.86555598354727;7762.829994477479;0.17052688943341304;2.3644189713742065;0.4555156793429229
189597344#1;;0.0312578144536134;9.369859670898983;59.715090736690144;0.0;0.0;0.0;0.0
-189597344#1;;0.031525851197982346;9.868835160678202;61.828827534786164;2598.2981157077884;0.04357326027714968;0.8706165552704372;0.220563506589968
189597344#0;;0.06775985905949315;9.395997393897728;66.58780285730535;5872.78449334705;0.09760726402398154;1.8680398445256416;0.43744852926053873
189597344#0;;0.06775985905949315;9.395997393897728;66.58780285730535;5872.78449334705;0.09760726402398154;1.8680398445256416;0.43744852926053873
189597344#1;;0.0312578144536134;9.333889108322195;63.183145376016626;3140.569401718309;0.07591120712989789;1.039722658009906;0.25993322802686747
-189597344#1;;0.031525851197982346;9.87897445446291;59.588356660154304;1379.4195078414057;0.0;0.5548695830107856;0.20638113130770877
189597344#0;;0.06775985905949315;9.348295779837219;68.44494058265545;5415.981462988782;0.13175774025332315;1.548975208436904;0.22811521995857817
189597344#0;;0.06775985905949315;9.348295779837219;68.44494058265545;5415.981462988782;0.13175774025332315;1.548975208436904;0.22811521995857817
189597344#1;;0.0312578144536134;9.32764647353339;61.2915235351751;1985.1086879648176;0.025345741172966126;0.717527592455136;0.24502456940430675
-189597344#1;;0.031525851197982346;9.86344110763488;61.04665679148437;2185.1123252126417;0.028173607506231674;0.763634126774524;0.21616881136126923
189597344#0;;0.06775985905949315;9.239571067264766;69.04504953326142;8692.993454727928;0.21432910029003888;2.6329958872213917;0.48357475016157736
189597344#0;;0.06775985905949315;9.239571067264766;69.04504953326142;8692.993454727928;0.21432910029003888;2.6329958872213917;0.48357475016157736
189597344#1;;0.0312578144536134;9.353478781637342;59.47742957038961;0.0;0.0;0.0;0.0
-189597344#1;;0.031525851197982346;9.89643618695138;58.405911693813586;0.0;0.0;0.0;0.0
189597344#0;;0.06775985905949315;9.331701184743043;68.90553734495826;5634.090023315234;0.1496374137583512;1.6352322059506446;0.2446894434650281
189597344#0;;0.06775985905949315;9.331701184743043;68.90553734495826;5634.090023315234;0.1496374137583512;1.6352322059506446;0.2446894434650281
189597344#1;;0.0312578144536134;9.379863418228627;59.41722607984272;0.0;0.0;0.0;0.0
-189597344#1;;0.031525851197982346;9.837307647436935;63.76919602280269;3564.179262439311;0.08039162321006996;1.1227809277563818;0.2330770105139473
189597344#0;;0.06775985905949315;9.182040054304862;69.26753373786453;8418.677220508076;0.21162382886274606;2.5838591023980464;0.49501488165556123
189597344#0;;0.06775985905949315;9.182040054304862;69.26753373786453;8418.677220508076;0.21162382886274606;2.5838591023980464;0.49501488165556123
189597344#1;;0.0312578144536134;9.376803791848028;61.03533428150382;1854.4359766100247;0.019277237833425918;0.6808171005091198;0.24069036352569537
-189597344#1;;0.031525851197982346;9.899849171159731;57.09466030710385;0.0;0.0;0.0;0.0
189597344#0;;0.06775985905949315;9.068878069559421;70.49028658965652;6567.620862328979;0.1974692044714883;1.9153991912108947;0.27167859643327086
189597344#0;;0.06775985905949315;9.068878069559421;70.49028658965652;6567.620862328979;0.1974692044714883;1.9153991912108947;0.27167859643327086
189597344#1;;0.0312578144536134;9.325864081188485;64.22171096491991;3726.8524526861693;0.10181469038066614;1.2037602112077934;0.26814573388064356
-189597344#1;;0.031525851197982346;9.847455896905254;63.32276505152599;3346.2161692166546;0.07196831222273256;1.0655482710724726;0.23008042609064844
189597344#0;;0.06775985905949315;8.99838818262037;67.31185855474766;4900.936815082815;0.13693393869337267;1.4877677053683858;0.25789498587122583
189597344#0;;0.06775985905949315;8.99838818262037;67.31185855474766;4900.936815082815;0.13693393869337267;1.4877677053683858;0.25789498587122583
189597344#1;;0.0312578144536134;9.383644317619154;58.01292523007646;0.0;0.0;0.0;0.0
-189597344#1;;0.031525851197982346;9.864817562860251;59.2224118777802;0.0;0.0;0.0;0.0
189597344#0;;0.06775985905949315;8.813207278067507;71.53564931392691;10478.261679990994;0.31397762627059705;3.1919333502952414;0.5444852266256148
189597344#0;;0.06775985905949315;8.813207278067507;71.53564931392691;10478.261679990994;0.31397762627059705;3.1919333502952414;0.5444852266256148
189597344#1;;0.0312578144536134;9.324784615052222;64.78056164472004;4034.7201564380925;0.11536188934321459;1.2897845918993476;0.27228105349441684
-189597344#1;;0.031525851197982346;9.825418746734337;62.539768980764386;2950.4492333804806;0.05745174227926932;0.9636100704851653;0.22670825333519912
189597344#0;;0.06775985905949315;8.785943930141643;66.31518279782851;4462.297950958896;0.12717042160122793;1.391316773322771;0.2657900015272253
189597344#0;;0.06775985905949315;8.785943930141643;66.31518279782851;4462.297950958896;0.12717042160122793;1.391316773322771;0.2657900015272253
189597344#1;;0.0312578144536134;9.370747747362756;58.51421549564812;0.0;0.0;0.0;0.0
-189597344#1;;0.031525851197982346;9.88358903767341;57.290177111575986;0.0;0.0;0.0;0.0
189597344#0;;0.06775985905949315;8.651622769095345;70.95195276570973;8949.8065961939;0.26334368549354115;2.8122675392618537;0.5379412994638805
189597344#0;;0.06775985905949315;8.651622769095345;70.95195276570973;8949.8065961939;0.26334368549354115;2.8122675392618537;0.5379412994638805
189597344#1;;0.0312578144536134;9.346808654042304;62.37075993053164;2667.779323643045;0.05499604289608359;0.9074604719193735;0.25297375746679235
-189597344#1;;0.031525851197982346;9.898046074862098;59.33877133549022;0.0;0.0;0.0;0.0
189597344#0;;0.06775985905949315;8.509149511596245;70.35101476614078;9553.26707543061;0.2948389263352912;2.993042592708121;0.5553866529497986
189597344#0;;0.06775985905949315;8.509149511596245;70.35101476614078;9553.26707543061;0.2948389263352912;2.993042592708121;0.5553866529497986
189597344#1;;0.0312578144536134;9.36925426918558;59.63035107198637;0.0;0.0;0.0;0.0
-189597344#1;;0.031525851197982346;9.882945676224367;60.99717758731471;2167.0586588853753;0.027329932851896648;0.7586550680104974;0.21503689040134494
189597344#0;;0.06775985905949315;8.524881430445426;63.31429218683016;2796.348047377318;0.0002936888883634265;1.1093337518950148;0.46537832022396786
189597344#0;;0.06775985905949315;8.524881430445426;63.31429218683016;2796.348047377318;0.0002936888883634265;1.1093337518950148;0.46537832022396786
189597344#1;;0.0312578144536134;9.36128437103059;61.35023704353638;2046.0314378718933;0.02771818336987411;0.7341580557576286;0.24402080633994966
-189597344#1;;0.031525851197982346;9.826864525841923;63.591141595476735;3475.9206957052384;0.07729119416289468;1.1004156820019821;0.23261746331571223
189597344#0;;0.06775985905949315;8.530149582510191;63.78662857571297;2217.1916366856913;0.03623837253480343;0.7833763702716535;0.2516471117413024
189597344#0;;0.06775985905949315;8.530149582510191;63.78662857571297;2217.1916366856913;0.03623837253480343;0.7833763702716535;0.2516471117413024
189597344#1;;0.0312578144536134;9.381628521535204;59.723970482933375;0.0;0.0;0.0;0.0
-189597344#1;;0.031525851197982346;9.870382519047762;57.94003542713245;0.0;0.0;0.0;0.0
189597344#0;;0.06775985905949315;8.506706239335415;64.71144529367146;4446.3263061891785;0.06826697488835819;1.5603514545362622;0.4872901883830807
189597344#0;;0.06775985905949315;8.506706239335415;64.71144529367146;4446.3263061891785;0.06826697488835819;1.5603514545362622;0.4872901883830807
189597344#1;;0.0312578144536134;9.388335911923749;60.45594799455635;1478.9896562504841;0.0029754472663328924;0.5767122400766572;0.23519684655752912
-189597344#1;;0.031525851197982346;9.868764003953252;60.24377640870146;1748.0654805206289;0.011787307436465094;0.650297919843925;0.210993904382321
189597344#0;;0.06775985905949315;8.51789946300388;63.80747985915989;2457.0673784800906;0.04716413930579483;0.8512360215711668;0.25580637299356224
189597344#0;;0.06775985905949315;8.51789946300388;63.80747985915989;2457.0673784800906;0.04716413930579483;0.8512360215711668;0.25580637299356224
189597344#1;;0.0312578144536134;9.32555669882851;65.05779983333709;4185.661981903047;0.12196419880781649;1.3318639005410342;0.2742298236743202
-189597344#1;;0.031525851197982346;9.85580612444736;60.906017829279804;2105.97338028858;0.025272086412923563;0.7432152785826316;0.2156396055294984
189597344#0;;0.06775985905949315;8.529802667500908;63.58339336144681;2169.8902920538467;0.030998864199430938;0.7653725489725782;0.23444256182102635
189597344#0;;0.06775985905949315;8.529802667500908;63.58339336144681;2169.8902920538467;0.030998864199430938;0.7653725489725782;0.23444256182102635
189597344#1;;0.0312578144536134;9.3384356824562;60.17641761969787;0.0;0.0;0.0;0.0
-189597344#1;;0.031525851197982346;9.827619633841822;61.84738596139339;2594.744879068871;0.043972110858965574;0.8708839628386731;0.22254860752608194
189597344#0;;0.06775985905949315;8.539186657611573;64.08956964065223;2804.2911897297836;0.06273839944948993;0.9491178962704676;0.26057646779551524
189597344#0;;0.06775985905949315;8.539186657611573;64.08956964065223;2804.2911897297836;0.06273839944948993;0.9491178962704676;0.26057646779551524
-189597344#2;;0.06873797085510036;8.732292917166866;55.9402874701336;1521.0;0.0;0.6117;0.0
:30848481_0;;0.2937902695997866;0.09512178153578481;58.1529561693216;0.0;0.0;0.0;0.0
-189597344#1;;0.031525851197982346;9.84043411723853;59.48770521483815;0.0;0.0;0.0;0.0
:9842732475_0;;0.019685522856633015;1.1305990576074674;60.76377755765585;1844.4014880134657;0.017360490781166884;0.6769434665366684;0.2286177937964697
189597344#0;;0.06524948136494217;8.534698908727258;60.680848729862326;1509.5075592353237;0.004722083782408808;0.5842971018186018;0.24279675277197643
-189597344#2;;0.06873797085510036;8.474198171933569;67.1976646787976;3374.2911624452904;0.00019663043586677257;0.6400741002377486;0.006635486770201349
189597344#2;;0.007429567845208994;4.260062893265936;62.358215188451744;2670.1214277297813;0.05476283548608507;0.9074444992773097;0.2518163110111303
-189597344#1;;0.031525851197982346;9.885620956539038;57.84881169295038;0.0;0.0;0.0;0.0
:9842732475_0;;0.06435027816061313;1.1245282408799462;63.85815407452608;3566.8557284219737;0.08898717128374972;1.1451372977134942;0.25268698627343894
189597344#0;;0.059553650664163585;8.517180002178208;62.223424773302185;2518.712805658236;0.05013692589292375;0.8689907221317997;0.25746727347239384
-189597344#2;;0.06873797085510036;8.229127213355405;67.37836165470995;3480.638189801552;0.000799933430037129;0.6700093210130064;0.013459344589594014
189597344#2;;0.01943499935731172;4.263087499984944;60.476316838596134;1480.8862553059625;0.0030936886471713103;0.5771408593154683;0.2359177125251139
-189597344#1;;0.031525851197982346;9.860282466679905;61.631633216861765;2493.1399576204117;0.039743165560162844;0.8435861102321414;0.21979566101754391
:9842732475_0;;0.10868051418433346;1.1287744236199244;58.69206309430163;0.0;0.0;0.0;0.0
189597344#0;;0.053900479218395775;8.558947089538156;58.66372878626013;0.0;0.0;0.0;0.0
-189597344#2;;0.06873797085510036;8.02069379589776;66.32463873719558;3358.5105106805636;0.0015166578946655134;0.6888024583855378;0.019657368845875246
189597344#2;;0.03144172216547122;4.262852833854924;60.888965757886965;1756.8924499237332;0.01506420528408403;0.6537526827454426;0.239548990309896
-189597344#1;;0.031525851197982346;9.892902631604692;58.427627370752475;0.0;0.0;0.0;0.0
:9842732475_0;;0.15337510712945215;1.1241510514413067;63.04973899116315;3130.998537591415;0.07100621253808988;1.026872918574671;0.24742789211368418
189597344#0;;0.04820084350063496;8.509832898642383;64.57216582945587;3906.917417732801;0.11276168609049152;1.2613385564079433;0.2767454555117167
-189597344#2;;0.06873797085510036;7.825515012788974;66.25622003292419;3404.9546503586553;0.0025522680044964916;0.7122276222844073;0.02587244243282979
189597344#2;;0.043460901183583645;4.260590503334008;61.15919950360134;1929.1464525700153;0.022571798096959972;0.7016044417336129;0.24206256574711266
-189597344#1;;0.031525851197982346;9.85998695415365;62.0907323988418;2730.310657418149;0.04863410038116359;0.9051176611320144;0.22248663441726801
:9842732475_0;;0.19789140498805532;1.1264087192969212;59.55344377179045;0.0;0.0;0.0;0.0
189597344#0;;0.04252394469524867;8.507836703845994;61.19099078492661;1837.7041286694785;0.01960329174068049;0.676840277934521;0.2488030850643597
-189597344#2;;0.06873797085510036;7.613069487724249;67.81580849708673;3777.5567608988576;0.004714963114978365;0.7602336864031345;0.03330843647716912
189597344#2;;0.055485644065368;4.259580755032296;60.998582653965165;1823.2671745503994;0.01798885487665105;0.6722054037787308;0.24079515940017565
-189597344#1;;0.031525851197982346;9.840555629411067;61.305046339546685;2313.642763170107;0.03321689506158948;0.7974175871165736;0.21872238264432045
:9842732475_0;;0.24252568555358595;1.1249137454910048;61.36772218256205;2178.314061220753;0.0314701913356214;0.7678540099073142;0.23520543743378985
189597344#0;;0.03683200025668456;8.567609395843087;57.8823371004771;0.0;0.0;0.0;0.0
-189597344#2;;0.06873797085510036;7.458095127994016;65.21650385360266;3311.766984192727;0.004894909764484472;0.7454194228879658;0.03856665737921777
189597344#2;;0.06753899052686181;4.254397229030733;61.567258580778145;2179.7514815909663;0.03359383480507232;0.7714193691966605;0.2460748570716734
-189597344#1;;0.031525851197982346;9.899672157597848;57.23408201789666;0.0;0.0;0.0;0.0
:9842732475_0;;0.26567481402763016;1.1262030409640227;59.994132341443105;1330.2227193442907;0.0;0.5376659111388897;0.22410506108266154
189597344#0;;0.033879929529746576;8.528557767012737;63.767717587721584;3451.8231634125164;0.09176255953028578;1.1316306950461459;0.2693579297168979
-189597344#2;;0.06873797085510036;7.312578938986372;65.09642013339528;3329.107101836321;0.006191744657101379;0.7619614979094499;0.04405356733184006
189597344#2;;0.06873797085510036;4.254037027347834;60.930605390251806;1769.26566089234;0.015714336530925077;0.6572287828285985;0.24073054474632094
-189597344#1;;0.031525851197982346;9.823799679344186;64.88112247783761;4100.740984086866;0.10099566970820201;1.2633905230337057;0.2398957844126191
:9842732475_0;;0.26567481402763016;1.1303808275753953;58.70375624262956;0.0;0.0;0.0;0.0
189597344#0;;0.033879929529746576;8.532841369317385;60.75470884635308;1559.6227003189174;0.006971250139151869;0.5983998152777515;0.24357922326146172
-189597344#2;;0.06873797085510036;7.1665479643687995;65.55457131562562;3470.8410613102806;0.00819815594282867;0.7903918657649566;0.04998987105844625
189597344#2;;0.06873797085510036;4.260170411032319;60.10557210544411;0.0;0.0;0.0;0.0
-189597344#1;;0.031525851197982346;9.840353334152107;59.29077749709593;0.0;0.0;0.0;0.0
:9842732475_0;;0.26567481402763016;1.1241270160252195;63.96838018765261;3624.770118333811;0.09146994287808939;1.1610818925305966;0.25360079900113874
189597344#0;;0.033879929529746576;8.548420056658117;60.052252170713956;0.0;0.0;0.0;0.0
-189597344#2;;0.06873797085510036;6.991721231453609;67.90080151771151;4053.3811810488332;0.01330901850309487;0.8703062709513425;0.05821927358708333
189597344#2;;0.06873797085510036;4.270687632208366;59.56796864374499;0.0;0.0;0.0;0.0
-189597344#1;;0.031525851197982346;9.897989744621833;57.29706105835534;0.0;0.0;0.0;0.0
:9842732475_0;;0.26567481402763016;1.1261550901027588;59.65824017728529;0.0;0.0;0.0;0.0
189597344#0;;0.033879929529746576;8.551378978581939;60.81108164331916;1616.9750817398883;0.009449005875357564;0.614612925886048;0.2432787415415612
-189597344#2;;0.06873797085510036;6.873399572737102;64.69073638071409;3368.186250221126;0.011169283868380548;0.8121699971920608;0.06230504052480536
189597344#2;;0.06873797085510036;4.24532145096571;64.5426284667586;3905.5757094284804;0.10936957227546422;1.25294689164989;0.2699150303482545
:9842732475_7;;0.02069025937454189;1.1741881955731894;60.28322551668993;1784.721788870409;0.013030742385821515;0.6597133198875745;0.21018420208506733
:9842732475_0;;0.26567481402763016;1.123861329437812;61.794235401209704;2424.050921320602;0.041745347590028736;0.8347973551082366;0.23873555689816248
189597344#0;;0.033879929529746576;8.517119176141088;63.430950621702124;3251.7225525706353;0.08307940579641328;1.0758628746152494;0.2673918422797077
-189597344#2;;0.06873797085510036;6.711293858330589;68.1535238379947;4243.643140369193;0.019669900520640722;0.934631641944785;0.07162957206112452
189597344#2;;0.06873797085510036;4.243253727601351;61.184792777323466;1918.2403022921608;0.022384993436931365;0.698840239590596;0.24395119406945448
:9842732475_7;;0.06188027037314848;1.170255361793896;62.101818635921084;2736.5444451942917;0.048839253224442415;0.9066682922460667;0.22245839475144394
189597344#1;;0.001099102362792021;9.615831684666727;57.49552827349475;0.0;0.0;0.0;0.0
189597344#0;;0.033879929529746576;8.54600825337749;59.32021654230286;0.0;0.0;0.0;0.0
-189597344#2;;0.06873797085510036;6.560031423856314;68.00327867384061;4282.371513700565;0.023303383965627488;0.9637972798830183;0.07935218449471247
189597344#2;;0.06873797085510036;4.270123760094402;57.953684985006255;0.0;0.0;0.0;0.0
:9842732475_7;;0.10334927832205106;1.1664469396324646;62.08249710799368;2717.4451419368306;0.048577205096693055;0.9027651390369462;0.22383244340799235
189597344#1;;0.006308519109150322;9.599721714668386;61.522041760402566;2289.135409933012;0.035636952818100115;0.7972179863077427;0.23459274739701874
189597344#0;;0.033879929529746576;8.563837536472258;59.90151461483702;0.0;0.0;0.0;0.0
-189597344#2;;0.06873797085510036;6.427506734987035;67.16152794828623;4134.81149831295;0.025086590719708392;0.9650754252709057;0.08596566890431406
189597344#2;;0.06873797085510036;4.25357428126331;63.17902181239464;3144.6537209742537;0.075670798389008;1.0399281550737507;0.2588391791174709
:9842732475_7;;0.14423251174042867;1.1744718108225811;56.89668857997606;0.0;0.0;0.0;0.0
189597344#1;;0.011562532491483393;9.558799034007649;63.14953081694717;3186.4758745926365;0.07322114738205693;1.0417541497586051;0.24789468703785555
189597344#0;;0.033879929529746576;8.562734555108284;61.05266374656752;1792.1708830508733;0.017171968200536715;0.6638105853254409;0.24496583387435952
-189597344#2;;0.06873797085510036;6.305630746069734;66.81764686001593;4101.652594383919;0.027721812127992625;0.9790376847517819;0.09258434581942916
189597344#2;;0.06873797085510036;4.250417429391001;61.30754210374476;2008.9443947062643;0.026226545019966935;0.7239894111621198;0.24430244381078425
:9842732475_7;;0.18564831006780866;1.1671713585443493;63.9253667846284;3640.21465589163;0.08328860981303408;1.142641363720079;0.2340091423138889
189597344#1;;0.01678399582448063;9.588633047436135;58.99831113692621;0.0;0.0;0.0;0.0
189597344#0;;0.033879929529746576;8.5567551707373;61.378645574513016;2003.9389061353145;0.026628473498015833;0.7232976965932403;0.24814993641468724
-189597344#2;;0.06873797085510036;6.211161035454543;64.99666442614078;3652.8592065633343;0.024934529174762337;0.9259078617002874;0.09642537402222466
189597344#2;;0.06873797085510036;4.258865810912453;59.836461241085736;0.0;0.0;0.0;0.0
:9842732475_7;;0.22656307769364598;1.1740369940384094;57.29222867683704;0.0;0.0;0.0;0.0
189597344#1;;0.02203524877616365;9.561321922830574;62.26968639910182;2700.0558777782394;0.05304979727468839;0.9095387895828334;0.24169701954312442
189597344#0;;0.033879929529746576;8.510277933763438;64.3677976502975;3791.282158310304;0.1075408991836628;1.2286413602229664;0.27514780866031724
-189597344#2;;0.06873797085510036;6.086199022261143;67.9410696970879;4516.71492463204;0.038921980555702104;1.0781351736702194;0.10706386394924329
189597344#2;;0.06873797085510036;4.2673420956096075;59.81017497182152;0.0;0.0;0.0;0.0
:9842732475_7;;0.26567481402763016;1.1743010854878504;59.99931589417316;1626.497759316941;0.007153316999191523;0.6188465519164643;0.20837151758196062
189597344#1;;0.02722317882757401;9.619563631885015;57.69993758892683;0.0;0.0;0.0;0.0
189597344#0;;0.033879929529746576;8.507514242245866;61.24137038124612;1871.6711047370538;0.021136164414809932;0.686439461568699;0.24928309667021986
-189597344#2;;0.06873797085510036;5.972496138783561;67.47013305733604;4445.632457682122;0.04173682120190818;1.086738151930116;0.11400448320899627
189597344#2;;0.06873797085510036;4.240125444728411;64.85179797387683;4073.5691022921997;0.1170824084232034;1.3006671328622428;0.27282345664405433
:9842732475_7;;0.26567481402763016;1.1694650699115505;62.58006455191448;2977.5982626503333;0.05797832117564762;0.9694571249204073;0.2255114412849206
189597344#1;;0.0312578144536134;9.619856430228891;60.53068559996476;1708.5981848138438;0.01176325095554245;0.6402687046161273;0.22643378521099305
189597344#0;;0.033879929529746576;8.528385853147794;59.77856789861303;0.0;0.0;0.0;0.0
-189597344#2;;0.06873797085510036;5.886540309216743;65.37643437434991;3875.744871703419;0.036058094773805185;1.0046451843669773;0.11706477725140872
189597344#2;;0.06873797085510036;4.266262511146485;58.02713985041648;0.0;0.0;0.0;0.0
:9842732475_7;;0.26567481402763016;1.1732434964189393;58.471207626658384;0.0;0.0;0.0;0.0
189597344#1;;0.0312578144536134;9.614983857311103;60.83406347522665;1890.5020579721493;0.019208013670839134;0.6893574357686544;0.22890999708938947
189597344#0;;0.033879929529746576;8.56792007157491;58.75671320873895;0.0;0.0;0.0;0.0
-189597344#2;;0.06873797085510036;5.810152451532897;64.7784527338446;3724.147417240625;0.03584223448623594;0.9887876143887615;0.1213640480716324
189597344#2;;0.06873797085510036;4.268149696735762;60.60411505337949;1577.042414380978;0.0072214777661714176;0.6038760936048415;0.23659684065520217
:9842732475_7;;0.26567481402763016;1.1656497207841858;64.10710252296452;3727.833436431538;0.08690333366626184;1.1662680690725182;0.23568034812075528
189597344#1;;0.0312578144536134;9.559320598687346;64.1288607067057;3710.0831896618133;0.09487982059983666;1.1839565681121422;0.25439212947262396
189597344#0;;0.033879929529746576;8.569999106080468;60.83974921968302;1654.248392030219;0.011012027232835248;0.6251213153189226;0.2427029648857935
-189597344#2;;0.06873797085510036;5.7494912429127005;63.52265460832071;3357.2655281644243;0.03137255830638207;0.9310573800524401;0.12357075084291591
189597344#2;;0.06873797085510036;4.25849960730431;62.16988885721722;2555.5982632792916;0.0498384371989691;0.8757265553638084;0.25050798482321124
:9842732475_7;;0.26567481402763016;1.1696472911339628;58.41347704239549;0.0;0.0;0.0;0.0
189597344#1;;0.0312578144536134;9.595552790787462;58.683591772918746;0.0;0.0;0.0;0.0
189597344#0;;0.033879929529746576;8.568786504082322;61.05089238002088;1796.2396848429412;0.01731094334957866;0.664933116393934;0.24466798055795164
-189597344#2;;0.06873797085510036;5.669590689353498;65.60209864381137;4028.445638868731;0.04533787843846961;1.0632338751241102;0.1325785395260592
189597344#2;;0.06873797085510036;4.270931320528133;59.35467059549684;0.0;0.0;0.0;0.0
:9842732475_7;;0.26567481402763016;1.1742779817624864;58.120635290932825;0.0;0.0;0.0;0.0
189597344#1;;0.0312578144536134;9.551959833592655;63.335979112719336;3285.9770826331737;0.07748588682906896;1.0691315762767761;0.24951223089148172
189597344#0;;0.033879929529746576;8.52594650468661;64.05892809478456;3618.5943402621074;0.09930999277998283;1.1788057824161138;0.27177893796073366
-189597344#2;;0.06873797085510036;5.564866483693517;68.45565937718509;4989.141282790948;0.06751206332959762;1.262209456629353;0.1457706984429289
189597344#2;;0.06873797085510036;4.262188008760401;62.03145290239767;2475.997113328812;0.04626827229414224;0.8534028279589279;0.2490207421675058
-189597344#0;;0.001838061320227914;9.189081634725012;61.3320476963887;2341.542782304626;0.03390820841034872;0.803950910175569;0.21736427145544485
189597344#1;;0.0312578144536134;9.575128325951988;59.346867451926585;0.0;0.0;0.0;0.0
189597344#0;;0.033879929529746576;8.554984693913974;59.30007799329506;0.0;0.0;0.0;0.0
-189597344#2;;0.06873797085510036;5.489561872881666;65.8320546056295;4176.520971489115;0.05472477224200637;1.1194176836029992;0.14676585092709943
189597344#2;;0.06873797085510036;4.253094557548434;62.10931011936861;2512.947732355426;0.04815075345571361;0.864185693447836;0.2506048908061509
-189597344#0;;0.007115324140900534;9.15611806452698;62.27299836091425;2818.0646248373428;0.052227131146441244;0.9286059897397824;0.224481035037201
189597344#1;;0.0312578144536134;9.609336822712805;58.76343161262963;0.0;0.0;0.0;0.0
189597344#0;;0.033879929529746576;8.56108215605631;60.60195321133019;1480.7364631739683;0.003352584379470931;0.5764055916692001;0.240896764149612
-189597344#2;;0.06873797085510036;5.416682536903005;65.86727481594653;4219.264781643281;0.058539875555077066;1.1397546233166305;0.15274044913666157
189597344#2;;0.06873797085510036;4.260070002052117;60.005707997335946;0.0;0.0;0.0;0.0
-189597344#0;;0.012402177343179577;9.148085070075794;60.68601292882228;1973.8772381702895;0.020483153278052762;0.7091558925978393;0.21531257199185402
189597344#1;;0.0312578144536134;9.608062066486108;60.634848653398436;1764.645512416344;0.014109263444113002;0.6554105755761467;0.2277074378190691
189597344#0;;0.033879929529746576;8.545797929129542;62.022670600429386;2410.109055500625;0.04484427609207416;0.8376308360098401;0.2542531643658197
-189597344#2;;0.06873797085510036;5.3284069693202385;67.88071909748707;4953.426844721704;0.07893644734560946;1.3053813121124551;0.1649150032059056
189597344#2;;0.06873797085510036;4.2441395337423735;63.12146588770538;3104.6218393255795;0.07435188175408444;1.029731110271429;0.2595020057403572
-189597344#0;;0.017639123571262377;9.19004250740963;57.86282456245394;0.0;0.0;0.0;0.0
189597344#1;;0.0312578144536134;9.602971582245127;60.861925050900545;1899.7964748472828;0.019667460195747413;0.6919441124949629;0.229626597302337
189597344#0;;0.033879929529746576;8.510529289079095;63.518048832537126;3300.6604538276624;0.08544525436906057;1.090045053039844;0.2684790747497389
-189597344#2;;0.06873797085510036;5.251355191471587;67.00830176075985;4694.743333119673;0.07699516051609892;1.2673058653671867;0.16977046017648986
189597344#2;;0.06873797085510036;4.270490321059682;57.99676369274848;0.0;0.0;0.0;0.0
-189597344#0;;0.022880551493117157;9.186258966946097;60.377294291450056;1824.4420794160155;0.01462470781840482;0.6700741779660186;0.21169327058577436
189597344#1;;0.0312578144536134;9.571491104311063;62.51948205303253;2843.7568810769453;0.058823966558880184;0.9481893852821145;0.24294184224793924
189597344#0;;0.033879929529746576;8.531662798848368;59.759425046574165;0.0;0.0;0.0;0.0
-189597344#2;;0.06873797085510036;5.190738238373023;65.42304503841503;4153.55233286112;0.06671849593982931;1.1631051600233557;0.1710752553203559
189597344#2;;0.06873797085510036;4.2476701993143156;64.14199871235995;3685.148693220534;0.09957873064327745;1.1911525216570482;0.2667021694610824
-189597344#0;;0.02811481042220081;9.192312676985168;59.78457370229941;1493.1854003545204;0.0022388322433059505;0.5843113587897711;0.20767042271380046
189597344#1;;0.0312578144536134;9.622649005036699;57.986854836966245;0.0;0.0;0.0;0.0
189597344#0;;0.033879929529746576;8.543434861138348;60.28291121835708;0.0;0.0;0.0;0.0
-189597344#2;;0.06873797085510036;5.107899539697185;68.3484806991671;5270.16124024186;0.09983924171218109;1.4223240027120179;0.1872413897156838
189597344#2;;0.06873797085510036;4.270926772098289;58.26844059228827;0.0;0.0;0.0;0.0
-189597344#0;;0.033388448869106455;9.159157548739328;62.28102054865897;2823.0203085767857;0.05236421890499446;0.9297768716809773;0.22437430053240917
189597344#1;;0.0312578144536134;9.592602685986801;62.39703569351307;2782.9899927557008;0.0559792226300115;0.9309725979802949;0.2410627815031574
189597344#0;;0.033879929529746576;8.55973270958028;59.995027578901826;0.0;0.0;0.0;0.0
-189597344#2;;0.06873797085510036;5.04662785998474;66.08551842342519;4458.077411602876;0.08171563624702373;1.2548777134905797;0.1865010174012046
189597344#2;;0.06873797085510036;4.262924294777856;61.92640505906091;2412.9689415170033;0.04351322348315816;0.8358668951754216;0.24810885823282144
-189597344#0;;0.033879929529746576;9.203999883691022;57.70903582671583;0.0;0.0;0.0;0.0
189597344#1;;0.0312578144536134;9.581822156232542;61.224904022320565;2104.9607162479188;0.028251681824437016;0.7476631415030242;0.23323367100478737
189597344#0;;0.033879929529746576;8.512434255845722;64.42668053049489;3825.099851090409;0.10899521269072089;1.238032235539017;0.27546310545027647
-189597344#2;;0.06873797085510036;4.979142799456532;67.13787533467597;4896.243859011185;0.09785453796639829;1.3674638680986821;0.1966999935164999
189597344#2;;0.06873797085510036;4.266545055189251;60.392947300656836;1430.6523853559572;0.0008992821580462735;0.5632643631167946;0.23487144908056906
-189597344#0;;0.033879929529746576;9.162159928256386;62.856110260098276;3114.3073466768788;0.06326998232022234;1.0053489952292534;0.22751262062149596
189597344#1;;0.0312578144536134;9.564716511846338;61.63012104765498;2334.5985023609055;0.03789462537600103;0.810223752358729;0.2369677381002098
189597344#0;;0.033879929529746576;8.544736463826258;59.14562509816111;0.0;0.0;0.0;0.0
-189597344#2;;0.06873797085510036;4.9039715462674875;68.46957519316857;5466.60883774622;0.11968784935169527;1.516780904058443;0.2094052071803696
189597344#2;;0.06873797085510036;4.240849222656629;64.61209207104551;3942.552805681797;0.1112817076266973;1.2639711508170455;0.2709948285814034
-189597344#0;;0.033879929529746576;9.20381945522847;57.86193837462653;0.0;0.0;0.0;0.0
189597344#1;;0.0312578144536134;9.581476984928857;59.671944366412646;0.0;0.0;0.0;0.0
189597344#0;;0.033879929529746576;8.52053184609135;62.6910656811024;2809.9882520256815;0.06316196500431014;0.9510635041054778;0.2611995986565199
-189597344#2;;0.06873797085510036;4.856704038650185;65.14394965052381;4153.796556936091;0.08293329440168229;1.2180598639114748;0.2022933936862621
189597344#2;;0.06873797085510036;4.253319346633012;59.39801414944159;0.0;0.0;0.0;0.0
-189597344#0;;0.033879929529746576;9.163306829492502;62.76499675971528;3068.911732654431;0.06154105098944832;0.9934992552399575;0.2269361402422383
189597344#1;;0.0312578144536134;9.561203681163743;61.829819186736;2448.8552461093777;0.04266073441644459;0.84132418473159;0.23857395259672487
189597344#0;;0.033879929529746576;8.538410470150472;59.93373931807929;0.0;0.0;0.0;0.0
-189597344#2;;0.06873797085510036;4.807237610821862;65.6292423902678;4369.685607067493;0.09239992227561464;1.2781086969197193;0.20937420179797112
189597344#2;;0.06873797085510036;4.251794580132073;61.0883893038426;1869.1415837734207;0.020101033886301613;0.6850420757861247;0.24230310096939586
-189597344#0;;0.033879929529746576;9.145492681588603;61.303637393553416;2307.9909870370643;0.03312680459968501;0.796187896476801;0.21924695927377946
189597344#1;;0.0312578144536134;9.577824804206365;59.683593968395776;0.0;0.0;0.0;0.0
189597344#0;;0.033879929529746576;8.509841435288694;63.02506810845462;3007.356777316367;0.07225567834049432;1.0072320008843605;0.26454598890278963
-189597344#2;;0.06873797085510036;4.765802587421682;64.75065579738137;4009.104272399355;0.0831098907176252;1.1980933033983332;0.21019106199370555
189597344#2;;0.06873797085510036;4.263677582592258;59.434535558355456;0.0;0.0;0.0;0.0
-189597344#0;;0.033879929529746576;9.186050884198275;57.935250225040356;0.0;0.0;0.0;0.0
189597344#1;;0.0312578144536134;9.571480051788946;60.975481013902204;1948.9116444680494;0.021905706975777896;0.7054716972696797;0.23182390120807633
189597344#0;;0.033879929529746576;8.508487154124504;61.148454838831;1809.2530702491624;0.018316806554636165;0.6687991524823577;0.2483786019877596
-189597344#2;;0.06873797085510036;4.705804397690433;67.49901287213416;5205.4609948223515;0.12654834739381543;1.502873393617623;0.22862695979429357
189597344#2;;0.06873797085510036;4.305399517936253;56.77256966233845;0.0;0.0;0.0;0.0
-189597344#0;;0.033879929529746576;9.198890719445599;59.38655342127166;0.0;0.0;0.0;0.0
189597344#1;;0.0312578144536134;9.608957325879848;58.60997898194819;0.0;0.0;0.0;0.0
189597344#0;;0.033879929529746576;8.508664493673683;61.04960107966944;1741.5343305354193;0.015265298108773053;0.6496666636660403;0.24744949793998325
-189597344#2;;0.06873797085510036;4.632467376600295;69.75845780767825;6232.029057924164;0.1684064739902359;1.7790075484601893;0.247977085831919
189597344#2;;0.06873797085510036;4.423211755945603;54.388055367103824;0.0;0.0;0.0;0.0
-189597344#0;;0.033879929529746576;9.205313201349222;59.74766892238661;1481.0212250257084;0.0017597543188912022;0.5812532054638977;0.20689902829824422
189597344#1;;0.0312578144536134;9.614816866888535;60.2235493059227;1513.0085685612148;0.0038060122959838304;0.5874902139627385;0.22427948541369788
189597344#0;;0.033879929529746576;8.550402117547662;58.67710347994186;0.0;0.0;0.0;0.0
-189597344#2;;0.06873797085510036;4.561050289607865;69.92010349193565;6373.541271975856;0.18093766440520606;1.8376252659788108;0.2585397600414825
189597344#2;;0.06873797085510036;4.547652977422978;53.67569108911506;0.0;0.0;0.0;0.0
-189597344#0;;0.033879929529746576;9.14497605536036;64.15393796014725;3750.788729746844;0.08765751155931589;1.17194327610066;0.2356949164779943
189597344#1;;0.0312578144536134;9.61919706087919;60.300774867441405;1565.0397550659961;0.0059151699932361084;0.6015492131206589;0.2247042154094054
189597344#0;;0.033879929529746576;8.51248098640039;63.71295048502737;3415.289972075039;0.09055379704625768;1.1223047933565826;0.2699065434122156
-189597344#2;;0.06873797085510036;4.49629388186167;69.33167065399961;6171.973263739519;0.18033750017708214;1.8059440543717789;0.2647126486633269
189597344#2;;0.06873797085510036;4.679298871714878;52.927625962609746;0.0;0.0;0.0;0.0
-189597344#0;;0.033879929529746576;9.18944904823267;57.742825633629934;0.0;0.0;0.0;0.0
189597344#1;;0.0312578144536134;9.620652934923454;60.46365060628439;1667.7178423090995;0.010093955365315755;0.62924423290218;0.22589280666050363
189597344#0;;0.033879929529746576;8.523495746956197;60.356106940701636;1263.4802233264681;0.0;0.5148401845395657;0.24011915416390447
-189597344#2;;0.06873797085510036;4.459549649550576;65.35663149015417;4334.077779716509;0.11289552073405523;1.3326395246219478;0.24809388744391578
189597344#2;;0.06873797085510036;4.818793775828395;52.140264081694994;0.0;0.0;0.0;0.0
-189597344#0;;0.033879929529746576;9.142647606465466;63.22481834544461;3294.615304987017;0.07046803445804632;1.053270869531236;0.23063181039609848
189597344#1;;0.0312578144536134;9.599234402972002;61.847733996427394;2476.335063103597;0.043311047022578514;0.8478371024161278;0.23692742080826068
189597344#0;;0.033879929529746576;8.524957129994146;60.943858411324854;1683.7161751118438;0.012568787396159105;0.6333459732263129;0.24571164250550345
-189597344#2;;0.06873797085510036;4.399742690899711;69.15729404981693;6178.362749082557;0.19108926467477585;1.8378022727598642;0.27779321905610277
189597344#2;;0.06873797085510036;4.966861221140831;51.309517417989895;0.0;0.0;0.0;0.0
-189597344#0;;0.033879929529746576;9.187460285456709;57.72891362602034;0.0;0.0;0.0;0.0
189597344#1;;0.0312578144536134;9.573515341001855;62.15180357701641;2638.228937089032;0.05031518370068526;0.8923809477672144;0.2402810659683436
189597344#0;;0.033879929529746576;8.517387320220635;61.54345892947848;2081.7003371361366;0.030495697473455586;0.7456550275822567;0.25154024972339906
-189597344#2;;0.06873797085510036;4.363341651462676;65.73086873537824;4533.068857673288;0.12770306983682203;1.4042393624789846;0.26253452370662367
189597344#2;;0.06873797085510036;5.124316486166921;50.43075088651207;0.0;0.0;0.0;0.0
-189597344#0;;0.033879929529746576;9.20079903140139;59.35611797107537;0.0;0.0;0.0;0.0
189597344#1;;0.0312578144536134;9.587084523327112;59.835240039956915;0.0;0.0;0.0;0.0
189597344#0;;0.033879929529746576;8.567638270676092;58.270935676352984;0.0;0.0;0.0;0.0
-189597344#2;;0.06873797085510036;4.315585367531767;67.74147462908485;5554.76565951612;0.17436987117298075;1.6935768521065788;0.281719232979623
189597344#2;;0.06873797085510036;5.292081615118271;49.498747338762634;0.0;0.0;0.0;0.0
-189597344#0;;0.033879929529746576;9.176732996267638;61.660882041462635;2508.9671255363733;0.040315913929766654;0.8476475518753545;0.21989190692687907
189597344#1;;0.0312578144536134;9.594718016472036;60.14939943799553;1449.9334448948773;0.0012723896709686874;0.570311564869046;0.22448484228890317
189597344#0;;0.033879929529746576;8.560294322400448;61.46352021176148;2062.1911248678557;0.02918272553920086;0.7396117887045202;0.248720169938832
-189597344#2;;0.06873797085510036;4.312868633042209;61.06658494419267;1949.087939395286;0.02255769459295296;0.7062231140037598;0.23629424351786296
189597344#2;;0.06873797085510036;5.47120348647524;48.50772557079121;0.0;0.0;0.0;0.0
-189597344#0;;0.033879929529746576;9.214207794249187;58.05605154065474;0.0;0.0;0.0;0.0
189597344#1;;0.0312578144536134;9.584522112811806;61.1865080906115;2083.636614176676;0.027350836571890365;0.7418527447960737;0.2328316561321456
189597344#0;;0.033879929529746576;8.557116150761962;61.19487919941969;1882.6405254786557;0.02123248060373444;0.6892322548883837;0.246504546686497
-189597344#2;;0.06873797085510036;4.319951972332935;59.8317506788398;0.0;0.0;0.0;0.0
189597344#2;;0.06873797085510036;5.662875679527025;47.45147953200657;0.0;0.0;0.0;0.0
-189597344#0;;0.033879929529746576;9.141039473532754;65.06303585515447;4187.537660226014;0.10428468298909567;1.2860207181637355;0.24089479450347712
189597344#1;;0.0312578144536134;9.618435312049689;58.767100063107556;0.0;0.0;0.0;0.0
189597344#0;;0.033879929529746576;8.549507273904416;61.49736158418889;2076.072388031094;0.029910183394909848;0.7436487535279465;0.2495463898322976
-189597344#2;;0.06873797085510036;4.312381167002744;61.71411725087285;2342.6025349473416;0.039168600545068995;0.8140834489001036;0.24134992311490175
189597344#2;;0.06873797085510036;5.867402281381847;46.343338782505455;0.0;0.0;0.0;0.0
-189597344#0;;0.033879929529746576;9.18618495852127;57.71456836364906;0.0;0.0;0.0;0.0
189597344#1;;0.0312578144536134;9.621500908160431;60.371737393957915;1611.1695376423834;0.0077869230396720975;0.6139972286894988;0.22515730034349138
189597344#0;;0.033879929529746576;8.568451899752747;59.83180149118664;0.0;0.0;0.0;0.0
-189597344#2;;0.06873797085510036;4.315427217828591;60.32914112206349;1481.2452870930294;0.0028100866907585613;0.5780556114243214;0.23006866774295978
:315008845_0;;0.08038664576410097;1.2375159860628884;47.65200409484124;0.0;0.0;0.0;0.0
-189597344#0;;0.033879929529746576;9.165712793973176;61.445383691577206;2391.7572859852066;0.03605473942095159;0.8175148987935562;0.2191435801299915
189597344#1;;0.0312578144536134;9.61004311169173;61.228402593490294;2122.7956635675578;0.0287304609608889;0.7521091754749443;0.23201546742189205
189597344#0;;0.033879929529746576;8.529949576775916;63.72386903734177;3426.859572365625;0.09060698770695583;1.1245110470237045;0.26893107386483667
-189597344#2;;0.06873797085510036;4.330940223086756;58.866862371197485;0.0;0.0;0.0;0.0
:315008845_0;;0.16073750182172641;1.2445418120783016;56.7396717722895;0.0;0.0;0.0;0.0
-189597344#0;;0.033879929529746576;9.189136349868413;58.81238537767505;0.0;0.0;0.0;0.0
189597344#1;;0.0312578144536134;9.602168965843557;61.02610951228118;1998.1411227329786;0.023698619107974793;0.7185278402920128;0.23087933027215635
:9842732475_0;;0.0006658827180439664;1.0859515127804604;62.00184249046589;2377.521953779652;0.04381328702507553;0.8291800182543902;0.2556491834509637
-189597344#2;;0.06873797085510036;4.307751434960234;63.964147893552514;3610.1304661475547;0.09290436532169095;1.1621045039129931;0.2580378227847305
:315008845_0;;0.2435843839310214;1.2070460282147488;62.64760013698045;3055.968243017146;0.022207520942374447;0.8581215195894522;0.10865336934937397
-189597344#0;;0.033879929529746576;9.19691350109114;59.678930999325736;1435.365304994444;7.600324906730828e-05;0.5693857331479693;0.20679690737557047
189597344#1;;0.0312578144536134;9.574473366647409;62.27484940196657;2708.0093724578805;0.05317800731622481;0.9112726354052609;0.2410967723174383
:9842732475_0;;0.048446273526143384;1.0864627146913555;60.7908450318658;1571.8918784851573;0.0075767053458231735;0.6017924149560392;0.24450827600307118
-189597344#2;;0.06873797085510036;4.315859436460487;59.723051655333;0.0;0.0;0.0;0.0
:315008845_0;;0.3255180758901536;1.2204991330047616;55.91170803377908;0.0;0.0;0.0;0.0
-189597344#0;;0.033879929529746576;9.15861610873576;62.624027045974174;2996.9561575220077;0.058920994635473664;0.9750146530748842;0.22637533016307695
189597344#1;;0.0312578144536134;9.590624753779831;59.693419153201106;0.0;0.0;0.0;0.0
:9842732475_0;;0.09592522800983587;1.0900325640060629;59.36505682658441;0.0;0.0;0.0;0.0
-189597344#2;;0.13747594171020072;6.471811518421631;62.08846455749282;3356.237714922263;0.01773240309279552;1.28670765731519;0.23465909438809487
-189597344#2;;0.13747594171020072;6.471811518421631;62.08846455749282;3356.237714922263;0.01773240309279552;1.28670765731519;0.23465909438809487
:315008845_0;;0.4079936883139591;1.2124796295678832;58.73768721937275;1905.8585914363257;0.0057309435159922035;0.6673630134640008;0.10322642105964633
-189597344#0;;0.033879929529746576;9.204695585873013;57.649768404362135;0.0;0.0;0.0;0.0
189597344#1;;0.0312578144536134;9.610687005559885;59.46525260173358;0.0;0.0;0.0;0.0
:9842732475_0;;0.1437058214398916;1.086460322944555;62.96744080757291;2976.9898094987534;0.07067892010977268;0.9982141713432902;0.2635135021187459
-189597344#2;;0.13747594171020072;6.383974499914652;68.15138212789087;3419.632485328103;0.0002107291239851432;0.641425605004976;0.00679348353032022
-189597344#2;;0.13747594171020072;6.383974499914652;68.15138212789087;3419.632485328103;0.0002107291239851432;0.641425605004976;0.00679348353032022
:315008845_0;;0.48963364124353986;1.2248904661453663;56.05003878901297;0.0;0.0;0.0;0.0
-189597344#0;;0.033879929529746576;9.203282079525914;60.213253905235256;1743.2668649282557;0.011511946297259523;0.6490142928636013;0.20993389681965238
189597344#1;;0.0312578144536134;9.569413598549572;63.15556706547604;3192.404094968362;0.07325025440946603;1.042855957770981;0.2473873932435506
:9842732475_0;;0.19134496281156166;1.0881325874010892;60.2183024186943;0.0;0.0;0.0;0.0
-189597344#2;;0.13747594171020072;6.282149955056342;68.15088890154215;5753.8044724298625;0.039480199394155945;1.4793593538531122;0.25442092797960003
-189597344#2;;0.13747594171020072;6.282149955056342;68.15088890154215;5753.8044724298625;0.039480199394155945;1.4793593538531122;0.25442092797960003
:315008845_0;;0.5720978442675636;1.2126473831423266;59.29432932881886;2071.466156830397;0.008079593459136936;0.6947150452134611;0.10391946948901236
-189597344#0;;0.033879929529746576;9.161247592500864;62.870701047027694;3121.421201650197;0.06355529120026088;1.007242115629922;0.22764293376472097
189597344#1;;0.0312578144536134;9.568265428284578;60.677193448987914;1763.6017380401022;0.014277580766871419;0.6552151105117828;0.22968266730679096
:9842732475_0;;0.23857673623862563;1.0929774321324088;58.82700604421792;0.0;0.0;0.0;0.0
-189597344#2;;0.13747594171020072;6.185746408406565;68.5014340607571;5571.774066593116;0.025275971885145406;1.4138458374603853;0.25721384319072593
-189597344#2;;0.13747594171020072;6.185746408406565;68.5014340607571;5571.774066593116;0.025275971885145406;1.4138458374603853;0.25721384319072593
:315008845_0;;0.6525355911269346;1.2431974278795952;53.80721303650044;0.0;0.0;0.0;0.0
-189597344#0;;0.033879929529746576;9.187745215973157;58.64962827700188;0.0;0.0;0.0;0.0
189597344#1;;0.0312578144536134;9.582543614443603;59.8026123284712;0.0;0.0;0.0;0.0
:9842732475_0;;0.26567481402763016;1.0849096500601556;65.68965534718726;4526.909488961189;0.14077313843589886;1.4367061672368502;0.2853149005978295
-189597344#2;;0.13747594171020072;6.1350244822199596;66.43475083937561;3290.0673825934828;0.0024570907974768097;0.7071931934021195;0.02618862789813953
-189597344#2;;0.13747594171020072;6.1350244822199596;66.43475083937561;3290.0673825934828;0.0024570907974768097;0.7071931934021195;0.02618862789813953
:315008845_0;;0.7327193513327448;1.2471353269455905;57.12576541848055;1438.6651092209206;0.0;0.5907744517065557;0.09836793860734801
-189597344#0;;0.033879929529746576;9.213472913649277;58.66187074168721;0.0;0.0;0.0;0.0
189597344#1;;0.0312578144536134;9.625831266175444;58.325328722418675;0.0;0.0;0.0;0.0
:9842732475_0;;0.26567481402763016;1.0857182478555754;60.65418905210238;1468.9966709385624;0.0029736199587036376;0.5727132084905261;0.2434537056747062
-189597344#2;;0.13747594171020072;6.055131931544761;67.60475585690168;5320.205927572324;0.019601931838771344;1.4041231145897455;0.2653405184221113
-189597344#2;;0.13747594171020072;6.055131931544761;67.60475585690168;5320.205927572324;0.019601931838771344;1.4041231145897455;0.2653405184221113
:315008845_0;;0.8142386171024006;1.226703884730318;60.28842871993989;2366.1238091772893;0.012041091250956277;0.7423882433187812;0.10392990300640803
-189597344#0;;0.033879929529746576;9.146424002494843;64.62062393733932;3975.903553061427;0.09612334150955107;1.2304563007102898;0.2381738163309212
189597344#1;;0.0312578144536134;9.603305230116678;61.910544521046305;2513.8533283327724;0.044794666762004894;0.8578737324404729;0.23717794410518228
:9842732475_0;;0.26567481402763016;1.0929012208762898;58.0145372579491;0.0;0.0;0.0;0.0
-189597344#2;;0.13747594171020072;5.94813839510349;68.46432031787653;7365.66308946895;0.10807155628446972;1.9862084342648267;0.30064311646182196
-189597344#2;;0.13747594171020072;5.94813839510349;68.46432031787653;7365.66308946895;0.10807155628446972;1.9862084342648267;0.30064311646182196
:315008845_0;;0.8944101059073648;1.2473262189663639;55.04315825160159;0.0;0.0;0.0;0.0
-189597344#0;;0.033879929529746576;9.179410030715568;58.32101097720157;0.0;0.0;0.0;0.0
189597344#1;;0.0312578144536134;9.556957153981235;63.50991253645992;3380.8011667025066;0.08130552431185933;1.0946413068612673;0.25041908896010967
:9842732475_0;;0.26567481402763016;1.0918873020251192;61.50092601856558;2087.957884618449;0.030307379168620665;0.7468187125588541;0.24895141623313274
-189597344#1;;0.002599477203046997;9.400002951820664;59.56887754291235;0.0;0.0;0.0;0.0
-189597344#2;;0.128096273241638;7.257711023509756;67.96719885093577;3951.8591077652945;0.009010648724163886;0.8221505139666732;0.04687961199278056
:315008845_0;;0.9768921016901337;1.2123857946329004;62.265633709861525;2943.599043947529;0.02046182297784749;0.838815590315247;0.10767083293338352
-189597344#0;;0.033879929529746576;9.18023199770593;60.10781997064535;1669.733759797486;0.00887003972751924;0.6299983382363256;0.2102519409555294
189597344#1;;0.0312578144536134;9.616584090959163;57.648660687902904;0.0;0.0;0.0;0.0
:9842732475_0;;0.26567481402763016;1.090591025438081;61.66442868471699;2186.2388931227943;0.034788528460385076;0.7745711801687742;0.2508727856400031
-189597344#1;;0.00794440753068786;9.436510890165653;58.74704616718961;0.0;0.0;0.0;0.0
-189597344#2;;0.1164423558651761;7.1015379750020236;66.36977612578048;3670.040926382345;0.00984302793098298;0.8170039630519245;0.05293277623223903
-189597344#2;;0.1084065974306537;12.368730165938734;64.52514094858887;3159.1722222337594;0.008629138882184424;0.7780741121455387;0.05686387382632188
-189597344#0;;0.033879929529746576;9.20143131688862;58.91907258487833;0.0;0.0;0.0;0.0
189597344#1;;0.03410427835353165;9.243962368817039;65.47024056859166;5078.806102968325;0.10097411217707047;1.7518953131549027;0.4959157259792115
189597344#1;;0.03410427835353165;9.243962368817039;65.47024056859166;5078.806102968325;0.10097411217707047;1.7518953131549027;0.4959157259792115
-189597344#1;;0.013348727600000165;9.38392040262543;64.11878500344568;3692.2187372513795;0.09660300265538611;1.1851836291679614;0.25958074835940737
-189597344#2;;0.1084065974306537;12.368730165938734;64.52514094858887;3159.1722222337594;0.008629138882184424;0.7780741121455387;0.05686387382632188
-189597344#2;;0.10225170120994712;11.485491685795076;70.39601116212023;8431.060453674734;0.06403958240041235;2.010714610150826;0.18585665348751418
-189597344#0;;0.033879929529746576;9.17602368920211;61.74865195923208;2554.3479971145584;0.04202506374853801;0.8594378522873887;0.22044103562495032
189597344#1;;0.03966816297933547;9.28927502307344;63.067107128392195;2214.696723835079;0.032512423205757104;0.7769689235356594;0.23328732865652707
189597344#1;;0.03966816297933547;9.28927502307344;63.067107128392195;2214.696723835079;0.032512423205757104;0.7769689235356594;0.23328732865652707
-189597344#1;;0.0187298669516872;9.40437736939508;59.58349730985382;0.0;0.0;0.0;0.0
-189597344#2;;0.10225170120994712;11.485491685795076;70.39601116212023;8431.060453674734;0.06403958240041235;2.010714610150826;0.18585665348751418
-189597344#2;;0.0962772098283203;10.826086215153085;68.87458969675441;7634.934306557178;0.05352486940607501;1.8852398266366805;0.1929647608024454
-189597344#0;;0.033879929529746576;9.184391745587943;59.65948919669634;1414.9633664192288;0.0;0.5639935221070447;0.207178059420115
189597344#1;;0.04527718470725992;9.260615772769881;65.09849138006159;4642.091816209351;0.08526154776681599;1.6302817073330942;0.48926952761447073
189597344#1;;0.04527718470725992;9.260615772769881;65.09849138006159;4642.091816209351;0.08526154776681599;1.6302817073330942;0.48926952761447073
-189597344#1;;0.02413093850772405;9.386781849492534;61.80429878957761;2388.10999753289;0.04128331891371194;0.8269089311220515;0.24277698418731253
-189597344#2;;0.0962772098283203;10.826086215153085;68.87458969675441;7634.934306557178;0.05352486940607501;1.8852398266366805;0.1929647608024454
-189597344#2;;0.09058249060006247;10.217753501617478;69.46686986159523;7900.610324483815;0.06006001717649666;1.9462342332379337;0.20560139540123823
-189597344#0;;0.033879929529746576;9.167493269582632;61.215242974435384;2270.439202799979;0.0314782708264095;0.7859706175633054;0.21767878144458258
189597344#1;;0.05084594936932148;9.298476019908941;62.799964285481195;1598.2403382187165;0.007259773281221475;0.6105114187732705;0.22499182651914867
189597344#1;;0.05084594936932148;9.298476019908941;62.799964285481195;1598.2403382187165;0.007259773281221475;0.6105114187732705;0.22499182651914867
-189597344#1;;0.02950141407560356;9.413818134311889;59.23487178444708;0.0;0.0;0.0;0.0
-189597344#2;;0.09058249060006247;10.217753501617478;69.46686986159523;7900.610324483815;0.06006001717649666;1.9462342332379337;0.20560139540123823
-189597344#2;;0.09624265310094111;9.547977427533041;71.46320337209761;9435.7758492671;0.09425930720566089;2.2655282322975485;0.2292681988628405
-189597344#0;;0.033879929529746576;9.18766222851882;58.99088265289989;0.0;0.0;0.0;0.0
189597344#1;;0.056447181441384255;9.228938921768595;66.09332465963266;6178.328225429752;0.14341939953261978;2.041266336359185;0.509474899544949
189597344#1;;0.056447181441384255;9.228938921768595;66.09332465963266;6178.328225429752;0.14341939953261978;2.041266336359185;0.509474899544949
-189597344#1;;0.031525851197982346;9.435221588676484;59.497121129959496;0.0;0.0;0.0;0.0
-189597344#2;;0.09624265310094111;9.547977427533041;71.46320337209761;9435.7758492671;0.09425930720566089;2.2655282322975485;0.2292681988628405
-189597344#2;;0.10282653651528326;9.087892396373583;69.16641640673375;8050.575526126138;0.07537417881494557;2.0433671068862953;0.2339115612951329
-189597344#0;;0.033879929529746576;9.17757098949876;60.775078745121874;2038.2330109065197;0.022678831085302865;0.7255548878139114;0.21453961415786135
189597344#1;;0.06207048614295226;9.207434100653888;64.56356665589205;4340.815480214279;0.06675682060201318;1.5399597128184421;0.4875165642338163
189597344#1;;0.06207048614295226;9.207434100653888;64.56356665589205;4340.815480214279;0.06675682060201318;1.5399597128184421;0.4875165642338163
-189597344#1;;0.031525851197982346;9.410355403020285;62.23070599245273;2649.356338075102;0.05199355713278096;0.8979167000299142;0.2448244615664538
-189597344#2;;0.10282653651528326;9.087892396373583;69.16641640673375;8050.575526126138;0.07537417881494557;2.0433671068862953;0.2339115612951329
-189597344#2;;0.10966873045361537;8.704907769451923;68.46290634324036;7838.231085155761;0.08194045391525051;2.0568831961498053;0.24535140767279123
-189597344#0;;0.033879929529746576;9.189790132647015;59.43231057618022;0.0;0.0;0.0;0.0
189597344#1;;0.0625156289072268;9.279997885829006;61.86093433768886;0.0;0.0;0.0;0.0
189597344#1;;0.0625156289072268;9.279997885829006;61.86093433768886;0.0;0.0;0.0;0.0
-189597344#1;;0.031525851197982346;9.409976615738294;60.73094688458879;1742.2385527930712;0.013799038544590742;0.6495295284697438;0.23334049982523627
-189597344#2;;0.10966873045361537;8.704907769451923;68.46290634324036;7838.231085155761;0.08194045391525051;2.0568831961498053;0.24535140767279123
-189597344#2;;0.11676760685369211;8.281366534697087;70.19681951348929;8882.752561451445;0.10169195152613082;2.2515521320715943;0.2627874828372952
-189597344#0;;0.033879929529746576;9.16006433023011;62.05365503086992;2706.7078350832667;0.047972553809364715;0.8995105854043298;0.22300754657105984
189597344#1;;0.0625156289072268;9.284907346551725;63.87138294646067;2458.998406175221;0.0425857603219432;0.8431207552407113;0.23665102043177505
189597344#1;;0.0625156289072268;9.284907346551725;63.87138294646067;2458.998406175221;0.0425857603219432;0.8431207552407113;0.23665102043177505
-189597344#1;;0.031525851197982346;9.388830886119312;62.02511985153224;2519.847747875698;0.04683571348179413;0.8630276644816157;0.24434652103881105
-189597344#2;;0.11676760685369211;8.281366534697087;70.19681951348929;8882.752561451445;0.10169195152613082;2.2515521320715943;0.2627874828372952
-189597344#2;;0.12421587938036127;7.91976329744171;70.40502897567599;8883.669191406234;0.11925300803439626;2.3327745826338173;0.27890352458581913
-189597344#0;;0.033879929529746576;9.168641739729145;59.66598554017658;1407.1544851609456;0.0;0.5618210971869335;0.20785957797032825
189597344#1;;0.0625156289072268;9.20135420909;66.81685905035982;6804.771072667958;0.174511324135729;2.2263572547533643;0.5202889506743689
189597344#1;;0.0625156289072268;9.20135420909;66.81685905035982;6804.771072667958;0.174511324135729;2.2263572547533643;0.5202889506743689
-189597344#1;;0.031525851197982346;9.382989517935897;61.088978885162945;1949.2942582781666;0.022723315093515925;0.7064471523747777;0.23737747214061014
-189597344#2;;0.12421587938036127;7.91976329744171;70.40502897567599;8883.669191406234;0.11925300803439626;2.3327745826338173;0.27890352458581913
-189597344#2;;0.13198878498430228;7.565505669180068;70.53250881774065;9360.946309300754;0.13248296398637263;2.438031535880108;0.29450622397725673
-189597344#0;;0.033879929529746576;9.177010121921173;59.66818503133468;1414.6260042390882;0.0;0.5638380831089337;0.20753468150966473
189597344#1;;0.0625156289072268;9.212261684985325;63.548250442528634;1788.3495828111627;0.017350635366039452;0.6628833846026265;0.24788630583168175
189597344#1;;0.0625156289072268;9.212261684985325;63.548250442528634;1788.3495828111627;0.017350635366039452;0.6628833846026265;0.24788630583168175
-189597344#1;;0.031525851197982346;9.410154248259678;59.23280740916482;0.0;0.0;0.0;0.0
-189597344#2;;0.13198878498430228;7.565505669180068;70.53250881774065;9360.946309300754;0.13248296398637263;2.438031535880108;0.29450622397725673
-189597344#2;;0.13747594171020072;7.277327764732996;69.37530784482428;8690.972347027075;0.1201662203440792;2.3122314539988156;0.30108686805772805
-189597344#0;;0.033879929529746576;9.158307059407974;61.34261091356738;2334.27050509191;0.0339771416538012;0.8027480884176381;0.21887816911317096
189597344#1;;0.0625156289072268;9.240682538985267;62.99519649146427;1350.762862146292;0.0;0.5435104889978125;0.2231530775002179
189597344#1;;0.0625156289072268;9.240682538985267;62.99519649146427;1350.762862146292;0.0;0.5435104889978125;0.2231530775002179
-189597344#1;;0.031525851197982346;9.420367352787165;60.11575284521083;1349.0478916349402;0.0;0.5419786963590584;0.22783309367454557
-189597344#2;;0.13747594171020072;7.277327764732996;69.37530784482428;8690.972347027075;0.1201662203440792;2.3122314539988156;0.30108686805772805
-189597344#2;;0.13747594171020072;6.948241991519569;71.50733417141525;10219.273010293256;0.16226153124420883;2.654953547239555;0.32658188493508755
-189597344#0;;0.033879929529746576;9.21385444532563;57.20799709945412;0.0;0.0;0.0;0.0
189597344#1;;0.0625156289072268;9.262890125455478;63.53549047302533;2384.0255761727417;0.03977629238762422;0.8233418139798415;0.23687479818854298
189597344#1;;0.0625156289072268;9.262890125455478;63.53549047302533;2384.0255761727417;0.03977629238762422;0.8233418139798415;0.23687479818854298
-189597344#1;;0.031525851197982346;9.383233819948288;63.07292756409702;3118.2224573776566;0.07228381564455424;1.0275507714845165;0.25229109510261594
-189597344#2;;0.13747594171020072;6.948241991519569;71.50733417141525;10219.273010293256;0.16226153124420883;2.654953547239555;0.32658188493508755
-189597344#2;;0.13747594171020072;6.686808055267574;70.28376435621651;9392.92246826696;0.14977383828388646;2.5111074957606068;0.33391854129748244
-189597344#0;;0.033879929529746576;9.211136278501355;60.281974679817345;1786.1131953710626;0.01306405207382881;0.660060429279478;0.2100232026083493
189597344#1;;0.0625156289072268;9.27251996426136;64.34119634184222;3079.474026771563;0.07492767281158377;1.0263668732511477;0.26390256496787884
189597344#1;;0.0625156289072268;9.27251996426136;64.34119634184222;3079.474026771563;0.07492767281158377;1.0263668732511477;0.26390256496787884
-189597344#1;;0.031525851197982346;9.39107426802437;60.284320229534494;1435.9787337916823;0.0009407078060309562;0.5655040592729623;0.23041223442401274
-189597344#2;;0.13747594171020072;6.686808055267574;70.28376435621651;9392.92246826696;0.14977383828388646;2.5111074957606068;0.33391854129748244
-189597344#2;;0.13747594171020072;6.485740246807347;68.83442978892228;8530.792822059766;0.14179361738577545;2.3800442357876874;0.3406876753040912
-189597344#0;;0.033879929529746576;9.207169557592684;60.36226003297771;1828.182041519951;0.014646594175196419;0.670940911449151;0.21069069726230077
189597344#1;;0.0625156289072268;9.273658114032258;63.81566134600856;2131.9005975610507;0.02908015119132974;0.7545333650387761;0.23200289286904097
189597344#1;;0.0625156289072268;9.273658114032258;63.81566134600856;2131.9005975610507;0.02908015119132974;0.7545333650387761;0.23200289286904097
-189597344#1;;0.031525851197982346;9.42786729904902;58.74393834662773;0.0;0.0;0.0;0.0
-189597344#2;;0.13747594171020072;6.485740246807347;68.83442978892228;8530.792822059766;0.14179361738577545;2.3800442357876874;0.3406876753040912
-189597344#2;;0.13747594171020072;6.3029160503934;68.52244083227114;8385.543870999725;0.14031210636382782;2.3555733071415315;0.3490941258371122
-189597344#0;;0.033879929529746576;9.158376678656381;63.33381347535402;3350.97664860297;0.07225360832563853;1.0670602839581758;0.23040230084056948
189597344#1;;0.0625156289072268;9.192810413794861;66.50787062719739;6669.291965762532;0.1663314224233025;2.1817558003183555;0.5182755738821576
189597344#1;;0.0625156289072268;9.192810413794861;66.50787062719739;6669.291965762532;0.1663314224233025;2.1817558003183555;0.5182755738821576
-189597344#1;;0.031525851197982346;9.42992730467212;60.564251147189864;1650.7104149288152;0.009858356759062777;0.6244970121174658;0.2311614940240614
-189597344#2;;0.13747594171020072;6.3029160503934;68.52244083227114;8385.543870999725;0.14031210636382782;2.3555733071415315;0.3490941258371122
-189597344#2;;0.13747594171020072;6.092486354906849;70.22034572922098;9717.054661002865;0.18461379865864996;2.681226218802036;0.373303092151269
-189597344#0;;0.033879929529746576;9.161473072964016;59.995514583069316;1593.398334567821;0.006073845384766592;0.610151308419083;0.2103205786680761
189597344#1;;0.0625156289072268;9.221324585329741;63.13249230079411;1844.5008150938604;0.01763685385332337;0.6771809985742422;0.23084260169635384
189597344#1;;0.0625156289072268;9.221324585329741;63.13249230079411;1844.5008150938604;0.01763685385332337;0.6771809985742422;0.23084260169635384
-189597344#1;;0.031525851197982346;9.409318235056269;61.961736813640435;2492.364097134248;0.045396883414903694;0.854955648976675;0.24288947573502362
-189597344#2;;0.13747594171020072;6.092486354906849;70.22034572922098;9717.054661002865;0.18461379865864996;2.681226218802036;0.373303092151269
-189597344#2;;0.13747594171020072;5.905706925836871;69.82972574015798;9458.154685537811;0.18197106956261028;2.638270886471543;0.38281068786378125
-189597344#0;;0.033879929529746576;9.149813033400855;60.909211319548355;2097.185280950233;0.02512414036867224;0.7412314148764186;0.2166259533256632
189597344#1;;0.0625156289072268;9.228308804796475;63.7005925758214;2038.4230747644585;0.02840535346826317;0.7332704995888556;0.25007933244666736
189597344#1;;0.0625156289072268;9.228308804796475;63.7005925758214;2038.4230747644585;0.02840535346826317;0.7332704995888556;0.25007933244666736
-189597344#1;;0.031525851197982346;9.405417145371029;60.94390075942562;1873.6240678474915;0.019362659810799474;0.6855330590387426;0.2352434516877822
-189597344#2;;0.13747594171020072;5.905706925836871;69.82972574015798;9458.154685537811;0.18197106956261028;2.638270886471543;0.38281068786378125
-189597344#2;;0.13747594171020072;5.75458626648476;68.74288143099554;8677.726164150801;0.16612180168086985;2.4827119856548285;0.3868761923485011
-189597344#0;;0.033879929529746576;9.150451790994913;60.15536871154042;1677.6208462565066;0.009287314444618241;0.632034649975469;0.2118252987887447
189597344#1;;0.0625156289072268;9.242795474820612;63.40693437361281;1736.2382201641433;0.013088277242321474;0.6477750800730532;0.2287527298433392
189597344#1;;0.0625156289072268;9.242795474820612;63.40693437361281;1736.2382201641433;0.013088277242321474;0.6477750800730532;0.2287527298433392
-189597344#1;;0.031525851197982346;9.450046248646643;58.35959741449229;0.0;0.0;0.0;0.0
-189597344#2;;0.13747594171020072;5.75458626648476;68.74288143099554;8677.726164150801;0.16612180168086985;2.4827119856548285;0.3868761923485011
-189597344#2;;0.13747594171020072;5.560805326305942;71.43499146004588;10887.875123972279;0.2454441761405935;3.0427890354520386;0.4228303963937542
-189597344#0;;0.033879929529746576;9.191743542024389;57.89319618092591;0.0;0.0;0.0;0.0
189597344#1;;0.0625156289072268;9.263647581537521;63.24871026453521;1776.6117021203831;0.014758719547592508;0.6587188864315628;0.22933033585967588
189597344#1;;0.0625156289072268;9.263647581537521;63.24871026453521;1776.6117021203831;0.014758719547592508;0.6587188864315628;0.22933033585967588
-189597344#1;;0.031525851197982346;9.392459702424746;64.44873570114272;3869.918392339651;0.1038941125421747;1.2333922475776082;0.26134882581239993
-189597344#2;;0.13747594171020072;5.560805326305942;71.43499146004588;10887.875123972279;0.2454441761405935;3.0427890354520386;0.4228303963937542
-189597344#2;;0.13747594171020072;5.382628174660447;71.81145917861491;11031.382218923707;0.26637756546264174;3.131710009282946;0.44102604537580237
-189597344#0;;0.033879929529746576;9.184633286865266;60.582179258198856;1936.5887112970388;0.018824688200817025;0.6991363979713258;0.21303681776647393
189597344#1;;0.0625156289072268;9.284892671753365;63.255017424816444;1773.5854932547813;0.016326719308486465;0.6585880508283374;0.24453933673219616
189597344#1;;0.0625156289072268;9.284892671753365;63.255017424816444;1773.5854932547813;0.016326719308486465;0.6585880508283374;0.24453933673219616
-189597344#1;;0.031525851197982346;9.392575386146047;60.72447322220868;1725.1469886860632;0.01316913755659171;0.6448639723076275;0.2340198745179066
-189597344#2;;0.13747594171020072;5.382628174660447;71.81145917861491;11031.382218923707;0.26637756546264174;3.131710009282946;0.44102604537580237
-189597344#2;;0.13747594171020072;5.223562113663743;70.95415053050525;10632.869299167822;0.25227675999383675;3.0284921730309673;0.44807773976309156
-189597344#0;;0.033879929529746576;9.15860467646873;61.81420666514616;2582.297874604275;0.043311037176217246;0.8672194130537201;0.22167471822734697
189597344#1;;0.0625156289072268;9.284930845114705;63.82545168679567;3477.204329525379;0.028831294319507768;1.3000921861489751;0.4720542554551992
189597344#1;;0.0625156289072268;9.284930845114705;63.82545168679567;3477.204329525379;0.028831294319507768;1.3000921861489751;0.4720542554551992
-189597344#1;;0.031525851197982346;9.407970636470633;59.84789732197829;0.0;0.0;0.0;0.0
-189597344#2;;0.13747594171020072;5.223562113663743;70.95415053050525;10632.869299167822;0.25227675999383675;3.0284921730309673;0.44807773976309156
-189597344#2;;0.13747594171020072;5.079450034650931;70.7408750241772;10477.064951162864;0.2552142231221211;3.0160318663189427;0.4598246097864513
-189597344#0;;0.033879929529746576;9.171666092703571;59.40551647855721;0.0;0.0;0.0;0.0
189597344#1;;0.0625156289072268;9.309553234401633;63.0640051211438;1323.258155234335;0.0;0.5323177144170157;0.23832397806924194
189597344#1;;0.0625156289072268;9.309553234401633;63.0640051211438;1323.258155234335;0.0;0.5323177144170157;0.23832397806924194
-189597344#1;;0.031525851197982346;9.383898605849534;62.21878250005381;2630.958610208416;0.0516139455841699;0.8936788639777872;0.24603272423381295
-189597344#2;;0.13747594171020072;5.079450034650931;70.7408750241772;10477.064951162864;0.2552142231221211;3.0160318663189427;0.4598246097864513
-189597344#2;;0.13747594171020072;4.965827622931404;69.34243025881432;9380.117606039868;0.22555107419231912;2.768433607996415;0.45991370509130525
-189597344#0;;0.033879929529746576;9.195719249605824;58.77114124807068;0.0;0.0;0.0;0.0
189597344#1;;0.0625156289072268;9.25871794246925;65.42088593028845;5447.096896280322;0.11263484978741851;1.8415355335786103;0.498652038706387
189597344#1;;0.0625156289072268;9.25871794246925;65.42088593028845;5447.096896280322;0.11263484978741851;1.8415355335786103;0.498652038706387
-189597344#1;;0.031525851197982346;9.423113908439108;58.636837410797995;0.0;0.0;0.0;0.0
-189597344#2;;0.13747594171020072;4.965827622931404;69.34243025881432;9380.117606039868;0.22555107419231912;2.768433607996415;0.45991370509130525
-189597344#2;;0.13747594171020072;4.835342288621996;71.27491481645713;10959.163848617034;0.3017325245918885;3.230191931803849;0.4937776374855433
-189597344#0;;0.033879929529746576;9.197424872455905;60.03431623789404;1639.1665666113904;0.007663577030314302;0.6221013806902611;0.20905734031602008
189597344#1;;0.0625156289072268;9.249194043862419;64.10893292158089;3829.553011502111;0.04249574675715317;1.3924973843298776;0.47802292292309523
189597344#1;;0.0625156289072268;9.249194043862419;64.10893292158089;3829.553011502111;0.04249574675715317;1.3924973843298776;0.47802292292309523
-189597344#1;;0.031525851197982346;9.439723274862066;59.74435243781461;0.0;0.0;0.0;0.0
-189597344#2;;0.13747594171020072;4.835342288621996;71.27491481645713;10959.163848617034;0.3017325245918885;3.230191931803849;0.4937776374855433
-189597344#2;;0.13747594171020072;4.7422594544346985;69.02599064189336;9124.202578493092;0.2385215393766254;2.7705373774767796;0.4829081581655805
-189597344#0;;0.033879929529746576;9.147798821511673;63.40900302446833;3386.626982356865;0.07383219862016795;1.0769417528342602;0.2313933940623889
189597344#1;;0.0625156289072268;9.24109372662683;64.0714382726446;3790.7052633261387;0.0419028296741845;1.3848503984443266;0.478267124712755
189597344#1;;0.0625156289072268;9.24109372662683;64.0714382726446;3790.7052633261387;0.0419028296741845;1.3848503984443266;0.478267124712755
-189597344#1;;0.031525851197982346;9.39375023939583;63.649344295394535;3439.4269512592837;0.08565367261763042;1.1151919312912302;0.25579087553159063
-189597344#2;;0.13747594171020072;4.7422594544346985;69.02599064189336;9124.202578493092;0.2385215393766254;2.7705373774767796;0.4829081581655805
-189597344#2;;0.13747594171020072;4.683093397540184;69.32194564185495;7544.371794493456;0.2054152285492091;2.4353575604235806;0.4776211826103246
-189597344#0;;0.033879929529746576;9.145778302236568;60.3212410919269;1768.8393320912312;0.012753119028917974;0.6557865975168468;0.2130971755559844
189597344#1;;0.0625156289072268;9.239871344690599;64.3788858910982;2944.0297174651723;0.06935587214455731;0.989242912292003;0.26354161555928507
189597344#1;;0.0625156289072268;9.239871344690599;64.3788858910982;2944.0297174651723;0.06935587214455731;0.989242912292003;0.26354161555928507
-189597344#1;;0.031525851197982346;9.396302292195855;60.57854146252721;1633.8662067939827;0.009292419096145164;0.6198246681544864;0.23266592081067844
-189597344#2;;0.13747594171020072;4.683093397540184;69.32194564185495;7544.371794493456;0.2054152285492091;2.4353575604235806;0.4776211826103246
-189597344#2;;0.13747594171020072;4.64504005610372;65.74873810338374;5963.3275290508445;0.124690086602398;1.9637272722090233;0.4575586752368749
-189597344#0;;0.033879929529746576;9.17444496593348;58.55016042944235;0.0;0.0;0.0;0.0
189597344#1;;0.0625156289072268;9.244229505791267;63.686839672268086;3295.124700425128;0.020243932008651218;1.2468140344151109;0.47158782795543286
189597344#1;;0.0625156289072268;9.244229505791267;63.686839672268086;3295.124700425128;0.020243932008651218;1.2468140344151109;0.47158782795543286
-189597344#1;;0.031525851197982346;9.400387550429434;60.48538740749767;1576.5003233696411;0.006853625206993467;0.6041068160267719;0.2317272747770903
-189597344#2;;0.13747594171020072;4.64504005610372;65.74873810338374;5963.3275290508445;0.124690086602398;1.9637272722090233;0.4575586752368749
-189597344#2;;0.13747594171020072;4.64954665206596;63.035228644082096;3117.0160296913264;0.010641463005178715;1.2039958132087385;0.42279184022765604
-189597344#0;;0.033879929529746576;9.161829282515493;60.953058399270006;2126.9463226209614;0.026140250561988237;0.748796439092444;0.21634654108209997
189597344#1;;0.0625156289072268;9.207120819840114;65.190141856169;4896.54393967068;0.08677503431140944;1.6820047396716309;0.49356270925243517
189597344#1;;0.0625156289072268;9.207120819840114;65.190141856169;4896.54393967068;0.08677503431140944;1.6820047396716309;0.49356270925243517
-189597344#1;;0.031525851197982346;9.420460518510943;59.58423823092378;0.0;0.0;0.0;0.0
-189597344#2;;0.13747594171020072;4.64954665206596;63.035228644082096;3117.0160296913264;0.010641463005178715;1.2039958132087385;0.42279184022765604
-189597344#2;;0.13747594171020072;4.653785482650638;63.025813212008906;3106.5865284094552;0.00845360985355106;1.1956654229415045;0.4217360439487997
-189597344#0;;0.033879929529746576;9.182888174643864;58.94763312861328;0.0;0.0;0.0;0.0
189597344#1;;0.0625156289072268;9.245181969288629;62.739147581117514;0.0;0.0;0.0;0.0
189597344#1;;0.0625156289072268;9.245181969288629;62.739147581117514;0.0;0.0;0.0;0.0
-189597344#1;;0.031525851197982346;9.438138808975518;59.689330170512264;0.0;0.0;0.0;0.0
-189597344#2;;0.13747594171020072;4.653785482650638;63.025813212008906;3106.5865284094552;0.00845360985355106;1.1956654229415045;0.4217360439487997
-189597344#2;;0.13747594171020072;4.642028026204814;63.965854920227734;4170.20765080642;0.05031493636117837;1.4769000688910177;0.4354381646252289
-189597344#0;;0.033879929529746576;9.162489802598229;61.445164210130294;2390.337400388219;0.036039064211617594;0.817223520783038;0.21929558147049924
189597344#1;;0.0625156289072268;9.187621292195548;65.75849241950995;5735.946075547845;0.124646204254205;1.9190611245386713;0.5059941129445843
189597344#1;;0.0625156289072268;9.187621292195548;65.75849241950995;5735.946075547845;0.124646204254205;1.9190611245386713;0.5059941129445843
-189597344#1;;0.031525851197982346;9.413434318768225;62.21584755530161;2642.089572446871;0.05164140759752285;0.8958327386942787;0.24456500352897995
-189597344#2;;0.13747594171020072;4.642028026204814;63.965854920227734;4170.20765080642;0.05031493636117837;1.4769000688910177;0.4354381646252289
-189597344#2;;0.13747594171020072;4.677881716487883;61.47704521803132;0.0;0.0;0.0;0.0
-189597344#0;;0.033879929529746576;9.185781791985715;58.82324669328983;0.0;0.0;0.0;0.0
189597344#1;;0.0625156289072268;9.22334816779812;62.87927579629941;1576.6601719573491;0.006571318945352988;0.6044754319474119;0.22754365730669157
189597344#1;;0.0625156289072268;9.22334816779812;62.87927579629941;1576.6601719573491;0.006571318945352988;0.6044754319474119;0.22754365730669157
-189597344#1;;0.031525851197982346;9.381975719083194;62.700266509418526;2907.4588227061904;0.06337009063494525;0.969703157690178;0.2496696957113232
-189597344#2;;0.13747594171020072;4.677881716487883;61.47704521803132;0.0;0.0;0.0;0.0
-189597344#2;;0.13747594171020072;4.6497020317246855;64.95236531898813;5239.041209395484;0.09175188287145047;1.7578931718755177;0.4472091512678693
-189597344#0;;0.033879929529746576;9.156688749798988;62.01717776604724;2686.8330239112415;0.04727484023317974;0.8944600478314242;0.222961779821434
189597344#1;;0.0625156289072268;9.243286645234791;64.02952174597475;2864.491983040493;0.06570374606596009;0.9666326999008881;0.26223434358341496
189597344#1;;0.0625156289072268;9.243286645234791;64.02952174597475;2864.491983040493;0.06570374606596009;0.9666326999008881;0.26223434358341496
-189597344#1;;0.031525851197982346;9.426803724979154;58.37878840156761;0.0;0.0;0.0;0.0
-189597344#2;;0.13747594171020072;4.6497020317246855;64.95236531898813;5239.041209395484;0.09175188287145047;1.7578931718755177;0.4472091512678693
-189597344#2;;0.13747594171020072;4.677517814490266;61.77760590359293;0.0;0.0;0.0;0.0
-189597344#0;;0.033879929529746576;9.159663909215052;60.00489846252434;1597.5707842479615;0.006236689933490599;0.6112301372123216;0.2104576667108945
189597344#1;;0.0625156289072268;9.26904467949394;63.56644255463436;2495.679360777304;0.04417457186950032;0.8532074576097909;0.23745268191557553
189597344#1;;0.0625156289072268;9.26904467949394;63.56644255463436;2495.679360777304;0.04417457186950032;0.8532074576097909;0.23745268191557553
-189597344#1;;0.031525851197982346;9.389229190440222;63.09262849593249;3131.0082021012886;0.07270377164004539;1.0307844023267319;0.25211711975049467
-189597344#2;;0.13747594171020072;4.677517814490266;61.77760590359293;0.0;0.0;0.0;0.0
-189597344#2;;0.13747594171020072;4.6480159666627126;65.1905336184425;5401.890155131023;0.10276349223263642;1.8156867868431952;0.45068240926436665
-189597344#0;;0.033879929529746576;9.146782440354935;60.98977559219102;2139.505241948191;0.026748751719743835;0.7522925783461856;0.21726313664811198
189597344#1;;0.0625156289072268;9.243853608628434;65.08151322001405;3349.3982973363945;0.08734989634105522;1.1031616528355523;0.2684162199343483
189597344#1;;0.0625156289072268;9.243853608628434;65.08151322001405;3349.3982973363945;0.08734989634105522;1.1031616528355523;0.2684162199343483
-189597344#1;;0.031525851197982346;9.406239568536714;59.763394767138195;0.0;0.0;0.0;0.0
-189597344#2;;0.13747594171020072;4.6480159666627126;65.1905336184425;5401.890155131023;0.10276349223263642;1.8156867868431952;0.45068240926436665
-189597344#2;;0.13747594171020072;4.662952378059046;62.48115230202296;1698.6748434791807;0.007898069308386645;0.6371288139466119;0.18540325438577407
-189597344#0;;0.033879929529746576;9.206359188666692;57.04189013916179;0.0;0.0;0.0;0.0
189597344#1;;0.0625156289072268;9.193771421455965;65.58010718308026;5423.83143251959;0.11023059214702845;1.8299086246896314;0.501328401592559
189597344#1;;0.0625156289072268;9.193771421455965;65.58010718308026;5423.83143251959;0.11023059214702845;1.8299086246896314;0.501328401592559
-189597344#1;;0.031525851197982346;9.423533541814326;59.727349392315986;0.0;0.0;0.0;0.0
-189597344#2;;0.13747594171020072;4.662952378059046;62.48115230202296;1698.6748434791807;0.007898069308386645;0.6371288139466119;0.18540325438577407
-189597344#2;;0.13747594171020072;4.636538458606382;64.89654678410302;5163.409254075575;0.09061641148101239;1.743528745541934;0.4480883248333428
-189597344#0;;0.033879929529746576;9.150909209718098;63.804047254696144;3580.943324255188;0.0810937607385261;1.127327372962674;0.2334285555569869
189597344#1;;0.0625156289072268;9.2540716404198;62.289761852528756;1317.0210117733664;0.0;0.5341382871562469;0.22372862432199236
189597344#1;;0.0625156289072268;9.2540716404198;62.289761852528756;1317.0210117733664;0.0;0.5341382871562469;0.22372862432199236
-189597344#1;;0.031525851197982346;9.388799346186415;62.90506269295122;3025.7156703198243;0.06825446518035391;1.0018994530887844;0.25079867317711113
-189597344#2;;0.13747594171020072;4.636538458606382;64.89654678410302;5163.409254075575;0.09061641148101239;1.743528745541934;0.4480883248333428
-189597344#2;;0.13747594171020072;4.68970557528187;62.17814184400261;2093.5886072063663;0.030070073154393223;0.7477571621819354;0.2462570197898077
-189597344#0;;0.033879929529746576;9.17573119188589;58.75235365973646;0.0;0.0;0.0;0.0
189597344#1;;0.0625156289072268;9.256220365134457;64.57820518111534;3222.9070413512345;0.08157809752252299;1.0672758163046872;0.2664574914449693
189597344#1;;0.0625156289072268;9.256220365134457;64.57820518111534;3222.9070413512345;0.08157809752252299;1.0672758163046872;0.2664574914449693
-189597344#1;;0.031525851197982346;9.392303918343359;60.528866774135906;1598.3766480424893;0.007807913903883348;0.6100776045965899;0.2324188482547709
-189597344#2;;0.13747594171020072;4.68970557528187;62.17814184400261;2093.5886072063663;0.030070073154393223;0.7477571621819354;0.2462570197898077
-189597344#2;;0.13747594171020072;4.751974591727498;61.44611645506565;1552.742733685376;0.0063451592151007735;0.5968973170664991;0.23886640662101818
-189597344#0;;0.033879929529746576;9.168737765939378;60.59534614772224;1935.146206347444;0.018879090048557437;0.6988978929322183;0.21382389362058807
189597344#1;;0.0625156289072268;9.221443492163019;64.93286432094915;4826.568918835854;0.08548002556517986;1.6679737946263535;0.4924226630710522
189597344#1;;0.0625156289072268;9.221443492163019;64.93286432094915;4826.568918835854;0.08548002556517986;1.6679737946263535;0.4924226630710522
-189597344#1;;0.031525851197982346;9.38382955440233;61.24640133889305;2047.798528455938;0.026892841726248652;0.7334976487326272;0.23859106207009798
-189597344#2;;0.13747594171020072;4.751974591727498;61.44611645506565;1552.742733685376;0.0063451592151007735;0.5968973170664991;0.23886640662101818
-189597344#2;;0.13747594171020072;4.813646633934068;61.59123780606347;1704.4124949490529;0.012980845814410773;0.6391860652588831;0.24081822304432202
-189597344#0;;0.033879929529746576;9.15535427918568;61.00984374271489;2154.539549719742;0.02723761394832288;0.7560700659155547;0.2169922861062803
189597344#1;;0.0625156289072268;9.273851529628327;62.35153207513004;0.0;0.0;0.0;0.0
189597344#1;;0.0625156289072268;9.273851529628327;62.35153207513004;0.0;0.0;0.0;0.0
-189597344#1;;0.031525851197982346;9.429219476731536;58.351071595920644;0.0;0.0;0.0;0.0
-189597344#2;;0.13747594171020072;4.813646633934068;61.59123780606347;1704.4124949490529;0.012980845814410773;0.6391860652588831;0.24081822304432202
-189597344#2;;0.13747594171020072;4.883804462830266;60.994541079345545;0.0;0.0;0.0;0.0
-189597344#0;;0.033879929529746576;9.203187376574329;57.56938044503811;0.0;0.0;0.0;0.0
189597344#1;;0.0625156289072268;9.237760336600433;65.52727414977387;3660.569224769958;0.09287283046171683;1.1706117476792561;0.2538686544139738
189597344#1;;0.0625156289072268;9.237760336600433;65.52727414977387;3660.569224769958;0.09287283046171683;1.1706117476792561;0.2538686544139738
-189597344#1;;0.031525851197982346;9.425445714689491;60.91028954016292;1866.339762869291;0.018922374524151762;0.6834284344359618;0.23411375128342599
-189597344#2;;0.13747594171020072;4.883804462830266;60.994541079345545;0.0;0.0;0.0;0.0
-189597344#2;;0.13747594171020072;4.937878908607721;62.47681330097191;2407.588206940287;0.043821717266466775;0.8353337732001909;0.25034918369814296
-189597344#0;;0.033879929529746576;9.17015014897836;62.25642687597773;2813.562790518894;0.0518302837120502;0.9268959187937347;0.2236790367976514
189597344#1;;0.0625156289072268;9.22871597480882;64.25563585457655;3855.3524783913326;0.050239195189219016;1.407744307576566;0.48027322767497216
189597344#1;;0.0625156289072268;9.22871597480882;64.25563585457655;3855.3524783913326;0.050239195189219016;1.407744307576566;0.48027322767497216
-189597344#1;;0.031525851197982346;9.404142963547233;62.01300160653485;2519.958052883152;0.04663000970270188;0.8626501782174577;0.2435190022822908
-189597344#2;;0.13747594171020072;4.937878908607721;62.47681330097191;2407.588206940287;0.043821717266466775;0.8353337732001909;0.25034918369814296
-189597344#2;;0.13747594171020072;5.001955518528389;61.69600872686953;1862.7773784442834;0.019967543171777128;0.6833772888872411;0.2433251058776504
-189597344#0;;0.033879929529746576;9.159991367583766;60.80223065833336;2044.0008337166767;0.023035269593581625;0.7272652489190817;0.21550086747165956
189597344#1;;0.0625156289072268;9.245279348972927;63.335288295865986;2821.837381626774;0.005594748262133454;1.1175157805518996;0.4655434539769926
189597344#1;;0.0625156289072268;9.245279348972927;63.335288295865986;2821.837381626774;0.005594748262133454;1.1175157805518996;0.4655434539769926
-189597344#1;;0.031525851197982346;9.389250666882615;61.63233989033402;2286.4434795099305;0.03694879495240562;0.7989457259857139;0.2413479064781604
-189597344#2;;0.13747594171020072;5.001955518528389;61.69600872686953;1862.7773784442834;0.019967543171777128;0.6833772888872411;0.2433251058776504
-189597344#2;;0.13747594171020072;5.0757671038654495;61.03230036269966;1377.6745832110585;0.0;0.5481091661360754;0.23643808500664074
-189597344#0;;0.033879929529746576;9.206620908550775;57.6217685045238;0.0;0.0;0.0;0.0
189597344#1;;0.0625156289072268;9.256192182968581;64.18755770294653;2924.983372117511;0.06832275465616691;0.9834987450164252;0.2627474062439785
189597344#1;;0.0625156289072268;9.256192182968581;64.18755770294653;2924.983372117511;0.06832275465616691;0.9834987450164252;0.2627474062439785
-189597344#1;;0.031525851197982346;9.402851316728658;59.95130598926207;0.0;0.0;0.0;0.0
-189597344#2;;0.13747594171020072;5.0757671038654495;61.03230036269966;1377.6745832110585;0.0;0.5481091661360754;0.23643808500664074
-189597344#2;;0.13747594171020072;5.15128295466075;61.02395527589508;1407.010434168156;0.0;0.5563685453676261;0.2363835607722375
-189597344#0;;0.033879929529746576;9.155634741331578;63.488542639930444;3426.840271930701;0.07517214054588862;1.086945345140543;0.23141480957137694
189597344#1;;0.0625156289072268;9.26359095458711;64.20343269983354;2933.607227733124;0.06221213295361718;0.9718422786595312;0.24308395816964104
189597344#1;;0.0625156289072268;9.26359095458711;64.20343269983354;2933.607227733124;0.06221213295361718;0.9718422786595312;0.24308395816964104
-189597344#1;;0.031525851197982346;9.423103905315704;59.57165552723259;0.0;0.0;0.0;0.0
-189597344#2;;0.13747594171020072;5.15128295466075;61.02395527589508;1407.010434168156;0.0;0.5563685453676261;0.2363835607722375
-189597344#2;;0.13747594171020072;5.217126988002701;61.90389728898203;2085.0964339855163;0.029633999317734132;0.7453041499225731;0.24577783571883371
-189597344#0;;0.033879929529746576;9.143322425822353;60.958679045614936;2120.891709687635;0.026076394381068967;0.7474975456546717;0.21722963917598168
189597344#1;;0.0625156289072268;9.24669243938087;65.21464769088455;3620.376146450182;0.09973266214970164;1.1801037713155391;0.2725748205675646
189597344#1;;0.0625156289072268;9.24669243938087;65.21464769088455;3620.376146450182;0.09973266214970164;1.1801037713155391;0.2725748205675646
-189597344#1;;0.031525851197982346;9.387345927971145;62.97506590598444;3064.6116702208838;0.0699298706342272;1.0126415981406862;0.25137605224381276
-189597344#2;;0.13747594171020072;5.217126988002701;61.90389728898203;2085.0964339855163;0.029633999317734132;0.7453041499225731;0.24577783571883371
-189597344#2;;0.13747594171020072;5.281474146464708;62.14812315058318;2264.8208267172304;0.037650958939073165;0.7956465842629401;0.24887762426137447
-189597344#0;;0.033879929529746576;9.17765648722728;58.254323560794;0.0;0.0;0.0;0.0
189597344#1;;0.0625156289072268;9.249115382361428;63.94184431140238;2461.9594104097873;0.04270964641081761;0.8439262692051199;0.23669839280807697
189597344#1;;0.0625156289072268;9.249115382361428;63.94184431140238;2461.9594104097873;0.04270964641081761;0.8439262692051199;0.23669839280807697
-189597344#1;;0.031525851197982346;9.41413690913587;59.246816094003954;0.0;0.0;0.0;0.0
-189597344#2;;0.13747594171020072;5.281474146464708;62.14812315058318;2264.8208267172304;0.037650958939073165;0.7956465842629401;0.24887762426137447
-189597344#2;;0.13747594171020072;5.357483058305298;61.365298372014045;1720.5743413328423;0.01375186399443421;0.643698032738784;0.24165344209066972
-189597344#0;;0.033879929529746576;9.145698503984939;62.222385517919705;2789.123879146995;0.05130345407199631;0.9214719801103483;0.224711073483368
189597344#1;;0.0625156289072268;9.251398390448907;63.76354466781802;3360.6892491164654;0.022828697833049735;1.2618724579415628;0.47173250890052665
189597344#1;;0.0625156289072268;9.251398390448907;63.76354466781802;3360.6892491164654;0.022828697833049735;1.2618724579415628;0.47173250890052665
-189597344#1;;0.031525851197982346;9.417312021278223;60.51612482792358;1609.950128927092;0.008199550123980392;0.6133256971981373;0.23128879865856594
-189597344#2;;0.13747594171020072;5.357483058305298;61.365298372014045;1720.5743413328423;0.01375186399443421;0.643698032738784;0.24165344209066972
-189597344#2;;0.13747594171020072;5.451537318797601;60.27737971746279;0.0;0.0;0.0;0.0
-189597344#0;;0.033879929529746576;9.166917656682369;58.95699388500006;0.0;0.0;0.0;0.0
189597344#1;;0.0625156289072268;9.202041886219433;65.4253519745811;5415.069701130709;0.11137339780264294;1.8321643755525758;0.5012351074317515
189597344#1;;0.0625156289072268;9.202041886219433;65.4253519745811;5415.069701130709;0.11137339780264294;1.8321643755525758;0.5012351074317515
-189597344#1;;0.031525851197982346;9.37993077196804;63.09472222768696;3129.4424187996206;0.07282686196789763;1.0307862612200542;0.2526203445554502
-189597344#2;;0.13747594171020072;5.451537318797601;60.27737971746279;0.0;0.0;0.0;0.0
:30848481_2;;0.11169693357251045;0.03149625677324497;61.95857930264627;2408.351824281304;0.04388668627782367;0.8356023036342638;0.2504933759686899
-189597344#0;;0.033879929529746576;9.185888191633818;59.058743632023;0.0;0.0;0.0;0.0
189597344#1;;0.0625156289072268;9.270183511353785;62.16631380641979;0.0;0.0;0.0;0.0
189597344#1;;0.0625156289072268;9.270183511353785;62.16631380641979;0.0;0.0;0.0;0.0
-189597344#1;;0.031525851197982346;9.435603035439131;57.908911702927185;0.0;0.0;0.0;0.0
-189597344#2;;0.1366467370892335;5.729796846382837;51.00576043377579;0.0;0.0;0.0;0.0
-189597344#1;;0.03573513611578771;9.18658656371832;63.440810852203036;1992.771819570527;0.024202175573346987;0.7179582447006516;0.23555773252337314
-189597344#0;;0.033879929529746576;9.171694477442697;61.03887752594767;2177.9507684951436;0.027965672876023404;0.7618846029100709;0.21641688140079576
:30848481_0;;0.18457400851853006;0.0970807021351884;62.72819698567246;2963.755868881375;0.0635181534751527;0.9801565117677763;0.24366114858141405
189597344#1;;0.06064634975118767;9.286413996845665;59.14782751448415;0.0;0.0;0.0;0.0
-189597344#1;;0.03573513611578771;9.18658656371832;63.440810852203036;1992.771819570527;0.024202175573346987;0.7179582447006516;0.23555773252337314
-189597344#2;;0.12458629931311621;5.6331150206574545;67.36037025910392;4598.757640657703;0.05705950888234043;1.175004251670229;0.13834857296901934
-189597344#1;;0.04129953982437132;9.178967480370739;64.39651064819454;2857.7142101283257;0.06369144294721472;0.9611938382674681;0.256743742910063
-189597344#0;;0.033879929529746576;9.198304268961447;58.63190669343762;0.0;0.0;0.0;0.0
189597344#2;;0.004545458559336654;4.343654458355125;62.70022392457292;2937.718027614144;0.06304598730012816;0.9744511537622969;0.24516249831055492
189597344#1;;0.0553848671192414;9.255850225965052;62.94654149998053;2973.1486687240017;0.07008532874211733;0.9962434201137317;0.26221044810683347
-189597344#1;;0.04129953982437132;9.178967480370739;64.39651064819454;2857.7142101283257;0.06369144294721472;0.9611938382674681;0.256743742910063
-189597344#2;;0.11245384910440895;5.719235983786665;51.03501218128781;0.0;0.0;0.0;0.0
-189597344#1;;0.04685167332875877;9.163550668960582;64.46722844629956;4057.733812406618;0.055268306885223745;1.4537273607206338;0.48114630953118387
-189597344#0;;0.033879929529746576;9.207171490641585;59.6039258799956;1399.2575025456595;0.0;0.5601457459854606;0.20589412248145672
189597344#2;;0.015938220576329553;4.377419735576623;57.09627118313609;0.0;0.0;0.0;0.0
189597344#1;;0.05020413750486239;9.22384163526792;63.095159239788224;3049.5051464469166;0.07415072365031987;1.0191319580927392;0.26510948183702615
-189597344#1;;0.04685167332875877;9.163550668960582;64.46722844629956;4057.733812406618;0.055268306885223745;1.4537273607206338;0.48114630953118387
-189597344#2;;0.10034815246162856;5.808031123312452;50.794025306774074;0.0;0.0;0.0;0.0
-189597344#1;;0.05237924446398631;9.176651654841935;63.51302320302669;2023.0971668623902;0.02558831147126786;0.7263898127159512;0.2366631670706017
-189597344#0;;0.033879929529746576;9.213800873609056;59.72561751891541;1474.274729161614;0.001493206661149554;0.5795707562540063;0.20641034293933833
189597344#2;;0.027379528192173704;4.368137248994959;61.77665198478052;2438.69619172639;0.04168802142594828;0.8375048814498874;0.23612123561623258
189597344#1;;0.045001332328715164;9.2288817615223;60.758027459673684;1543.6673878444678;0.00632917888502915;0.5938000769245556;0.24441950687300776
-189597344#1;;0.05237924446398631;9.176651654841935;63.51302320302669;2023.0971668623902;0.02558831147126786;0.7263898127159512;0.2366631670706017
-189597344#2;;0.08829601083326606;5.714021695600886;66.76592491058099;4370.360899639341;0.04976761222517148;1.1185123765333846;0.13122490511463844
-189597344#1;;0.05791591293848057;9.166665658071325;64.1244016188758;3864.680558427759;0.04483684115077742;1.4047445752124301;0.47891799492867526
-189597344#0;;0.033879929529746576;9.172225298787305;62.821960035138915;3099.279267951473;0.06251139477927935;1.0009592135623533;0.22679506931559962
189597344#2;;0.038863546254721555;4.36000300532596;61.64631103593755;2355.3853945843493;0.03848594831117651;0.8153766036516442;0.23602025093812565
189597344#1;;0.03977910506021222;9.289672234460777;58.02343292822795;0.0;0.0;0.0;0.0
-189597344#1;;0.05791591293848057;9.166665658071325;64.1244016188758;3864.680558427759;0.04483684115077742;1.4047445752124301;0.47891799492867526
-189597344#2;;0.07622403365351912;5.638379940906613;65.30744083833933;3947.6508931500807;0.044924506532879965;1.0529135746599187;0.13436874446742506
-189597344#1;;0.06305170239596469;9.161563248009497;64.01595594847173;3662.0822320387033;0.0355125270087855;1.3468249962269154;0.47637735971518314
-189597344#0;;0.033879929529746576;9.209993806494357;58.04608842127059;0.0;0.0;0.0;0.0
189597344#2;;0.050339047252077794;4.36162266903553;60.38034349760325;1594.461326862616;0.0072113215943300415;0.6093954594200939;0.22642925288542992
189597344#1;;0.034560750830731804;9.224294340459613;65.44890510382558;4394.990991933617;0.13471753944134804;1.399156102676372;0.28332629864435677
-189597344#1;;0.06305170239596469;9.161563248009497;64.01595594847173;3662.0822320387033;0.0355125270087855;1.3468249962269154;0.47637735971518314
-189597344#2;;0.06873797085510036;5.536434532907798;68.3145994335566;4962.59026088471;0.06838874946046658;1.2631400279874472;0.14784812720393006
-189597344#1;;0.06305170239596469;9.168970843330149;63.910083487003526;2525.255263816906;0.048936917252676626;0.8680788742552645;0.2517404293159107
-189597344#0;;0.033879929529746576;9.2067098475886;60.32157054912622;1805.4424521364851;0.013804717674691373;0.6650689549011681;0.21045928747480872
189597344#2;;0.061891759857729205;4.346983424198737;62.58326029294943;2875.1128292069147;0.06032525957463614;0.9571545807142549;0.2439865261346388
189597344#1;;0.0312578144536134;9.2856558014426;58.00772323263804;0.0;0.0;0.0;0.0
-189597344#1;;0.06305170239596469;9.168970843330149;63.910083487003526;2525.255263816906;0.048936917252676626;0.8680788742552645;0.2517404293159107
-189597344#2;;0.06873797085510036;5.431712527879184;69.11055474231023;5297.916269439164;0.08077412552632635;1.3520593785980888;0.15843023999127262
-189597344#1;;0.09457755359394704;13.770679196078436;64.19160634733363;3287.7869207342087;0.015725906468477123;1.2682806272828948;0.2417733150562588
-189597344#0;;0.033879929529746576;9.183428068243522;61.60080311697917;2480.1337997016108;0.0391517576808089;0.8399885529716117;0.21921694966520186
189597344#2;;0.06873797085510036;4.37113294435215;57.91734697282149;0.0;0.0;0.0;0.0
189597344#1;;0.0312578144536134;9.256853120110451;62.82752187126399;2902.164874072665;0.06689574017857014;0.9762274172179313;0.26119758452968045
-189597344#1;;0.09457755359394704;13.770679196078436;64.19160634733363;3287.7869207342087;0.015725906468477123;1.2682806272828948;0.2417733150562588
-189597344#2;;0.06873797085510036;5.356030032751783;66.40854619055393;4431.293918490086;0.06580153747876946;1.1930098837147676;0.15904919177342025
-189597344#1;;0.09457755359394704;13.770679196078436;64.19160634733363;3287.7869207342087;0.015725906468477123;1.2682806272828948;0.2417733150562588
-189597344#1;;0.09457755359394704;13.61440891355403;68.78951346984181;6088.568614486569;0.05508345384008451;1.5569135950775796;0.25213499924634336
-189597344#0;;0.033879929529746576;9.210968020701301;58.568709348707046;0.0;0.0;0.0;0.0
189597344#2;;0.06873797085510036;4.353314146001605;63.013312044042834;3116.0769527182315;0.07002518904192781;1.0219748100704746;0.24623128167173575
189597344#1;;0.0312578144536134;9.284485312435267;59.47342387662231;0.0;0.0;0.0;0.0
-189597344#1;;0.09457755359394704;13.61440891355403;68.78951346984181;6088.568614486569;0.05508345384008451;1.5569135950775796;0.25213499924634336
-189597344#2;;0.06873797085510036;5.324851809578975;61.77226821364954;2814.2300194445143;0.030387904300639965;0.8655208907544879;0.15054124183312773
-189597344#1;;0.09457755359394704;13.61440891355403;68.78951346984181;6088.568614486569;0.05508345384008451;1.5569135950775796;0.25213499924634336
-189597344#1;;0.09622415812296214;13.688079914433386;69.93815866315033;10596.86764914606;0.10214096654282073;3.084300474959549;0.6516268723973202
-189597344#0;;0.033879929529746576;9.200282172742423;60.78235883649438;2053.657411732826;0.02307382831278571;0.7292697370579998;0.21356053669950895
189597344#2;;0.06873797085510036;4.369123024129817;58.738555305463656;0.0;0.0;0.0;0.0
189597344#1;;0.0312578144536134;9.265746247557828;62.15681060445314;2495.8928436536435;0.04862617219590241;0.8616751023561436;0.2552324417080071
-189597344#1;;0.09622415812296214;13.688079914433386;69.93815866315033;10596.86764914606;0.10214096654282073;3.084300474959549;0.6516268723973202
-189597344#1;;0.09622415812296214;13.688079914433386;69.93815866315033;10596.86764914606;0.10214096654282073;3.084300474959549;0.6516268723973202
-189597344#1;;0.09622415812296214;13.688079914433386;69.93815866315033;10596.86764914606;0.10214096654282073;3.084300474959549;0.6516268723973202
-189597344#1;;0.09969210155611576;13.4978514563592;69.92252333713219;9490.54661926397;0.09738187340473141;2.5684032752557266;0.43150535061746903
189597344#2;;0.06873797085510036;4.351689632729017;62.963815696677145;3088.1100717923973;0.06894062095626255;1.014549820679658;0.24607804909494052
189597344#1;;0.0312578144536134;9.28220807071492;60.053676910512664;0.0;0.0;0.0;0.0
-189597344#1;;0.09969210155611576;13.4978514563592;69.92252333713219;9490.54661926397;0.09738187340473141;2.5684032752557266;0.43150535061746903
-189597344#1;;0.09969210155611576;13.4978514563592;69.92252333713219;9490.54661926397;0.09738187340473141;2.5684032752557266;0.43150535061746903
-189597344#1;;0.09969210155611576;13.4978514563592;69.92252333713219;9490.54661926397;0.09738187340473141;2.5684032752557266;0.43150535061746903
-189597344#1;;0.10325152347902858;13.247618203887619;70.90853030833227;11354.865161131522;0.16273211932209697;3.045163877825625;0.45549841106369043
189597344#2;;0.06873797085510036;4.348366794280087;61.04395825607901;1984.7998163409077;0.02345643323949938;0.7152904182691385;0.23273492604250068
189597344#1;;0.0312578144536134;9.258683475044771;62.47692419758347;2690.1110219758425;0.05739583067367943;0.9164974087707763;0.258241177722874
-189597344#1;;0.10325152347902858;13.247618203887619;70.90853030833227;11354.865161131522;0.16273211932209697;3.045163877825625;0.45549841106369043
-189597344#1;;0.10325152347902858;13.247618203887619;70.90853030833227;11354.865161131522;0.16273211932209697;3.045163877825625;0.45549841106369043
-189597344#1;;0.10325152347902858;13.247618203887619;70.90853030833227;11354.865161131522;0.16273211932209697;3.045163877825625;0.45549841106369043
-189597344#1;;0.10693094227461765;13.035083744019472;70.48226408912103;10304.991562736042;0.11998775357968988;2.7950374435803544;0.4589819235729938
189597344#2;;0.06873797085510036;4.344016906269001;61.190467751895106;2067.5624405810645;0.026960838423799816;0.7378768652859475;0.23425607225880232
189597344#1;;0.0312578144536134;9.261642792121517;60.834851273103155;1627.1726841345373;0.009935059902023088;0.6174602028780987;0.2437935597467616
-189597344#1;;0.10693094227461765;13.035083744019472;70.48226408912103;10304.991562736042;0.11998775357968988;2.7950374435803544;0.4589819235729938
-189597344#1;;0.10693094227461765;13.035083744019472;70.48226408912103;10304.991562736042;0.11998775357968988;2.7950374435803544;0.4589819235729938
-189597344#1;;0.10693094227461765;13.035083744019472;70.48226408912103;10304.991562736042;0.11998775357968988;2.7950374435803544;0.4589819235729938
-189597344#1;;0.11068705411899746;12.77275759366306;70.5799218984514;13806.231315830613;0.2262912295844639;3.9930449819369485;0.7332521568041149
189597344#2;;0.06873797085510036;4.356824595905649;59.08928551089214;0.0;0.0;0.0;0.0
189597344#1;;0.0312578144536134;9.284292635322302;59.72578711201891;0.0;0.0;0.0;0.0
-189597344#1;;0.11068705411899746;12.77275759366306;70.5799218984514;13806.231315830613;0.2262912295844639;3.9930449819369485;0.7332521568041149
-189597344#1;;0.11068705411899746;12.77275759366306;70.5799218984514;13806.231315830613;0.2262912295844639;3.9930449819369485;0.7332521568041149
-189597344#1;;0.11068705411899746;12.77275759366306;70.5799218984514;13806.231315830613;0.2262912295844639;3.9930449819369485;0.7332521568041149
-189597344#1;;0.11455430221172397;12.630525455191167;69.43097820522303;7693.858221152983;0.09043805052121712;2.02442076550826;0.23348766458993178
189597344#2;;0.06873797085510036;4.364578309363878;59.637296391968306;0.0;0.0;0.0;0.0
189597344#1;;0.0312578144536134;9.280274013149267;61.222051661919934;1904.7939104779462;0.0221770273271707;0.6954187294055921;0.24651257973135718
-189597344#1;;0.11455430221172397;12.630525455191167;69.43097820522303;7693.858221152983;0.09043805052121712;2.02442076550826;0.23348766458993178
-189597344#1;;0.11455430221172397;12.630525455191167;69.43097820522303;7693.858221152983;0.09043805052121712;2.02442076550826;0.23348766458993178
-189597344#1;;0.11455430221172397;12.630525455191167;69.43097820522303;7693.858221152983;0.09043805052121712;2.02442076550826;0.23348766458993178
-189597344#1;;0.11847130037547027;12.53037987583405;68.20364147321091;7729.04605619987;0.05217351077608206;2.271649605699225;0.46515600423874776
189597344#2;;0.06873797085510036;4.374996731866968;59.307133866406936;0.0;0.0;0.0;0.0
189597344#1;;0.0312578144536134;9.271065183500395;61.550350258075;2113.5824860736248;0.03153792945051555;0.7541341597166236;0.24980960338961494
-189597344#1;;0.11847130037547027;12.53037987583405;68.20364147321091;7729.04605619987;0.05217351077608206;2.271649605699225;0.46515600423874776
-189597344#1;;0.11847130037547027;12.53037987583405;68.20364147321091;7729.04605619987;0.05217351077608206;2.271649605699225;0.46515600423874776
-189597344#1;;0.11847130037547027;12.53037987583405;68.20364147321091;7729.04605619987;0.05217351077608206;2.271649605699225;0.46515600423874776
-189597344#1;;0.12246052403834469;12.319728579345181;70.30187285343757;12673.439458177692;0.17763168542258137;3.704483645811816;0.7429258510355508
189597344#2;;0.06873797085510036;4.347379287164773;64.47077053659558;3889.147883943999;0.10226678091265065;1.2325361764741711;0.25657546832398775
189597344#1;;0.0312578144536134;9.236184711970916;63.26954591504613;3157.9797547707412;0.07876697081180206;1.0491896624627983;0.26585248312349785
-189597344#1;;0.12246052403834469;12.319728579345181;70.30187285343757;12673.439458177692;0.17763168542258137;3.704483645811816;0.7429258510355508
-189597344#1;;0.12246052403834469;12.319728579345181;70.30187285343757;12673.439458177692;0.17763168542258137;3.704483645811816;0.7429258510355508
-189597344#1;;0.12246052403834469;12.319728579345181;70.30187285343757;12673.439458177692;0.17763168542258137;3.704483645811816;0.7429258510355508
-189597344#1;;0.12610340479192939;12.204054335635972;69.57032311612616;8024.734839994327;0.11259875226863258;2.1691498079110714;0.2657693979158615
189597344#2;;0.06873797085510036;4.351860846280069;60.05686434301151;1369.5999025252283;0.0;0.548323792166002;0.22469703546808217
189597344#1;;0.0312578144536134;9.224338061638692;61.78030218160508;2231.405065754551;0.03730864484502416;0.7880320687167818;0.25398787996956773
-189597344#1;;0.12610340479192939;12.204054335635972;69.57032311612616;8024.734839994327;0.11259875226863258;2.1691498079110714;0.2657693979158615
-189597344#1;;0.12610340479192939;12.204054335635972;69.57032311612616;8024.734839994327;0.11259875226863258;2.1691498079110714;0.2657693979158615
-189597344#1;;0.12610340479192939;12.204054335635972;69.57032311612616;8024.734839994327;0.11259875226863258;2.1691498079110714;0.2657693979158615
-189597344#1;;0.12610340479192939;12.141399949474428;68.49861912275578;5094.826617252591;0.01587746481215933;1.3974274956166082;0.3020285727655298
189597344#2;;0.06873797085510036;4.34914313674651;60.96337045091811;1936.8845064566594;0.021462748618492497;0.7022666882777837;0.23205147964043116
189597344#1;;0.0312578144536134;9.262171509364094;59.013762488422714;0.0;0.0;0.0;0.0
-189597344#1;;0.12610340479192939;12.141399949474428;68.49861912275578;5094.826617252591;0.01587746481215933;1.3974274956166082;0.3020285727655298
-189597344#1;;0.12610340479192939;12.141399949474428;68.49861912275578;5094.826617252591;0.01587746481215933;1.3974274956166082;0.3020285727655298
-189597344#1;;0.12610340479192939;12.141399949474428;68.49861912275578;5094.826617252591;0.01587746481215933;1.3974274956166082;0.3020285727655298
-189597344#1;;0.12610340479192939;11.97002147308317;69.71443012816907;11253.718803251924;0.20417888128530792;3.2863235929315437;0.5365317284324802
189597344#2;;0.06873797085510036;4.367298857808308;58.50264918824901;0.0;0.0;0.0;0.0
189597344#1;;0.0312578144536134;9.224220119574674;63.4994713751546;3289.6674806757546;0.08495567790534148;1.0869518825724476;0.2683436784602643
-189597344#1;;0.12610340479192939;11.97002147308317;69.71443012816907;11253.718803251924;0.20417888128530792;3.2863235929315437;0.5365317284324802
-189597344#1;;0.12610340479192939;11.97002147308317;69.71443012816907;11253.718803251924;0.20417888128530792;3.2863235929315437;0.5365317284324802
-189597344#1;;0.12610340479192939;11.97002147308317;69.71443012816907;11253.718803251924;0.20417888128530792;3.2863235929315437;0.5365317284324802
-189597344#1;;0.12610340479192939;11.866530198277276;69.40735749792036;9642.348389037848;0.13159461935431294;2.8060261750524313;0.5273863942565864
189597344#2;;0.06873797085510036;4.361388130628592;61.34571534493111;2181.5072468020053;0.03131282006044461;0.7682580475898944;0.2337126990144822
189597344#1;;0.0312578144536134;9.235280315780233;60.408991272061584;1298.892360788812;0.0;0.5247832665872597;0.24076725804659793
-189597344#1;;0.12610340479192939;11.866530198277276;69.40735749792036;9642.348389037848;0.13159461935431294;2.8060261750524313;0.5273863942565864
-189597344#1;;0.12610340479192939;11.866530198277276;69.40735749792036;9642.348389037848;0.13159461935431294;2.8060261750524313;0.5273863942565864
-189597344#1;;0.12610340479192939;11.866530198277276;69.40735749792036;9642.348389037848;0.13159461935431294;2.8060261750524313;0.5273863942565864
-189597344#1;;0.12610340479192939;11.751972322866429;68.85756837521;9630.747674000766;0.13938122222581073;2.863892668667789;0.5296212235675704
189597344#2;;0.06873797085510036;4.358582399079538;60.94815232138171;1940.6393454933288;0.021468746593389803;0.7031235826842617;0.23104640426084477
189597344#1;;0.0312578144536134;9.26522284454069;59.38387331298416;0.0;0.0;0.0;0.0
-189597344#1;;0.12610340479192939;11.751972322866429;68.85756837521;9630.747674000766;0.13938122222581073;2.863892668667789;0.5296212235675704
-189597344#1;;0.12610340479192939;11.751972322866429;68.85756837521;9630.747674000766;0.13938122222581073;2.863892668667789;0.5296212235675704
-189597344#1;;0.12610340479192939;11.751972322866429;68.85756837521;9630.747674000766;0.13938122222581073;2.863892668667789;0.5296212235675704
-189597344#1;;0.12610340479192939;11.693167948197852;67.37507281803717;7273.3265813455855;0.05959915581521755;2.2847250936011894;0.5166858969583985
189597344#2;;0.06873797085510036;4.373133424646559;58.86081060504269;0.0;0.0;0.0;0.0
189597344#1;;0.0312578144536134;9.261812555849044;61.21068211522466;1883.0333168906961;0.021346477858222926;0.6894178900240785;0.24722143894648527
-189597344#1;;0.12610340479192939;11.693167948197852;67.37507281803717;7273.3265813455855;0.05959915581521755;2.2847250936011894;0.5166858969583985
-189597344#1;;0.12610340479192939;11.693167948197852;67.37507281803717;7273.3265813455855;0.05959915581521755;2.2847250936011894;0.5166858969583985
-189597344#1;;0.12610340479192939;11.693167948197852;67.37507281803717;7273.3265813455855;0.05959915581521755;2.2847250936011894;0.5166858969583985
-189597344#1;;0.12610340479192939;11.561807071954247;69.54061428764908;11031.691255854721;0.1326074810742122;3.380988687391266;0.7745029412754804
189597344#2;;0.06873797085510036;4.364616614829221;61.6839476589384;2381.9528178986475;0.03945816500764962;0.822346061167096;0.2358229409754847
189597344#1;;0.0312578144536134;9.281710878228438;59.87204106577897;0.0;0.0;0.0;0.0
-189597344#1;;0.12610340479192939;11.561807071954247;69.54061428764908;11031.691255854721;0.1326074810742122;3.380988687391266;0.7745029412754804
-189597344#1;;0.12610340479192939;11.561807071954247;69.54061428764908;11031.691255854721;0.1326074810742122;3.380988687391266;0.7745029412754804
-189597344#1;;0.12610340479192939;11.561807071954247;69.54061428764908;11031.691255854721;0.1326074810742122;3.380988687391266;0.7745029412754804
-189597344#1;;0.12610340479192939;11.507578039724642;68.98087472417511;7857.399114800972;0.06871079482222908;2.3653035001752585;0.5772384298828582
189597344#2;;0.06873797085510036;4.344968973966334;63.30578838678268;3270.305765316788;0.07677428951040371;1.0647243447126844;0.24915610383772516
189597344#1;;0.0312578144536134;9.232101383145205;64.29891889255161;3753.5879974399622;0.1056188405121774;1.2174656608814989;0.27415323789018453
-189597344#1;;0.12610340479192939;11.507578039724642;68.98087472417511;7857.399114800972;0.06871079482222908;2.3653035001752585;0.5772384298828582
-189597344#1;;0.12610340479192939;11.507578039724642;68.98087472417511;7857.399114800972;0.06871079482222908;2.3653035001752585;0.5772384298828582
-189597344#1;;0.12610340479192939;11.507578039724642;68.98087472417511;7857.399114800972;0.06871079482222908;2.3653035001752585;0.5772384298828582
-189597344#1;;0.12610340479192939;11.400646156763775;69.15235221908492;9826.782204608475;0.14255577411352088;2.901912295112748;0.5532930023499174
189597344#2;;0.06873797085510036;4.359322041517344;58.916680960667165;0.0;0.0;0.0;0.0
189597344#1;;0.0312578144536134;9.27371156939157;58.82824768785518;0.0;0.0;0.0;0.0
-189597344#1;;0.12610340479192939;11.400646156763775;69.15235221908492;9826.782204608475;0.14255577411352088;2.901912295112748;0.5532930023499174
-189597344#1;;0.12610340479192939;11.400646156763775;69.15235221908492;9826.782204608475;0.14255577411352088;2.901912295112748;0.5532930023499174
-189597344#1;;0.12610340479192939;11.400646156763775;69.15235221908492;9826.782204608475;0.14255577411352088;2.901912295112748;0.5532930023499174
-189597344#1;;0.12610340479192939;11.344702598583817;68.71637570577002;5744.325071515237;0.04391896500070208;1.641887456801797;0.35081692314039936
189597344#2;;0.06873797085510036;4.3614634649666115;60.316354802636326;1553.7231374555638;0.0055402235031980045;0.598370120259786;0.22594289577612625
189597344#1;;0.0312578144536134;9.240885265870492;63.12267558836962;3072.4619017268724;0.07483081565399256;1.0248585226544542;0.26442104694433877
-189597344#1;;0.12610340479192939;11.344702598583817;68.71637570577002;5744.325071515237;0.04391896500070208;1.641887456801797;0.35081692314039936
-189597344#1;;0.12610340479192939;11.344702598583817;68.71637570577002;5744.325071515237;0.04391896500070208;1.641887456801797;0.35081692314039936
-189597344#1;;0.12610340479192939;11.344702598583817;68.71637570577002;5744.325071515237;0.04391896500070208;1.641887456801797;0.35081692314039936
-189597344#1;;0.12610340479192939;11.208324096798638;70.40123024979846;12006.61056609784;0.1800754885101825;3.6857006764273224;0.8119909962531113
189597344#2;;0.06873797085510036;4.366615635675034;59.93785096174922;1319.2955115959408;0.0;0.535067667188326;0.22249561689311032
189597344#1;;0.0312578144536134;9.289675710114434;58.49772162601511;0.0;0.0;0.0;0.0
-189597344#1;;0.12610340479192939;11.208324096798638;70.40123024979846;12006.61056609784;0.1800754885101825;3.6857006764273224;0.8119909962531113
-189597344#1;;0.12610340479192939;11.208324096798638;70.40123024979846;12006.61056609784;0.1800754885101825;3.6857006764273224;0.8119909962531113
-189597344#1;;0.12610340479192939;11.208324096798638;70.40123024979846;12006.61056609784;0.1800754885101825;3.6857006764273224;0.8119909962531113
-189597344#1;;0.12610340479192939;11.13220319954166;69.6363737593766;8296.051736108546;0.08375459933057967;2.5069177144478463;0.5539676969482442
189597344#2;;0.06873797085510036;4.36288129457485;61.056216356221114;2011.4689623601616;0.02430644134929586;0.7222097247063605;0.23144399143060015
189597344#1;;0.0312578144536134;9.264224807545967;62.59455648042827;2764.5538850074877;0.06062365186302665;0.937250260486127;0.2589248014149714
-189597344#1;;0.12610340479192939;11.13220319954166;69.6363737593766;8296.051736108546;0.08375459933057967;2.5069177144478463;0.5539676969482442
-189597344#1;;0.12610340479192939;11.13220319954166;69.6363737593766;8296.051736108546;0.08375459933057967;2.5069177144478463;0.5539676969482442
-189597344#1;;0.12610340479192939;11.13220319954166;69.6363737593766;8296.051736108546;0.08375459933057967;2.5069177144478463;0.5539676969482442
-189597344#1;;0.12610340479192939;11.019894419660252;70.85592768839419;11284.719001713223;0.20039032810060897;3.2946796447871964;0.60392130237842
189597344#2;;0.06873797085510036;4.361139673205559;60.80442050500653;1856.8200035885616;0.01798703595883283;0.6803951697504704;0.22972585018014555
189597344#1;;0.0312578144536134;9.2264685969832;63.48226329840176;3280.2624448698307;0.08448028152695052;1.0841800571696496;0.2680824725976022
-189597344#1;;0.12610340479192939;11.019894419660252;70.85592768839419;11284.719001713223;0.20039032810060897;3.2946796447871964;0.60392130237842
-189597344#1;;0.12610340479192939;11.019894419660252;70.85592768839419;11284.719001713223;0.20039032810060897;3.2946796447871964;0.60392130237842
-189597344#1;;0.12610340479192939;11.019894419660252;70.85592768839419;11284.719001713223;0.20039032810060897;3.2946796447871964;0.60392130237842
-189597344#1;;0.12610340479192939;10.986752616558613;68.50448828691329;6806.112427047717;0.10168706176107063;1.9963330724728696;0.38674184901563124
189597344#2;;0.06873797085510036;4.3614447028592425;60.54458328913916;1697.0946528093853;0.011425918429852959;0.6371680466901878;0.22771745341697086
189597344#1;;0.0312578144536134;9.260324621018228;59.201702787348445;0.0;0.0;0.0;0.0
-189597344#1;;0.12610340479192939;10.986752616558613;68.50448828691329;6806.112427047717;0.10168706176107063;1.9963330724728696;0.38674184901563124
-189597344#1;;0.12610340479192939;10.986752616558613;68.50448828691329;6806.112427047717;0.10168706176107063;1.9963330724728696;0.38674184901563124
-189597344#1;;0.12610340479192939;10.986752616558613;68.50448828691329;6806.112427047717;0.10168706176107063;1.9963330724728696;0.38674184901563124
-189597344#1;;0.12610340479192939;10.909093151335096;70.27003329930555;8514.656660804425;0.09406846888975458;2.577988460500186;0.5724283173640125
189597344#2;;0.06873797085510036;4.359163146485551;60.879066848420365;1899.5162779354575;0.019769292139164608;0.6919785655929656;0.2304727918296592
189597344#1;;0.0312578144536134;9.257048459196316;61.209131855381415;1878.2842830152244;0.02116954042626693;0.688108845545917;0.24741628623638928
-189597344#1;;0.12610340479192939;10.909093151335096;70.27003329930555;8514.656660804425;0.09406846888975458;2.577988460500186;0.5724283173640125
-189597344#1;;0.12610340479192939;10.909093151335096;70.27003329930555;8514.656660804425;0.09406846888975458;2.577988460500186;0.5724283173640125
-189597344#1;;0.12610340479192939;10.909093151335096;70.27003329930555;8514.656660804425;0.09406846888975458;2.577988460500186;0.5724283173640125
-189597344#1;;0.12610340479192939;10.734197355752132;71.40809700084175;15254.589761215433;0.32968453938409137;4.63699409360615;0.8908912496573277
189597344#2;;0.06873797085510036;4.353342596174477;61.357238594432594;2178.7287352261174;0.03136973771743854;0.767779486972682;0.23458658773123958
189597344#1;;0.0312578144536134;9.22137110617643;63.348419602108024;3199.5500415300066;0.08096165949144962;1.0616357932978011;0.26729046721620753
-189597344#1;;0.12610340479192939;10.734197355752132;71.40809700084175;15254.589761215433;0.32968453938409137;4.63699409360615;0.8908912496573277
-189597344#1;;0.12610340479192939;10.734197355752132;71.40809700084175;15254.589761215433;0.32968453938409137;4.63699409360615;0.8908912496573277
-189597344#1;;0.12610340479192939;10.734197355752132;71.40809700084175;15254.589761215433;0.32968453938409137;4.63699409360615;0.8908912496573277
-189597344#1;;0.12610340479192939;10.662783429640553;69.24260558902967;9801.331576034467;0.11188095261447607;3.187669726524671;0.8306721164494391
189597344#2;;0.06873797085510036;4.353507454834042;60.5838068335343;1709.1886801025264;0.012005187022668683;0.6404482667699058;0.22873707900398818
189597344#1;;0.0312578144536134;9.260346841039288;58.96390615147502;0.0;0.0;0.0;0.0
-189597344#1;;0.12610340479192939;10.662783429640553;69.24260558902967;9801.331576034467;0.11188095261447607;3.187669726524671;0.8306721164494391
-189597344#1;;0.12610340479192939;10.662783429640553;69.24260558902967;9801.331576034467;0.11188095261447607;3.187669726524671;0.8306721164494391
-189597344#1;;0.12610340479192939;10.662783429640553;69.24260558902967;9801.331576034467;0.11188095261447607;3.187669726524671;0.8306721164494391
-189597344#1;;0.12610340479192939;10.65748768422737;67.48565318059332;6436.522729408191;0.09570699109016312;1.9497779615399873;0.36290524407105124
189597344#2;;0.06873797085510036;4.359517236898493;59.85448067025402;0.0;0.0;0.0;0.0
189597344#1;;0.0312578144536134;9.266049012068107;60.67093957953861;1516.899927349922;0.005001827554721583;0.5864741576739891;0.24207858207164062
-189597344#1;;0.12610340479192939;10.65748768422737;67.48565318059332;6436.522729408191;0.09570699109016312;1.9497779615399873;0.36290524407105124
-189597344#1;;0.12610340479192939;10.65748768422737;67.48565318059332;6436.522729408191;0.09570699109016312;1.9497779615399873;0.36290524407105124
-189597344#1;;0.12610340479192939;10.65748768422737;67.48565318059332;6436.522729408191;0.09570699109016312;1.9497779615399873;0.36290524407105124
-189597344#1;;0.12610340479192939;10.603252817168954;68.54248877438631;8056.220518904012;0.10723707311177952;2.5723243248410608;0.6056267230350592
189597344#2;;0.06873797085510036;4.3482284769464155;62.112133791873106;2611.049275076485;0.04935795269912084;0.8853466868327214;0.24055034444282658
189597344#1;;0.0312578144536134;9.228428228911206;63.469661535682825;3273.477496394614;0.08412986550719072;1.0821640496007356;0.2678741192016901
-189597344#1;;0.12610340479192939;10.603252817168954;68.54248877438631;8056.220518904012;0.10723707311177952;2.5723243248410608;0.6056267230350592
-189597344#1;;0.12610340479192939;10.603252817168954;68.54248877438631;8056.220518904012;0.10723707311177952;2.5723243248410608;0.6056267230350592
-189597344#1;;0.12610340479192939;10.603252817168954;68.54248877438631;8056.220518904012;0.10723707311177952;2.5723243248410608;0.6056267230350592
-189597344#1;;0.12610340479192939;10.501944844735595;69.14968129919716;12063.044683071306;0.22491231792290628;3.869712796694756;0.8770880382863874
189597344#2;;0.06873797085510036;4.365476362115286;58.59929479268186;0.0;0.0;0.0;0.0
189597344#1;;0.0312578144536134;9.254930103936967;59.56722071425658;0.0;0.0;0.0;0.0
-189597344#1;;0.12610340479192939;10.501944844735595;69.14968129919716;12063.044683071306;0.22491231792290628;3.869712796694756;0.8770880382863874
-189597344#1;;0.12610340479192939;10.501944844735595;69.14968129919716;12063.044683071306;0.22491231792290628;3.869712796694756;0.8770880382863874
-189597344#1;;0.12610340479192939;10.501944844735595;69.14968129919716;12063.044683071306;0.22491231792290628;3.869712796694756;0.8770880382863874
-189597344#1;;0.12610340479192939;10.464611811805614;68.54087692568118;7098.006891947731;0.1349561352941007;2.155196241143901;0.434988472053856
189597344#2;;0.06873797085510036;4.351985467582208;62.40581226753284;2779.9175720493467;0.05620924376212701;0.9309149535349475;0.24221221962088033
189597344#1;;0.0312578144536134;9.281201146676176;59.545560683076594;0.0;0.0;0.0;0.0
-189597344#1;;0.12610340479192939;10.464611811805614;68.54087692568118;7098.006891947731;0.1349561352941007;2.155196241143901;0.434988472053856
-189597344#1;;0.12610340479192939;10.464611811805614;68.54087692568118;7098.006891947731;0.1349561352941007;2.155196241143901;0.434988472053856
-189597344#1;;0.12610340479192939;10.464611811805614;68.54087692568118;7098.006891947731;0.1349561352941007;2.155196241143901;0.434988472053856
-189597344#1;;0.12610340479192939;10.42243666612076;67.95618352862208;7776.207117545055;0.11438144371307982;2.5462372944353833;0.6674989066427608
189597344#2;;0.06873797085510036;4.363484097510638;59.215971935798194;0.0;0.0;0.0;0.0
189597344#1;;0.0312578144536134;9.2493293657163;63.044700111866796;3029.2072718958607;0.07272089252505327;1.0123007108271687;0.26334435601192074
-189597344#1;;0.12610340479192939;10.42243666612076;67.95618352862208;7776.207117545055;0.11438144371307982;2.5462372944353833;0.6674989066427608
-189597344#1;;0.12610340479192939;10.42243666612076;67.95618352862208;7776.207117545055;0.11438144371307982;2.5462372944353833;0.6674989066427608
-189597344#1;;0.12610340479192939;10.42243666612076;67.95618352862208;7776.207117545055;0.11438144371307982;2.5462372944353833;0.6674989066427608
-189597344#1;;0.12610340479192939;10.349414889370081;68.84747497290769;9489.230697469398;0.1890158576453102;3.021862403866514;0.6964688394633114
189597344#2;;0.06873797085510036;4.35304909791483;61.979744993693714;2540.0643779997754;0.04627914698452034;0.8657848442934303;0.23910809336103314
189597344#1;;0.0312578144536134;9.28193883916655;59.23370497919282;0.0;0.0;0.0;0.0
-189597344#1;;0.12610340479192939;10.349414889370081;68.84747497290769;9489.230697469398;0.1890158576453102;3.021862403866514;0.6964688394633114
-189597344#1;;0.12610340479192939;10.349414889370081;68.84747497290769;9489.230697469398;0.1890158576453102;3.021862403866514;0.6964688394633114
-189597344#1;;0.12610340479192939;10.349414889370081;68.84747497290769;9489.230697469398;0.1890158576453102;3.021862403866514;0.6964688394633114
-189597344#1;;0.12610340479192939;10.268019183129855;70.79107360423856;9808.701743015594;0.17451482240986033;3.0322252080148613;0.6508718170976652
189597344#2;;0.06873797085510036;4.344456747105237;61.755073177395175;2402.02432555758;0.04081375271403269;0.8287749316666573;0.23838094252067388
:30848481_0;;0.09108901260808291;0.09404843436685477;60.71468066761072;1565.965773596481;0.007110338940462353;0.6003594970376301;0.24165707806103337
-189597344#1;;0.12610340479192939;10.268019183129855;70.79107360423856;9808.701743015594;0.17451482240986033;3.0322252080148613;0.6508718170976652
-189597344#1;;0.12610340479192939;10.268019183129855;70.79107360423856;9808.701743015594;0.17451482240986033;3.0322252080148613;0.6508718170976652
-189597344#1;;0.12610340479192939;10.268019183129855;70.79107360423856;9808.701743015594;0.17451482240986033;3.0322252080148613;0.6508718170976652
-189597344#1;;0.12610340479192939;10.247429304709225;67.88220435872282;6143.646093732206;0.10313042907230144;1.934679993843271;0.39639456008887336
189597344#2;;0.07193449519645459;4.1966957159361495;64.55560126909282;2918.069056344956;0.06759930459567762;0.9806888615320318;0.26139102882108645
189597344#2;;0.07193449519645459;4.1966957159361495;64.55560126909282;2918.069056344956;0.06759930459567762;0.9806888615320318;0.26139102882108645
-189597344#1;;0.12610340479192939;10.247429304709225;67.88220435872282;6143.646093732206;0.10313042907230144;1.934679993843271;0.39639456008887336
-189597344#1;;0.12610340479192939;10.247429304709225;67.88220435872282;6143.646093732206;0.10313042907230144;1.934679993843271;0.39639456008887336
-189597344#1;;0.12610340479192939;10.247429304709225;67.88220435872282;6143.646093732206;0.10313042907230144;1.934679993843271;0.39639456008887336
-189597344#1;;0.12374188799927041;10.515951199600131;70.53490416395805;6201.310088128184;0.15844894500159207;1.7435480574502882;0.23672576359609582
189597344#2;;0.08422322485991605;4.205954192937908;63.23275409115997;1515.7896970254387;0.0049625703578717855;0.5861427192255061;0.24222868737863557
189597344#2;;0.08422322485991605;4.205954192937908;63.23275409115997;1515.7896970254387;0.0049625703578717855;0.5861427192255061;0.24222868737863557
:9842732475_7;;0.01990098636109006;1.1153835496147715;62.20754227239972;2631.291054786543;0.05139368901598107;0.8932963109928546;0.2451822170645149
-189597344#1;;0.12374188799927041;10.515951199600131;70.53490416395805;6201.310088128184;0.15844894500159207;1.7435480574502882;0.23672576359609582
-189597344#1;;0.12374188799927041;10.515951199600131;70.53490416395805;6201.310088128184;0.15844894500159207;1.7435480574502882;0.23672576359609582
189597344#0;;0.033879929529746576;17.71668667466987;55.9402874701336;1521.0;0.0;0.6117;0.0
-189597344#1;;0.11833136577975317;10.379148662119517;70.40812263922524;10810.352622153938;0.2433236131881757;3.391584378717483;0.6874910100117558
189597344#2;;0.09648360173305397;4.208944473963509;63.63233239594216;3193.6119681655814;0.01948515012622836;1.216032697539168;0.4693665460790083
189597344#2;;0.09648360173305397;4.208944473963509;63.63233239594216;3193.6119681655814;0.01948515012622836;1.216032697539168;0.4693665460790083
:9842732475_7;;0.06549656680824387;1.1128792974607666;62.03744028303761;2522.1707123797746;0.04707727521576319;0.8639422755565049;0.24493919602577904
-189597344#1;;0.11833136577975317;10.379148662119517;70.40812263922524;10810.352622153938;0.2433236131881757;3.391584378717483;0.6874910100117558
-189597344#1;;0.11833136577975317;10.379148662119517;70.40812263922524;10810.352622153938;0.2433236131881757;3.391584378717483;0.6874910100117558
189597344#0;;0.033879929529746576;17.20155978800841;67.00914727446462;3341.833853183245;0.00018691677052547908;0.639124545767559;0.006522307089827555
-189597344#1;;0.11295750954222632;10.298649563563767;69.58634219205929;7400.019734636043;0.1616779655625885;2.2949261355901416;0.4321448951684576
189597344#2;;0.04012089052053029;4.196918477007752;63.95970956329159;3558.910486258123;0.09694457685343746;1.1626961097697506;0.2716878779170599
:9842732475_7;;0.1107831555049364;1.1167193661764616;58.97576443322297;0.0;0.0;0.0;0.0
-189597344#1;;0.11295750954222632;10.298649563563767;69.58634219205929;7400.019734636043;0.1616779655625885;2.2949261355901416;0.4321448951684576
-189597344#1;;0.11295750954222632;10.298649563563767;69.58634219205929;7400.019734636043;0.1616779655625885;2.2949261355901416;0.4321448951684576
189597344#0;;0.033879929529746576;16.7388217221552;66.55782898877918;3332.063993943462;0.0006775636844025464;0.6633167349407643;0.012831933650996765
-189597344#1;;0.10755310749482838;10.229236494499764;67.69242767837225;8176.644622903409;0.1502496897235686;2.723857168671712;0.6685660225414205
189597344#2;;0.05251322912593327;4.19391232197991;61.45851951455193;2018.751604604484;0.027749571891446747;0.7279833057882565;0.25119576006223837
:9842732475_7;;0.15632716000638755;1.1135184325683691;62.405638610247024;2739.3031715590546;0.05620777322511406;0.9234405719306463;0.24741874970724964
-189597344#1;;0.10755310749482838;10.229236494499764;67.69242767837225;8176.644622903409;0.1502496897235686;2.723857168671712;0.6685660225414205
-189597344#1;;0.10755310749482838;10.229236494499764;67.69242767837225;8176.644622903409;0.1502496897235686;2.723857168671712;0.6685660225414205
189597344#0;;0.033879929529746576;16.28888681566504;66.9296122552217;3465.310667378432;0.0015689556300020392;0.6924170599408566;0.019441726365743622
-189597344#1;;0.10214937000475321;10.15352187644327;70.84129846120705;8347.267477652264;0.20774339733825406;2.5716679195628203;0.45659463665644684
189597344#2;;0.06481869467856584;4.209248211316354;59.21291756684512;0.0;0.0;0.0;0.0
:9842732475_7;;0.2018655641469792;1.1135878770781646;60.70759743547997;1708.1343697909024;0.012490293401734317;0.6401980131117513;0.23422324520134488
-189597344#1;;0.10214937000475321;10.15352187644327;70.84129846120705;8347.267477652264;0.20774339733825406;2.5716679195628203;0.45659463665644684
-189597344#1;;0.10214937000475321;10.15352187644327;70.84129846120705;8347.267477652264;0.20774339733825406;2.5716679195628203;0.45659463665644684
189597344#0;;0.033879929529746576;15.898941878970023;66.07621979565269;3367.8932117553522;0.0024410910708341643;0.7090687549044414;0.02550311014264031
-189597344#1;;0.0967913030268637;10.041779342247953;70.33037529345039;10404.980956166002;0.24766651034104736;3.344198107366151;0.7100919382284987
189597344#2;;0.06873797085510036;4.2006381325981055;62.211253480334285;2514.3068506313048;0.04985457151435129;0.8675943432381823;0.2570774303636047
:9842732475_7;;0.24701909351431547;1.1183811679704394;58.5806237968915;0.0;0.0;0.0;0.0
-189597344#1;;0.0967913030268637;10.041779342247953;70.33037529345039;10404.980956166002;0.24766651034104736;3.344198107366151;0.7100919382284987
-189597344#1;;0.0967913030268637;10.041779342247953;70.33037529345039;10404.980956166002;0.24766651034104736;3.344198107366151;0.7100919382284987
189597344#0;;0.033879929529746576;15.554225460196408;65.42957718099218;3294.333575814095;0.0033495170945058686;0.7226794987119971;0.031155606534401862
-189597344#1;;0.09457755359394704;9.923809585100988;71.00947184210608;10886.224223999801;0.271235256483572;3.483437200828898;0.7250121550558317
189597344#2;;0.06873797085510036;4.22152707237734;58.6267315890548;0.0;0.0;0.0;0.0
:9842732475_7;;0.26567481402763016;1.1181530167347895;60.804608422674285;1798.2696349076912;0.016082117911842143;0.6648309377727798;0.23338461311494108
-189597344#1;;0.09457755359394704;9.923809585100988;71.00947184210608;10886.224223999801;0.271235256483572;3.483437200828898;0.7250121550558317
-189597344#1;;0.09457755359394704;9.923809585100988;71.00947184210608;10886.224223999801;0.271235256483572;3.483437200828898;0.7250121550558317
189597344#0;;0.033879929529746576;15.190271563060659;66.46797189419229;3555.395340255766;0.005301540663625236;0.7603981715265236;0.037699375168093546
-189597344#1;;0.09457755359394704;9.865639885443247;67.91652463644105;6868.078442607449;0.1612605310743848;2.2099324088876613;0.4601735353319114
189597344#2;;0.06873797085510036;4.211783054181352;62.335597162489876;2604.82103894065;0.05353781147099665;0.8924056023286586;0.25690733620169187
:9842732475_7;;0.26567481402763016;1.1158337752947536;61.90317348904963;2455.059665680217;0.04390314736157698;0.8448857736150606;0.24273684542039148
-189597344#1;;0.09457755359394704;9.865639885443247;67.91652463644105;6868.078442607449;0.1612605310743848;2.2099324088876613;0.4601735353319114
-189597344#1;;0.09457755359394704;9.865639885443247;67.91652463644105;6868.078442607449;0.1612605310743848;2.2099324088876613;0.4601735353319114
189597344#0;;0.033879929529746576;14.863871031508285;65.93593748806869;3500.039883819953;0.006641918103833051;0.7747881806456058;0.04370375422134599
-189597344#1;;0.09457755359394704;9.803508616030536;67.77130742950175;8305.042583551543;0.16847406563641212;2.7921692136439855;0.7022344829713012
189597344#2;;0.06873797085510036;4.205774336942518;61.830962443914814;2279.88601361964;0.039201286067943916;0.8012703572357545;0.2532785411753279
:9842732475_7;;0.26567481402763016;1.1144925917875521;61.40737277657151;2151.744365289661;0.031218848152636078;0.7619288691471491;0.23948172045658986
-189597344#1;;0.09457755359394704;9.803508616030536;67.77130742950175;8305.042583551543;0.16847406563641212;2.7921692136439855;0.7022344829713012
-189597344#1;;0.09457755359394704;9.803508616030536;67.77130742950175;8305.042583551543;0.16847406563641212;2.7921692136439855;0.7022344829713012
189597344#0;;0.033879929529746576;14.562810059195252;65.6611456590652;3490.175470684557;0.008154857990324813;0.7909040134791753;0.04955814770512089
-189597344#1;;0.09457755359394704;9.796811514200481;65.67901323746474;4335.658168946591;0.06409761053307093;1.5439366920361315;0.4359966931329091
189597344#2;;0.06873797085510036;4.204648516623002;61.17585002667607;1847.3972972617964;0.019865504112617678;0.6794665605078813;0.2475845868255944
:9842732475_7;;0.26567481402763016;1.1179510232130754;59.12091989722878;0.0;0.0;0.0;0.0
-189597344#1;;0.09457755359394704;9.796811514200481;65.67901323746474;4335.658168946591;0.06409761053307093;1.5439366920361315;0.4359966931329091
-189597344#1;;0.09457755359394704;9.796811514200481;65.67901323746474;4335.658168946591;0.06409761053307093;1.5439366920361315;0.4359966931329091
189597344#0;;0.033879929529746576;14.308855445253343;64.61649830369409;3300.167340743053;0.008675390777378634;0.7862506467965727;0.05445382052013873
-189597344#1;;0.09457755359394704;9.823988508398664;64.65800417901295;3488.7955499454083;0.02703230407604131;1.3085147140993338;0.4260952650355134
189597344#2;;0.06873797085510036;4.222650700502301;58.90349205675317;0.0;0.0;0.0;0.0
:9842732475_7;;0.26567481402763016;1.1147555672914096;62.38704829461065;2732.8309201055563;0.05576591412878154;0.9213130591712433;0.24676354534713135
-189597344#1;;0.09457755359394704;9.823988508398664;64.65800417901295;3488.7955499454083;0.02703230407604131;1.3085147140993338;0.4260952650355134
-189597344#1;;0.09457755359394704;9.823988508398664;64.65800417901295;3488.7955499454083;0.02703230407604131;1.3085147140993338;0.4260952650355134
189597344#0;;0.033879929529746576;14.0368732763097;65.57395207574916;3556.380828171274;0.011677093962546396;0.8276075986594372;0.06063230047413167
-189597344#1;;0.09457755359394704;9.804491183423695;66.19843816337189;5207.566896035619;0.10428529933562848;1.779777697566907;0.501342769270654
189597344#2;;0.06873797085510036;4.199741744488;64.34707326878564;3781.5431321568976;0.1067774078778147;1.2251245951722975;0.2743237935870097
-189597344#0;;0.0024474855711648946;8.731632829082965;61.37821996690421;2128.8566700028987;0.030331025050958017;0.7557655233617981;0.239636238478451
-189597344#1;;0.09457755359394704;9.804491183423695;66.19843816337189;5207.566896035619;0.10428529933562848;1.779777697566907;0.501342769270654
-189597344#1;;0.09457755359394704;9.804491183423695;66.19843816337189;5207.566896035619;0.10428529933562848;1.779777697566907;0.501342769270654
189597344#0;;0.033879929529746576;13.781792822208043;65.42155379561703;3563.3304841782624;0.013517359547452697;0.8432556774630628;0.06633147802542409
-189597344#1;;0.09457755359394704;9.813537562507705;65.12548720851149;3767.127446371126;0.03322599411847238;1.3491918980568354;0.422854985290026
189597344#2;;0.06873797085510036;4.198030160136646;61.273107544107546;1901.4889772204335;0.02239864882217685;0.6947982759332061;0.24910909507865747
-189597344#0;;0.008194273535266524;8.778718527915684;58.120191467687256;0.0;0.0;0.0;0.0
-189597344#1;;0.09457755359394704;9.813537562507705;65.12548720851149;3767.127446371126;0.03322599411847238;1.3491918980568354;0.422854985290026
-189597344#1;;0.09457755359394704;9.813537562507705;65.12548720851149;3767.127446371126;0.03322599411847238;1.3491918980568354;0.422854985290026
189597344#0;;0.033879929529746576;13.603326693749034;63.106784981126665;3038.170541580025;0.011054172732523607;0.7904124637423884;0.06930957158520851
-189597344#1;;0.09457755359394704;9.810427649900008;65.29225400596141;5272.940450459282;0.039252488245595386;1.957587412229671;0.6628421277627579
189597344#2;;0.06873797085510036;4.203021804843437;60.40393379765345;1302.9319261664543;0.0;0.5260209849171963;0.24043049003556455
-189597344#0;;0.013965398892497866;8.760002683720451;61.923631805110304;2472.3143729874837;0.0444891229361874;0.8493444106011886;0.2423766378988935
-189597344#1;;0.09457755359394704;9.810427649900008;65.29225400596141;5272.940450459282;0.039252488245595386;1.957587412229671;0.6628421277627579
-189597344#1;;0.09457755359394704;9.810427649900008;65.29225400596141;5272.940450459282;0.039252488245595386;1.957587412229671;0.6628421277627579
189597344#0;;0.033879929529746576;13.37737121411299;65.05537833768764;3541.240488697385;0.01650222569141835;0.8640955785974092;0.07580946423912979
-189597344#1;;0.09457755359394704;9.820469892920947;65.11344942753982;3708.3436096153473;0.039097215104344885;1.3604016488028599;0.479776212895864
189597344#2;;0.06873797085510036;4.2008920961158625;61.31997056741481;1937.8341493087066;0.023981255715512406;0.7050083011421812;0.2492560667087023
-189597344#0;;0.01974710523884122;8.75189060069321;61.232210433714414;2052.6369788073666;0.026910061625127598;0.7345793094164006;0.23751700825305247
-189597344#1;;0.09457755359394704;9.820469892920947;65.11344942753982;3708.3436096153473;0.039097215104344885;1.3604016488028599;0.479776212895864
-189597344#1;;0.09457755359394704;9.820469892920947;65.11344942753982;3708.3436096153473;0.039097215104344885;1.3604016488028599;0.479776212895864
189597344#0;;0.033879929529746576;13.075173015752547;68.30579380438378;4418.128727181922;0.027350350074733177;1.0010463379981311;0.08585083784225798
-189597344#1;;0.09457755359394704;9.85136343895295;64.42553556095663;1908.1472422177883;0.014524251246290726;0.687524538312343;0.1867707617837551
189597344#2;;0.06873797085510036;4.2240090938131125;58.414039996432045;0.0;0.0;0.0;0.0
-189597344#0;;0.02549225901093877;8.779978113376423;59.05249238695744;0.0;0.0;0.0;0.0
-189597344#1;;0.09457755359394704;9.85136343895295;64.42553556095663;1908.1472422177883;0.014524251246290726;0.687524538312343;0.1867707617837551
-189597344#1;;0.09457755359394704;9.85136343895295;64.42553556095663;1908.1472422177883;0.014524251246290726;0.687524538312343;0.1867707617837551
189597344#0;;0.033879929529746576;12.888308408783157;64.37107573071485;3442.2131340350684;0.01980445551417891;0.8784023054419514;0.08793411885733542
-189597344#1;;0.09457755359394704;9.776586562089589;67.94663173515721;9083.69135976244;0.2085507541332122;3.0274117360855195;0.7161799963083632
189597344#2;;0.06873797085510036;4.21302277724725;62.5092094929169;2712.784535886418;0.05830789206316862;0.9226789784404101;0.2582020501546674
-189597344#0;;0.031306844751180764;8.72677869647514;64.44587909987324;3866.966202773855;0.10416695412945791;1.233570200849105;0.2621347482559897
-189597344#1;;0.09457755359394704;9.776586562089589;67.94663173515721;9083.69135976244;0.2085507541332122;3.0274117360855195;0.7161799963083632
-189597344#1;;0.09457755359394704;9.776586562089589;67.94663173515721;9083.69135976244;0.2085507541332122;3.0274117360855195;0.7161799963083632
189597344#0;;0.033879929529746576;12.632742128996906;67.4441223786065;4306.3651453087095;0.03209557528948623;1.0216916234523081;0.09781232830032785
-189597344#1;;0.09457755359394704;9.794604107037486;65.13744610466395;4304.717407782071;0.05062422136166103;1.49742063503598;0.43277871343187924
189597344#2;;0.06873797085510036;4.218074802373648;60.3536954900569;1300.4908904544545;0.0;0.525771076402004;0.23866442520308492
-189597344#0;;0.033879929529746576;8.784843867932347;57.63812587010216;0.0;0.0;0.0;0.0
-189597344#1;;0.09457755359394704;9.794604107037486;65.13744610466395;4304.717407782071;0.05062422136166103;1.49742063503598;0.43277871343187924
-189597344#1;;0.09457755359394704;9.794604107037486;65.13744610466395;4304.717407782071;0.05062422136166103;1.49742063503598;0.43277871343187924
189597344#0;;0.033879929529746576;12.45819150750895;64.53990760312016;3550.7959027875686;0.02524895232305598;0.9189550831172856;0.10012206255968628
-189597344#1;;0.09457755359394704;9.817015861825894;65.93216988416796;3755.1096754097175;0.10290726384987277;1.2112942242237026;0.26820178087709273
189597344#2;;0.06873797085510036;4.214639620266859;61.452752901087315;2048.022247296139;0.028646160763222593;0.7357470675420681;0.24908409515336735
-189597344#0;;0.033879929529746576;8.774950559220866;61.31496449569357;2118.2062573971466;0.029442882541345257;0.7522070012490228;0.23704672209847594
-189597344#1;;0.09457755359394704;9.817015861825894;65.93216988416796;3755.1096754097175;0.10290726384987277;1.2112942242237026;0.26820178087709273
-189597344#1;;0.09457755359394704;9.817015861825894;65.93216988416796;3755.1096754097175;0.10290726384987277;1.2112942242237026;0.26820178087709273
189597344#0;;0.033879929529746576;12.196127898707704;68.61996948538682;4751.4779044892775;0.04464135010211748;1.1297304121406115;0.11277310549011357
-189597344#1;;0.09457755359394704;9.79786354338308;65.95400060035526;5114.064340313775;0.08442277886659857;1.718594458765065;0.4412739965955154
189597344#2;;0.06873797085510036;4.198218596025841;63.36006065343858;3210.1163023085987;0.08119704710305108;1.064093116691711;0.26679537874776976
-189597344#0;;0.033879929529746576;8.744569637291582;62.75421907003753;2943.528820874528;0.06461460146498449;0.9789846241778424;0.24926520500497626
-189597344#1;;0.09457755359394704;9.79786354338308;65.95400060035526;5114.064340313775;0.08442277886659857;1.718594458765065;0.4412739965955154
-189597344#1;;0.09457755359394704;9.79786354338308;65.95400060035526;5114.064340313775;0.08442277886659857;1.718594458765065;0.4412739965955154
189597344#0;;0.033879929529746576;11.97043619953019;67.55973415940295;4510.891759586609;0.04521165998818761;1.1104910741834946;0.11906197628671976
-189597344#1;;0.09457755359394704;9.779770446836912;66.40420770864345;5902.763297963344;0.13421482000610518;1.9716722508922828;0.5118280830343913
189597344#2;;0.06873797085510036;4.200178181380317;60.79010168602892;1573.3075128464218;0.007631884741135658;0.6022010693901241;0.2444144008110994
-189597344#0;;0.033879929529746576;8.788960896949195;58.23057859028053;0.0;0.0;0.0;0.0
-189597344#1;;0.09457755359394704;9.779770446836912;66.40420770864345;5902.763297963344;0.13421482000610518;1.9716722508922828;0.5118280830343913
-189597344#1;;0.09457755359394704;9.779770446836912;66.40420770864345;5902.763297963344;0.13421482000610518;1.9716722508922828;0.5118280830343913
189597344#0;;0.033879929529746576;11.737763995384078;68.37284961101956;4820.093048771944;0.054515351170314516;1.185765158918394;0.1284296938922482
-189597344#1;;0.09457755359394704;9.794596662650203;64.95325610187447;3814.837075839158;0.034119568635441196;1.3757148581801266;0.4302435190109819
189597344#2;;0.06873797085510036;4.211722677492088;59.61453837729333;0.0;0.0;0.0;0.0
-189597344#0;;0.033879929529746576;8.738255524509023;64.2375942937502;3756.9812182567352;0.0991630935783859;1.2025161153882413;0.26000943571401164
-189597344#1;;0.09457755359394704;9.794596662650203;64.95325610187447;3814.837075839158;0.034119568635441196;1.3757148581801266;0.4302435190109819
-189597344#1;;0.09457755359394704;9.794596662650203;64.95325610187447;3814.837075839158;0.034119568635441196;1.3757148581801266;0.4302435190109819
189597344#0;;0.033879929529746576;11.50561772310097;68.88649979964637;5053.034477681599;0.06359828461831811;1.2515015744102567;0.13799511362444183
-189597344#1;;0.09457755359394704;9.8241221274039;64.61238720695269;2117.090265866573;0.030239769250399236;0.7531145302290705;0.24177061345745976
189597344#2;;0.06873797085510036;4.206604452779771;61.70589822551343;2200.563030068052;0.03563174654972676;0.7788988693507126;0.25210822967709506
-189597344#0;;0.033879929529746576;8.78310392380762;58.2169986405998;0.0;0.0;0.0;0.0
-189597344#1;;0.09457755359394704;9.8241221274039;64.61238720695269;2117.090265866573;0.030239769250399236;0.7531145302290705;0.24177061345745976
-189597344#1;;0.09457755359394704;9.8241221274039;64.61238720695269;2117.090265866573;0.030239769250399236;0.7531145302290705;0.24177061345745976
189597344#0;;0.033879929529746576;11.37014906832956;64.56579348731307;3722.773591670046;0.04185545620799422;1.0155923297500518;0.13556845527539355
-189597344#1;;0.09457755359394704;9.76010169220158;67.4294788344664;8126.4301957674525;0.14337545987976785;2.6857370734817234;0.6976629333663895
189597344#2;;0.06873797085510036;4.217198073344643;59.705722691589585;0.0;0.0;0.0;0.0
-189597344#0;;0.033879929529746576;8.78188395375376;60.74990215145266;1774.3075760910474;0.014993441829553195;0.6582430410367347;0.23232565790745083
-189597344#1;;0.09457755359394704;9.76010169220158;67.4294788344664;8126.4301957674525;0.14337545987976785;2.6857370734817234;0.6976629333663895
-189597344#1;;0.09457755359394704;9.76010169220158;67.4294788344664;8126.4301957674525;0.14337545987976785;2.6857370734817234;0.6976629333663895
189597344#0;;0.033879929529746576;11.208605811178032;66.13092680574114;4259.392319148903;0.05501348319496965;1.1297854477700526;0.1445834126991092
-189597344#1;;0.09457755359394704;9.772553801876672;64.9101322469846;3416.6150521863265;0.020437693722144504;1.276242942097141;0.42828814072499966
189597344#2;;0.06873797085510036;4.216946925021456;61.024948183190155;1767.222643680693;0.01611101504303095;0.6568250616804934;0.2450453697685605
-189597344#0;;0.033879929529746576;8.749837436479192;62.86298245301893;3006.705830842595;0.06717617704004816;0.9960699162633103;0.2497538655392154
-189597344#1;;0.09457755359394704;9.772553801876672;64.9101322469846;3416.6150521863265;0.020437693722144504;1.276242942097141;0.42828814072499966
-189597344#1;;0.09457755359394704;9.772553801876672;64.9101322469846;3416.6150521863265;0.020437693722144504;1.276242942097141;0.42828814072499966
189597344#0;;0.033879929529746576;11.030568332936822;67.3288209684656;4700.153961277171;0.06786770070179464;1.2320391961467851;0.15420369308381646
-189597344#1;;0.09457755359394704;9.825129349203891;65.2914182076037;3447.150679477085;0.08776201136731888;1.1215348487452177;0.26017806510763686
189597344#2;;0.06873797085510036;4.20354506310582;62.89263898907961;2935.90631496502;0.06865096501920626;0.9862416670217624;0.2624038505659724
-189597344#0;;0.033879929529746576;8.761902394912363;59.969616437067245;0.0;0.0;0.0;0.0
-189597344#1;;0.09457755359394704;9.825129349203891;65.2914182076037;3447.150679477085;0.08776201136731888;1.1215348487452177;0.26017806510763686
-189597344#1;;0.09457755359394704;9.825129349203891;65.2914182076037;3447.150679477085;0.08776201136731888;1.1215348487452177;0.26017806510763686
189597344#0;;0.033879929529746576;10.87741919758474;66.36551631228878;4413.972805088611;0.06517585864217643;1.1885367464925918;0.1584974090725553
-189597344#1;;0.09457755359394704;9.852383017885824;64.57095149411535;3378.164705317337;0.018619970702671018;1.2667098860644121;0.4218791552538883
189597344#2;;0.06873797085510036;4.194795308241565;62.25022630400326;2531.6488940539475;0.05082172205640683;0.8728302780124624;0.2580423067771267
-189597344#0;;0.033879929529746576;8.778763183928106;59.670542504317474;0.0;0.0;0.0;0.0
-189597344#1;;0.09457755359394704;9.852383017885824;64.57095149411535;3378.164705317337;0.018619970702671018;1.2667098860644121;0.4218791552538883
-189597344#1;;0.09457755359394704;9.852383017885824;64.57095149411535;3378.164705317337;0.018619970702671018;1.2667098860644121;0.4218791552538883
189597344#0;;0.033879929529746576;10.719005600086328;66.98002246378172;4667.216769887682;0.07470300040546565;1.2552858736837749;0.1668086854519325
-189597344#1;;0.09457755359394704;9.821923089785903;66.18741280163455;6676.48217312511;0.09914832595262651;2.3442540391962448;0.6800972333130089
189597344#2;;0.06873797085510036;4.197850439131208;60.658597665776036;1475.353061273463;0.003249920678435122;0.5745330451664207;0.24336289085513912
-189597344#0;;0.033879929529746576;8.778277083283815;60.70887271385874;1745.632178698952;0.013814955854206869;0.6504224514634592;0.23216283149498249
-189597344#1;;0.09457755359394704;9.821923089785903;66.18741280163455;6676.48217312511;0.09914832595262651;2.3442540391962448;0.6800972333130089
-189597344#1;;0.09457755359394704;9.821923089785903;66.18741280163455;6676.48217312511;0.09914832595262651;2.3442540391962448;0.6800972333130089
189597344#0;;0.033879929529746576;10.567797761772246;66.91635453354276;4685.336406217985;0.0790058308817367;1.2737112652041533;0.1734599415029336
-189597344#1;;0.09457755359394704;9.823617743141053;65.19287248512475;3874.5529605480406;0.03812483649751505;1.3972460038219654;0.4303572082319593
189597344#2;;0.06873797085510036;4.198924033850157;60.90695735049959;1652.5291167013695;0.011201214001205861;0.624541462756319;0.24563380997865208
-189597344#0;;0.033879929529746576;8.769427865918995;61.2549099843242;2078.1503601378176;0.027817511341558833;0.741337652891379;0.23685190402382048
-189597344#1;;0.09457755359394704;9.823617743141053;65.19287248512475;3874.5529605480406;0.03812483649751505;1.3972460038219654;0.4303572082319593
-189597344#1;;0.09457755359394704;9.823617743141053;65.19287248512475;3874.5529605480406;0.03812483649751505;1.3972460038219654;0.4303572082319593
189597344#0;;0.033879929529746576;10.453134129499931;65.10576907097645;4050.398451049895;0.0658255604324383;1.146978161686256;0.17366083865635673
-189597344#1;;0.09457755359394704;9.856268537244253;64.62000906529727;2299.9660524067626;0.03792530092169953;0.8033453819166827;0.24341596269320817
189597344#2;;0.06873797085510036;4.196206697976338;61.41270937447277;1991.9878966796948;0.026500308941751607;0.7203755941246086;0.25055465655688003
-189597344#0;;0.033879929529746576;8.732679427186211;63.227804654563045;3205.0630966132776;0.07593349921396422;1.0513313445088124;0.2533137035790882
-189597344#1;;0.09457755359394704;9.856268537244253;64.62000906529727;2299.9660524067626;0.03792530092169953;0.8033453819166827;0.24341596269320817
-189597344#1;;0.09457755359394704;9.856268537244253;64.62000906529727;2299.9660524067626;0.03792530092169953;0.8033453819166827;0.24341596269320817
189597344#0;;0.033879929529746576;10.314313993608708;66.77102545613049;4699.00464372005;0.08618507508994244;1.3014459804338223;0.18497259372312094
-189597344#1;;0.09457755359394704;9.807283528594477;66.62598136191141;7456.712489164343;0.12225688141521926;2.526330629081958;0.6880493625265272
189597344#2;;0.06873797085510036;4.197200761577001;60.922258758629404;1659.8230717242861;0.011547606935107509;0.6265934974465421;0.24593676819769503
-189597344#0;;0.033879929529746576;8.75697463156106;59.2850752069284;0.0;0.0;0.0;0.0
-189597344#1;;0.09457755359394704;9.807283528594477;66.62598136191141;7456.712489164343;0.12225688141521926;2.526330629081958;0.6880493625265272
-189597344#1;;0.09457755359394704;9.807283528594477;66.62598136191141;7456.712489164343;0.12225688141521926;2.526330629081958;0.6880493625265272
189597344#0;;0.033879929529746576;10.211451172746138;64.87980166413138;4000.5643284746543;0.06983185415937895;1.1544482552271456;0.18398213940713318
-189597344#1;;0.09457755359394704;9.820778728863448;65.07137281966048;3857.6349655324602;0.03481163330317641;1.3737159828717476;0.428430767814605
189597344#2;;0.06873797085510036;4.206447541079271;59.88918667175327;0.0;0.0;0.0;0.0
-189597344#0;;0.033879929529746576;8.729859833588648;62.54922018259684;2821.066222177321;0.05971006682396499;0.9459764387934056;0.2485797327012382
-189597344#1;;0.09457755359394704;9.820778728863448;65.07137281966048;3857.6349655324602;0.03481163330317641;1.3737159828717476;0.428430767814605
-189597344#1;;0.09457755359394704;9.820778728863448;65.07137281966048;3857.6349655324602;0.03481163330317641;1.3737159828717476;0.428430767814605
189597344#0;;0.033879929529746576;10.05354349731436;68.53274654793282;5452.543491905872;0.11545776738093513;1.5005923378548438;0.20392901731529114
-189597344#1;;0.09457755359394704;9.780495005171314;66.9571734187959;6494.077406327607;0.15918178559508503;2.134386219338304;0.5174243300735728
189597344#2;;0.06873797085510036;4.2295338058270735;58.40093006144304;0.0;0.0;0.0;0.0
-189597344#0;;0.033879929529746576;8.784644541554144;57.77487473977921;0.0;0.0;0.0;0.0
-189597344#1;;0.09457755359394704;9.780495005171314;66.9571734187959;6494.077406327607;0.15918178559508503;2.134386219338304;0.5174243300735728
-189597344#1;;0.09457755359394704;9.780495005171314;66.9571734187959;6494.077406327607;0.15918178559508503;2.134386219338304;0.5174243300735728
189597344#0;;0.033879929529746576;9.897267595368344;68.84358071047038;5634.836128207547;0.12674674629354724;1.5628791001405082;0.21367727711522805
-189597344#1;;0.09457755359394704;9.807643436563382;64.73200835897599;3747.774236753692;0.03527963569297694;1.3701635215852583;0.4309362155473018
189597344#2;;0.06873797085510036;4.343175875323924;54.8492790321435;0.0;0.0;0.0;0.0
-189597344#0;;0.033879929529746576;8.743642735709576;63.51544579404714;3366.7911874657116;0.08251830786386173;1.095112526259471;0.25470696694868267
-189597344#1;;0.09457755359394704;9.807643436563382;64.73200835897599;3747.774236753692;0.03527963569297694;1.3701635215852583;0.4309362155473018
-189597344#1;;0.09457755359394704;9.807643436563382;64.73200835897599;3747.774236753692;0.03527963569297694;1.3701635215852583;0.4309362155473018
189597344#0;;0.033879929529746576;9.747066961860897;68.86077869824254;5701.943451716322;0.13486055167464078;1.5986620069973867;0.22242587675929343
-189597344#1;;0.09457755359394704;9.83310183181598;64.8377653630462;3741.8598994703434;0.03992481098690801;1.3711770212076213;0.47984576567469883
189597344#2;;0.06873797085510036;4.463093386832783;54.15915074251846;0.0;0.0;0.0;0.0
-189597344#0;;0.033879929529746576;8.752761449370187;60.15596598813949;1363.5009037258653;0.0;0.5457791013538246;0.2287197602997107
-189597344#1;;0.09457755359394704;9.83310183181598;64.8377653630462;3741.8598994703434;0.03992481098690801;1.3711770212076213;0.47984576567469883
-189597344#1;;0.09457755359394704;9.83310183181598;64.8377653630462;3741.8598994703434;0.03992481098690801;1.3711770212076213;0.47984576567469883
189597344#0;;0.033879929529746576;9.659588332229106;64.98962643016127;4112.309544572544;0.08671797939362239;1.2239284173501104;0.2116949470402158
-189597344#1;;0.09457755359394704;9.814854653426924;66.51779129613023;6071.190838305257;0.12593986579611513;1.9841325345811363;0.454202170808951
189597344#2;;0.06873797085510036;4.589820905368296;53.43549573191513;0.0;0.0;0.0;0.0
-189597344#0;;0.033879929529746576;8.764669649415431;59.97517955495071;0.0;0.0;0.0;0.0
-189597344#1;;0.09457755359394704;9.814854653426924;66.51779129613023;6071.190838305257;0.12593986579611513;1.9841325345811363;0.454202170808951
-189597344#1;;0.09457755359394704;9.814854653426924;66.51779129613023;6071.190838305257;0.12593986579611513;1.9841325345811363;0.454202170808951
189597344#0;;0.033879929529746576;9.541858159474922;67.24408488781677;5098.333400072575;0.12315024324450684;1.4770722100083988;0.2278536618066687
-189597344#1;;0.09457755359394704;9.761555536308851;67.00386557114369;7761.301218418979;0.13877325356605086;2.620376962618822;0.6961755161673142
189597344#2;;0.06873797085510036;4.718348834092243;52.74401172938312;0.0;0.0;0.0;0.0
-189597344#0;;0.033879929529746576;8.744707821926292;62.03178204009724;2527.9345787511065;0.047055559374782015;0.8650095080465963;0.24396961800589667
-189597344#1;;0.09457755359394704;9.761555536308851;67.00386557114369;7761.301218418979;0.13877325356605086;2.620376962618822;0.6961755161673142
-189597344#1;;0.09457755359394704;9.761555536308851;67.00386557114369;7761.301218418979;0.13877325356605086;2.620376962618822;0.6961755161673142
189597344#0;;0.033879929529746576;9.441746312132905;66.28705472151806;4707.902991259877;0.11335821568222564;1.390799551009347;0.2294230520472928
-189597344#1;;0.09457755359394704;9.769630902761557;65.04888709324555;4745.494254612718;0.02576362335814615;1.8217165505823472;0.6598280256758235
189597344#2;;0.06873797085510036;4.860216989503808;51.90737642481181;0.0;0.0;0.0;0.0
-189597344#0;;0.033879929529746576;8.785905500241919;58.38507450049321;0.0;0.0;0.0;0.0
-189597344#1;;0.09457755359394704;9.769630902761557;65.04888709324555;4745.494254612718;0.02576362335814615;1.8217165505823472;0.6598280256758235
-189597344#1;;0.09457755359394704;9.769630902761557;65.04888709324555;4745.494254612718;0.02576362335814615;1.8217165505823472;0.6598280256758235
189597344#0;;0.033879929529746576;9.463282627754797;58.61853902437795;0.0;0.0;0.0;0.0
-189597344#1;;0.09457755359394704;9.787493263557195;64.94993566116594;3612.9384625242246;0.03410313165980157;1.3341670367610443;0.4799281834953867
189597344#2;;0.06873797085510036;5.010880800325278;51.06339923793243;0.0;0.0;0.0;0.0
-189597344#0;;0.033879929529746576;8.76386890316046;62.1435640227151;2602.3909041906145;0.04990060991251977;0.8848244511311986;0.24379957486722303
-189597344#1;;0.09457755359394704;9.787493263557195;64.94993566116594;3612.9384625242246;0.03410313165980157;1.3341670367610443;0.4799281834953867
-189597344#1;;0.09457755359394704;9.787493263557195;64.94993566116594;3612.9384625242246;0.03410313165980157;1.3341670367610443;0.4799281834953867
189597344#0;;0.033879929529746576;9.417675264745235;62.696287348605104;3082.113262871114;0.057347166594082455;0.9848711628284289;0.2136561115184606
-189597344#1;;0.09457755359394704;9.740515960909482;66.60348950807492;7424.287215896837;0.12311094659011534;2.5231388497667178;0.6929256337485938
189597344#2;;0.06873797085510036;5.1662134458330415;50.239740177130095;0.0;0.0;0.0;0.0
-189597344#0;;0.033879929529746576;8.745813630158647;61.90067110533271;2451.3802659372977;0.04380616478703145;0.8439868857384393;0.24293162290327006
-189597344#1;;0.09457755359394704;9.740515960909482;66.60348950807492;7424.287215896837;0.12311094659011534;2.5231388497667178;0.6929256337485938
-189597344#1;;0.09457755359394704;9.740515960909482;66.60348950807492;7424.287215896837;0.12311094659011534;2.5231388497667178;0.6929256337485938
189597344#0;;0.033879929529746576;9.46958861016773;57.096866243816706;0.0;0.0;0.0;0.0
-189597344#1;;0.09457755359394704;9.825497025644468;63.36891450725727;1410.1715134874783;9.693821396566417e-05;0.5571749193512827;0.23682633543257525
189597344#2;;0.06873797085510036;5.336778777493412;49.25108347167264;0.0;0.0;0.0;0.0
-189597344#0;;0.033879929529746576;8.783509779987856;58.557841430226325;0.0;0.0;0.0;0.0
-189597344#1;;0.09457755359394704;9.825497025644468;63.36891450725727;1410.1715134874783;9.693821396566417e-05;0.5571749193512827;0.23682633543257525
-189597344#1;;0.09457755359394704;9.825497025644468;63.36891450725727;1410.1715134874783;9.693821396566417e-05;0.5571749193512827;0.23682633543257525
189597344#0;;0.033879929529746576;9.415888027314617;63.22684246852771;3330.2191176960923;0.06605672321923692;1.0472919305813284;0.2163611539874281
-189597344#1;;0.09457755359394704;9.789573045463543;66.25959383587058;6812.280607989215;0.09582868175393405;2.3519164184367582;0.6813100238678812
189597344#2;;0.06873797085510036;5.518991259513261;48.243977616157316;0.0;0.0;0.0;0.0
-189597344#0;;0.033879929529746576;8.729170560926796;64.52636807613209;3910.141487266855;0.1059257176099484;1.2452527119825774;0.2625354189234843
-189597344#1;;0.09457755359394704;9.789573045463543;66.25959383587058;6812.280607989215;0.09582868175393405;2.3519164184367582;0.6813100238678812
-189597344#1;;0.09457755359394704;9.789573045463543;66.25959383587058;6812.280607989215;0.09582868175393405;2.3519164184367582;0.6813100238678812
189597344#0;;0.033879929529746576;9.42475854883219;59.35709225427135;1409.4545577979986;0.0;0.5647818792507292;0.19571959703172423
-189597344#1;;0.09457755359394704;9.768719461200416;66.67283708710619;5861.346264972162;0.13197366762690638;1.9587440145592427;0.5115380105075458
189597344#2;;0.06873797085510036;5.714086062450388;47.17003076467381;0.0;0.0;0.0;0.0
-189597344#0;;0.033879929529746576;8.727262336308167;60.869085458561315;1807.5711587331325;0.016738607926057126;0.6675287421695353;0.2357783228621455
-189597344#1;;0.09457755359394704;9.768719461200416;66.67283708710619;5861.346264972162;0.13197366762690638;1.9587440145592427;0.5115380105075458
-189597344#1;;0.09457755359394704;9.768719461200416;66.67283708710619;5861.346264972162;0.13197366762690638;1.9587440145592427;0.5115380105075458
189597344#0;;0.033879929529746576;9.400633303348526;61.35348956811069;2430.4920571811876;0.03476035262640966;0.8216221633956562;0.20763730438054978
-189597344#1;;0.09457755359394704;9.773150058274467;65.42821698059686;4407.898136583241;0.05316160412681642;1.5186936221902028;0.43723308095387314
:315008845_0;;0.04985303330769183;1.1822950114584667;46.02301593535269;0.0;0.0;0.0;0.0
-189597344#0;;0.033879929529746576;8.757053587432603;58.99235444358644;0.0;0.0;0.0;0.0
-189597344#1;;0.09457755359394704;9.773150058274467;65.42821698059686;4407.898136583241;0.05316160412681642;1.5186936221902028;0.43723308095387314
-189597344#1;;0.09457755359394704;9.773150058274467;65.42821698059686;4407.898136583241;0.05316160412681642;1.5186936221902028;0.43723308095387314
189597344#0;;0.033879929529746576;9.43573967395043;57.94050370158109;0.0;0.0;0.0;0.0
-189597344#1;;0.09457755359394704;9.829625590803262;63.79341051106483;0.0;0.0;0.0;0.0
:315008845_0;;0.13308218128141186;1.201502147199385;55.129959974746406;0.0;0.0;0.0;0.0
-189597344#0;;0.033879929529746576;8.791007823577486;58.734921201631145;0.0;0.0;0.0;0.0
-189597344#1;;0.09457755359394704;9.829625590803262;63.79341051106483;0.0;0.0;0.0;0.0
-189597344#1;;0.09457755359394704;9.829625590803262;63.79341051106483;0.0;0.0;0.0;0.0
189597344#0;;0.033879929529746576;9.4107980391018;61.39067416884062;2452.1453018296334;0.0354039980855896;0.8268091046256401;0.20736343759391113
-189597344#1;;0.09457755359394704;9.795063883203362;66.23315105009996;6781.544338989856;0.09701450655752958;2.3513834972978445;0.6812934598141306
:315008845_0;;0.21591855293837425;1.2071991807429083;56.92861455539925;0.0;0.0;0.0;0.0
-189597344#0;;0.033879929529746576;8.747270939696095;63.7077815266759;3472.625502406957;0.08689691297191943;1.1239152235184844;0.2558307897111325
-189597344#1;;0.09457755359394704;9.795063883203362;66.23315105009996;6781.544338989856;0.09701450655752958;2.3513834972978445;0.6812934598141306
-189597344#1;;0.09457755359394704;9.795063883203362;66.23315105009996;6781.544338989856;0.09701450655752958;2.3513834972978445;0.6812934598141306
189597344#0;;0.033879929529746576;9.40632356041663;60.15047473748149;1821.9945898786254;0.013354554504190317;0.668397877796194;0.20092867507371764
-189597344#1;;0.09457755359394704;9.865265280587037;63.727317033826594;1760.2314783759243;0.01478062139190075;0.6545358277009105;0.23564975051228979
:315008845_0;;0.2985668740913883;1.2099459324147819;57.31801608284836;1477.6188549119056;0.0;0.5965801895253393;0.1016122605358987
-189597344#0;;0.033879929529746576;8.790842496980199;58.2663910423838;0.0;0.0;0.0;0.0
-189597344#1;;0.09457755359394704;9.865265280587037;63.727317033826594;1760.2314783759243;0.01478062139190075;0.6545358277009105;0.23564975051228979
-189597344#1;;0.09457755359394704;9.865265280587037;63.727317033826594;1760.2314783759243;0.01478062139190075;0.6545358277009105;0.23564975051228979
189597344#0;;0.033879929529746576;9.455526070568016;57.236501290428315;0.0;0.0;0.0;0.0
-189597344#1;;0.09457755359394704;9.812013455617905;67.14444406139182;7841.126493721573;0.1485220643677992;2.6637487309906174;0.6956573678527189
:315008845_0;;0.38310824084553036;1.1828528901219901;61.470627136810876;2714.2208220485145;0.017875634901650464;0.8040844311037015;0.10947092058478823
-189597344#0;;0.033879929529746576;8.768593847139538;62.150675088706684;2608.722108871591;0.05009252798596105;0.8864066502775492;0.2436048901595186
-189597344#1;;0.09457755359394704;9.812013455617905;67.14444406139182;7841.126493721573;0.1485220643677992;2.6637487309906174;0.6956573678527189
-189597344#1;;0.09457755359394704;9.812013455617905;67.14444406139182;7841.126493721573;0.1485220643677992;2.6637487309906174;0.6956573678527189
189597344#0;;0.033879929529746576;9.399827867271815;63.385211939131835;3402.431772765778;0.06892174849623425;1.0663670022206277;0.21796261821548027
:9842732475_7;;0.014770501251219832;1.09780858792058;63.60698155074769;3382.480248516696;0.08658187261698289;1.1073589601369702;0.26330561571425676
:315008845_0;;0.46703575946977677;1.1915043079935683;56.53606365154878;0.0;0.0;0.0;0.0
-189597344#0;;0.033879929529746576;8.783613933803139;59.76963825659126;0.0;0.0;0.0;0.0
-189597344#1;;0.09282483711508224;10.22496719887628;64.28439458053117;3261.3808901330194;0.05844656585402183;1.015480502751139;0.20187584579784454
-189597344#1;;0.09282483711508224;10.22496719887628;64.28439458053117;3261.3808901330194;0.05844656585402183;1.015480502751139;0.20187584579784454
189597344#0;;0.033879929529746576;9.44117676870572;57.625545935570784;0.0;0.0;0.0;0.0
:9842732475_7;;0.06147597015869954;1.0993010400280026;60.18065924907397;0.0;0.0;0.0;0.0
:315008845_0;;0.5498355055391084;1.2077331724697065;55.53388645708475;0.0;0.0;0.0;0.0
-189597344#0;;0.033879929529746576;8.74945358763674;63.01362367163749;3090.921549093437;0.07073697129958578;1.0191680997299035;0.25084684541207547
-189597344#1;;0.087282611863892;10.174980872258859;65.11791153398892;5035.188279944208;0.09293161425589733;1.7342753087955038;0.4459653882466622
-189597344#1;;0.087282611863892;10.174980872258859;65.11791153398892;5035.188279944208;0.09293161425589733;1.7342753087955038;0.4459653882466622
189597344#0;;0.033879929529746576;9.399006937739932;62.50281373333309;2987.339803456921;0.05435005863155612;0.9618872598772511;0.21361196639072577
:9842732475_7;;0.10808151444063495;1.1005099198535502;60.30038200202914;1339.6909499598341;0.0;0.5377015775314758;0.23515216080818852
:315008845_0;;0.6327313471088323;1.2063331297009603;57.8755568725823;1644.8308799806648;0.002045299297548701;0.6242535875345933;0.1026425158189943
-189597344#0;;0.033879929529746576;8.792111955880191;58.30768741503344;0.0;0.0;0.0;0.0
-189597344#1;;0.08175224399891078;10.250965070563016;61.393695334663256;0.0;0.0;0.0;0.0
-189597344#1;;0.08175224399891078;10.250965070563016;61.393695334663256;0.0;0.0;0.0;0.0
189597344#0;;0.033879929529746576;9.43219994418859;58.04098295332689;0.0;0.0;0.0;0.0
-189597344#2;;0.06873797085510036;8.732292917166866;55.9402874701336;1521.0;0.0;0.6117;0.0
:9842732475_7;;0.15499285811956895;1.0968187379536596;62.89481688381606;2968.476659267146;0.06859239574200879;0.9921988315872402;0.2583193285197043
:315008845_0;;0.7166083977118068;1.1922212247703154;59.63807149903288;2169.751632984587;0.009732248316551445;0.7120425988919463;0.1061862633220127
-189597344#0;;0.033879929529746576;8.7884705319415;60.89355854908598;1869.0228463491082;0.018907140382795045;0.6840550830272831;0.23315397540349514
-189597344#1;;0.07618558896714825;10.18202087072245;65.1043267821226;5407.263635763053;0.09570182906555677;1.794903550237399;0.4464926848600529
-189597344#1;;0.07618558896714825;10.18202087072245;65.1043267821226;5407.263635763053;0.09570182906555677;1.794903550237399;0.4464926848600529
189597344#0;;0.033879929529746576;9.447297608334456;58.98525923389906;0.0;0.0;0.0;0.0
-189597344#2;;0.06873797085510036;8.474039031850097;67.20481764007368;3375.5236578277095;0.00019700548327339013;0.6401104525251499;0.0066397832106814035
:9842732475_7;;0.20168480584091864;1.0994644628202648;59.65837023281576;0.0;0.0;0.0;0.0
:315008845_0;;0.8005997590086765;1.190598633668376;57.93888451072242;1657.0568436151825;0.0022738083201760085;0.6263343306696542;0.10408322003232204
-189597344#0;;0.033879929529746576;8.730708065631324;64.78032138227336;4044.989495874865;0.11159649910519988;1.2821795631851278;0.26416037159168054
-189597344#1;;0.07064496818457698;10.2667579574287;61.66417892447854;1413.6736748203784;9.222973055544349e-05;0.5589062380884783;0.23273020058172278
-189597344#1;;0.07064496818457698;10.2667579574287;61.66417892447854;1413.6736748203784;9.222973055544349e-05;0.5589062380884783;0.23273020058172278
189597344#0;;0.033879929529746576;9.416764980691749;61.733268563278244;2621.4841274283403;0.041256688438753894;0.8691950694923165;0.20885200348559235
-189597344#2;;0.06873797085510036;8.246150911081488;66.56150592073095;3333.915268926193;0.0006901813271720578;0.6638135328453619;0.012951609101267436
:9842732475_7;;0.24824971000865956;1.1010023414862293;60.14136567360694;0.0;0.0;0.0;0.0
:315008845_0;;0.8830535408482348;1.2128006474534285;54.76363369271181;0.0;0.0;0.0;0.0
-189597344#0;;0.033879929529746576;8.771626653352518;58.41690298600799;0.0;0.0;0.0;0.0
-189597344#1;;0.06511942280981732;10.253035744167185;63.67332771268817;2462.8923278917155;0.03227122026682121;0.8211916887647427;0.19239105739384918
-189597344#1;;0.06511942280981732;10.253035744167185;63.67332771268817;2462.8923278917155;0.03227122026682121;0.8211916887647427;0.19239105739384918
189597344#0;;0.033879929529746576;9.446211426309508;58.21905219139375;0.0;0.0;0.0;0.0
-189597344#2;;0.06873797085510036;8.034193696315633;66.45126292845488;3377.3156888128724;0.001473538093758206;0.6881308267699878;0.019247129044654417
:9842732475_7;;0.26567481402763016;1.098665209516654;62.122417909093805;2513.319432259791;0.04837434077252285;0.8646762806145131;0.25142609257591647
:315008845_0;;0.9668647907835547;1.1931572441309917;60.38393712904661;2391.9693592357635;0.012951520540751072;0.7491224828631127;0.10707338125910454
-189597344#0;;0.033879929529746576;8.789073804749982;59.62394659234355;0.0;0.0;0.0;0.0
-189597344#1;;0.06305170239596469;10.225824233373539;64.77956693055381;3467.650279063254;0.08891339013014973;1.1278399883568593;0.2610837243676305
-189597344#1;;0.06305170239596469;10.225824233373539;64.77956693055381;3467.650279063254;0.08891339013014973;1.1278399883568593;0.2610837243676305
189597344#0;;0.033879929529746576;9.464377597025601;58.79934442423638;0.0;0.0;0.0;0.0
-189597344#2;;0.06873797085510036;7.82142971645665;67.14202886002853;3572.7098433952874;0.0028054016015362023;0.7217362419302821;0.026075520782718516
:9842732475_7;;0.26567481402763016;1.1036508217438281;58.65940650574088;0.0;0.0;0.0;0.0
-189597344#2;;0.07200503957741437;14.239139653897;66.50716950399892;5092.402541751022;0.006772344912552608;1.3662510726275188;0.1363177109798157
-189597344#0;;0.033879929529746576;8.732791754579422;64.6647337759112;3983.965798855515;0.10894242860941666;1.2652490307288546;0.2632487773059031
-189597344#1;;0.06305170239596469;10.236109759974296;64.72608810475184;3606.02642599192;0.06971019163467192;1.0993247208152563;0.20554177181794414
-189597344#1;;0.06305170239596469;10.236109759974296;64.72608810475184;3606.02642599192;0.06971019163467192;1.0993247208152563;0.20554177181794414
189597344#0;;0.033879929529746576;9.443217737085307;61.113062617493455;2326.040007454848;0.030657117620135434;0.7943977120624709;0.20444925198641614
-189597344#2;;0.07200503957741437;14.239139653897;66.50716950399892;5092.402541751022;0.006772344912552608;1.3662510726275188;0.1363177109798157
:9842732475_7;;0.26567481402763016;1.1021366989443857;61.64138140092898;2233.413841822705;0.03580195448179546;0.7861437274347928;0.24613541092311178
-189597344#2;;0.07771500196261681;13.038594136560098;70.40245247137;8278.310242210257;0.05506855019799083;1.911398867693205;0.1633368218174785
-189597344#0;;0.033879929529746576;8.784965409111186;57.88621160000077;0.0;0.0;0.0;0.0
-189597344#1;;0.06305170239596469;10.24949156933043;64.27934832203485;3350.3532426648776;0.08323958064979373;1.0939262985774496;0.2580431242380153
-189597344#1;;0.06305170239596469;10.24949156933043;64.27934832203485;3350.3532426648776;0.08323958064979373;1.0939262985774496;0.2580431242380153
189597344#0;;0.033879929529746576;9.39732050321652;62.74717339739916;3102.9872417043903;0.05844526867444766;0.9910901579682296;0.21492302946971234
-189597344#2;;0.07771500196261681;13.038594136560098;70.40245247137;8278.310242210257;0.05506855019799083;1.911398867693205;0.1633368218174785
:9842732475_7;;0.26567481402763016;1.1000388187153178;61.97653126529264;2430.2923212685805;0.04458750328859069;0.8412569202272927;0.2496891883412318
-189597344#2;;0.08371972125934127;12.139649364801896;69.31369469302732;7844.390560649477;0.057334994211830345;1.9003705244272595;0.17500454880383828
-189597344#0;;0.033879929529746576;8.752180103599379;62.911331285619426;3034.6289923021095;0.0683056466330984;1.003613271198847;0.24996837486395837
-189597344#1;;0.06305170239596469;10.170566264602144;65.4584516294241;5644.022510494377;0.10100616675653418;1.8444815602049907;0.448582896077665
-189597344#1;;0.06305170239596469;10.170566264602144;65.4584516294241;5644.022510494377;0.10100616675653418;1.8444815602049907;0.448582896077665
189597344#0;;0.033879929529746576;9.421152851301514;58.53958985180448;0.0;0.0;0.0;0.0
-189597344#2;;0.08371972125934127;12.139649364801896;69.31369469302732;7844.390560649477;0.057334994211830345;1.9003705244272595;0.17500454880383828
:9842732475_7;;0.26567481402763016;1.096816882888907;62.63190004708105;2812.9160060194376;0.06175834748459726;0.9487562726807117;0.2562619637151314
-189597344#2;;0.09007576109030953;11.212626845627215;71.21785218484531;8973.285740762458;0.0779211849754008;2.1074337788828763;0.19440263754044745
-189597344#0;;0.033879929529746576;8.783404346082623;58.884218558365326;0.0;0.0;0.0;0.0
-189597344#1;;0.06305170239596469;10.207060109704688;62.355394460219024;1299.2648709190912;0.0;0.5271546104117741;0.23188487000917304
-189597344#1;;0.06305170239596469;10.207060109704688;62.355394460219024;1299.2648709190912;0.0;0.5271546104117741;0.23188487000917304
189597344#0;;0.033879929529746576;9.40110026607296;61.09998633640366;2304.582110908582;0.03033243759479733;0.7899129107864076;0.2062822626898966
-189597344#2;;0.09007576109030953;11.212626845627215;71.21785218484531;8973.285740762458;0.0779211849754008;2.1074337788828763;0.19440263754044745
-189597344#0;;0.037405016530259176;8.548880746606068;64.70293123834858;3492.268249334724;0.08793276061766592;1.1297965709420406;0.25656938033088184
-189597344#2;;0.09671862105865853;10.61202068707547;68.7096433679154;7665.647827326878;0.06892836084314645;1.957048372455805;0.20150698592048272
-189597344#0;;0.037405016530259176;8.548880746606068;64.70293123834858;3492.268249334724;0.08793276061766592;1.1297965709420406;0.25656938033088184
-189597344#1;;0.06305170239596469;10.201301019593952;63.537175505247546;2444.076237672456;0.0321145373729077;0.8177440759729538;0.19416501664189695
-189597344#1;;0.06305170239596469;10.201301019593952;63.537175505247546;2444.076237672456;0.0321145373729077;0.8177440759729538;0.19416501664189695
189597344#0;;0.033879929529746576;9.430241376345876;58.2512110636638;0.0;0.0;0.0;0.0
-189597344#2;;0.09671862105865853;10.61202068707547;68.7096433679154;7665.647827326878;0.06892836084314645;1.957048372455805;0.20150698592048272
-189597344#0;;0.043303755069585344;8.566464569117576;63.27414896876577;1718.0002846578302;0.013295630571997091;0.6429489688423433;0.23822675666873344
-189597344#2;;0.10371248000120842;9.874998799688377;71.69616711961852;9497.466017398416;0.09848088546500061;2.264645852986747;0.22408278371499543
-189597344#0;;0.043303755069585344;8.566464569117576;63.27414896876577;1718.0002846578302;0.013295630571997091;0.6429489688423433;0.23822675666873344
-189597344#1;;0.06305170239596469;10.196218038709738;63.38697174754849;3565.2466699082506;0.027890998844420072;1.3223417947437435;0.4254670959064659
-189597344#1;;0.06305170239596469;10.196218038709738;63.38697174754849;3565.2466699082506;0.027890998844420072;1.3223417947437435;0.4254670959064659
189597344#0;;0.033879929529746576;9.443079473172283;59.114813447084416;0.0;0.0;0.0;0.0
-189597344#2;;0.10371248000120842;9.874998799688377;71.69616711961852;9497.466017398416;0.09848088546500061;2.264645852986747;0.22408278371499543
-189597344#0;;0.04921270620360082;8.545309605409422;64.51100673907384;4357.292257598428;0.06547126602507491;1.5395872968326523;0.4842521832952829
-189597344#2;;0.11098556596470771;9.312541676208367;70.30698190587238;8755.132479653043;0.09029319659486448;2.1599143621294163;0.2335221757749495
-189597344#0;;0.04921270620360082;8.545309605409422;64.51100673907384;4357.292257598428;0.06547126602507491;1.5395872968326523;0.4842521832952829
-189597344#1;;0.06305170239596469;10.20816354815802;63.18546230464939;2203.053378605913;0.034036595717023214;0.7770219528337049;0.24345575312936707
-189597344#1;;0.06305170239596469;10.20816354815802;63.18546230464939;2203.053378605913;0.034036595717023214;0.7770219528337049;0.24345575312936707
189597344#0;;0.033879929529746576;9.459073458122317;58.92352276758233;0.0;0.0;0.0;0.0
-189597344#2;;0.11098556596470771;9.312541676208367;70.30698190587238;8755.132479653043;0.09029319659486448;2.1599143621294163;0.2335221757749495
-189597344#0;;0.055118388652446004;8.536566938119197;64.12159928462299;3833.581238767607;0.04302493726318124;1.39486082196294;0.4779843378405584
-189597344#2;;0.11851579188499059;8.91790339531026;68.3719211848492;7746.163311826415;0.08505249522753097;2.046406556570857;0.2412277626371849
-189597344#0;;0.055118388652446004;8.536566938119197;64.12159928462299;3833.581238767607;0.04302493726318124;1.39486082196294;0.4779843378405584
-189597344#1;;0.06305170239596469;10.189485383326836;63.798751344083016;3857.720572936987;0.03220522440339636;1.3766027250557684;0.42705145067594563
-189597344#1;;0.06305170239596469;10.189485383326836;63.798751344083016;3857.720572936987;0.03220522440339636;1.3766027250557684;0.42705145067594563
189597344#0;;0.033879929529746576;9.42683656512002;61.82663037100753;2669.3632549597814;0.0427933474529992;0.8808876043149422;0.20885304411464706
-189597344#2;;0.11851579188499059;8.91790339531026;68.3719211848492;7746.163311826415;0.08505249522753097;2.046406556570857;0.2412277626371849
-189597344#0;;0.06109812956209945;8.531434598267111;65.64993311656431;4070.9841577391053;0.11696463110878125;1.2999349226544075;0.2727809801480858
-189597344#2;;0.12635150976665172;8.495287213174233;69.83364392071339;8694.97814337468;0.10930108236495181;2.2501943251535543;0.2594482438041705
-189597344#0;;0.06109812956209945;8.531434598267111;65.64993311656431;4070.9841577391053;0.11696463110878125;1.2999349226544075;0.2727809801480858
-189597344#1;;0.06305170239596469;10.297290453057123;60.75101557267095;0.0;0.0;0.0;0.0
-189597344#1;;0.06305170239596469;10.297290453057123;60.75101557267095;0.0;0.0;0.0;0.0
189597344#0;;0.033879929529746576;9.462270645442684;57.8971930863084;0.0;0.0;0.0;0.0
-189597344#2;;0.12635150976665172;8.495287213174233;69.83364392071339;8694.97814337468;0.10930108236495181;2.2501943251535543;0.2594482438041705
-189597344#0;;0.06704442594328097;8.518643018810758;64.85232679083641;3295.1867642468737;0.07949580352968719;1.0754812329663017;0.25380400354029864
-189597344#2;;0.13451141542096162;8.039751058793522;71.44651313218625;9834.915573973964;0.13398592429856848;2.472819905087785;0.27994130333565703
-189597344#0;;0.06704442594328097;8.518643018810758;64.85232679083641;3295.1867642468737;0.07949580352968719;1.0754812329663017;0.25380400354029864
-189597344#1;;0.06305170239596469;10.232464451248042;65.05939169858475;5336.101021537293;0.0972649316743148;1.7905879857538165;0.44484599578913475
-189597344#1;;0.06305170239596469;10.232464451248042;65.05939169858475;5336.101021537293;0.0972649316743148;1.7905879857538165;0.44484599578913475
189597344#0;;0.033879929529746576;9.427422591095002;61.991214273903275;2748.748670957089;0.04555266782171966;0.9007827899681329;0.20965721905842738
-189597344#2;;0.13451141542096162;8.039751058793522;71.44651313218625;9834.915573973964;0.13398592429856848;2.472819905087785;0.27994130333565703
-189597344#0;;0.06775985905949315;8.54737348677126;63.53905681059211;2502.471269753088;0.047986819389595356;0.8618137922380033;0.2516289379656427
-189597344#2;;0.13747594171020072;7.677702225709738;70.2773025074384;9207.940079362237;0.12992684966921964;2.3927069391959828;0.2902266766988122
-189597344#0;;0.06775985905949315;8.54737348677126;63.53905681059211;2502.471269753088;0.047986819389595356;0.8618137922380033;0.2516289379656427
-189597344#1;;0.06305170239596469;10.179708511280086;64.6684209602087;4902.11279362258;0.07448099311342037;1.656800387903314;0.4402001511142227
-189597344#1;;0.06305170239596469;10.179708511280086;64.6684209602087;4902.11279362258;0.07448099311342037;1.656800387903314;0.4402001511142227
189597344#0;;0.033879929529746576;9.429813212712078;59.72174792532812;1608.7760521193704;0.005807141137458469;0.6148136103849886;0.1975778348967898
-189597344#2;;0.13747594171020072;7.677702225709738;70.2773025074384;9207.940079362237;0.12992684966921964;2.3927069391959828;0.2902266766988122
-189597344#0;;0.06775985905949315;8.54309973760102;63.945644880560224;3649.2064327451835;0.035493113343341216;1.3451349585941519;0.47535359164111934
-189597344#2;;0.13747594171020072;7.350662042422443;70.37932537282792;9367.737364451143;0.14486865111481978;2.4740348161781798;0.3061262226270571
-189597344#0;;0.06775985905949315;8.54309973760102;63.945644880560224;3649.2064327451835;0.035493113343341216;1.3451349585941519;0.47535359164111934
-189597344#1;;0.06305170239596469;10.188297954415146;63.01413510526855;3107.102924767565;0.010492640117193263;1.1920677851198702;0.41953982408057466
-189597344#1;;0.06305170239596469;10.188297954415146;63.01413510526855;3107.102924767565;0.010492640117193263;1.1920677851198702;0.41953982408057466
189597344#0;;0.033879929529746576;9.44866521315023;58.778530248470496;0.0;0.0;0.0;0.0
-189597344#2;;0.13747594171020072;7.350662042422443;70.37932537282792;9367.737364451143;0.14486865111481978;2.4740348161781798;0.3061262226270571
-189597344#0;;0.06775985905949315;8.520465533123865;64.70891675441287;4414.722693867425;0.0672618155397987;1.5529912007561255;0.4861974335413664
-189597344#2;;0.13747594171020072;7.087767300670961;69.90646528177894;8880.429941002032;0.14992293465970902;2.4428705391537466;0.3176146838524887
-189597344#0;;0.06775985905949315;8.520465533123865;64.70891675441287;4414.722693867425;0.0672618155397987;1.5529912007561255;0.4861974335413664
-189597344#1;;0.06305170239596469;10.224587496739247;62.649523003187994;1944.0802476325862;0.022869660575460124;0.705395972864104;0.23984914326064255
-189597344#1;;0.06305170239596469;10.224587496739247;62.649523003187994;1944.0802476325862;0.022869660575460124;0.705395972864104;0.23984914326064255
189597344#0;;0.033879929529746576;9.4063157232597;62.50318210211156;2988.840010240784;0.05427879793702703;0.9619427387920813;0.213253974173667
-189597344#2;;0.13747594171020072;7.087767300670961;69.90646528177894;8880.429941002032;0.14992293465970902;2.4428705391537466;0.3176146838524887
-189597344#0;;0.06775985905949315;8.556341971063231;63.11398905672484;2139.971896549595;0.030566675760091602;0.7584695093704348;0.2384859590484364
-189597344#2;;0.13747594171020072;6.777357243339229;71.47783907203718;10318.375516955959;0.17935898383815235;2.715595870164382;0.339219723735779
-189597344#0;;0.06775985905949315;8.556341971063231;63.11398905672484;2139.971896549595;0.030566675760091602;0.7584695093704348;0.2384859590484364
-189597344#1;;0.06305170239596469;10.20766236925478;63.78123173382978;3786.9142513595043;0.034080072698653624;1.3548834854111536;0.4251486245405166
-189597344#1;;0.06305170239596469;10.20766236925478;63.78123173382978;3786.9142513595043;0.034080072698653624;1.3548834854111536;0.4251486245405166
189597344#0;;0.033879929529746576;9.400276088964132;60.2505872932661;1871.1803970420003;0.015113689240815647;0.6808106966545948;0.20173687842406743
-189597344#2;;0.13747594171020072;6.777357243339229;71.47783907203718;10318.375516955959;0.17935898383815235;2.715595870164382;0.339219723735779
-189597344#0;;0.06775985905949315;8.51387207305451;65.31506181329615;5281.698129524845;0.10603372835048644;1.797069005513387;0.49824546958779736
-189597344#2;;0.13747594171020072;6.552654985833827;69.61770736725337;9054.187801941196;0.16321722885859388;2.5099200174957454;0.34436951690127726
-189597344#0;;0.06775985905949315;8.51387207305451;65.31506181329615;5281.698129524845;0.10603372835048644;1.797069005513387;0.49824546958779736
-189597344#1;;0.06305170239596469;10.18165552041881;64.05410076845017;4233.2551789794825;0.056439318128212915;1.506249811532462;0.4346876532560945
-189597344#1;;0.06305170239596469;10.18165552041881;64.05410076845017;4233.2551789794825;0.056439318128212915;1.506249811532462;0.4346876532560945
189597344#0;;0.033879929529746576;9.462089825299055;56.66423807193431;0.0;0.0;0.0;0.0
-189597344#2;;0.13747594171020072;6.552654985833827;69.61770736725337;9054.187801941196;0.16321722885859388;2.5099200174957454;0.34436951690127726
-189597344#0;;0.06775985905949315;8.504624128146316;64.13715024205491;3866.46804359618;0.045008207018305865;1.4051045380318266;0.48039195057161715
-189597344#2;;0.13747594171020072;6.327330293636606;70.05177358785738;9389.875086420216;0.16695374323546722;2.560249742460943;0.3562337236226035
-189597344#0;;0.06775985905949315;8.504624128146316;64.13715024205491;3866.46804359618;0.045008207018305865;1.4051045380318266;0.48039195057161715
-189597344#1;;0.06305170239596469;10.252714439246766;61.51934068926542;0.0;0.0;0.0;0.0
-189597344#1;;0.06305170239596469;10.252714439246766;61.51934068926542;0.0;0.0;0.0;0.0
189597344#0;;0.033879929529746576;9.469627263669704;59.38331978463333;1451.8137470050713;0.0002865245873854023;0.5757529880852823;0.19410129960059924
-189597344#2;;0.13747594171020072;6.327330293636606;70.05177358785738;9389.875086420216;0.16695374323546722;2.560249742460943;0.3562337236226035
-189597344#0;;0.06775985905949315;8.51506694492152;63.890786239324385;2574.716285933893;0.051270928565222994;0.8821918234804329;0.2530257793842561
-189597344#2;;0.13747594171020072;6.145962044069391;68.90541364359242;8661.092560816904;0.15556847190627077;2.4318538568561525;0.36203866879277147
-189597344#0;;0.06775985905949315;8.51506694492152;63.890786239324385;2574.716285933893;0.051270928565222994;0.8821918234804329;0.2530257793842561
-189597344#1;;0.06305170239596469;10.25025676856751;63.29911709190871;3488.5570308815586;0.025078020286632318;1.3032603931733342;0.4223619988816094
-189597344#1;;0.06305170239596469;10.25025676856751;63.29911709190871;3488.5570308815586;0.025078020286632318;1.3032603931733342;0.4223619988816094
189597344#0;;0.033879929529746576;9.408952586587311;63.69848103200031;3548.0410189946865;0.07383177726506103;1.1024557656713883;0.21902136433441938
-189597344#2;;0.13747594171020072;6.145962044069391;68.90541364359242;8661.092560816904;0.15556847190627077;2.4318538568561525;0.36203866879277147
-189597344#0;;0.06775985905949315;8.52377448548205;64.2689810449224;3012.122507743246;0.06772962492552391;0.998281030417683;0.25077367206555395
-189597344#2;;0.13747594171020072;5.930351814994214;71.13530923116357;10161.95250340326;0.19849761875766503;2.7705161633338413;0.38668319305634746
-189597344#0;;0.06775985905949315;8.52377448548205;64.2689810449224;3012.122507743246;0.06772962492552391;0.998281030417683;0.25077367206555395
-189597344#1;;0.058400134676031834;10.44674127651962;60.0201056767831;1898.8767776912625;0.014294521158706872;0.6853878744974369;0.1872364432289615
:9842732475_7;;0.03919971521686247;1.1060954603610273;62.554683273740366;2800.2554764129936;0.05985214475916736;0.942420042761345;0.2516752607080839
189597344#0;;0.033879929529746576;9.410490980275762;59.793104434679904;1635.718757132142;0.006807909842979893;0.621542351812017;0.19876541752907656
-189597344#2;;0.13747594171020072;5.930351814994214;71.13530923116357;10161.95250340326;0.19849761875766503;2.7705161633338413;0.38668319305634746
-189597344#0;;0.06775985905949315;8.513695574597447;64.43868224980174;2810.8364365703815;0.0613672762921315;0.9475564941783589;0.2552601470042626
-189597344#2;;0.13747594171020072;5.7296461281379925;71.23161620649948;10325.004893228222;0.2120773379313256;2.8406521914272664;0.40249202841931975
-189597344#0;;0.06775985905949315;8.513695574597447;64.43868224980174;2810.8364365703815;0.0613672762921315;0.9475564941783589;0.2552601470042626
-189597344#1;;0.05297629338637322;10.431434394230381;60.372537042491174;2061.015935028375;0.01957809568161825;0.7246575025697923;0.18943975554550768
:9842732475_7;;0.08490753819985151;1.111490907554318;58.42400598451828;0.0;0.0;0.0;0.0
189597344#0;;0.033879929529746576;9.448148337774079;57.800255316789624;0.0;0.0;0.0;0.0
-189597344#2;;0.13747594171020072;5.7296461281379925;71.23161620649948;10325.004893228222;0.2120773379313256;2.8406521914272664;0.40249202841931975
-189597344#0;;0.06775985905949315;8.51172622875987;63.954519139352485;3544.062622825176;0.033841910595477205;1.3140314364813093;0.47560625844366894
-189597344#2;;0.13747594171020072;5.5563777093309605;70.44920406949268;9982.56486263758;0.21409670011816193;2.8054304364052767;0.413923904782708
-189597344#0;;0.06775985905949315;8.51172622875987;63.954519139352485;3544.062622825176;0.033841910595477205;1.3140314364813093;0.47560625844366894
-189597344#1;;0.04755489226680564;10.465907133104883;57.80158852077391;0.0;0.0;0.0;0.0
:9842732475_7;;0.13059479736900212;1.1117450134655606;60.63723824539737;1650.4491781111958;0.01011367497340097;0.6243291017883802;0.23428745933643355
189597344#0;;0.033879929529746576;9.44413434416834;60.07874414405449;1803.8027801374833;0.012530950944617224;0.6636621383742378;0.1989484730206999
-189597344#2;;0.13747594171020072;5.5563777093309605;70.44920406949268;9982.56486263758;0.21409670011816193;2.8054304364052767;0.413923904782708
-189597344#0;;0.06775985905949315;8.552244204323967;62.62032616900753;1366.41233399605;0.0;0.5465033033532715;0.2290988816430996
-189597344#2;;0.13747594171020072;5.3859392369420895;71.15599200264774;10704.72937077687;0.26069571054772683;3.0592757955353225;0.4393326000588651
-189597344#0;;0.06775985905949315;8.552244204323967;62.62032616900753;1366.41233399605;0.0;0.5465033033532715;0.2290988816430996
-189597344#1;;0.04214265981475461;10.481521137348548;58.70549577708772;0.0;0.0;0.0;0.0
:9842732475_7;;0.17620479029648897;1.1127008274696057;60.28993535767421;1427.3947422733333;0.0006054950334136514;0.5630233836024079;0.23101905227757888
189597344#0;;0.033879929529746576;9.42943023569312;60.73590930064849;2132.789116381485;0.024064321974169207;0.7462318284888596;0.20309378101709227
-189597344#2;;0.13747594171020072;5.3859392369420895;71.15599200264774;10704.72937077687;0.26069571054772683;3.0592757955353225;0.4393326000588651
-189597344#0;;0.06775985905949315;8.559048335434547;63.74456243208091;2269.5957763457423;0.03732635526976529;0.7961184600905925;0.24638193284165277
-189597344#2;;0.13747594171020072;5.239469095573997;70.2027037397038;10000.276466399591;0.2340416488357949;2.8740629412928964;0.44166489127304137
-189597344#0;;0.06775985905949315;8.559048335434547;63.74456243208091;2269.5957763457423;0.03732635526976529;0.7961184600905925;0.24638193284165277
-189597344#1;;0.03671056505123117;10.434530737936528;62.138882237431275;2871.283472345534;0.04556363124574839;0.9202501874333444;0.19714171320581564
:9842732475_7;;0.22198216699653237;1.1106322963391881;61.83264319375063;2390.8434130163832;0.041737899355972025;0.8282711817855973;0.24428383597624745
189597344#0;;0.033879929529746576;9.414735708690383;60.75383949609524;2135.846214910477;0.02429230043716228;0.7472245050066084;0.20383609010242562
-189597344#2;;0.13747594171020072;5.239469095573997;70.2027037397038;10000.276466399591;0.2340416488357949;2.8740629412928964;0.44166489127304137
-189597344#0;;0.06775985905949315;8.528324257145538;65.070609308001;4790.594366458479;0.08569170991491883;1.6638210384863519;0.49130317439968835
-189597344#2;;0.13747594171020072;5.081519676276608;71.44621985127371;11194.590580271682;0.28779571110459135;3.210868877748454;0.46972070838061497
-189597344#0;;0.06775985905949315;8.528324257145538;65.070609308001;4790.594366458479;0.08569170991491883;1.6638210384863519;0.49130317439968835
-189597344#1;;0.031525851197982346;10.40825714058283;61.00200412680572;2348.9717737711953;0.029035292587340233;0.7946935490090113;0.19321836553372948
:9842732475_7;;0.26567481402763016;1.1125655171827094;59.838954602497495;0.0;0.0;0.0;0.0
189597344#0;;0.033879929529746576;9.41646105310899;59.77543480302267;1629.7094295735778;0.006578477107044633;0.6200413089839751;0.1984220997932755
-189597344#2;;0.13747594171020072;5.081519676276608;71.44621985127371;11194.590580271682;0.28779571110459135;3.210868877748454;0.46972070838061497
-189597344#0;;0.06775985905949315;8.566178933263329;63.04789639363558;2098.6775693394825;0.02878272043751052;0.7470967131473688;0.23770853567610797
-189597344#2;;0.13747594171020072;4.940345840661644;71.45194388780895;11146.590240196962;0.308630512418434;3.271087048606514;0.4872850153660822
-189597344#0;;0.06775985905949315;8.566178933263329;63.04789639363558;2098.6775693394825;0.02878272043751052;0.7470967131473688;0.23770853567610797
-189597344#1;;0.031525851197982346;10.406587980674374;59.66699958503587;1711.6730874216555;0.00843823807316183;0.6403097684209125;0.18708243618455295
:9842732475_7;;0.26567481402763016;1.1069384574214216;63.86095575642088;3542.221219826229;0.0916318723410296;1.1473076375971125;0.2608851755446459
189597344#0;;0.033879929529746576;9.400984755207647;60.81893866071599;2163.178430577611;0.025366574182830816;0.7543168540319318;0.20479204040723092
-189597344#2;;0.13747594171020072;4.940345840661644;71.45194388780895;11146.590240196962;0.308630512418434;3.271087048606514;0.4872850153660822
-189597344#0;;0.06775985905949315;8.582695396534934;63.49111384115589;2197.7965078833586;0.03416731886002862;0.7761158512012598;0.2452206250200943
-189597344#2;;0.13747594171020072;4.801514056583771;71.52157682030159;11395.250649974969;0.3137126136972249;3.318249871868683;0.5005553966772425
-189597344#0;;0.06775985905949315;8.582695396534934;63.49111384115589;2197.7965078833586;0.03416731886002862;0.7761158512012598;0.2452206250200943
-189597344#1;;0.031525851197982346;10.47013025567149;56.50827336784794;0.0;0.0;0.0;0.0
:9842732475_7;;0.26567481402763016;1.1073376981184393;60.61430679853528;1605.3237454781379;0.00834092780592219;0.611796645310217;0.23563010809475415
189597344#0;;0.033879929529746576;9.408158739029727;59.47168063433246;1461.2881876071135;0.0007009970802330442;0.5776680483553064;0.19703345691114538
-189597344#2;;0.13747594171020072;4.801514056583771;71.52157682030159;11395.250649974969;0.3137126136972249;3.318249871868683;0.5005553966772425
-189597344#0;;0.06775985905949315;8.532561647355534;65.61500554618443;5577.048358399578;0.11742992155983296;1.8751477667037904;0.5006200708941605
-189597344#2;;0.13747594171020072;4.711065158841485;69.13807585589231;8746.379770822557;0.20886097383562902;2.6160388432716015;0.476986161306039
-189597344#0;;0.06775985905949315;8.532561647355534;65.61500554618443;5577.048358399578;0.11742992155983296;1.8751477667037904;0.5006200708941605
-189597344#1;;0.031525851197982346;10.427839529006453;61.879627150255125;2754.1054241269158;0.04188658053516194;0.8921825408315305;0.19630231058712086
:9842732475_7;;0.26567481402763016;1.105860110614768;61.57832417734299;2213.2346577123226;0.034588654262095925;0.7800152611026431;0.2441676828823226
189597344#0;;0.033879929529746576;9.422175851344452;59.07181728697377;0.0;0.0;0.0;0.0
-189597344#2;;0.13747594171020072;4.711065158841485;69.13807585589231;8746.379770822557;0.20886097383562902;2.6160388432716015;0.476986161306039
-189597344#0;;0.06775985905949315;8.56908121881089;62.72281238510498;1436.0521959813993;0.0009025500817451161;0.5656959339142331;0.22939596641862384
-189597344#2;;0.13747594171020072;4.6553298748676255;67.51425026539201;6651.492234129062;0.125105039303631;2.0584495156816023;0.45683461798599156
-189597344#0;;0.06775985905949315;8.56908121881089;62.72281238510498;1436.0521959813993;0.0009025500817451161;0.5656959339142331;0.22939596641862384
-189597344#1;;0.031525851197982346;10.430367347072348;59.422949088161076;1601.9772393057092;0.00483527271465568;0.6137816276785609;0.18504247699927487
:9842732475_7;;0.26567481402763016;1.1105738046131135;58.691114449610495;0.0;0.0;0.0;0.0
189597344#0;;0.033879929529746576;9.456818121456564;57.94257801672781;0.0;0.0;0.0;0.0
-189597344#2;;0.13747594171020072;4.6553298748676255;67.51425026539201;6651.492234129062;0.125105039303631;2.0584495156816023;0.45683461798599156
-189597344#0;;0.06775985905949315;8.535122181289395;65.20515719608503;4921.235504107659;0.09103614363096098;1.699257214700432;0.49252733204422616
-189597344#2;;0.13747594171020072;4.646447927732215;65.6900848378334;4035.8241598835357;0.08099160157644993;1.1954105060450688;0.2045417345485918
-189597344#0;;0.06775985905949315;8.535122181289395;65.20515719608503;4921.235504107659;0.09103614363096098;1.699257214700432;0.49252733204422616
-189597344#1;;0.031525851197982346;10.402721497422007;61.085024025364085;2386.049801702735;0.03028551829438042;0.8037978749803298;0.19381776437672324
:9842732475_7;;0.26567481402763016;1.1119038171157745;60.122683120268405;1307.9617870071388;0.0;0.5301051345428097;0.22983052582097976
189597344#0;;0.033879929529746576;9.459873611125744;59.6495781692846;1587.6861175952592;0.004991366670002136;0.6096159915831915;0.1959611087905925
-189597344#2;;0.13747594171020072;4.646447927732215;65.6900848378334;4035.8241598835357;0.08099160157644993;1.1954105060450688;0.2045417345485918
-189597344#0;;0.07327751648954667;8.512688552055133;66.91726861879224;7680.970844845554;0.1482319909545608;2.6274971229488746;0.7442105518836118
-189597344#2;;0.13747594171020072;4.5972965230236085;66.7192095589366;6496.728757362489;0.12981432221080225;2.0525867517017478;0.46363224347772025
-189597344#0;;0.07327751648954667;8.512688552055133;66.91726861879224;7680.970844845554;0.1482319909545608;2.6274971229488746;0.7442105518836118
-189597344#1;;0.031525851197982346;10.413131285650861;59.03210223521675;1397.762291570179;0.0;0.5643040581199765;0.18376056771638444
-189597344#0;;0.07327751648954667;8.512688552055133;66.91726861879224;7680.970844845554;0.1482319909545608;2.6274971229488746;0.7442105518836118
189597344#0;;0.033879929529746576;9.468731959396205;59.30977819287947;1411.7701097960362;0.0;0.5657563906865496;0.19372687416531081
-189597344#2;;0.13747594171020072;4.5972965230236085;66.7192095589366;6496.728757362489;0.12981432221080225;2.0525867517017478;0.46363224347772025
-189597344#0;;0.07910484207769203;8.569027448481526;63.8712489061157;0.0;0.0;0.0;0.0
-189597344#2;;0.13747594171020072;4.630344159689443;64.31781097578914;3517.7170057994545;0.09530643971079464;1.151557835859111;0.2716308491614706
-189597344#0;;0.07910484207769203;8.569027448481526;63.8712489061157;0.0;0.0;0.0;0.0
:9842732475_7;;0.19885940969183935;1.241072919596857;57.29257131417428;0.0;0.0;0.0;0.0
-189597344#0;;0.07910484207769203;8.569027448481526;63.8712489061157;0.0;0.0;0.0;0.0
189597344#0;;0.033879929529746576;9.434829828510493;61.920548753329655;2716.5923896939576;0.0443273170457872;0.8924574694165253;0.20894930283227892
-189597344#2;;0.13747594171020072;4.630344159689443;64.31781097578914;3517.7170057994545;0.09530643971079464;1.151557835859111;0.2716308491614706
-189597344#0;;0.08498361427010262;8.537439911753868;66.91004283738332;5940.2571474170245;0.13301734158590942;1.9761869555428788;0.5030048602812889
-189597344#2;;0.13747594171020072;4.60899023114929;67.76690973555647;5073.643361912674;0.11658641341332483;1.4530608612367493;0.21894155349719824
-189597344#0;;0.08498361427010262;8.537439911753868;66.91004283738332;5940.2571474170245;0.13301734158590942;1.9761869555428788;0.5030048602812889
:9842732475_7;;0.18906653465815573;1.2411895884785007;59.47486117474048;1640.675952018795;0.0060014559415442455;0.623157758884449;0.18421980108002656
-189597344#0;;0.08498361427010262;8.537439911753868;66.91004283738332;5940.2571474170245;0.13301734158590942;1.9761869555428788;0.5030048602812889
189597344#0;;0.033879929529746576;9.41303403762677;61.192091109022385;2354.6955276273798;0.03196711711633891;0.80225738885853;0.2062256290468938
-189597344#2;;0.13747594171020072;4.60899023114929;67.76690973555647;5073.643361912674;0.11658641341332483;1.4530608612367493;0.21894155349719824
-189597344#0;;0.09087878242661514;8.540052755957843;65.60700274050815;4177.195309595087;0.05865922569543081;1.491300123508323;0.48652071993370194
-189597344#2;;0.13747594171020072;4.511277943547609;70.64622085579082;9987.812706351706;0.26945888214702407;2.982561187152964;0.5140138774883589
-189597344#0;;0.09087878242661514;8.540052755957843;65.60700274050815;4177.195309595087;0.05865922569543081;1.491300123508323;0.48652071993370194
:9842732475_7;;0.17907550005365797;1.2422625547391088;59.04977712023454;1435.0579326860895;0.0;0.5737394488641527;0.18188425388525184
-189597344#0;;0.09087878242661514;8.540052755957843;65.60700274050815;4177.195309595087;0.05865922569543081;1.491300123508323;0.48652071993370194
189597344#0;;0.033879929529746576;9.464717251050006;57.11236998554999;0.0;0.0;0.0;0.0
-189597344#2;;0.13747594171020072;4.511277943547609;70.64622085579082;9987.812706351706;0.26945888214702407;2.982561187152964;0.5140138774883589
-189597344#0;;0.09675157110329688;8.519730457228128;66.52212904117889;5467.1495283616005;0.11401232483341228;1.848492694970082;0.5001505072660003
-189597344#2;;0.13747594171020072;4.577367512664506;60.948523315536974;0.0;0.0;0.0;0.0
-189597344#0;;0.09675157110329688;8.519730457228128;66.52212904117889;5467.1495283616005;0.11401232483341228;1.848492694970082;0.5001505072660003
:9842732475_7;;0.16916717107393736;1.2436961049886763;58.884026802952924;1358.2683048368983;0.0;0.5553969749652227;0.18066901975919897
-189597344#0;;0.09675157110329688;8.519730457228128;66.52212904117889;5467.1495283616005;0.11401232483341228;1.848492694970082;0.5001505072660003
189597344#0;;0.033879929529746576;9.448005402229724;60.83453839245244;2189.5772135137054;0.025879973070644074;0.7601546833148272;0.20279221920361734
-189597344#2;;0.13747594171020072;4.577367512664506;60.948523315536974;0.0;0.0;0.0;0.0
-189597344#0;;0.10163978858923972;8.533013124550607;65.15359770605262;3152.219797049147;0.014121750827058095;1.207526763272171;0.46964903069189695
-189597344#2;;0.13747594171020072;4.621351973680612;63.07828950979417;2685.0656907648568;0.05769081942138292;0.9160900003216311;0.25999158747241163
-189597344#0;;0.10163978858923972;8.533013124550607;65.15359770605262;3152.219797049147;0.014121750827058095;1.207526763272171;0.46964903069189695
:9842732475_7;;0.1672470712185432;1.2395712854791874;61.43096657393811;2554.839917032841;0.03528319619108977;0.8435324076874536;0.19358223985115167
-189597344#0;;0.10163978858923972;8.533013124550607;65.15359770605262;3152.219797049147;0.014121750827058095;1.207526763272171;0.46964903069189695
189597344#0;;0.033879929529746576;9.425137068176184;61.242473254121315;2383.756691590547;0.03285393072985293;0.8092747046301098;0.20593748496617373
-189597344#2;;0.13747594171020072;4.621351973680612;63.07828950979417;2685.0656907648568;0.05769081942138292;0.9160900003216311;0.25999158747241163
-189597344#0;;0.10163978858923972;8.549630610394928;65.05990868625823;3112.3463102450837;0.013876063476059235;1.1967029427816058;0.47213015947710213
-189597344#2;;0.13747594171020072;4.689354236060562;60.95251531931717;0.0;0.0;0.0;0.0
-189597344#0;;0.10163978858923972;8.549630610394928;65.05990868625823;3112.3463102450837;0.013876063476059235;1.1967029427816058;0.47213015947710213
:9842732475_7;;0.20387050845651516;1.2363252955923085;61.04982800790451;2373.8756557680244;0.02974382631838069;0.8004985695986914;0.1930093022279718
-189597344#0;;0.10163978858923972;8.549630610394928;65.05990868625823;3112.3463102450837;0.013876063476059235;1.1967029427816058;0.47213015947710213
189597344#0;;0.033879929529746576;9.412864218293244;60.60926374759714;2061.695267249516;0.02171206687485505;0.7286153773473053;0.20314497081751176
-189597344#2;;0.13747594171020072;4.689354236060562;60.95251531931717;0.0;0.0;0.0;0.0
-189597344#0;;0.10163978858923972;8.53062392627911;66.23833085919055;6402.033320361093;0.09234375519376102;2.271664108443636;0.7258558509965868
-189597344#2;;0.13747594171020072;4.744883876920989;62.1092471704598;2027.2903631354402;0.027994945911542002;0.7302358493361757;0.2504646234395717
-189597344#0;;0.10163978858923972;8.53062392627911;66.23833085919055;6402.033320361093;0.09234375519376102;2.271664108443636;0.7258558509965868
:9842732475_7;;0.24008447706400146;1.2426158697555578;56.9549698803694;0.0;0.0;0.0;0.0
-189597344#0;;0.10163978858923972;8.53062392627911;66.23833085919055;6402.033320361093;0.09234375519376102;2.271664108443636;0.7258558509965868
189597344#0;;0.033879929529746576;9.42281817000932;59.298112529677724;1375.9645726492486;0.0;0.5563577885178556;0.19545700214716
-189597344#2;;0.13747594171020072;4.744883876920989;62.1092471704598;2027.2903631354402;0.027994945911542002;0.7302358493361757;0.2504646234395717
-189597344#0;;0.10163978858923972;8.544527512050738;65.25165834509733;3726.84136784093;0.03814760278980696;1.365368177127321;0.47354814042955123
-189597344#2;;0.13747594171020072;4.799426384936436;62.29650674980071;2187.2378517402226;0.035288402781292194;0.7755110699937533;0.253226015670814
-189597344#0;;0.10163978858923972;8.544527512050738;65.25165834509733;3726.84136784093;0.03814760278980696;1.365368177127321;0.47354814042955123
:9842732475_7;;0.26567481402763016;1.2348048569733574;63.271209650048476;3368.7578831563583;0.06204451167368476;1.0418578741311295;0.20325228447301813
-189597344#0;;0.10163978858923972;8.544527512050738;65.25165834509733;3726.84136784093;0.03814760278980696;1.365368177127321;0.47354814042955123
189597344#0;;0.033879929529746576;9.461375826749434;57.74228093921357;0.0;0.0;0.0;0.0
-189597344#2;;0.13747594171020072;4.799426384936436;62.29650674980071;2187.2378517402226;0.035288402781292194;0.7755110699937533;0.253226015670814
-189597344#0;;0.10163978858923972;8.553249780542606;65.80480398589451;4527.641821427472;0.07454207628398735;1.5907099168026215;0.49095962850721336
-189597344#2;;0.13747594171020072;4.864146984258356;61.49633279035638;1592.3955522880879;0.00851116296687144;0.6075648604975951;0.24496013601638778
-189597344#0;;0.10163978858923972;8.553249780542606;65.80480398589451;4527.641821427472;0.07454207628398735;1.5907099168026215;0.49095962850721336
:9842732475_7;;0.26567481402763016;1.2392272425364808;57.689865204554984;0.0;0.0;0.0;0.0
-189597344#0;;0.10163978858923972;8.553249780542606;65.80480398589451;4527.641821427472;0.07454207628398735;1.5907099168026215;0.49095962850721336
189597344#0;;0.033879929529746576;9.418289762982102;62.53230060551247;3004.769859881475;0.054632945963293586;0.9654159368276279;0.21281048718572246
-189597344#2;;0.13747594171020072;4.864146984258356;61.49633279035638;1592.3955522880879;0.00851116296687144;0.6075648604975951;0.24496013601638778
-189597344#0;;0.10163978858923972;8.487529143856406;68.00889776935455;9413.886223856818;0.22262533703280385;3.1056279688384536;0.7687630860425214
-189597344#2;;0.13747594171020072;4.935011412351737;61.10830213778346;1309.117020120605;0.0;0.5277540102991384;0.24055565070215937
-189597344#0;;0.10163978858923972;8.487529143856406;68.00889776935455;9413.886223856818;0.22262533703280385;3.1056279688384536;0.7687630860425214
:9842732475_7;;0.26567481402763016;1.242742941956687;58.025890474330666;0.0;0.0;0.0;0.0
-189597344#0;;0.10163978858923972;8.487529143856406;68.00889776935455;9413.886223856818;0.22262533703280385;3.1056279688384536;0.7687630860425214
189597344#0;;0.033879929529746576;9.454383513445116;57.87201951411098;0.0;0.0;0.0;0.0
-189597344#2;;0.13747594171020072;4.935011412351737;61.10830213778346;1309.117020120605;0.0;0.5277540102991384;0.24055565070215937
-189597344#0;;0.10163978858923972;8.573106991922405;63.169994363072384;0.0;0.0;0.0;0.0
-189597344#2;;0.13747594171020072;5.002332555531653;61.50049505795881;1662.8604780730604;0.011613985835111282;0.6274715898969456;0.24521845637026865
-189597344#0;;0.10163978858923972;8.573106991922405;63.169994363072384;0.0;0.0;0.0;0.0
:9842732475_7;;0.26567481402763016;1.2382042380617224;61.64176073447962;2648.03077986674;0.038397601063910075;0.8663462335487991;0.19498074265737886
-189597344#0;;0.10163978858923972;8.573106991922405;63.169994363072384;0.0;0.0;0.0;0.0
189597344#0;;0.033879929529746576;9.454833222824753;59.80566273348017;1667.0471538433594;0.007749455047305136;0.6294362306485191;0.19702099267638576
-189597344#2;;0.13747594171020072;5.002332555531653;61.50049505795881;1662.8604780730604;0.011613985835111282;0.6274715898969456;0.24521845637026865
-189597344#0;;0.10163978858923972;8.583637055698699;65.29986547754939;3660.030029717772;0.035013174964282634;1.3460127510499345;0.4728816445325742
-189597344#2;;0.13747594171020072;5.073011382683336;61.348648495571126;1571.2628725393404;0.007493160929687262;0.6016773011495268;0.24374988945243284
-189597344#0;;0.10163978858923972;8.583637055698699;65.29986547754939;3660.030029717772;0.035013174964282634;1.3460127510499345;0.4728816445325742
:9842732475_7;;0.26567481402763016;1.2359717529486394;60.58120867927162;2154.4217149105443;0.022691373242575107;0.7474514710249849;0.19100501963405717
-189597344#0;;0.10163978858923972;8.583637055698699;65.29986547754939;3660.030029717772;0.035013174964282634;1.3460127510499345;0.4728816445325742
189597344#0;;0.033879929529746576;9.4440399016853;60.48173526173712;2010.4257302312417;0.019699546994719604;0.7153807746812318;0.20111170948831927
-189597344#2;;0.13747594171020072;5.073011382683336;61.348648495571126;1571.2628725393404;0.007493160929687262;0.6016773011495268;0.24374988945243284
-189597344#0;;0.10163978858923972;8.579260687316303;65.73204275981831;5479.5905054475015;0.0539850986426748;2.0204515770831635;0.7100769654118895
-189597344#2;;0.13747594171020072;5.138016613534855;61.925046594659;2029.5535301173586;0.02806593766242453;0.7308387442284472;0.25030964725454075
-189597344#0;;0.10163978858923972;8.579260687316303;65.73204275981831;5479.5905054475015;0.0539850986426748;2.0204515770831635;0.7100769654118895
:9842732475_7;;0.26567481402763016;1.2431281523666313;56.63842267222458;0.0;0.0;0.0;0.0
-189597344#0;;0.10163978858923972;8.579260687316303;65.73204275981831;5479.5905054475015;0.0539850986426748;2.0204515770831635;0.7100769654118895
189597344#0;;0.033879929529746576;9.434889602875664;60.394456833989125;1961.866573570027;0.01807414714659985;0.7033135243655362;0.20104004172421663
-189597344#2;;0.13747594171020072;5.138016613534855;61.925046594659;2029.5535301173586;0.02806593766242453;0.7308387442284472;0.25030964725454075
-189597344#0;;0.10163978858923972;8.599232604740392;64.90253037739271;2886.1931123219097;0.003820175064480064;1.1351146222740884;0.45887177336924656
-189597344#2;;0.13747594171020072;5.218673300359675;60.85154474868186;0.0;0.0;0.0;0.0
-189597344#0;;0.10163978858923972;8.599232604740392;64.90253037739271;2886.1931123219097;0.003820175064480064;1.1351146222740884;0.45887177336924656
:9842732475_7;;0.26567481402763016;1.237846772481451;62.00098078729414;2809.1931154525946;0.04360910125150999;0.9053625194551764;0.1966708695111103
-189597344#0;;0.10163978858923972;8.599232604740392;64.90253037739271;2886.1931123219097;0.003820175064480064;1.1351146222740884;0.45887177336924656
189597344#0;;0.033879929529746576;9.462411457306967;58.30265182618862;0.0;0.0;0.0;0.0
-189597344#2;;0.13747594171020072;5.218673300359675;60.85154474868186;0.0;0.0;0.0;0.0
-189597344#0;;0.07181926648428785;9.103012216050791;67.41067541376192;8486.67943632701;0.1798434184062757;2.8530793494791;0.7070867636317724
-189597344#2;;0.13747594171020072;5.282598732302382;62.26265580097209;2305.065420236527;0.04042640175930626;0.8085203743322109;0.25407163760719437
-189597344#0;;0.07181926648428785;9.103012216050791;67.41067541376192;8486.67943632701;0.1798434184062757;2.8530793494791;0.7070867636317724
-189597344#0;;0.07181926648428785;9.103012216050791;67.41067541376192;8486.67943632701;0.1798434184062757;2.8530793494791;0.7070867636317724
189597344#0;;0.033879929529746576;9.424928032367694;62.16266772359117;2830.2996062363377;0.04843353736753472;0.9213373738844027;0.2106390895075706
-189597344#2;;0.13747594171020072;5.282598732302382;62.26265580097209;2305.065420236527;0.04042640175930626;0.8085203743322109;0.25407163760719437
-189597344#0;;0.0764254662433356;9.179089679197647;63.19178749638402;0.0;0.0;0.0;0.0
-189597344#2;;0.13747594171020072;5.21407677884087;67.20881226787564;5946.885330315381;0.07017017251813365;1.7741754592483052;0.3946547157150773
-189597344#0;;0.0764254662433356;9.179089679197647;63.19178749638402;0.0;0.0;0.0;0.0
-189597344#0;;0.0764254662433356;9.179089679197647;63.19178749638402;0.0;0.0;0.0;0.0
189597344#0;;0.033879929529746576;9.418458727194238;60.25437063882081;1882.0638193126283;0.01539185970685645;0.6834266009725599;0.20098470382121347
-189597344#2;;0.13747594171020072;5.21407677884087;67.20881226787564;5946.885330315381;0.07017017251813365;1.7741754592483052;0.3946547157150773
-189597344#0;;0.08105612038910462;9.158385020092574;65.98588442317192;5075.3286968113425;0.08532111948585093;1.71635181524592;0.4403825520819113
-189597344#2;;0.13747594171020072;4.8477103891279665;69.10840432292464;6656.839476740526;0.08641926182123523;1.9225183935151535;0.4056845950978203
-189597344#0;;0.08105612038910462;9.158385020092574;65.98588442317192;5075.3286968113425;0.08532111948585093;1.71635181524592;0.4403825520819113
-189597344#0;;0.08105612038910462;9.158385020092574;65.98588442317192;5075.3286968113425;0.08532111948585093;1.71635181524592;0.4403825520819113
189597344#0;;0.06775985905949315;14.173032418784208;60.21077429853398;1521.0;0.0;0.6117;0.0
-189597344#2;;0.13747594171020072;4.8477103891279665;69.10840432292464;6656.839476740526;0.08641926182123523;1.9225183935151535;0.4056845950978203
189597344#0;;0.06775985905949315;14.173032418784208;60.21077429853398;1521.0;0.0;0.6117;0.0
-189597344#0;;0.08568038053805266;9.101350854761053;67.70210694100169;8393.971953517383;0.17945672491265205;2.838520712754654;0.7071148317962487
-189597344#2;;0.13747594171020072;4.811640066943085;69.31339052687642;5344.449519689225;0.09093462856526756;1.398010292636307;0.1721174112864971
-189597344#0;;0.08568038053805266;9.101350854761053;67.70210694100169;8393.971953517383;0.17945672491265205;2.838520712754654;0.7071148317962487
-189597344#0;;0.08568038053805266;9.101350854761053;67.70210694100169;8393.971953517383;0.17945672491265205;2.838520712754654;0.7071148317962487
189597344#0;;0.06775985905949315;13.919930548438469;67.95855333972473;5681.14706170525;0.031908780829932516;1.44000656418301;0.2119978425243113
-189597344#2;;0.13747594171020072;4.811640066943085;69.31339052687642;5344.449519689225;0.09093462856526756;1.398010292636307;0.1721174112864971
189597344#0;;0.06775985905949315;13.919930548438469;67.95855333972473;5681.14706170525;0.031908780829932516;1.44000656418301;0.2119978425243113
-189597344#0;;0.0903172186759656;9.096462269044496;65.42727819435291;4154.814827649618;0.049667234283456284;1.4738305228001027;0.43153626886405355
-189597344#1;;0.0005353310046678254;9.191182585452522;62.086385171054566;2454.2811865468943;0.0467137551526686;0.8498743295865026;0.2544355068486643
-189597344#0;;0.0903172186759656;9.096462269044496;65.42727819435291;4154.814827649618;0.049667234283456284;1.4738305228001027;0.43153626886405355
-189597344#0;;0.0903172186759656;9.096462269044496;65.42727819435291;4154.814827649618;0.049667234283456284;1.4738305228001027;0.43153626886405355
189597344#0;;0.06775985905949315;13.757942276156218;67.19884500712355;3343.7142448544137;0.0006816180322458777;0.6636386625040358;0.012830177441364499
-189597344#2;;0.13259687245889035;5.240384004409574;62.61957415544985;3120.1648705990515;0.03961313195261153;0.9365578029284124;0.15930066312049038
189597344#0;;0.06775985905949315;13.757942276156218;67.19884500712355;3343.7142448544137;0.0006816180322458777;0.6636386625040358;0.012830177441364499
-189597344#0;;0.09498895060390648;9.118830669889002;65.01300612473072;4047.2633931917044;0.03897968297474737;1.4235296036989387;0.432335457400221
-189597344#1;;0.006182577373504206;9.174772198479586;62.035183510158376;2412.617352263319;0.045078631425038596;0.838548198839442;0.25480466482837105
-189597344#0;;0.09498895060390648;9.118830669889002;65.01300612473072;4047.2633931917044;0.03897968297474737;1.4235296036989387;0.432335457400221
-189597344#0;;0.09498895060390648;9.118830669889002;65.01300612473072;4047.2633931917044;0.03897968297474737;1.4235296036989387;0.432335457400221
189597344#0;;0.06775985905949315;13.485092762085037;68.55448292694872;6592.77037150609;0.05849811691206091;1.676679234328652;0.23338020421172911
-189597344#2;;0.12028379472865323;5.175173819597663;66.0060874192714;4372.313422271473;0.07292117541933715;1.212815766914793;0.1740905785972923
189597344#0;;0.06775985905949315;13.485092762085037;68.55448292694872;6592.77037150609;0.05849811691206091;1.676679234328652;0.23338020421172911
-189597344#0;;0.09960303097979212;9.145239934106447;64.90014287645181;3779.8994414417766;0.04282290549492699;1.3798118859280013;0.4803842418319765
-189597344#1;;0.011801586869190413;9.198602731464625;59.663409467073095;0.0;0.0;0.0;0.0
-189597344#0;;0.09960303097979212;9.145239934106447;64.90014287645181;3779.8994414417766;0.04282290549492699;1.3798118859280013;0.4803842418319765
-189597344#0;;0.09960303097979212;9.145239934106447;64.90014287645181;3779.8994414417766;0.04282290549492699;1.3798118859280013;0.4803842418319765
189597344#0;;0.06775985905949315;13.33465560616343;68.08432467462006;3683.5824201477035;0.003103898126205647;0.7304722760136545;0.02684357394424769
-189597344#2;;0.10803228378535058;5.1354334890993725;63.24956064478303;3359.792689547318;0.04873716470355452;0.9988701351326519;0.16976993543481936
189597344#0;;0.06775985905949315;13.33465560616343;68.08432467462006;3683.5824201477035;0.003103898126205647;0.7304722760136545;0.02684357394424769
-189597344#0;;0.10163978858923972;9.09151292989774;66.9902800564333;7861.722823337546;0.1358273077724476;2.6251410018703685;0.6946792663985139
-189597344#1;;0.017463464593773036;9.162472554335691;63.3677176878208;3217.611063799083;0.08133528533892238;1.0657709681973906;0.2663718155588934
-189597344#0;;0.10163978858923972;9.09151292989774;66.9902800564333;7861.722823337546;0.1358273077724476;2.6251410018703685;0.6946792663985139
-189597344#0;;0.10163978858923972;9.09151292989774;66.9902800564333;7861.722823337546;0.1358273077724476;2.6251410018703685;0.6946792663985139
189597344#0;;0.06775985905949315;13.156961217098225;66.5017608369627;5391.720045477382;0.027707963722221236;1.4710438837559932;0.23473314299626064
-189597344#2;;0.09568730430887544;5.117438239042382;60.8511325665354;2430.927659853023;0.025072186690006357;0.7970518141305617;0.16400047160984435
189597344#0;;0.06775985905949315;13.156961217098225;66.5017608369627;5391.720045477382;0.027707963722221236;1.4710438837559932;0.23473314299626064
-189597344#0;;0.10163978858923972;9.113163317546286;64.62993908887775;2984.353625282124;0.010874196015578949;1.1733517112391076;0.42269182715110676
-189597344#1;;0.02307215582298712;9.207341754132493;58.65235806306087;0.0;0.0;0.0;0.0
-189597344#0;;0.10163978858923972;9.113163317546286;64.62993908887775;2984.353625282124;0.010874196015578949;1.1733517112391076;0.42269182715110676
-189597344#0;;0.10163978858923972;9.113163317546286;64.62993908887775;2984.353625282124;0.010874196015578949;1.1733517112391076;0.42269182715110676
189597344#0;;0.06775985905949315;12.97640619441288;67.83102973040116;5240.443401541817;0.009349829917328025;1.3733177794951534;0.23532967147822315
-189597344#2;;0.0834582909880979;5.055402065708731;66.13923882048238;4474.6298908976605;0.08169943275776435;1.2569623135009103;0.18581311559863867
189597344#0;;0.06775985905949315;12.97640619441288;67.83102973040116;5240.443401541817;0.009349829917328025;1.3733177794951534;0.23532967147822315
-189597344#0;;0.10163978858923972;9.072520349584778;67.04982199117127;7510.386422182846;0.14578232478165742;2.595844810764843;0.6979898300862898
-189597344#1;;0.028692879024922485;9.197152919595357;61.60924645907456;2155.0329441009603;0.033331193896912456;0.7657067759536629;0.25009250083301315
-189597344#0;;0.10163978858923972;9.072520349584778;67.04982199117127;7510.386422182846;0.14578232478165742;2.595844810764843;0.6979898300862898
-189597344#0;;0.10163978858923972;9.072520349584778;67.04982199117127;7510.386422182846;0.14578232478165742;2.595844810764843;0.6979898300862898
189597344#0;;0.06775985905949315;12.805797655930073;68.03134161866572;5161.832455166192;0.008502313774012388;1.3554847219160686;0.23980700113133144
-189597344#2;;0.07120304353378193;5.026442790856605;62.33533122903954;3002.6939626980234;0.042521749948375695;0.930545255221556;0.17627807357003855
189597344#0;;0.06775985905949315;12.805797655930073;68.03134161866572;5161.832455166192;0.008502313774012388;1.3554847219160686;0.23980700113133144
-189597344#0;;0.10163978858923972;9.160537397419155;62.98921690259001;0.0;0.0;0.0;0.0
-189597344#1;;0.031525851197982346;9.198667738008245;60.897113384025346;1683.773896948198;0.012378082547646815;0.6333906662392159;0.2437029044529642
-189597344#0;;0.10163978858923972;9.160537397419155;62.98921690259001;0.0;0.0;0.0;0.0
-189597344#0;;0.10163978858923972;9.160537397419155;62.98921690259001;0.0;0.0;0.0;0.0
189597344#0;;0.06775985905949315;12.673467512031712;65.65957206829992;5023.6883071108405;0.020684042932701503;1.4373641802152695;0.24944897450975648
-189597344#2;;0.06873797085510036;4.946927186782344;68.78631814371553;5557.383360689346;0.11911870718815326;1.5268645271179224;0.2057068634391197
189597344#0;;0.06775985905949315;12.673467512031712;65.65957206829992;5023.6883071108405;0.020684042932701503;1.4373641802152695;0.24944897450975648
-189597344#0;;0.10163978858923972;9.15571335521988;65.57600979961747;4363.240148650945;0.06713407633637741;1.5445059154274183;0.48783024936885055
-189597344#1;;0.031525851197982346;9.17639283763355;62.41340127830908;2649.286802595082;0.05563084042231605;0.9051225162636518;0.2578973830996782
-189597344#0;;0.10163978858923972;9.15571335521988;65.57600979961747;4363.240148650945;0.06713407633637741;1.5445059154274183;0.48783024936885055
-189597344#0;;0.10163978858923972;9.15571335521988;65.57600979961747;4363.240148650945;0.06713407633637741;1.5445059154274183;0.48783024936885055
189597344#0;;0.06775985905949315;12.474547804151896;67.40839086311134;6651.950457778419;0.06944319945979235;1.810776365378213;0.27157045030750265
-189597344#2;;0.06873797085510036;4.926178459385065;61.64760203546849;2700.033795673666;0.0365197056709637;0.8692070089765497;0.18252643227508472
189597344#0;;0.06775985905949315;12.474547804151896;67.40839086311134;6651.950457778419;0.06944319945979235;1.810776365378213;0.27157045030750265
-189597344#0;;0.10163978858923972;9.096528629979911;67.38061736887784;8065.1848734146615;0.1389576376035876;2.6635933020909213;0.6952425196194013
-189597344#1;;0.031525851197982346;9.195841444052654;59.8957872673155;0.0;0.0;0.0;0.0
-189597344#0;;0.10163978858923972;9.096528629979911;67.38061736887784;8065.1848734146615;0.1389576376035876;2.6635933020909213;0.6952425196194013
-189597344#0;;0.10163978858923972;9.096528629979911;67.38061736887784;8065.1848734146615;0.1389576376035876;2.6635933020909213;0.6952425196194013
189597344#0;;0.06775985905949315;12.345551062726908;68.43344141779438;4162.091170118202;0.016670631210890737;0.9057231140490452;0.06553448767926541
-189597344#2;;0.06873797085510036;4.8825182454564695;64.5886424473255;3919.881003948403;0.0745080152352536;1.1588144914301783;0.19758470490107544
189597344#0;;0.06775985905949315;12.345551062726908;68.43344141779438;4162.091170118202;0.016670631210890737;0.9057231140490452;0.06553448767926541
-189597344#0;;0.10163978858923972;9.114741128201327;66.09312975932086;3876.84762631576;0.10634508315300938;1.2406270020850907;0.2658906186014958
-189597344#1;;0.031525851197982346;9.182489812136618;61.82893846347659;2286.4295368789376;0.03934612015258138;0.8028784576324938;0.25267262621860503
-189597344#0;;0.10163978858923972;9.114741128201327;66.09312975932086;3876.84762631576;0.10634508315300938;1.2406270020850907;0.2658906186014958
-189597344#0;;0.10163978858923972;9.114741128201327;66.09312975932086;3876.84762631576;0.10634508315300938;1.2406270020850907;0.2658906186014958
:9842732475_0;;0.005822405790611759;1.1999133255588517;62.317021250478824;2900.752723962174;0.05114130327035934;0.9396593763893254;0.2121713746805877
-189597344#2;;0.06873797085510036;4.854840200755353;62.69211269886502;3128.2393731058155;0.05146668146791576;0.9755205566473976;0.19297447834416945
189597344#0;;0.06701736226467465;13.602491468490667;66.0307346666434;3739.05695062645;0.01614860916828115;0.8749127804774337;0.07086148597011752
-189597344#0;;0.10163978858923972;9.105390846146355;66.47452710006623;5911.496206350623;0.12532333068840049;1.9580697105769325;0.45933535675667203
-189597344#1;;0.031525851197982346;9.158908256770106;62.52634152110701;2710.0646776303392;0.058639584999964425;0.9228046780752525;0.25972477878444367
-189597344#0;;0.10163978858923972;9.105390846146355;66.47452710006623;5911.496206350623;0.12532333068840049;1.9580697105769325;0.45933535675667203
-189597344#0;;0.10163978858923972;9.105390846146355;66.47452710006623;5911.496206350623;0.12532333068840049;1.9580697105769325;0.45933535675667203
:9842732475_0;;0.04450723071077675;1.2056000275039567;57.455945435068365;0.0;0.0;0.0;0.0
-189597344#2;;0.06873797085510036;4.82501814861236;63.05287482724466;3279.0701009041495;0.057194287097125325;1.0144531336949503;0.19724054250172107
189597344#0;;0.06208411653356266;13.293922598394767;68.09260264360998;4308.364745754644;0.023701678944678235;0.9684101605935741;0.07981604809186223
-189597344#0;;0.10163978858923972;9.14594336703987;64.76510954954647;2765.883618706167;0.05799993944926958;0.9321357909357204;0.24998593394548738
-189597344#1;;0.031525851197982346;9.165355309568756;60.654302390054056;1484.3741780274815;0.0036177818585130545;0.5771708631508304;0.24281401999674257
-189597344#0;;0.10163978858923972;9.14594336703987;64.76510954954647;2765.883618706167;0.05799993944926958;0.9321357909357204;0.24998593394548738
-189597344#0;;0.10163978858923972;9.14594336703987;64.76510954954647;2765.883618706167;0.05799993944926958;0.9321357909357204;0.24998593394548738
:9842732475_0;;0.08326223700111715;1.2045808236969453;60.312091241571935;1924.8148642081599;0.016718161238992106;0.6939366541668777;0.2001285010399066
-189597344#2;;0.06873797085510036;4.774980623385935;65.84143441584938;4469.804596799355;0.0975150765999248;1.308210060904285;0.2137229934144279
189597344#0;;0.057141920989558004;13.054839811161914;66.04639655231932;3846.7945180087063;0.022184280706755138;0.9245875618744812;0.08476262459778985
-189597344#0;;0.10163978858923972;9.109645435747726;66.39654404433276;6938.22029750967;0.09931610155766829;2.380539596759999;0.6823356464862367
-189597344#1;;0.031525851197982346;9.195029862371454;59.37358271725244;0.0;0.0;0.0;0.0
-189597344#0;;0.10163978858923972;9.109645435747726;66.39654404433276;6938.22029750967;0.09931610155766829;2.380539596759999;0.6823356464862367
-189597344#0;;0.10163978858923972;9.109645435747726;66.39654404433276;6938.22029750967;0.09931610155766829;2.380539596759999;0.6823356464862367
:9842732475_0;;0.12205999739030576;1.2039607746563101;60.13235499113001;1830.018742802885;0.013456261977026955;0.6702397237877584;0.19936796309230204
-189597344#2;;0.06873797085510036;4.747031243637567;63.06817808320759;3276.197064970811;0.06001655822039303;1.022191411663598;0.20489575151156342
189597344#0;;0.0521942732695111;12.864908800982569;64.52177697393041;3485.05207707377;0.020459309195189807;0.8857969922090925;0.08868614719914605
-189597344#0;;0.10163978858923972;9.10677243898717;65.70075083375377;4878.399417460654;0.08937699102328131;1.6864258829774403;0.49721754176191035
-189597344#1;;0.032825097954890345;9.806861221256018;64.67963626428114;3436.8877967548556;0.0913871818381824;1.1280895082763989;0.2698652055401039
-189597344#0;;0.10163978858923972;9.10677243898717;65.70075083375377;4878.399417460654;0.08937699102328131;1.6864258829774403;0.49721754176191035
-189597344#0;;0.10163978858923972;9.10677243898717;65.70075083375377;4878.399417460654;0.08937699102328131;1.6864258829774403;0.49721754176191035
:9842732475_0;;0.1607536513291647;1.2054717138980564;59.159375021427;1319.913122996685;0.0;0.5426503062131839;0.1934936225264547
-189597344#1;;0.032825097954890345;9.806861221256018;64.67963626428114;3436.8877967548556;0.0913871818381824;1.1280895082763989;0.2698652055401039
189597344#0;;0.04725990162613579;12.611315193521119;67.40941349486307;4302.35083234711;0.03234779533333279;1.022830985765319;0.09841808917208722
-189597344#0;;0.10163978858923972;9.111755154327524;65.09237201800386;3645.956500338391;0.02929754607202925;1.338105605224616;0.4250865082903434
-189597344#1;;0.03731749322312962;9.74508380062344;68.12410880175791;5172.598128131734;0.1253820934609829;1.4945762360080619;0.22820504497158597
-189597344#0;;0.10163978858923972;9.111755154327524;65.09237201800386;3645.956500338391;0.02929754607202925;1.338105605224616;0.4250865082903434
-189597344#0;;0.10163978858923972;9.111755154327524;65.09237201800386;3645.956500338391;0.02929754607202925;1.338105605224616;0.4250865082903434
:9842732475_0;;0.19994001333874245;1.198354141692227;63.39748110723303;3407.9132397158114;0.0691726409956492;1.0679069700041894;0.21816467954528174
-189597344#1;;0.03731749322312962;9.74508380062344;68.12410880175791;5172.598128131734;0.1253820934609829;1.4945762360080619;0.22820504497158597
189597344#0;;0.042262697851774396;12.46856332520724;63.24201904916354;3191.0829558728874;0.020716064850887245;0.8627855435867677;0.09849355462640527
-189597344#0;;0.10163978858923972;9.10443770570865;65.58203700895288;4380.540530995341;0.0678400913906878;1.5482295719601455;0.4912634344867198
-189597344#1;;0.04182567493184768;9.747936209078805;63.36021365795851;2131.478603888691;0.023178059833777503;0.7443156875864488;0.1981141929840938
-189597344#0;;0.10163978858923972;9.10443770570865;65.58203700895288;4380.540530995341;0.0678400913906878;1.5482295719601455;0.4912634344867198
-189597344#0;;0.10163978858923972;9.10443770570865;65.58203700895288;4380.540530995341;0.0678400913906878;1.5482295719601455;0.4912634344867198
:9842732475_0;;0.2389730196703666;1.2005604646247268;58.89923627126105;0.0;0.0;0.0;0.0
-189597344#1;;0.04182567493184768;9.747936209078805;63.36021365795851;2131.478603888691;0.023178059833777503;0.7443156875864488;0.1981141929840938
189597344#0;;0.03728505061528463;12.305464287610604;64.3065932093304;3508.167657765395;0.02634982033418556;0.9211204402868134;0.10438572703737779
-189597344#0;;0.10163978858923972;9.143691095647595;64.11635760786733;1508.9503012890966;0.0017796166077190655;0.5915380058407326;0.1823001640018481
-189597344#1;;0.04639271972606724;9.723876875901789;64.99429816190771;3392.5959696893274;0.06697674013356127;1.0594749312012428;0.21387656385244236
-189597344#0;;0.10163978858923972;9.143691095647595;64.11635760786733;1508.9503012890966;0.0017796166077190655;0.5915380058407326;0.1823001640018481
-189597344#0;;0.10163978858923972;9.143691095647595;64.11635760786733;1508.9503012890966;0.0017796166077190655;0.5915380058407326;0.1823001640018481
:9842732475_0;;0.26567481402763016;1.2031340100656414;58.72135274390149;0.0;0.0;0.0;0.0
-189597344#1;;0.04639271972606724;9.723876875901789;64.99429816190771;3392.5959696893274;0.06697674013356127;1.0594749312012428;0.21387656385244236
189597344#0;;0.033879929529746576;12.133696204927473;64.94150815658426;3715.483524284566;0.031179705193710678;0.965127620780706;0.11038712073436613
-189597344#0;;0.10163978858923972;9.173600066670996;64.35709174639842;2782.4841941822056;0.0;1.115097143083545;0.4154158034185102
-189597344#1;;0.050992297734338964;9.681392725450392;65.37162081153537;5581.404066622674;0.11022159527404152;1.860369711139389;0.4693123790624337
-189597344#0;;0.10163978858923972;9.173600066670996;64.35709174639842;2782.4841941822056;0.0;1.115097143083545;0.4154158034185102
-189597344#0;;0.10163978858923972;9.173600066670996;64.35709174639842;2782.4841941822056;0.0;1.115097143083545;0.4154158034185102
:9842732475_0;;0.26567481402763016;1.2000182095831216;61.359853219213576;2436.7351974512726;0.03487177879604167;0.8229516723348317;0.20723375791811588
-189597344#1;;0.050992297734338964;9.681392725450392;65.37162081153537;5581.404066622674;0.11022159527404152;1.860369711139389;0.4693123790624337
189597344#0;;0.033879929529746576;12.003399153308127;63.359591448733624;3272.8782849365734;0.02627608537866778;0.8988297446051511;0.11245072820550714
-189597344#0;;0.10163978858923972;9.10387618681367;67.51720274648007;8810.68277738659;0.18087908615832865;2.901078504286335;0.707339366266849
-189597344#1;;0.055598236549790236;9.656824859132312;64.71563805757171;4752.1087738220385;0.08137535181868398;1.65194180257699;0.46236695488254603
-189597344#0;;0.10163978858923972;9.10387618681367;67.51720274648007;8810.68277738659;0.18087908615832865;2.901078504286335;0.707339366266849
-189597344#0;;0.10163978858923972;9.10387618681367;67.51720274648007;8810.68277738659;0.18087908615832865;2.901078504286335;0.707339366266849
:9842732475_0;;0.26567481402763016;1.200158981088492;59.8174902539369;1649.1204591114183;0.0072748634437834565;0.6249127008611508;0.19887180444812255
-189597344#1;;0.055598236549790236;9.656824859132312;64.71563805757171;4752.1087738220385;0.08137535181868398;1.65194180257699;0.46236695488254603
189597344#0;;0.033879929529746576;11.836438957617657;65.23252950665733;3852.4234261741253;0.037210155520011286;1.007953095884943;0.12040028108975162
-189597344#0;;0.10163978858923972;9.111139217075138;65.10940321240602;3914.568602556764;0.03778901768605805;1.4010215672468844;0.43280996458552
-189597344#1;;0.06031713833808767;9.596431249582285;67.85279592493018;5054.52721520289;0.12956109487764494;1.4900533393100044;0.23936809082256738
-189597344#0;;0.10163978858923972;9.111139217075138;65.10940321240602;3914.568602556764;0.03778901768605805;1.4010215672468844;0.43280996458552
-189597344#0;;0.10163978858923972;9.111139217075138;65.10940321240602;3914.568602556764;0.03778901768605805;1.4010215672468844;0.43280996458552
:9842732475_0;;0.26567481402763016;1.2042789288824987;58.07460336926877;0.0;0.0;0.0;0.0
-189597344#1;;0.06031713833808767;9.596431249582285;67.85279592493018;5054.52721520289;0.12956109487764494;1.4900533393100044;0.23936809082256738
189597344#0;;0.033879929529746576;11.662201274811226;65.87254458162147;4079.9837807664912;0.04359939972886505;1.0606460858236595;0.1273338784554443
-189597344#0;;0.10163978858923972;9.140202478326142;64.51182533149344;3342.706931342219;0.01929427175557863;1.2645837172953676;0.4206970643936315
-189597344#1;;0.06305170239596469;9.588527357698121;64.05715095414845;3920.394710935895;0.049196397844941064;1.4305549378637923;0.45737048368987543
-189597344#0;;0.10163978858923972;9.140202478326142;64.51182533149344;3342.706931342219;0.01929427175557863;1.2645837172953676;0.4206970643936315
-189597344#0;;0.10163978858923972;9.140202478326142;64.51182533149344;3342.706931342219;0.01929427175557863;1.2645837172953676;0.4206970643936315
:9842732475_0;;0.26567481402763016;1.2018661943786322;60.999525090130085;2263.048638981176;0.028648265423641198;0.7789945676314798;0.20469441907695163
-189597344#1;;0.06305170239596469;9.588527357698121;64.05715095414845;3920.394710935895;0.049196397844941064;1.4305549378637923;0.45737048368987543
189597344#0;;0.033879929529746576;11.466345192776979;67.26661454287232;4558.9920593117395;0.05556467218017593;1.1641882481686257;0.136759940152881
-189597344#0;;0.10163978858923972;9.103042215223923;66.39023139676848;7138.43645529342;0.11649304216805512;2.463353214062366;0.6879913763345681
-189597344#1;;0.06305170239596469;9.529991197573523;67.2949188098516;6333.541657466961;0.13028660926698085;2.0280091537602414;0.48615004715242405
-189597344#0;;0.10163978858923972;9.103042215223923;66.39023139676848;7138.43645529342;0.11649304216805512;2.463353214062366;0.6879913763345681
-189597344#0;;0.10163978858923972;9.103042215223923;66.39023139676848;7138.43645529342;0.11649304216805512;2.463353214062366;0.6879913763345681
:9842732475_0;;0.26567481402763016;1.2030009923998195;59.34588692802954;1408.9809160520874;0.0;0.5647424484894361;0.19531107736788403
-189597344#1;;0.06305170239596469;9.529991197573523;67.2949188098516;6333.541657466961;0.13028660926698085;2.0280091537602414;0.48615004715242405
189597344#0;;0.033879929529746576;11.254271304802097;68.52122204991448;5022.229037491696;0.06903258870394899;1.2723359644379795;0.14736178674253947
-189597344#0;;0.10163978858923972;9.101773623451335;65.37610145721783;4021.590405857055;0.05222851639289217;1.4489909311618718;0.4847445251203769
-189597344#1;;0.06305170239596469;9.577306733086752;61.993712950337084;1538.4987400509597;0.0037746195447027984;0.5963398422827247;0.20521674186938085
-189597344#0;;0.10163978858923972;9.101773623451335;65.37610145721783;4021.590405857055;0.05222851639289217;1.4489909311618718;0.4847445251203769
-189597344#0;;0.10163978858923972;9.101773623451335;65.37610145721783;4021.590405857055;0.05222851639289217;1.4489909311618718;0.4847445251203769
189597344#1;;0.0013820906926878306;10.183061612179499;62.27702882245716;2878.6545520518225;0.050594526386551944;0.9346822894376183;0.2126679640331035
-189597344#1;;0.06305170239596469;9.577306733086752;61.993712950337084;1538.4987400509597;0.0037746195447027984;0.5963398422827247;0.20521674186938085
189597344#0;;0.033879929529746576;11.04893559594423;68.67661995254073;5143.2383916410945;0.0767312843527859;1.3180978491243462;0.15627094501989766
-189597344#0;;0.10163978858923972;9.108926596041343;65.19788333808503;3715.9234560943733;0.04321146999737338;1.362450337769665;0.4809176107958072
-189597344#1;;0.06305170239596469;9.540855102397975;65.35513575917727;5420.278993408139;0.10923482809618164;1.8320123628946612;0.47901079763221566
-189597344#0;;0.10163978858923972;9.108926596041343;65.19788333808503;3715.9234560943733;0.04321146999737338;1.362450337769665;0.4809176107958072
-189597344#0;;0.10163978858923972;9.108926596041343;65.19788333808503;3715.9234560943733;0.04321146999737338;1.362450337769665;0.4809176107958072
189597344#1;;0.005928813591281392;10.251915410229046;56.59482619901156;0.0;0.0;0.0;0.0
-189597344#1;;0.06305170239596469;9.540855102397975;65.35513575917727;5420.278993408139;0.10923482809618164;1.8320123628946612;0.47901079763221566
189597344#0;;0.033879929529746576;10.9184655437593;65.1019140651694;3972.3248085806563;0.05458269326174109;1.0955843825845144;0.15392423222787266
-189597344#0;;0.10163978858923972;9.123289945423627;64.83827108023168;3404.6718092249157;0.017574325161691284;1.2661734002894642;0.4247238376830307
-189597344#1;;0.06305170239596469;9.541945783663207;63.92197015288936;2724.9236689389986;0.04795611346672057;0.902606982596497;0.22076235567315497
-189597344#0;;0.10163978858923972;9.123289945423627;64.83827108023168;3404.6718092249157;0.017574325161691284;1.2661734002894642;0.4247238376830307
-189597344#0;;0.10163978858923972;9.123289945423627;64.83827108023168;3404.6718092249157;0.017574325161691284;1.2661734002894642;0.4247238376830307
189597344#1;;0.010505474762451006;10.220546036307718;61.615309511277644;2567.7209768950133;0.03921558344896602;0.8553068610901996;0.20765207885394718
-189597344#1;;0.06305170239596469;9.541945783663207;63.92197015288936;2724.9236689389986;0.04795611346672057;0.902606982596497;0.22076235567315497
189597344#0;;0.033879929529746576;10.74622091021812;67.66371289042868;4898.311932281157;0.07938914465842355;1.3006921317638143;0.16727299208859528
-189597344#0;;0.10163978858923972;9.104388725373127;65.93551732590174;6220.43189901939;0.08289846740521721;2.2283439099297513;0.6777889344120049
-189597344#1;;0.06305170239596469;9.544604698460242;63.53750563522718;3334.560833209799;0.02640026182311985;1.2657069540214665;0.4526802077413644
-189597344#0;;0.10163978858923972;9.104388725373127;65.93551732590174;6220.43189901939;0.08289846740521721;2.2283439099297513;0.6777889344120049
-189597344#0;;0.10163978858923972;9.104388725373127;65.93551732590174;6220.43189901939;0.08289846740521721;2.2283439099297513;0.6777889344120049
189597344#1;;0.015093900324426462;10.208271763685662;60.54537080789728;2031.4593423054573;0.02061498560733957;0.7209521334614033;0.20256917304630834
-189597344#1;;0.06305170239596469;9.544604698460242;63.53750563522718;3334.560833209799;0.02640026182311985;1.2657069540214665;0.4526802077413644
189597344#0;;0.033879929529746576;10.611785268841935;65.89837758847737;4309.579666939919;0.06874616229401566;1.1897551515963094;0.16879553143925563
-189597344#0;;0.10163978858923972;9.151493664585109;63.918503339366296;1485.8618606382597;0.001092219634209966;0.585786538877393;0.18353415762833247
-189597344#1;;0.06305170239596469;9.51247801419138;65.05742202388889;5155.915278148478;0.09536801603218498;1.7508293366469527;0.476890248389549
-189597344#0;;0.10163978858923972;9.151493664585109;63.918503339366296;1485.8618606382597;0.001092219634209966;0.585786538877393;0.18353415762833247
-189597344#0;;0.10163978858923972;9.151493664585109;63.918503339366296;1485.8618606382597;0.001092219634209966;0.585786538877393;0.18353415762833247
189597344#1;;0.01969999614987147;10.189890947815687;60.909305128422574;2208.927083200832;0.02697115344473633;0.7658293652881889;0.2052630207609157
-189597344#1;;0.06305170239596469;9.51247801419138;65.05742202388889;5155.915278148478;0.09536801603218498;1.7508293366469527;0.476890248389549
189597344#0;;0.033879929529746576;10.474798874818052;66.3208610725147;4492.871514073527;0.07657889378269281;1.2410901835831707;0.17610401797898706
-189597344#0;;0.10163978858923972;9.101035089934346;67.03638384006378;7928.320520149381;0.15344811259884011;2.6909452690142377;0.6992842045478755
-189597344#1;;0.06305170239596469;9.503603983748324;64.1029194072685;3964.7291830287027;0.049528739196105856;1.4379388267676458;0.46373877471642455
-189597344#0;;0.10163978858923972;9.101035089934346;67.03638384006378;7928.320520149381;0.15344811259884011;2.6909452690142377;0.6992842045478755
-189597344#0;;0.10163978858923972;9.101035089934346;67.03638384006378;7928.320520149381;0.15344811259884011;2.6909452690142377;0.6992842045478755
189597344#1;;0.02431217350698215;10.183580168473178;60.24346817640536;1865.0618165632573;0.014925783722783012;0.6793005160860602;0.20190373090137786
-189597344#1;;0.06305170239596469;9.503603983748324;64.1029194072685;3964.7291830287027;0.049528739196105856;1.4379388267676458;0.46373877471642455
189597344#0;;0.033879929529746576;10.342596359582977;66.32680719548456;4525.866187731543;0.08082259004530776;1.2604514157446374;0.18229029251170098
-189597344#0;;0.10163978858923972;9.125154359105016;64.94433795421305;2616.1288324728685;0.05310932364976963;0.8937931302533386;0.2536456112140711
-189597344#1;;0.06305170239596469;9.517582322066096;63.38605703907369;2403.403192970256;0.036388560607160586;0.8203247211578524;0.21881752001169405
-189597344#0;;0.10163978858923972;9.125154359105016;64.94433795421305;2616.1288324728685;0.05310932364976963;0.8937931302533386;0.2536456112140711
-189597344#0;;0.10163978858923972;9.125154359105016;64.94433795421305;2616.1288324728685;0.05310932364976963;0.8937931302533386;0.2536456112140711
189597344#1;;0.028882701184157866;10.226957076155621;57.69637404606149;0.0;0.0;0.0;0.0
-189597344#1;;0.06305170239596469;9.517582322066096;63.38605703907369;2403.403192970256;0.036388560607160586;0.8203247211578524;0.21881752001169405
189597344#0;;0.033879929529746576;10.173851621056745;68.87357017775308;5537.25097808517;0.11352340104482521;1.5048895634825845;0.19859971012523034
-189597344#0;;0.10163978858923972;9.091522167457162;66.70226319455823;5970.731415962904;0.11299367782447617;1.9285895740907013;0.4514669689267395
-189597344#1;;0.06305170239596469;9.47112444074663;66.25846679760627;6067.726876374263;0.14125266598853362;2.0222197257274295;0.49374625548772977
-189597344#0;;0.10163978858923972;9.091522167457162;66.70226319455823;5970.731415962904;0.11299367782447617;1.9285895740907013;0.4514669689267395
-189597344#0;;0.10163978858923972;9.091522167457162;66.70226319455823;5970.731415962904;0.11299367782447617;1.9285895740907013;0.4514669689267395
189597344#1;;0.0312578144536134;10.207042444201083;60.975735368515956;2248.3538633743447;0.02820660256438258;0.775451486278998;0.20490754704264336
-189597344#1;;0.06305170239596469;9.47112444074663;66.25846679760627;6067.726876374263;0.14125266598853362;2.0222197257274295;0.49374625548772977
189597344#0;;0.033879929529746576;10.030644832004505;67.69000060828633;5132.481288469781;0.10696321463532811;1.429539089493919;0.20228787965482847
-189597344#0;;0.10163978858923972;9.09904944243229;65.1961344019526;3970.127796434991;0.049700537105234664;1.433658498472914;0.48455847719513323
-189597344#1;;0.06305170239596469;9.501756498490769;62.43087640675873;1443.1943461094936;0.0004061226544001262;0.5712098562352848;0.20807663738639276
-189597344#0;;0.10163978858923972;9.09904944243229;65.1961344019526;3970.127796434991;0.049700537105234664;1.433658498472914;0.48455847719513323
-189597344#0;;0.10163978858923972;9.09904944243229;65.1961344019526;3970.127796434991;0.049700537105234664;1.433658498472914;0.48455847719513323
189597344#1;;0.0312578144536134;10.22278631071128;59.03357482429395;0.0;0.0;0.0;0.0
-189597344#1;;0.06305170239596469;9.501756498490769;62.43087640675873;1443.1943461094936;0.0004061226544001262;0.5712098562352848;0.20807663738639276
189597344#0;;0.033879929529746576;9.935241792761012;64.95439737251577;4065.8654212486263;0.07820434703378623;1.1908070220855256;0.19749593376633492
-189597344#0;;0.10163978858923972;9.150247035114653;63.841708778284726;1558.7742374822938;0.003441042030624221;0.6033561875264535;0.1844962727781043
-189597344#1;;0.06305170239596469;9.504805934010983;63.485306729770194;3255.4219519718354;0.01582736348768965;1.2322630318928365;0.45348871794597073
-189597344#0;;0.10163978858923972;9.150247035114653;63.841708778284726;1558.7742374822938;0.003441042030624221;0.6033561875264535;0.1844962727781043
-189597344#0;;0.10163978858923972;9.150247035114653;63.841708778284726;1558.7742374822938;0.003441042030624221;0.6033561875264535;0.1844962727781043
189597344#1;;0.0312578144536134;10.188574553752515;61.82217748652704;2660.1912037972993;0.0428378497883928;0.8794715405210283;0.21009745736708227
-189597344#1;;0.06305170239596469;9.504805934010983;63.485306729770194;3255.4219519718354;0.01582736348768965;1.2322630318928365;0.45348871794597073
189597344#0;;0.033879929529746576;9.84725421531712;64.66143890384474;3955.402405349656;0.07698722833928426;1.1715854731741544;0.20076826315196883
-189597344#0;;0.10163978858923972;9.063081734836107;68.32584411138247;9953.507843764422;0.23793782567065802;3.2415615314893933;0.7275572275920342
-189597344#1;;0.06305170239596469;9.477082580026213;65.2116754946516;5034.210344083365;0.09698461874985245;1.737344484938668;0.47997484916186306
-189597344#0;;0.10163978858923972;9.063081734836107;68.32584411138247;9953.507843764422;0.23793782567065802;3.2415615314893933;0.7275572275920342
-189597344#0;;0.10163978858923972;9.063081734836107;68.32584411138247;9953.507843764422;0.23793782567065802;3.2415615314893933;0.7275572275920342
189597344#1;;0.0312578144536134;10.211467694733603;58.684685817566816;0.0;0.0;0.0;0.0
-189597344#1;;0.06305170239596469;9.477082580026213;65.2116754946516;5034.210344083365;0.09698461874985245;1.737344484938668;0.47997484916186306
189597344#0;;0.033879929529746576;9.71350030924941;67.87881125269064;5311.728140858918;0.12373808183704749;1.5089857955563677;0.220513473430486
-189597344#0;;0.10163978858923972;9.118959157910256;64.06846438337706;2032.8652755842543;0.02747166080270165;0.7308931218927717;0.24584211687807817
-189597344#1;;0.06305170239596469;9.477846561205512;63.611994040672954;3405.54358535164;0.023816794202865497;1.2778048094329562;0.45788301377671786
-189597344#0;;0.10163978858923972;9.118959157910256;64.06846438337706;2032.8652755842543;0.02747166080270165;0.7308931218927717;0.24584211687807817
-189597344#0;;0.10163978858923972;9.118959157910256;64.06846438337706;2032.8652755842543;0.02747166080270165;0.7308931218927717;0.24584211687807817
189597344#1;;0.0312578144536134;10.265341227048669;57.197647568174226;0.0;0.0;0.0;0.0
-189597344#1;;0.06305170239596469;9.477846561205512;63.611994040672954;3405.54358535164;0.023816794202865497;1.2778048094329562;0.45788301377671786
189597344#0;;0.033879929529746576;9.55275907643238;70.11629921182964;6308.670105855588;0.1634265691327176;1.7743649348145458;0.23949753527609177
-189597344#0;;0.10163978858923972;9.079977322713377;66.67571323007896;7255.702639573152;0.12191322867058639;2.4962373528227757;0.6913665061160724
-189597344#1;;0.06305170239596469;9.514189234997241;62.13954918413914;0.0;0.0;0.0;0.0
-189597344#0;;0.10163978858923972;9.079977322713377;66.67571323007896;7255.702639573152;0.12191322867058639;2.4962373528227757;0.6913665061160724
-189597344#0;;0.10163978858923972;9.079977322713377;66.67571323007896;7255.702639573152;0.12191322867058639;2.4962373528227757;0.6913665061160724
189597344#1;;0.0312578144536134;10.190475546094618;64.2708645773987;3810.3575892666718;0.08320590166740557;1.16893770908558;0.22217410248994057
-189597344#1;;0.06305170239596469;9.514189234997241;62.13954918413914;0.0;0.0;0.0;0.0
189597344#0;;0.033879929529746576;9.564067437080082;59.07165764850481;1344.1693652037366;0.0;0.5499520180630918;0.1887411182544595
-189597344#0;;0.10163978858923972;9.136573425350376;63.71213146234264;1501.950518381592;0.001596169288265628;0.5897116865381378;0.1833544038533216
-189597344#1;;0.06305170239596469;9.50379016956736;64.59975627663086;3128.4441257983704;0.07770635839241549;1.0414328462259548;0.26618341444472127
-189597344#0;;0.10163978858923972;9.136573425350376;63.71213146234264;1501.950518381592;0.001596169288265628;0.5897116865381378;0.1833544038533216
-189597344#0;;0.10163978858923972;9.136573425350376;63.71213146234264;1501.950518381592;0.001596169288265628;0.5897116865381378;0.1833544038533216
189597344#1;;0.0312578144536134;10.202602913439396;59.239476050066415;1337.1768725536078;0.0;0.5465083618762808;0.19550134821979923
-189597344#1;;0.06305170239596469;9.50379016956736;64.59975627663086;3128.4441257983704;0.07770635839241549;1.0414328462259548;0.26618341444472127
189597344#0;;0.033879929529746576;9.543055180512557;60.975040025118616;2292.5179022453613;0.02853126672712502;0.7839456591786543;0.19930434602889183
-189597344#0;;0.10163978858923972;9.133589698079343;65.37349230228465;3972.062174546333;0.037072564132405186;1.4072828997414963;0.43082100406632695
-189597344#1;;0.06305170239596469;9.52146425415076;62.90207770180815;1679.7863579351729;0.009114126588520106;0.6326098089026763;0.20875808534544257
-189597344#0;;0.10163978858923972;9.133589698079343;65.37349230228465;3972.062174546333;0.037072564132405186;1.4072828997414963;0.43082100406632695
-189597344#0;;0.10163978858923972;9.133589698079343;65.37349230228465;3972.062174546333;0.037072564132405186;1.4072828997414963;0.43082100406632695
189597344#1;;0.0312578144536134;10.20348983964308;59.83115720438793;1657.8233504954287;0.007570810625079174;0.6271024778494527;0.19884325889531226
-189597344#1;;0.06305170239596469;9.52146425415076;62.90207770180815;1679.7863579351729;0.009114126588520106;0.6326098089026763;0.20875808534544257
189597344#0;;0.033879929529746576;9.571942556010892;58.122474602107545;0.0;0.0;0.0;0.0
-189597344#0;;0.10163978858923972;9.131402025074902;65.85610549254257;3329.317976556743;0.0823965030108833;1.0882538805211466;0.25792247688656267
-189597344#1;;0.06305170239596469;9.51687330100261;63.96021572716356;2522.5575105829794;0.04067675899441574;0.8508478817202773;0.21944986301041702
-189597344#0;;0.10163978858923972;9.131402025074902;65.85610549254257;3329.317976556743;0.0823965030108833;1.0882538805211466;0.25792247688656267
-189597344#0;;0.10163978858923972;9.131402025074902;65.85610549254257;3329.317976556743;0.0823965030108833;1.0882538805211466;0.25792247688656267
189597344#1;;0.0312578144536134;10.200423076734207;60.04789009970666;1770.6764675169522;0.011533316374184048;0.6554733989747074;0.2001666200268229
-189597344#1;;0.06305170239596469;9.51687330100261;63.96021572716356;2522.5575105829794;0.04067675899441574;0.8508478817202773;0.21944986301041702
189597344#0;;0.033879929529746576;9.619073977119163;57.17374937172004;0.0;0.0;0.0;0.0
-189597344#0;;0.10163978858923972;9.145532317098757;65.48268144692686;3155.9130122298875;0.07621231867268446;1.0431744377396388;0.25912520735743566
-189597344#1;;0.06305170239596469;9.495443360154228;65.12876369440289;3453.4151701118544;0.09236687429785947;1.133292466267355;0.2706571049630673
-189597344#0;;0.10163978858923972;9.145532317098757;65.48268144692686;3155.9130122298875;0.07621231867268446;1.0431744377396388;0.25912520735743566
-189597344#0;;0.10163978858923972;9.145532317098757;65.48268144692686;3155.9130122298875;0.07621231867268446;1.0431744377396388;0.25912520735743566
189597344#1;;0.0312578144536134;10.199635154290117;59.9253809072032;1705.768673215632;0.009262761231319222;0.6391552803690519;0.19951622081678036
-189597344#1;;0.06305170239596469;9.495443360154228;65.12876369440289;3453.4151701118544;0.09236687429785947;1.133292466267355;0.2706571049630673
189597344#0;;0.033879929529746576;9.609560870777951;60.20886309567043;1944.9375854751481;0.016416092024486892;0.6974992383105821;0.1927099962567372
-189597344#0;;0.10163978858923972;9.076461206523096;67.59742560145591;8664.546789857237;0.16670033317164662;2.835196926953075;0.7050959917968727
-189597344#1;;0.06305170239596469;9.475755223877076;64.5618942771279;4462.061872751967;0.06431917911615935;1.5545971024002863;0.4702376214563973
-189597344#0;;0.10163978858923972;9.076461206523096;67.59742560145591;8664.546789857237;0.16670033317164662;2.835196926953075;0.7050959917968727
-189597344#0;;0.10163978858923972;9.076461206523096;67.59742560145591;8664.546789857237;0.16670033317164662;2.835196926953075;0.7050959917968727
189597344#1;;0.0312578144536134;10.257730603728868;57.02574826866552;0.0;0.0;0.0;0.0
-189597344#1;;0.06305170239596469;9.475755223877076;64.5618942771279;4462.061872751967;0.06431917911615935;1.5545971024002863;0.4702376214563973
189597344#0;;0.033879929529746576;9.608654958334888;59.71171510964045;1698.2299204701994;0.008264143656956938;0.637115127380349;0.19029475145840705
-189597344#0;;0.10163978858923972;9.113951683004851;64.79221816463684;3779.000790561177;0.042142752481225634;1.3824183060406967;0.4833336861564148
-189597344#1;;0.06305170239596469;9.503701161687877;62.47965843954869;0.0;0.0;0.0;0.0
-189597344#0;;0.10163978858923972;9.113951683004851;64.79221816463684;3779.000790561177;0.042142752481225634;1.3824183060406967;0.4833336861564148
-189597344#0;;0.10163978858923972;9.113951683004851;64.79221816463684;3779.000790561177;0.042142752481225634;1.3824183060406967;0.4833336861564148
189597344#1;;0.0312578144536134;10.244298238253888;60.568765317718345;2057.6551699608954;0.021283104240215886;0.7271079431802514;0.20125098646186468
-189597344#1;;0.06305170239596469;9.503701161687877;62.47965843954869;0.0;0.0;0.0;0.0
189597344#0;;0.033879929529746576;9.580733692591453;61.34696860077681;2481.309969696633;0.03446907576646769;0.8295592514435021;0.1994184146544507
-189597344#1;;0.06305170239596469;9.492011861887843;64.20435821577513;4017.1724636678573;0.04520838580995021;1.432123493739343;0.46328086233145255
-189597344#0;;0.06775985905949315;9.567400525832195;62.57621711195693;1974.6945768182406;0.016586829348856472;0.7034407615956553;0.18697478762903375
-189597344#0;;0.06775985905949315;9.567400525832195;62.57621711195693;1974.6945768182406;0.016586829348856472;0.7034407615956553;0.18697478762903375
189597344#1;;0.0312578144536134;10.210276323535897;61.78266427543346;2646.3291140693063;0.04208119023407867;0.8753293984890793;0.20894919640538606
-189597344#1;;0.06305170239596469;9.492011861887843;64.20435821577513;4017.1724636678573;0.04520838580995021;1.432123493739343;0.46328086233145255
189597344#0;;0.033879929529746576;9.57408896685859;60.082186705277884;1867.172549953166;0.01403048087431226;0.6786934018390661;0.1935572648676008
-189597344#1;;0.06305170239596469;9.50581282424131;63.0911354782543;1643.2734108808484;0.010723231217129172;0.6219574995440722;0.24480433249795633
-189597344#0;;0.06775985905949315;9.552865861123196;63.73244478969785;3914.2271450999237;0.043962160423577874;1.4229957305943648;0.4273913615033015
-189597344#0;;0.06775985905949315;9.552865861123196;63.73244478969785;3914.2271450999237;0.043962160423577874;1.4229957305943648;0.4273913615033015
189597344#1;;0.0312578144536134;10.193730914479394;60.801185960962705;2155.7393835016737;0.02507281830645548;0.7523829497971413;0.2045281963972415
-189597344#1;;0.06305170239596469;9.50581282424131;63.0911354782543;1643.2734108808484;0.010723231217129172;0.6219574995440722;0.24480433249795633
189597344#0;;0.033879929529746576;9.542374320069454;61.63234983219411;2605.8824145303097;0.039102290938158396;0.861362638171332;0.2025183476449243
-189597344#1;;0.06305170239596469;9.520261822167088;63.01654356181838;1468.7698075116207;0.002891486800129281;0.5728491236227558;0.24208589628493998
-189597344#0;;0.06775985905949315;9.508975478130443;64.50097017053012;4707.369135965602;0.06585128655302282;1.602494084957724;0.43594784597792824
-189597344#0;;0.06775985905949315;9.508975478130443;64.50097017053012;4707.369135965602;0.06585128655302282;1.602494084957724;0.43594784597792824
189597344#1;;0.0312578144536134;10.187022715831592;60.26148667747741;1876.0293037906451;0.015293560854359223;0.6820426024010728;0.20186806268474525
-189597344#1;;0.06305170239596469;9.520261822167088;63.01654356181838;1468.7698075116207;0.002891486800129281;0.5728491236227558;0.24208589628493998
189597344#0;;0.033879929529746576;9.603716963084464;56.54156517422348;0.0;0.0;0.0;0.0
-189597344#1;;0.06305170239596469;9.483343613795569;65.3321988474329;5446.159036590672;0.10884748995633467;1.8334029257625704;0.4830893837309609
-189597344#0;;0.06775985905949315;9.473591931498067;64.30315510008862;4554.860013430113;0.06667344335802541;1.5835697839610596;0.4378026001266839
-189597344#0;;0.06775985905949315;9.473591931498067;64.30315510008862;4554.860013430113;0.06667344335802541;1.5835697839610596;0.4378026001266839
189597344#1;;0.0312578144536134;10.222259801452076;58.076902696723415;0.0;0.0;0.0;0.0
-189597344#1;;0.06305170239596469;9.483343613795569;65.3321988474329;5446.159036590672;0.10884748995633467;1.8334029257625704;0.4830893837309609
189597344#0;;0.033879929529746576;9.584314850866738;60.82578583399274;2234.465281459267;0.026208449858542888;0.7688365729419133;0.1967722082115681
-189597344#1;;0.06305170239596469;9.524899214852868;62.28363504793413;1724.052494097427;0.0109121847310954;0.6440819800673715;0.210970441417065
-189597344#0;;0.06775985905949315;9.48455299989215;63.09068321035185;2005.6037980066315;0.02570930185687735;0.7226274814916276;0.2419071800935467
-189597344#0;;0.06775985905949315;9.48455299989215;63.09068321035185;2005.6037980066315;0.02570930185687735;0.7226274814916276;0.2419071800935467
189597344#1;;0.0312578144536134;10.258219172722029;58.009320484188734;0.0;0.0;0.0;0.0
-189597344#1;;0.06305170239596469;9.524899214852868;62.28363504793413;1724.052494097427;0.0109121847310954;0.6440819800673715;0.210970441417065
189597344#0;;0.033879929529746576;9.57814789944225;60.04967487182171;1852.8089034311688;0.013529988420965982;0.6751365907322081;0.1932267498065675
-189597344#1;;0.06305170239596469;9.471077924270288;66.3891431703097;6426.519650513461;0.1536954070297357;2.112317242536066;0.49749232768087515
-189597344#0;;0.06775985905949315;9.550660878253723;61.681388105039844;1504.712433051053;0.0016824589958029474;0.5903846454318713;0.18332376752156257
-189597344#0;;0.06775985905949315;9.550660878253723;61.681388105039844;1504.712433051053;0.0016824589958029474;0.5903846454318713;0.18332376752156257
189597344#1;;0.0312578144536134;10.182038892103748;64.36677959877512;3854.231591771299;0.0849472397107365;1.1805519876105337;0.22305731613708968
-189597344#1;;0.06305170239596469;9.471077924270288;66.3891431703097;6426.519650513461;0.1536954070297357;2.112317242536066;0.49749232768087515
189597344#0;;0.033879929529746576;9.613389775678364;57.75897343185301;0.0;0.0;0.0;0.0
-189597344#1;;0.06305170239596469;9.475030477577814;63.47052199395171;3216.707677307557;0.014968384873783176;1.223382905111046;0.45541958360821494
-189597344#0;;0.06775985905949315;9.448739579457841;66.43404861114871;6699.850665858192;0.1508210372549202;2.1503452678046173;0.4642767862937903
-189597344#0;;0.06775985905949315;9.448739579457841;66.43404861114871;6699.850665858192;0.1508210372549202;2.1503452678046173;0.4642767862937903
189597344#1;;0.0312578144536134;10.242543768823408;56.93991120894054;0.0;0.0;0.0;0.0
-189597344#1;;0.06305170239596469;9.475030477577814;63.47052199395171;3216.707677307557;0.014968384873783176;1.223382905111046;0.45541958360821494
189597344#0;;0.033879929529746576;9.587454678240666;61.21692865167294;2421.7931610624137;0.03241341028271913;0.8147669057761203;0.19850214972082073
